  0
SECTION
  2
HEADER
  9
$ANGBASE
  50
0.0
  9
$ANGDIR
  70
1
  9
$MEASUREMENT
  70
0
  0
ENDSEC
  0
SECTION
  2
TABLES
  0
TABLE
  2
LTYPE
  70
4
  0
LTYPE
  5
40F
  2
CONTINUOUS
  70
0
  3
Solid line
  72
65
  73
0
  40
0.0
  0
LTYPE
  5
410
  2
DASHDOT
 70
0
  3
Dash Dot ____ _ ____ _
 72
65
 73
4
 40
2.0
 49
1.25
 49
-0.25
 49
0.25
 49
-0.25
  0
LTYPE
  5
411
  2
DASHED
 70
0
  3
Dashed __ __ __ __ __
 72
65
 73
2
 40
0.75
 49
0.5
 49
-0.25
  0
LTYPE
  5
43B
  2
DOTTED
 70
0
  3
Dotted .  .  .  .
 72
65
 73
2
 40
0.2
 49
0.0
 49
-0.2
  0
ENDTAB
  0
TABLE
  2
STYLE
  70
4
  0
STYLE
  2
KICAD
  70
0
  40
0
  41
1
  42
1
  50
0
  71
0
  3
isocp.shx
  0
STYLE
  2
KICADB
  70
0
  40
0
  41
1
  42
1
  50
0
  71
0
  3
isocp.shx
  0
STYLE
  2
KICADI
  70
0
  40
0
  41
1
  42
1
  50
15
  71
0
  3
isocp.shx
  0
STYLE
  2
KICADBI
  70
0
  40
0
  41
1
  42
1
  50
15
  71
0
  3
isocp.shx
  0
ENDTAB
  0
TABLE
  2
LAYER
  70
1
  0
LAYER
  2
BLACK
  70
0
  62
7
  6
CONTINUOUS
  0
ENDTAB
  0
ENDSEC
  0
SECTION
  2
ENTITIES
0
LINE
8
BLACK
6
CONTINUOUS
10
5.2749105118110231
20
-5.332145590551181
11
5.2759749212598424
21
-5.3325864960629916
0
LINE
8
BLACK
6
CONTINUOUS
10
5.2759749212598424
20
-5.3325864960629916
11
5.2767895669291338
21
-5.3334011417322831
0
LINE
8
BLACK
6
CONTINUOUS
10
5.2767895669291338
20
-5.3334011417322831
11
5.2772304724409445
21
-5.3344655511811023
0
LINE
8
BLACK
6
CONTINUOUS
10
5.2772304724409445
20
-5.3344655511811023
11
5.2772304724409445
21
-5.3356176771653541
0
LINE
8
BLACK
6
CONTINUOUS
10
5.2772304724409445
20
-5.3356176771653541
11
5.2767895669291338
21
-5.3366820866141733
0
LINE
8
BLACK
6
CONTINUOUS
10
5.2767895669291338
20
-5.3366820866141733
11
5.2759749212598424
21
-5.3374967322834648
0
LINE
8
BLACK
6
CONTINUOUS
10
5.2759749212598424
20
-5.3374967322834648
11
5.2749105118110231
21
-5.3379376377952754
0
LINE
8
BLACK
6
CONTINUOUS
10
5.2749105118110231
20
-5.3379376377952754
11
5.2743344488188972
21
-5.3379943700787402
0
LINE
8
BLACK
6
CONTINUOUS
10
5.2743344488188972
20
-5.3379943700787402
11
5.2443381889763776
21
-5.3379943700787402
0
LINE
8
BLACK
6
CONTINUOUS
10
5.2443381889763776
20
-5.3379943700787402
11
5.2437621259842517
21
-5.3379376377952754
0
LINE
8
BLACK
6
CONTINUOUS
10
5.2437621259842517
20
-5.3379376377952754
11
5.2426977165354334
21
-5.3374967322834648
0
LINE
8
BLACK
6
CONTINUOUS
10
5.2426977165354334
20
-5.3374967322834648
11
5.2418830708661419
21
-5.3366820866141733
0
LINE
8
BLACK
6
CONTINUOUS
10
5.2418830708661419
20
-5.3366820866141733
11
5.2414421653543304
21
-5.3356176771653541
0
LINE
8
BLACK
6
CONTINUOUS
10
5.2414421653543304
20
-5.3356176771653541
11
5.2414421653543304
21
-5.3344655511811023
0
LINE
8
BLACK
6
CONTINUOUS
10
5.2414421653543304
20
-5.3344655511811023
11
5.2418830708661419
21
-5.3334011417322831
0
LINE
8
BLACK
6
CONTINUOUS
10
5.2418830708661419
20
-5.3334011417322831
11
5.2426977165354334
21
-5.3325864960629916
0
LINE
8
BLACK
6
CONTINUOUS
10
5.2426977165354334
20
-5.3325864960629916
11
5.2437621259842517
21
-5.332145590551181
0
LINE
8
BLACK
6
CONTINUOUS
10
5.2437621259842517
20
-5.332145590551181
11
5.2443381889763776
21
-5.3320888582677162
0
LINE
8
BLACK
6
CONTINUOUS
10
5.2443381889763776
20
-5.3320888582677162
11
5.2743344488188972
21
-5.3320888582677162
0
LINE
8
BLACK
6
CONTINUOUS
10
5.2743344488188972
20
-5.3320888582677162
11
5.2749105118110231
21
-5.332145590551181
0
LINE
8
BLACK
6
CONTINUOUS
10
5.4173927165354332
20
-5.332145590551181
11
5.4184571259842516
21
-5.3325864960629916
0
LINE
8
BLACK
6
CONTINUOUS
10
5.4184571259842516
20
-5.3325864960629916
11
5.419271771653543
21
-5.3334011417322831
0
LINE
8
BLACK
6
CONTINUOUS
10
5.419271771653543
20
-5.3334011417322831
11
5.4197126771653545
21
-5.3344655511811023
0
LINE
8
BLACK
6
CONTINUOUS
10
5.4197126771653545
20
-5.3344655511811023
11
5.4197126771653545
21
-5.3356176771653541
0
LINE
8
BLACK
6
CONTINUOUS
10
5.4197126771653545
20
-5.3356176771653541
11
5.419271771653543
21
-5.3366820866141733
0
LINE
8
BLACK
6
CONTINUOUS
10
5.419271771653543
20
-5.3366820866141733
11
5.4184571259842516
21
-5.3374967322834648
0
LINE
8
BLACK
6
CONTINUOUS
10
5.4184571259842516
20
-5.3374967322834648
11
5.4173927165354332
21
-5.3379376377952754
0
LINE
8
BLACK
6
CONTINUOUS
10
5.4173927165354332
20
-5.3379376377952754
11
5.4168166535433073
21
-5.3379943700787402
0
LINE
8
BLACK
6
CONTINUOUS
10
5.4168166535433073
20
-5.3379943700787402
11
5.3868203937007877
21
-5.3379943700787402
0
LINE
8
BLACK
6
CONTINUOUS
10
5.3868203937007877
20
-5.3379943700787402
11
5.3862443307086609
21
-5.3379376377952754
0
LINE
8
BLACK
6
CONTINUOUS
10
5.3862443307086609
20
-5.3379376377952754
11
5.3851799212598426
21
-5.3374967322834648
0
LINE
8
BLACK
6
CONTINUOUS
10
5.3851799212598426
20
-5.3374967322834648
11
5.3843652755905511
21
-5.3366820866141733
0
LINE
8
BLACK
6
CONTINUOUS
10
5.3843652755905511
20
-5.3366820866141733
11
5.3839243700787405
21
-5.3356176771653541
0
LINE
8
BLACK
6
CONTINUOUS
10
5.3839243700787405
20
-5.3356176771653541
11
5.3839243700787405
21
-5.3344655511811023
0
LINE
8
BLACK
6
CONTINUOUS
10
5.3839243700787405
20
-5.3344655511811023
11
5.3843652755905511
21
-5.3334011417322831
0
LINE
8
BLACK
6
CONTINUOUS
10
5.3843652755905511
20
-5.3334011417322831
11
5.3851799212598426
21
-5.3325864960629916
0
LINE
8
BLACK
6
CONTINUOUS
10
5.3851799212598426
20
-5.3325864960629916
11
5.3862443307086609
21
-5.332145590551181
0
LINE
8
BLACK
6
CONTINUOUS
10
5.3862443307086609
20
-5.332145590551181
11
5.3868203937007877
21
-5.3320888582677162
0
LINE
8
BLACK
6
CONTINUOUS
10
5.3868203937007877
20
-5.3320888582677162
11
5.4168166535433073
21
-5.3320888582677162
0
LINE
8
BLACK
6
CONTINUOUS
10
5.4168166535433073
20
-5.3320888582677162
11
5.4173927165354332
21
-5.332145590551181
0
LINE
8
BLACK
6
CONTINUOUS
10
5.6292412598425194
20
-5.332145590551181
11
5.6303056692913387
21
-5.3325864960629916
0
LINE
8
BLACK
6
CONTINUOUS
10
5.6303056692913387
20
-5.3325864960629916
11
5.6311203149606301
21
-5.3334011417322831
0
LINE
8
BLACK
6
CONTINUOUS
10
5.6311203149606301
20
-5.3334011417322831
11
5.6315612204724408
21
-5.3344655511811023
0
LINE
8
BLACK
6
CONTINUOUS
10
5.6315612204724408
20
-5.3344655511811023
11
5.6315612204724408
21
-5.3356176771653541
0
LINE
8
BLACK
6
CONTINUOUS
10
5.6315612204724408
20
-5.3356176771653541
11
5.6311203149606301
21
-5.3366820866141733
0
LINE
8
BLACK
6
CONTINUOUS
10
5.6311203149606301
20
-5.3366820866141733
11
5.6303056692913387
21
-5.3374967322834648
0
LINE
8
BLACK
6
CONTINUOUS
10
5.6303056692913387
20
-5.3374967322834648
11
5.6292412598425194
21
-5.3379376377952754
0
LINE
8
BLACK
6
CONTINUOUS
10
5.6292412598425194
20
-5.3379376377952754
11
5.6286651968503936
21
-5.3379943700787402
0
LINE
8
BLACK
6
CONTINUOUS
10
5.6286651968503936
20
-5.3379943700787402
11
5.5986689370078739
21
-5.3379943700787402
0
LINE
8
BLACK
6
CONTINUOUS
10
5.5986689370078739
20
-5.3379943700787402
11
5.5980928740157481
21
-5.3379376377952754
0
LINE
8
BLACK
6
CONTINUOUS
10
5.5980928740157481
20
-5.3379376377952754
11
5.5970284645669288
21
-5.3374967322834648
0
LINE
8
BLACK
6
CONTINUOUS
10
5.5970284645669288
20
-5.3374967322834648
11
5.5962138188976374
21
-5.3366820866141733
0
LINE
8
BLACK
6
CONTINUOUS
10
5.5962138188976374
20
-5.3366820866141733
11
5.5957729133858267
21
-5.3356176771653541
0
LINE
8
BLACK
6
CONTINUOUS
10
5.5957729133858267
20
-5.3356176771653541
11
5.5957729133858267
21
-5.3344655511811023
0
LINE
8
BLACK
6
CONTINUOUS
10
5.5957729133858267
20
-5.3344655511811023
11
5.5962138188976374
21
-5.3334011417322831
0
LINE
8
BLACK
6
CONTINUOUS
10
5.5962138188976374
20
-5.3334011417322831
11
5.5970284645669288
21
-5.3325864960629916
0
LINE
8
BLACK
6
CONTINUOUS
10
5.5970284645669288
20
-5.3325864960629916
11
5.5980928740157481
21
-5.332145590551181
0
LINE
8
BLACK
6
CONTINUOUS
10
5.5980928740157481
20
-5.332145590551181
11
5.5986689370078739
21
-5.3320888582677162
0
LINE
8
BLACK
6
CONTINUOUS
10
5.5986689370078739
20
-5.3320888582677162
11
5.6286651968503936
21
-5.3320888582677162
0
LINE
8
BLACK
6
CONTINUOUS
10
5.6286651968503936
20
-5.3320888582677162
11
5.6292412598425194
21
-5.332145590551181
0
LINE
8
BLACK
6
CONTINUOUS
10
5.1661740551181099
20
-5.3021493307086613
11
5.1662720472440942
21
-5.302189921259842
0
LINE
8
BLACK
6
CONTINUOUS
10
5.1662720472440942
20
-5.302189921259842
11
5.1663778740157476
21
-5.302197440944882
0
LINE
8
BLACK
6
CONTINUOUS
10
5.1663778740157476
20
-5.302197440944882
11
5.1669185039370076
21
-5.3024043307086615
0
LINE
8
BLACK
6
CONTINUOUS
10
5.1669185039370076
20
-5.3024043307086615
11
5.1706680314960627
21
-5.304279094488189
0
LINE
8
BLACK
6
CONTINUOUS
10
5.1706680314960627
20
-5.304279094488189
11
5.1707643700787402
21
-5.3043397244094486
0
LINE
8
BLACK
6
CONTINUOUS
10
5.1707643700787402
20
-5.3043397244094486
11
5.1708098031496066
21
-5.3043548818897639
0
LINE
8
BLACK
6
CONTINUOUS
10
5.1708098031496066
20
-5.3043548818897639
11
5.1708663385826767
21
-5.304403897637795
0
LINE
8
BLACK
6
CONTINUOUS
10
5.1708663385826767
20
-5.304403897637795
11
5.1711579133858265
21
-5.3045874409448821
0
LINE
8
BLACK
6
CONTINUOUS
10
5.1711579133858265
20
-5.3045874409448821
11
5.1714004724409444
21
-5.3048671259842521
0
LINE
8
BLACK
6
CONTINUOUS
10
5.1714004724409444
20
-5.3048671259842521
11
5.1716801968503932
21
-5.3051097244094487
0
LINE
8
BLACK
6
CONTINUOUS
10
5.1716801968503932
20
-5.3051097244094487
11
5.1718637007874015
21
-5.3054012598425198
0
LINE
8
BLACK
6
CONTINUOUS
10
5.1718637007874015
20
-5.3054012598425198
11
5.1719127559055114
21
-5.3054578346456696
0
LINE
8
BLACK
6
CONTINUOUS
10
5.1719127559055114
20
-5.3054578346456696
11
5.1719278740157479
21
-5.3055032283464563
0
LINE
8
BLACK
6
CONTINUOUS
10
5.1719278740157479
20
-5.3055032283464563
11
5.1719885433070862
21
-5.3055996062992126
0
LINE
8
BLACK
6
CONTINUOUS
10
5.1719885433070862
20
-5.3055996062992126
11
5.1738633070866138
21
-5.3093491338582677
0
LINE
8
BLACK
6
CONTINUOUS
10
5.1738633070866138
20
-5.3093491338582677
11
5.1740701968503933
21
-5.309889724409449
0
LINE
8
BLACK
6
CONTINUOUS
10
5.1740701968503933
20
-5.309889724409449
11
5.1740777165354332
21
-5.3099955905511811
0
LINE
8
BLACK
6
CONTINUOUS
10
5.1740777165354332
20
-5.3099955905511811
11
5.1741183070866139
21
-5.3100935826771654
0
LINE
8
BLACK
6
CONTINUOUS
10
5.1741183070866139
20
-5.3100935826771654
11
5.1741750393700787
21
-5.3106696456692912
0
LINE
8
BLACK
6
CONTINUOUS
10
5.1741750393700787
20
-5.3106696456692912
11
5.1741750393700787
21
-5.3256677559055117
0
LINE
8
BLACK
6
CONTINUOUS
10
5.1741750393700787
20
-5.3256677559055117
11
5.1741183070866139
21
-5.3262438188976375
0
LINE
8
BLACK
6
CONTINUOUS
10
5.1741183070866139
20
-5.3262438188976375
11
5.1740776771653545
21
-5.3263418110236218
0
LINE
8
BLACK
6
CONTINUOUS
10
5.1740776771653545
20
-5.3263418110236218
11
5.1740701968503933
21
-5.3264476377952752
0
LINE
8
BLACK
6
CONTINUOUS
10
5.1740701968503933
20
-5.3264476377952752
11
5.1738633070866138
21
-5.3269882677165352
0
LINE
8
BLACK
6
CONTINUOUS
10
5.1738633070866138
20
-5.3269882677165352
11
5.1719885433070862
21
-5.3307378346456691
0
LINE
8
BLACK
6
CONTINUOUS
10
5.1719885433070862
20
-5.3307378346456691
11
5.1719278740157479
21
-5.3308341732283466
0
LINE
8
BLACK
6
CONTINUOUS
10
5.1719278740157479
20
-5.3308341732283466
11
5.1719127559055114
21
-5.3308796062992121
0
LINE
8
BLACK
6
CONTINUOUS
10
5.1719127559055114
20
-5.3308796062992121
11
5.1718637007874015
21
-5.3309361417322831
0
LINE
8
BLACK
6
CONTINUOUS
10
5.1718637007874015
20
-5.3309361417322831
11
5.1716801968503932
21
-5.3312277165354329
0
LINE
8
BLACK
6
CONTINUOUS
10
5.1716801968503932
20
-5.3312277165354329
11
5.1714004724409444
21
-5.3314702755905508
0
LINE
8
BLACK
6
CONTINUOUS
10
5.1714004724409444
20
-5.3314702755905508
11
5.1711579133858265
21
-5.3317499999999995
0
LINE
8
BLACK
6
CONTINUOUS
10
5.1711579133858265
20
-5.3317499999999995
11
5.1708663385826767
21
-5.3319335039370079
0
LINE
8
BLACK
6
CONTINUOUS
10
5.1708663385826767
20
-5.3319335039370079
11
5.1708098031496066
21
-5.3319825590551178
0
LINE
8
BLACK
6
CONTINUOUS
10
5.1708098031496066
20
-5.3319825590551178
11
5.1707643700787402
21
-5.3319976771653543
0
LINE
8
BLACK
6
CONTINUOUS
10
5.1707643700787402
20
-5.3319976771653543
11
5.1706680314960627
21
-5.3320583464566926
0
LINE
8
BLACK
6
CONTINUOUS
10
5.1706680314960627
20
-5.3320583464566926
11
5.1669185039370076
21
-5.3339331102362202
0
LINE
8
BLACK
6
CONTINUOUS
10
5.1669185039370076
20
-5.3339331102362202
11
5.1663778740157476
21
-5.3341399999999997
0
LINE
8
BLACK
6
CONTINUOUS
10
5.1663778740157476
20
-5.3341399999999997
11
5.1662720472440942
21
-5.3341474803149609
0
LINE
8
BLACK
6
CONTINUOUS
10
5.1662720472440942
20
-5.3341474803149609
11
5.1661740551181099
21
-5.3341881102362203
0
LINE
8
BLACK
6
CONTINUOUS
10
5.1661740551181099
20
-5.3341881102362203
11
5.165597992125984
21
-5.3342448425196851
0
LINE
8
BLACK
6
CONTINUOUS
10
5.165597992125984
20
-5.3342448425196851
11
5.1580989370078738
21
-5.3342448425196851
0
LINE
8
BLACK
6
CONTINUOUS
10
5.1580989370078738
20
-5.3342448425196851
11
5.1575228740157479
21
-5.3341881102362203
0
LINE
8
BLACK
6
CONTINUOUS
10
5.1575228740157479
20
-5.3341881102362203
11
5.1574248818897637
21
-5.3341475196850396
0
LINE
8
BLACK
6
CONTINUOUS
10
5.1574248818897637
20
-5.3341475196850396
11
5.1573190157480315
21
-5.3341399999999997
0
LINE
8
BLACK
6
CONTINUOUS
10
5.1573190157480315
20
-5.3341399999999997
11
5.1567784251968503
21
-5.3339331102362202
0
LINE
8
BLACK
6
CONTINUOUS
10
5.1567784251968503
20
-5.3339331102362202
11
5.1530288976377951
21
-5.3320583464566926
0
LINE
8
BLACK
6
CONTINUOUS
10
5.1530288976377951
20
-5.3320583464566926
11
5.1525390157480313
21
-5.3317499999999995
0
LINE
8
BLACK
6
CONTINUOUS
10
5.1525390157480313
20
-5.3317499999999995
11
5.1517841732283465
21
-5.3308796062992121
0
LINE
8
BLACK
6
CONTINUOUS
10
5.1517841732283465
20
-5.3308796062992121
11
5.1514198425196849
21
-5.3297866535433069
0
LINE
8
BLACK
6
CONTINUOUS
10
5.1514198425196849
20
-5.3297866535433069
11
5.1515014960629921
21
-5.328637440944882
0
LINE
8
BLACK
6
CONTINUOUS
10
5.1515014960629921
20
-5.328637440944882
11
5.1520167322834647
21
-5.3276069291338581
0
LINE
8
BLACK
6
CONTINUOUS
10
5.1520167322834647
20
-5.3276069291338581
11
5.1528871259842521
21
-5.3268520866141733
0
LINE
8
BLACK
6
CONTINUOUS
10
5.1528871259842521
20
-5.3268520866141733
11
5.1539800787401573
21
-5.3264877559055117
0
LINE
8
BLACK
6
CONTINUOUS
10
5.1539800787401573
20
-5.3264877559055117
11
5.1551292913385822
21
-5.326569409448819
0
LINE
8
BLACK
6
CONTINUOUS
10
5.1551292913385822
20
-5.326569409448819
11
5.1556699212598422
21
-5.3267762992125984
0
LINE
8
BLACK
6
CONTINUOUS
10
5.1556699212598422
20
-5.3267762992125984
11
5.1587959842519684
21
-5.3283393307086611
0
LINE
8
BLACK
6
CONTINUOUS
10
5.1587959842519684
20
-5.3283393307086611
11
5.1649009448818894
21
-5.3283393307086611
0
LINE
8
BLACK
6
CONTINUOUS
10
5.1649009448818894
20
-5.3283393307086611
11
5.1671466535433073
21
-5.3272164566929137
0
LINE
8
BLACK
6
CONTINUOUS
10
5.1671466535433073
20
-5.3272164566929137
11
5.1682695275590547
21
-5.3249707086614171
0
LINE
8
BLACK
6
CONTINUOUS
10
5.1682695275590547
20
-5.3249707086614171
11
5.1682695275590547
21
-5.3205893307086614
0
LINE
8
BLACK
6
CONTINUOUS
10
5.1682695275590547
20
-5.3205893307086614
11
5.1518955511811022
21
-5.3173146062992123
0
LINE
8
BLACK
6
CONTINUOUS
10
5.1518955511811022
20
-5.3173146062992123
11
5.151341811023622
21
-5.3171459842519688
0
LINE
8
BLACK
6
CONTINUOUS
10
5.151341811023622
20
-5.3171459842519688
11
5.1511014173228347
21
-5.3169849606299211
0
LINE
8
BLACK
6
CONTINUOUS
10
5.1511014173228347
20
-5.3169849606299211
11
5.150834173228346
21
-5.3168742913385829
0
LINE
8
BLACK
6
CONTINUOUS
10
5.150834173228346
20
-5.3168742913385829
11
5.1506274409448816
21
-5.3166675590551176
0
LINE
8
BLACK
6
CONTINUOUS
10
5.1506274409448816
20
-5.3166675590551176
11
5.150384527559055
21
-5.316504881889764
0
LINE
8
BLACK
6
CONTINUOUS
10
5.150384527559055
20
-5.316504881889764
11
5.1502240551181098
21
-5.3162641732283467
0
LINE
8
BLACK
6
CONTINUOUS
10
5.1502240551181098
20
-5.3162641732283467
11
5.1500195275590546
21
-5.3160596456692915
0
LINE
8
BLACK
6
CONTINUOUS
10
5.1500195275590546
20
-5.3160596456692915
11
5.1499076377952751
21
-5.3157895669291335
0
LINE
8
BLACK
6
CONTINUOUS
10
5.1499076377952751
20
-5.3157895669291335
11
5.1497454724409444
21
-5.3155462992125981
0
LINE
8
BLACK
6
CONTINUOUS
10
5.1497454724409444
20
-5.3155462992125981
11
5.149689291338583
21
-5.3152624803149608
0
LINE
8
BLACK
6
CONTINUOUS
10
5.149689291338583
20
-5.3152624803149608
11
5.1495786220472439
21
-5.3149952362204722
0
LINE
8
BLACK
6
CONTINUOUS
10
5.1495786220472439
20
-5.3149952362204722
11
5.1495218897637791
21
-5.3144191732283463
0
LINE
8
BLACK
6
CONTINUOUS
10
5.1495218897637791
20
-5.3144191732283463
11
5.1495218897637791
21
-5.3106696456692912
0
LINE
8
BLACK
6
CONTINUOUS
10
5.1495218897637791
20
-5.3106696456692912
11
5.1495786220472439
21
-5.3100935826771654
0
LINE
8
BLACK
6
CONTINUOUS
10
5.1495786220472439
20
-5.3100935826771654
11
5.1496192125984255
21
-5.3099955511811023
0
LINE
8
BLACK
6
CONTINUOUS
10
5.1496192125984255
20
-5.3099955511811023
11
5.1496267322834646
21
-5.3098897637795277
0
LINE
8
BLACK
6
CONTINUOUS
10
5.1496267322834646
20
-5.3098897637795277
11
5.149833622047244
21
-5.3093491338582677
0
LINE
8
BLACK
6
CONTINUOUS
10
5.149833622047244
20
-5.3093491338582677
11
5.1517083858267716
21
-5.3055996062992126
0
LINE
8
BLACK
6
CONTINUOUS
10
5.1517083858267716
20
-5.3055996062992126
11
5.1517690157480311
21
-5.3055032283464563
0
LINE
8
BLACK
6
CONTINUOUS
10
5.1517690157480311
20
-5.3055032283464563
11
5.1517841732283465
21
-5.3054578346456696
0
LINE
8
BLACK
6
CONTINUOUS
10
5.1517841732283465
20
-5.3054578346456696
11
5.1518331889763775
21
-5.3054012598425198
0
LINE
8
BLACK
6
CONTINUOUS
10
5.1518331889763775
20
-5.3054012598425198
11
5.1520167322834647
21
-5.3051097244094487
0
LINE
8
BLACK
6
CONTINUOUS
10
5.1520167322834647
20
-5.3051097244094487
11
5.1522964173228347
21
-5.3048671259842521
0
LINE
8
BLACK
6
CONTINUOUS
10
5.1522964173228347
20
-5.3048671259842521
11
5.1525390157480313
21
-5.3045874409448821
0
LINE
8
BLACK
6
CONTINUOUS
10
5.1525390157480313
20
-5.3045874409448821
11
5.1528305511811023
21
-5.304403897637795
0
LINE
8
BLACK
6
CONTINUOUS
10
5.1528305511811023
20
-5.304403897637795
11
5.1528871259842521
21
-5.3043548818897639
0
LINE
8
BLACK
6
CONTINUOUS
10
5.1528871259842521
20
-5.3043548818897639
11
5.1529325196850388
21
-5.3043397244094486
0
LINE
8
BLACK
6
CONTINUOUS
10
5.1529325196850388
20
-5.3043397244094486
11
5.1530288976377951
21
-5.304279094488189
0
LINE
8
BLACK
6
CONTINUOUS
10
5.1530288976377951
20
-5.304279094488189
11
5.1567784251968503
21
-5.3024043307086615
0
LINE
8
BLACK
6
CONTINUOUS
10
5.1567784251968503
20
-5.3024043307086615
11
5.1573190157480315
21
-5.302197440944882
0
LINE
8
BLACK
6
CONTINUOUS
10
5.1573190157480315
20
-5.302197440944882
11
5.1574248818897637
21
-5.3021898818897633
0
LINE
8
BLACK
6
CONTINUOUS
10
5.1574248818897637
20
-5.3021898818897633
11
5.1575228740157479
21
-5.3021493307086613
0
LINE
8
BLACK
6
CONTINUOUS
10
5.1575228740157479
20
-5.3021493307086613
11
5.1580989370078738
21
-5.3020925984251965
0
LINE
8
BLACK
6
CONTINUOUS
10
5.1580989370078738
20
-5.3020925984251965
11
5.165597992125984
21
-5.3020925984251965
0
LINE
8
BLACK
6
CONTINUOUS
10
5.165597992125984
20
-5.3020925984251965
11
5.1661740551181099
21
-5.3021493307086613
0
LINE
8
BLACK
6
CONTINUOUS
10
5.1565502362204727
20
-5.3091209448818892
11
5.1554274015748032
21
-5.3113666929133858
0
LINE
8
BLACK
6
CONTINUOUS
10
5.1554274015748032
20
-5.3113666929133858
11
5.1554274015748032
21
-5.3119984645669289
0
LINE
8
BLACK
6
CONTINUOUS
10
5.1554274015748032
20
-5.3119984645669289
11
5.1682695275590547
21
-5.3145668897637792
0
LINE
8
BLACK
6
CONTINUOUS
10
5.1682695275590547
20
-5.3145668897637792
11
5.1682695275590547
21
-5.3113666929133858
0
LINE
8
BLACK
6
CONTINUOUS
10
5.1682695275590547
20
-5.3113666929133858
11
5.1671466535433073
21
-5.3091209448818892
0
LINE
8
BLACK
6
CONTINUOUS
10
5.1671466535433073
20
-5.3091209448818892
11
5.1649009448818894
21
-5.3079981102362206
0
LINE
8
BLACK
6
CONTINUOUS
10
5.1649009448818894
20
-5.3079981102362206
11
5.1587959842519684
21
-5.3079981102362206
0
LINE
8
BLACK
6
CONTINUOUS
10
5.1587959842519684
20
-5.3079981102362206
11
5.1565502362204727
21
-5.3091209448818892
0
LINE
8
BLACK
6
CONTINUOUS
10
5.2355403937007869
20
-5.2890259842519685
11
5.2366048031496062
21
-5.2894668897637791
0
LINE
8
BLACK
6
CONTINUOUS
10
5.2366048031496062
20
-5.2894668897637791
11
5.2374194488188976
21
-5.2902815354330706
0
LINE
8
BLACK
6
CONTINUOUS
10
5.2374194488188976
20
-5.2902815354330706
11
5.2378603543307083
21
-5.2913459448818898
0
LINE
8
BLACK
6
CONTINUOUS
10
5.2378603543307083
20
-5.2913459448818898
11
5.2379170866141731
21
-5.2919220078740157
0
LINE
8
BLACK
6
CONTINUOUS
10
5.2379170866141731
20
-5.2919220078740157
11
5.2379170866141731
21
-5.3312920866141731
0
LINE
8
BLACK
6
CONTINUOUS
10
5.2379170866141731
20
-5.3312920866141731
11
5.2378603543307083
21
-5.331868149606299
0
LINE
8
BLACK
6
CONTINUOUS
10
5.2378603543307083
20
-5.331868149606299
11
5.2374194488188976
21
-5.3329325590551182
0
LINE
8
BLACK
6
CONTINUOUS
10
5.2374194488188976
20
-5.3329325590551182
11
5.2366048031496062
21
-5.3337472047244097
0
LINE
8
BLACK
6
CONTINUOUS
10
5.2366048031496062
20
-5.3337472047244097
11
5.2355403937007869
21
-5.3341881102362203
0
LINE
8
BLACK
6
CONTINUOUS
10
5.2355403937007869
20
-5.3341881102362203
11
5.2349643307086611
21
-5.3342448425196851
0
LINE
8
BLACK
6
CONTINUOUS
10
5.2349643307086611
20
-5.3342448425196851
11
5.2162166929133855
21
-5.3342448425196851
0
LINE
8
BLACK
6
CONTINUOUS
10
5.2162166929133855
20
-5.3342448425196851
11
5.2156406299212597
21
-5.3341881102362203
0
LINE
8
BLACK
6
CONTINUOUS
10
5.2156406299212597
20
-5.3341881102362203
11
5.2145762204724404
21
-5.3337472047244097
0
LINE
8
BLACK
6
CONTINUOUS
10
5.2145762204724404
20
-5.3337472047244097
11
5.2137615748031498
21
-5.3329325590551182
0
LINE
8
BLACK
6
CONTINUOUS
10
5.2137615748031498
20
-5.3329325590551182
11
5.2133206692913383
21
-5.331868149606299
0
LINE
8
BLACK
6
CONTINUOUS
10
5.2133206692913383
20
-5.331868149606299
11
5.2133206692913383
21
-5.3307160236220472
0
LINE
8
BLACK
6
CONTINUOUS
10
5.2133206692913383
20
-5.3307160236220472
11
5.2137615748031498
21
-5.329651614173228
0
LINE
8
BLACK
6
CONTINUOUS
10
5.2137615748031498
20
-5.329651614173228
11
5.2145762204724404
21
-5.3288369685039365
0
LINE
8
BLACK
6
CONTINUOUS
10
5.2145762204724404
20
-5.3288369685039365
11
5.2156406299212597
21
-5.3283960629921259
0
LINE
8
BLACK
6
CONTINUOUS
10
5.2156406299212597
20
-5.3283960629921259
11
5.2162166929133855
21
-5.3283393307086611
0
LINE
8
BLACK
6
CONTINUOUS
10
5.2162166929133855
20
-5.3283393307086611
11
5.232011574803149
21
-5.3283393307086611
0
LINE
8
BLACK
6
CONTINUOUS
10
5.232011574803149
20
-5.3283393307086611
11
5.232011574803149
21
-5.3136224015748033
0
LINE
8
BLACK
6
CONTINUOUS
10
5.232011574803149
20
-5.3136224015748033
11
5.2218409842519682
21
-5.3136224015748033
0
LINE
8
BLACK
6
CONTINUOUS
10
5.2218409842519682
20
-5.3136224015748033
11
5.2212649212598423
21
-5.3135656692913384
0
LINE
8
BLACK
6
CONTINUOUS
10
5.2212649212598423
20
-5.3135656692913384
11
5.2202005118110231
21
-5.3131247637795278
0
LINE
8
BLACK
6
CONTINUOUS
10
5.2202005118110231
20
-5.3131247637795278
11
5.2193858661417325
21
-5.3123101181102363
0
LINE
8
BLACK
6
CONTINUOUS
10
5.2193858661417325
20
-5.3123101181102363
11
5.218944960629921
21
-5.3112457086614171
0
LINE
8
BLACK
6
CONTINUOUS
10
5.218944960629921
20
-5.3112457086614171
11
5.218944960629921
21
-5.3100935826771654
0
LINE
8
BLACK
6
CONTINUOUS
10
5.218944960629921
20
-5.3100935826771654
11
5.2193858661417325
21
-5.3090291732283461
0
LINE
8
BLACK
6
CONTINUOUS
10
5.2193858661417325
20
-5.3090291732283461
11
5.2202005118110231
21
-5.3082145275590547
0
LINE
8
BLACK
6
CONTINUOUS
10
5.2202005118110231
20
-5.3082145275590547
11
5.2212649212598423
21
-5.307773622047244
0
LINE
8
BLACK
6
CONTINUOUS
10
5.2212649212598423
20
-5.307773622047244
11
5.2218409842519682
21
-5.3077168897637792
0
LINE
8
BLACK
6
CONTINUOUS
10
5.2218409842519682
20
-5.3077168897637792
11
5.232011574803149
21
-5.3077168897637792
0
LINE
8
BLACK
6
CONTINUOUS
10
5.232011574803149
20
-5.3077168897637792
11
5.232011574803149
21
-5.2948747637795277
0
LINE
8
BLACK
6
CONTINUOUS
10
5.232011574803149
20
-5.2948747637795277
11
5.2162166929133855
21
-5.2948747637795277
0
LINE
8
BLACK
6
CONTINUOUS
10
5.2162166929133855
20
-5.2948747637795277
11
5.2156406299212597
21
-5.2948180314960629
0
LINE
8
BLACK
6
CONTINUOUS
10
5.2156406299212597
20
-5.2948180314960629
11
5.2145762204724404
21
-5.2943771259842523
0
LINE
8
BLACK
6
CONTINUOUS
10
5.2145762204724404
20
-5.2943771259842523
11
5.2137615748031498
21
-5.2935624803149608
0
LINE
8
BLACK
6
CONTINUOUS
10
5.2137615748031498
20
-5.2935624803149608
11
5.2133206692913383
21
-5.2924980708661415
0
LINE
8
BLACK
6
CONTINUOUS
10
5.2133206692913383
20
-5.2924980708661415
11
5.2133206692913383
21
-5.2913459448818898
0
LINE
8
BLACK
6
CONTINUOUS
10
5.2133206692913383
20
-5.2913459448818898
11
5.2137615748031498
21
-5.2902815354330706
0
LINE
8
BLACK
6
CONTINUOUS
10
5.2137615748031498
20
-5.2902815354330706
11
5.2145762204724404
21
-5.2894668897637791
0
LINE
8
BLACK
6
CONTINUOUS
10
5.2145762204724404
20
-5.2894668897637791
11
5.2156406299212597
21
-5.2890259842519685
0
LINE
8
BLACK
6
CONTINUOUS
10
5.2156406299212597
20
-5.2890259842519685
11
5.2162166929133855
21
-5.2889692519685036
0
LINE
8
BLACK
6
CONTINUOUS
10
5.2162166929133855
20
-5.2889692519685036
11
5.2349643307086611
21
-5.2889692519685036
0
LINE
8
BLACK
6
CONTINUOUS
10
5.2349643307086611
20
-5.2889692519685036
11
5.2355403937007869
21
-5.2890259842519685
0
LINE
8
BLACK
6
CONTINUOUS
10
5.2853487401574801
20
-5.2894668897637791
11
5.2861633858267716
21
-5.2902815354330706
0
LINE
8
BLACK
6
CONTINUOUS
10
5.2861633858267716
20
-5.2902815354330706
11
5.2866042913385822
21
-5.2913459448818898
0
LINE
8
BLACK
6
CONTINUOUS
10
5.2866042913385822
20
-5.2913459448818898
11
5.286661023622047
21
-5.2919220078740157
0
LINE
8
BLACK
6
CONTINUOUS
10
5.286661023622047
20
-5.2919220078740157
11
5.286661023622047
21
-5.302203858267716
0
LINE
8
BLACK
6
CONTINUOUS
10
5.286661023622047
20
-5.302203858267716
11
5.2866778740157478
21
-5.302197440944882
0
LINE
8
BLACK
6
CONTINUOUS
10
5.2866778740157478
20
-5.302197440944882
11
5.28678374015748
21
-5.3021898818897633
0
LINE
8
BLACK
6
CONTINUOUS
10
5.28678374015748
20
-5.3021898818897633
11
5.2868817322834643
21
-5.3021493307086613
0
LINE
8
BLACK
6
CONTINUOUS
10
5.2868817322834643
20
-5.3021493307086613
11
5.2874577952755901
21
-5.3020925984251965
0
LINE
8
BLACK
6
CONTINUOUS
10
5.2874577952755901
20
-5.3020925984251965
11
5.2949568503937003
21
-5.3020925984251965
0
LINE
8
BLACK
6
CONTINUOUS
10
5.2949568503937003
20
-5.3020925984251965
11
5.2955329133858262
21
-5.3021493307086613
0
LINE
8
BLACK
6
CONTINUOUS
10
5.2955329133858262
20
-5.3021493307086613
11
5.2956309055118105
21
-5.302189921259842
0
LINE
8
BLACK
6
CONTINUOUS
10
5.2956309055118105
20
-5.302189921259842
11
5.2957367322834648
21
-5.302197440944882
0
LINE
8
BLACK
6
CONTINUOUS
10
5.2957367322834648
20
-5.302197440944882
11
5.2962773622047239
21
-5.3024043307086615
0
LINE
8
BLACK
6
CONTINUOUS
10
5.2962773622047239
20
-5.3024043307086615
11
5.300026889763779
21
-5.304279094488189
0
LINE
8
BLACK
6
CONTINUOUS
10
5.300026889763779
20
-5.304279094488189
11
5.3002748818897638
21
-5.3044351574803148
0
LINE
8
BLACK
6
CONTINUOUS
10
5.3002748818897638
20
-5.3044351574803148
11
5.3003468503937006
21
-5.3044649999999995
0
LINE
8
BLACK
6
CONTINUOUS
10
5.3003468503937006
20
-5.3044649999999995
11
5.3004277952755903
21
-5.3045314566929136
0
LINE
8
BLACK
6
CONTINUOUS
10
5.3004277952755903
20
-5.3045314566929136
11
5.3005167716535428
21
-5.3045874409448821
0
LINE
8
BLACK
6
CONTINUOUS
10
5.3005167716535428
20
-5.3045874409448821
11
5.3005679133858266
21
-5.3046464173228349
0
LINE
8
BLACK
6
CONTINUOUS
10
5.3005679133858266
20
-5.3046464173228349
11
5.3007942913385824
21
-5.3048322047244092
0
LINE
8
BLACK
6
CONTINUOUS
10
5.3007942913385824
20
-5.3048322047244092
11
5.3026690551181099
21
-5.3067069685039367
0
LINE
8
BLACK
6
CONTINUOUS
10
5.3026690551181099
20
-5.3067069685039367
11
5.3028548031496063
21
-5.3069333070866138
0
LINE
8
BLACK
6
CONTINUOUS
10
5.3028548031496063
20
-5.3069333070866138
11
5.3029138188976379
21
-5.3069844881889763
0
LINE
8
BLACK
6
CONTINUOUS
10
5.3029138188976379
20
-5.3069844881889763
11
5.3029697637795277
21
-5.3070734251968501
0
LINE
8
BLACK
6
CONTINUOUS
10
5.3029697637795277
20
-5.3070734251968501
11
5.3030362598425196
21
-5.3071544094488186
0
LINE
8
BLACK
6
CONTINUOUS
10
5.3030362598425196
20
-5.3071544094488186
11
5.3030660629921256
21
-5.3072263385826774
0
LINE
8
BLACK
6
CONTINUOUS
10
5.3030660629921256
20
-5.3072263385826774
11
5.303222165354331
21
-5.3074743700787401
0
LINE
8
BLACK
6
CONTINUOUS
10
5.303222165354331
20
-5.3074743700787401
11
5.3050969291338586
21
-5.3112238976377952
0
LINE
8
BLACK
6
CONTINUOUS
10
5.3050969291338586
20
-5.3112238976377952
11
5.305303818897638
21
-5.3117644881889765
0
LINE
8
BLACK
6
CONTINUOUS
10
5.305303818897638
20
-5.3117644881889765
11
5.3053113385826771
21
-5.3118703543307086
0
LINE
8
BLACK
6
CONTINUOUS
10
5.3053113385826771
20
-5.3118703543307086
11
5.3053519291338578
21
-5.3119683464566929
0
LINE
8
BLACK
6
CONTINUOUS
10
5.3053519291338578
20
-5.3119683464566929
11
5.3054086614173226
21
-5.3125444094488188
0
LINE
8
BLACK
6
CONTINUOUS
10
5.3054086614173226
20
-5.3125444094488188
11
5.3054086614173226
21
-5.3237929921259841
0
LINE
8
BLACK
6
CONTINUOUS
10
5.3054086614173226
20
-5.3237929921259841
11
5.3053519291338578
21
-5.32436905511811
0
LINE
8
BLACK
6
CONTINUOUS
10
5.3053519291338578
20
-5.32436905511811
11
5.3053113385826771
21
-5.3244670078740155
0
LINE
8
BLACK
6
CONTINUOUS
10
5.3053113385826771
20
-5.3244670078740155
11
5.305303818897638
21
-5.3245729133858264
0
LINE
8
BLACK
6
CONTINUOUS
10
5.305303818897638
20
-5.3245729133858264
11
5.3050969291338586
21
-5.3251135039370077
0
LINE
8
BLACK
6
CONTINUOUS
10
5.3050969291338586
20
-5.3251135039370077
11
5.303222165354331
21
-5.3288630314960628
0
LINE
8
BLACK
6
CONTINUOUS
10
5.303222165354331
20
-5.3288630314960628
11
5.3030661023622043
21
-5.3291109055118113
0
LINE
8
BLACK
6
CONTINUOUS
10
5.3030661023622043
20
-5.3291109055118113
11
5.3030362992125983
21
-5.3291829527559056
0
LINE
8
BLACK
6
CONTINUOUS
10
5.3030362992125983
20
-5.3291829527559056
11
5.3029697637795277
21
-5.3292639763779528
0
LINE
8
BLACK
6
CONTINUOUS
10
5.3029697637795277
20
-5.3292639763779528
11
5.3029138188976379
21
-5.3293529133858266
0
LINE
8
BLACK
6
CONTINUOUS
10
5.3029138188976379
20
-5.3293529133858266
11
5.3028548031496063
21
-5.3294040551181103
0
LINE
8
BLACK
6
CONTINUOUS
10
5.3028548031496063
20
-5.3294040551181103
11
5.3026690551181099
21
-5.3296304330708661
0
LINE
8
BLACK
6
CONTINUOUS
10
5.3026690551181099
20
-5.3296304330708661
11
5.3007943307086611
21
-5.3315051968503937
0
LINE
8
BLACK
6
CONTINUOUS
10
5.3007943307086611
20
-5.3315051968503937
11
5.3005679527559053
21
-5.3316909448818892
0
LINE
8
BLACK
6
CONTINUOUS
10
5.3005679527559053
20
-5.3316909448818892
11
5.3005167716535428
21
-5.3317499999999995
0
LINE
8
BLACK
6
CONTINUOUS
10
5.3005167716535428
20
-5.3317499999999995
11
5.3004277952755903
21
-5.3318059842519681
0
LINE
8
BLACK
6
CONTINUOUS
10
5.3004277952755903
20
-5.3318059842519681
11
5.3003468503937006
21
-5.3318724409448821
0
LINE
8
BLACK
6
CONTINUOUS
10
5.3003468503937006
20
-5.3318724409448821
11
5.3002748818897638
21
-5.3319022440944881
0
LINE
8
BLACK
6
CONTINUOUS
10
5.3002748818897638
20
-5.3319022440944881
11
5.300026889763779
21
-5.3320583464566926
0
LINE
8
BLACK
6
CONTINUOUS
10
5.300026889763779
20
-5.3320583464566926
11
5.2962773622047239
21
-5.3339331102362202
0
LINE
8
BLACK
6
CONTINUOUS
10
5.2962773622047239
20
-5.3339331102362202
11
5.2957367322834648
21
-5.3341399999999997
0
LINE
8
BLACK
6
CONTINUOUS
10
5.2957367322834648
20
-5.3341399999999997
11
5.2956309055118105
21
-5.3341474803149609
0
LINE
8
BLACK
6
CONTINUOUS
10
5.2956309055118105
20
-5.3341474803149609
11
5.2955329133858262
21
-5.3341881102362203
0
LINE
8
BLACK
6
CONTINUOUS
10
5.2955329133858262
20
-5.3341881102362203
11
5.2949568503937003
21
-5.3342448425196851
0
LINE
8
BLACK
6
CONTINUOUS
10
5.2949568503937003
20
-5.3342448425196851
11
5.2874577952755901
21
-5.3342448425196851
0
LINE
8
BLACK
6
CONTINUOUS
10
5.2874577952755901
20
-5.3342448425196851
11
5.2868817322834643
21
-5.3341881102362203
0
LINE
8
BLACK
6
CONTINUOUS
10
5.2868817322834643
20
-5.3341881102362203
11
5.28678374015748
21
-5.3341475196850396
0
LINE
8
BLACK
6
CONTINUOUS
10
5.28678374015748
20
-5.3341475196850396
11
5.2866778740157478
21
-5.3341399999999997
0
LINE
8
BLACK
6
CONTINUOUS
10
5.2866778740157478
20
-5.3341399999999997
11
5.2861372834645666
21
-5.3339331102362202
0
LINE
8
BLACK
6
CONTINUOUS
10
5.2861372834645666
20
-5.3339331102362202
11
5.2854876377952751
21
-5.3336082677165351
0
LINE
8
BLACK
6
CONTINUOUS
10
5.2854876377952751
20
-5.3336082677165351
11
5.2853487401574801
21
-5.3337472047244097
0
LINE
8
BLACK
6
CONTINUOUS
10
5.2853487401574801
20
-5.3337472047244097
11
5.2842843307086609
21
-5.3341881102362203
0
LINE
8
BLACK
6
CONTINUOUS
10
5.2842843307086609
20
-5.3341881102362203
11
5.2831322047244091
21
-5.3341881102362203
0
LINE
8
BLACK
6
CONTINUOUS
10
5.2831322047244091
20
-5.3341881102362203
11
5.2820677952755908
21
-5.3337472047244097
0
LINE
8
BLACK
6
CONTINUOUS
10
5.2820677952755908
20
-5.3337472047244097
11
5.2812531496062993
21
-5.3329325590551182
0
LINE
8
BLACK
6
CONTINUOUS
10
5.2812531496062993
20
-5.3329325590551182
11
5.2808122440944878
21
-5.331868149606299
0
LINE
8
BLACK
6
CONTINUOUS
10
5.2808122440944878
20
-5.331868149606299
11
5.2807555118110239
21
-5.3312920866141731
0
LINE
8
BLACK
6
CONTINUOUS
10
5.2807555118110239
20
-5.3312920866141731
11
5.2807555118110239
21
-5.2919220078740157
0
LINE
8
BLACK
6
CONTINUOUS
10
5.2807555118110239
20
-5.2919220078740157
11
5.2808122440944878
21
-5.2913459448818898
0
LINE
8
BLACK
6
CONTINUOUS
10
5.2808122440944878
20
-5.2913459448818898
11
5.2812531496062993
21
-5.2902815354330706
0
LINE
8
BLACK
6
CONTINUOUS
10
5.2812531496062993
20
-5.2902815354330706
11
5.2820677952755908
21
-5.2894668897637791
0
LINE
8
BLACK
6
CONTINUOUS
10
5.2820677952755908
20
-5.2894668897637791
11
5.2831322047244091
21
-5.2890259842519685
0
LINE
8
BLACK
6
CONTINUOUS
10
5.2831322047244091
20
-5.2890259842519685
11
5.2842843307086609
21
-5.2890259842519685
0
LINE
8
BLACK
6
CONTINUOUS
10
5.2842843307086609
20
-5.2890259842519685
11
5.2853487401574801
21
-5.2894668897637791
0
LINE
8
BLACK
6
CONTINUOUS
10
5.286661023622047
20
-5.308745
11
5.286661023622047
21
-5.3275924015748028
0
LINE
8
BLACK
6
CONTINUOUS
10
5.286661023622047
20
-5.3275924015748028
11
5.2881548425196847
21
-5.3283393307086611
0
LINE
8
BLACK
6
CONTINUOUS
10
5.2881548425196847
20
-5.3283393307086611
11
5.2942598031496058
21
-5.3283393307086611
0
LINE
8
BLACK
6
CONTINUOUS
10
5.2942598031496058
20
-5.3283393307086611
11
5.2969572440944876
21
-5.3269905905511807
0
LINE
8
BLACK
6
CONTINUOUS
10
5.2969572440944876
20
-5.3269905905511807
11
5.2981543700787403
21
-5.3257934251968502
0
LINE
8
BLACK
6
CONTINUOUS
10
5.2981543700787403
20
-5.3257934251968502
11
5.2995031496062994
21
-5.3230959448818895
0
LINE
8
BLACK
6
CONTINUOUS
10
5.2995031496062994
20
-5.3230959448818895
11
5.2995031496062994
21
-5.3132414566929134
0
LINE
8
BLACK
6
CONTINUOUS
10
5.2995031496062994
20
-5.3132414566929134
11
5.2981544094488191
21
-5.3105439763779527
0
LINE
8
BLACK
6
CONTINUOUS
10
5.2981544094488191
20
-5.3105439763779527
11
5.2969572834645664
21
-5.3093468503937009
0
LINE
8
BLACK
6
CONTINUOUS
10
5.2969572834645664
20
-5.3093468503937009
11
5.2942598031496058
21
-5.3079981102362206
0
LINE
8
BLACK
6
CONTINUOUS
10
5.2942598031496058
20
-5.3079981102362206
11
5.2881548425196847
21
-5.3079981102362206
0
LINE
8
BLACK
6
CONTINUOUS
10
5.2881548425196847
20
-5.3079981102362206
11
5.286661023622047
21
-5.308745
0
LINE
8
BLACK
6
CONTINUOUS
10
5.3209692913385824
20
-5.2894668897637791
11
5.3217839370078739
21
-5.2902815354330706
0
LINE
8
BLACK
6
CONTINUOUS
10
5.3217839370078739
20
-5.2902815354330706
11
5.3222248425196845
21
-5.2913459448818898
0
LINE
8
BLACK
6
CONTINUOUS
10
5.3222248425196845
20
-5.2913459448818898
11
5.3222815748031493
21
-5.2919220078740157
0
LINE
8
BLACK
6
CONTINUOUS
10
5.3222815748031493
20
-5.2919220078740157
11
5.3222815748031493
21
-5.302203858267716
0
LINE
8
BLACK
6
CONTINUOUS
10
5.3222815748031493
20
-5.302203858267716
11
5.3222984251968501
21
-5.302197440944882
0
LINE
8
BLACK
6
CONTINUOUS
10
5.3222984251968501
20
-5.302197440944882
11
5.3224042913385823
21
-5.3021898818897633
0
LINE
8
BLACK
6
CONTINUOUS
10
5.3224042913385823
20
-5.3021898818897633
11
5.3225022834645666
21
-5.3021493307086613
0
LINE
8
BLACK
6
CONTINUOUS
10
5.3225022834645666
20
-5.3021493307086613
11
5.3230783464566924
21
-5.3020925984251965
0
LINE
8
BLACK
6
CONTINUOUS
10
5.3230783464566924
20
-5.3020925984251965
11
5.3305774015748026
21
-5.3020925984251965
0
LINE
8
BLACK
6
CONTINUOUS
10
5.3305774015748026
20
-5.3020925984251965
11
5.3311534645669294
21
-5.3021493307086613
0
LINE
8
BLACK
6
CONTINUOUS
10
5.3311534645669294
20
-5.3021493307086613
11
5.3312514566929137
21
-5.302189921259842
0
LINE
8
BLACK
6
CONTINUOUS
10
5.3312514566929137
20
-5.302189921259842
11
5.3313572834645671
21
-5.302197440944882
0
LINE
8
BLACK
6
CONTINUOUS
10
5.3313572834645671
20
-5.302197440944882
11
5.3318979133858271
21
-5.3024043307086615
0
LINE
8
BLACK
6
CONTINUOUS
10
5.3318979133858271
20
-5.3024043307086615
11
5.3356474409448822
21
-5.304279094488189
0
LINE
8
BLACK
6
CONTINUOUS
10
5.3356474409448822
20
-5.304279094488189
11
5.3358954330708661
21
-5.3044351574803148
0
LINE
8
BLACK
6
CONTINUOUS
10
5.3358954330708661
20
-5.3044351574803148
11
5.3359674015748029
21
-5.3044649999999995
0
LINE
8
BLACK
6
CONTINUOUS
10
5.3359674015748029
20
-5.3044649999999995
11
5.3360483464566926
21
-5.3045314566929136
0
LINE
8
BLACK
6
CONTINUOUS
10
5.3360483464566926
20
-5.3045314566929136
11
5.3361373228346451
21
-5.3045874409448821
0
LINE
8
BLACK
6
CONTINUOUS
10
5.3361373228346451
20
-5.3045874409448821
11
5.3361884645669289
21
-5.3046464173228349
0
LINE
8
BLACK
6
CONTINUOUS
10
5.3361884645669289
20
-5.3046464173228349
11
5.3364148425196847
21
-5.3048322047244092
0
LINE
8
BLACK
6
CONTINUOUS
10
5.3364148425196847
20
-5.3048322047244092
11
5.3382896062992122
21
-5.3067069685039367
0
LINE
8
BLACK
6
CONTINUOUS
10
5.3382896062992122
20
-5.3067069685039367
11
5.3384753543307086
21
-5.3069333070866138
0
LINE
8
BLACK
6
CONTINUOUS
10
5.3384753543307086
20
-5.3069333070866138
11
5.3385343700787402
21
-5.3069844881889763
0
LINE
8
BLACK
6
CONTINUOUS
10
5.3385343700787402
20
-5.3069844881889763
11
5.33859031496063
21
-5.3070734251968501
0
LINE
8
BLACK
6
CONTINUOUS
10
5.33859031496063
20
-5.3070734251968501
11
5.3386568110236219
21
-5.3071544094488186
0
LINE
8
BLACK
6
CONTINUOUS
10
5.3386568110236219
20
-5.3071544094488186
11
5.3386866141732279
21
-5.3072263385826774
0
LINE
8
BLACK
6
CONTINUOUS
10
5.3386866141732279
20
-5.3072263385826774
11
5.3388427165354333
21
-5.3074743700787401
0
LINE
8
BLACK
6
CONTINUOUS
10
5.3388427165354333
20
-5.3074743700787401
11
5.3407174803149609
21
-5.3112238976377952
0
LINE
8
BLACK
6
CONTINUOUS
10
5.3407174803149609
20
-5.3112238976377952
11
5.3409243700787403
21
-5.3117644881889765
0
LINE
8
BLACK
6
CONTINUOUS
10
5.3409243700787403
20
-5.3117644881889765
11
5.3409318897637794
21
-5.3118703543307086
0
LINE
8
BLACK
6
CONTINUOUS
10
5.3409318897637794
20
-5.3118703543307086
11
5.3409724803149601
21
-5.3119683464566929
0
LINE
8
BLACK
6
CONTINUOUS
10
5.3409724803149601
20
-5.3119683464566929
11
5.3410292125984249
21
-5.3125444094488188
0
LINE
8
BLACK
6
CONTINUOUS
10
5.3410292125984249
20
-5.3125444094488188
11
5.3410292125984249
21
-5.3237929921259841
0
LINE
8
BLACK
6
CONTINUOUS
10
5.3410292125984249
20
-5.3237929921259841
11
5.3409724803149601
21
-5.32436905511811
0
LINE
8
BLACK
6
CONTINUOUS
10
5.3409724803149601
20
-5.32436905511811
11
5.3409318897637794
21
-5.3244670078740155
0
LINE
8
BLACK
6
CONTINUOUS
10
5.3409318897637794
20
-5.3244670078740155
11
5.3409243700787403
21
-5.3245729133858264
0
LINE
8
BLACK
6
CONTINUOUS
10
5.3409243700787403
20
-5.3245729133858264
11
5.3407174803149609
21
-5.3251135039370077
0
LINE
8
BLACK
6
CONTINUOUS
10
5.3407174803149609
20
-5.3251135039370077
11
5.3388427165354333
21
-5.3288630314960628
0
LINE
8
BLACK
6
CONTINUOUS
10
5.3388427165354333
20
-5.3288630314960628
11
5.3386866535433066
21
-5.3291109055118113
0
LINE
8
BLACK
6
CONTINUOUS
10
5.3386866535433066
20
-5.3291109055118113
11
5.3386568503937006
21
-5.3291829527559056
0
LINE
8
BLACK
6
CONTINUOUS
10
5.3386568503937006
20
-5.3291829527559056
11
5.33859031496063
21
-5.3292639763779528
0
LINE
8
BLACK
6
CONTINUOUS
10
5.33859031496063
20
-5.3292639763779528
11
5.3385343700787402
21
-5.3293529133858266
0
LINE
8
BLACK
6
CONTINUOUS
10
5.3385343700787402
20
-5.3293529133858266
11
5.3384753543307086
21
-5.3294040551181103
0
LINE
8
BLACK
6
CONTINUOUS
10
5.3384753543307086
20
-5.3294040551181103
11
5.3382896062992122
21
-5.3296304330708661
0
LINE
8
BLACK
6
CONTINUOUS
10
5.3382896062992122
20
-5.3296304330708661
11
5.3364148818897634
21
-5.3315051968503937
0
LINE
8
BLACK
6
CONTINUOUS
10
5.3364148818897634
20
-5.3315051968503937
11
5.3361885039370076
21
-5.3316909448818892
0
LINE
8
BLACK
6
CONTINUOUS
10
5.3361885039370076
20
-5.3316909448818892
11
5.3361373228346451
21
-5.3317499999999995
0
LINE
8
BLACK
6
CONTINUOUS
10
5.3361373228346451
20
-5.3317499999999995
11
5.3360483464566926
21
-5.3318059842519681
0
LINE
8
BLACK
6
CONTINUOUS
10
5.3360483464566926
20
-5.3318059842519681
11
5.3359674015748029
21
-5.3318724409448821
0
LINE
8
BLACK
6
CONTINUOUS
10
5.3359674015748029
20
-5.3318724409448821
11
5.3358954330708661
21
-5.3319022440944881
0
LINE
8
BLACK
6
CONTINUOUS
10
5.3358954330708661
20
-5.3319022440944881
11
5.3356474409448822
21
-5.3320583464566926
0
LINE
8
BLACK
6
CONTINUOUS
10
5.3356474409448822
20
-5.3320583464566926
11
5.3318979133858271
21
-5.3339331102362202
0
LINE
8
BLACK
6
CONTINUOUS
10
5.3318979133858271
20
-5.3339331102362202
11
5.3313572834645671
21
-5.3341399999999997
0
LINE
8
BLACK
6
CONTINUOUS
10
5.3313572834645671
20
-5.3341399999999997
11
5.3312514566929137
21
-5.3341474803149609
0
LINE
8
BLACK
6
CONTINUOUS
10
5.3312514566929137
20
-5.3341474803149609
11
5.3311534645669294
21
-5.3341881102362203
0
LINE
8
BLACK
6
CONTINUOUS
10
5.3311534645669294
20
-5.3341881102362203
11
5.3305774015748026
21
-5.3342448425196851
0
LINE
8
BLACK
6
CONTINUOUS
10
5.3305774015748026
20
-5.3342448425196851
11
5.3230783464566924
21
-5.3342448425196851
0
LINE
8
BLACK
6
CONTINUOUS
10
5.3230783464566924
20
-5.3342448425196851
11
5.3225022834645666
21
-5.3341881102362203
0
LINE
8
BLACK
6
CONTINUOUS
10
5.3225022834645666
20
-5.3341881102362203
11
5.3224042913385823
21
-5.3341475196850396
0
LINE
8
BLACK
6
CONTINUOUS
10
5.3224042913385823
20
-5.3341475196850396
11
5.3222984251968501
21
-5.3341399999999997
0
LINE
8
BLACK
6
CONTINUOUS
10
5.3222984251968501
20
-5.3341399999999997
11
5.3217578346456689
21
-5.3339331102362202
0
LINE
8
BLACK
6
CONTINUOUS
10
5.3217578346456689
20
-5.3339331102362202
11
5.3211081889763783
21
-5.3336082677165351
0
LINE
8
BLACK
6
CONTINUOUS
10
5.3211081889763783
20
-5.3336082677165351
11
5.3209692913385824
21
-5.3337472047244097
0
LINE
8
BLACK
6
CONTINUOUS
10
5.3209692913385824
20
-5.3337472047244097
11
5.3199048818897641
21
-5.3341881102362203
0
LINE
8
BLACK
6
CONTINUOUS
10
5.3199048818897641
20
-5.3341881102362203
11
5.3187527559055114
21
-5.3341881102362203
0
LINE
8
BLACK
6
CONTINUOUS
10
5.3187527559055114
20
-5.3341881102362203
11
5.3176883464566931
21
-5.3337472047244097
0
LINE
8
BLACK
6
CONTINUOUS
10
5.3176883464566931
20
-5.3337472047244097
11
5.3168737007874016
21
-5.3329325590551182
0
LINE
8
BLACK
6
CONTINUOUS
10
5.3168737007874016
20
-5.3329325590551182
11
5.3164327952755901
21
-5.331868149606299
0
LINE
8
BLACK
6
CONTINUOUS
10
5.3164327952755901
20
-5.331868149606299
11
5.3163760629921262
21
-5.3312920866141731
0
LINE
8
BLACK
6
CONTINUOUS
10
5.3163760629921262
20
-5.3312920866141731
11
5.3163760629921262
21
-5.2919220078740157
0
LINE
8
BLACK
6
CONTINUOUS
10
5.3163760629921262
20
-5.2919220078740157
11
5.3164327952755901
21
-5.2913459448818898
0
LINE
8
BLACK
6
CONTINUOUS
10
5.3164327952755901
20
-5.2913459448818898
11
5.3168737007874016
21
-5.2902815354330706
0
LINE
8
BLACK
6
CONTINUOUS
10
5.3168737007874016
20
-5.2902815354330706
11
5.3176883464566931
21
-5.2894668897637791
0
LINE
8
BLACK
6
CONTINUOUS
10
5.3176883464566931
20
-5.2894668897637791
11
5.3187527559055114
21
-5.2890259842519685
0
LINE
8
BLACK
6
CONTINUOUS
10
5.3187527559055114
20
-5.2890259842519685
11
5.3199048818897641
21
-5.2890259842519685
0
LINE
8
BLACK
6
CONTINUOUS
10
5.3199048818897641
20
-5.2890259842519685
11
5.3209692913385824
21
-5.2894668897637791
0
LINE
8
BLACK
6
CONTINUOUS
10
5.3222815748031493
20
-5.308745
11
5.3222815748031493
21
-5.3275924015748028
0
LINE
8
BLACK
6
CONTINUOUS
10
5.3222815748031493
20
-5.3275924015748028
11
5.323775393700787
21
-5.3283393307086611
0
LINE
8
BLACK
6
CONTINUOUS
10
5.323775393700787
20
-5.3283393307086611
11
5.3298803543307089
21
-5.3283393307086611
0
LINE
8
BLACK
6
CONTINUOUS
10
5.3298803543307089
20
-5.3283393307086611
11
5.3325777952755908
21
-5.3269905905511807
0
LINE
8
BLACK
6
CONTINUOUS
10
5.3325777952755908
20
-5.3269905905511807
11
5.3337749212598426
21
-5.3257934251968502
0
LINE
8
BLACK
6
CONTINUOUS
10
5.3337749212598426
20
-5.3257934251968502
11
5.3351237007874017
21
-5.3230959448818895
0
LINE
8
BLACK
6
CONTINUOUS
10
5.3351237007874017
20
-5.3230959448818895
11
5.3351237007874017
21
-5.3132414566929134
0
LINE
8
BLACK
6
CONTINUOUS
10
5.3351237007874017
20
-5.3132414566929134
11
5.3337749606299214
21
-5.3105439763779527
0
LINE
8
BLACK
6
CONTINUOUS
10
5.3337749606299214
20
-5.3105439763779527
11
5.3325778346456696
21
-5.3093468503937009
0
LINE
8
BLACK
6
CONTINUOUS
10
5.3325778346456696
20
-5.3093468503937009
11
5.3298803543307089
21
-5.3079981102362206
0
LINE
8
BLACK
6
CONTINUOUS
10
5.3298803543307089
20
-5.3079981102362206
11
5.323775393700787
21
-5.3079981102362206
0
LINE
8
BLACK
6
CONTINUOUS
10
5.323775393700787
20
-5.3079981102362206
11
5.3222815748031493
21
-5.308745
0
LINE
8
BLACK
6
CONTINUOUS
10
5.3705235433070868
20
-5.2890259842519685
11
5.3706215354330711
21
-5.2890665748031491
0
LINE
8
BLACK
6
CONTINUOUS
10
5.3706215354330711
20
-5.2890665748031491
11
5.3707273622047245
21
-5.2890740944881891
0
LINE
8
BLACK
6
CONTINUOUS
10
5.3707273622047245
20
-5.2890740944881891
11
5.3712679921259845
21
-5.2892809842519686
0
LINE
8
BLACK
6
CONTINUOUS
10
5.3712679921259845
20
-5.2892809842519686
11
5.3750175196850396
21
-5.2911557480314961
0
LINE
8
BLACK
6
CONTINUOUS
10
5.3750175196850396
20
-5.2911557480314961
11
5.3752655118110235
21
-5.2913118110236219
0
LINE
8
BLACK
6
CONTINUOUS
10
5.3752655118110235
20
-5.2913118110236219
11
5.3753374803149603
21
-5.2913416535433067
0
LINE
8
BLACK
6
CONTINUOUS
10
5.3753374803149603
20
-5.2913416535433067
11
5.37541842519685
21
-5.2914081102362207
0
LINE
8
BLACK
6
CONTINUOUS
10
5.37541842519685
20
-5.2914081102362207
11
5.3755074015748034
21
-5.2914640944881892
0
LINE
8
BLACK
6
CONTINUOUS
10
5.3755074015748034
20
-5.2914640944881892
11
5.3755585433070863
21
-5.291523070866142
0
LINE
8
BLACK
6
CONTINUOUS
10
5.3755585433070863
20
-5.291523070866142
11
5.3757849212598421
21
-5.2917088582677163
0
LINE
8
BLACK
6
CONTINUOUS
10
5.3757849212598421
20
-5.2917088582677163
11
5.3795344488188972
21
-5.2954583858267714
0
LINE
8
BLACK
6
CONTINUOUS
10
5.3795344488188972
20
-5.2954583858267714
11
5.3799016929133856
21
-5.2959058267716532
0
LINE
8
BLACK
6
CONTINUOUS
10
5.3799016929133856
20
-5.2959058267716532
11
5.3799857086614171
21
-5.2961087007874017
0
LINE
8
BLACK
6
CONTINUOUS
10
5.3799857086614171
20
-5.2961087007874017
11
5.3801163779527554
21
-5.2962850393700789
0
LINE
8
BLACK
6
CONTINUOUS
10
5.3801163779527554
20
-5.2962850393700789
11
5.3803111417322835
21
-5.2968301574803149
0
LINE
8
BLACK
6
CONTINUOUS
10
5.3803111417322835
20
-5.2968301574803149
11
5.3821859055118111
21
-5.3043292125984252
0
LINE
8
BLACK
6
CONTINUOUS
10
5.3821859055118111
20
-5.3043292125984252
11
5.3822006692913389
21
-5.3044290551181099
0
LINE
8
BLACK
6
CONTINUOUS
10
5.3822006692913389
20
-5.3044290551181099
11
5.3822173228346459
21
-5.3044692913385827
0
LINE
8
BLACK
6
CONTINUOUS
10
5.3822173228346459
20
-5.3044692913385827
11
5.3822386614173228
21
-5.304686299212598
0
LINE
8
BLACK
6
CONTINUOUS
10
5.3822386614173228
20
-5.304686299212598
11
5.3822705511811026
21
-5.3049018110236217
0
LINE
8
BLACK
6
CONTINUOUS
10
5.3822705511811026
20
-5.3049018110236217
11
5.3822641338582677
21
-5.3049448031496063
0
LINE
8
BLACK
6
CONTINUOUS
10
5.3822641338582677
20
-5.3049448031496063
11
5.3822740551181099
21
-5.3050453543307086
0
LINE
8
BLACK
6
CONTINUOUS
10
5.3822740551181099
20
-5.3050453543307086
11
5.3822740551181099
21
-5.3181687007874014
0
LINE
8
BLACK
6
CONTINUOUS
10
5.3822740551181099
20
-5.3181687007874014
11
5.3822641338582677
21
-5.318269212598425
0
LINE
8
BLACK
6
CONTINUOUS
10
5.3822641338582677
20
-5.318269212598425
11
5.3822705511811026
21
-5.3183122440944883
0
LINE
8
BLACK
6
CONTINUOUS
10
5.3822705511811026
20
-5.3183122440944883
11
5.3822386614173228
21
-5.3185277165354332
0
LINE
8
BLACK
6
CONTINUOUS
10
5.3822386614173228
20
-5.3185277165354332
11
5.3822173228346459
21
-5.3187447637795273
0
LINE
8
BLACK
6
CONTINUOUS
10
5.3822173228346459
20
-5.3187447637795273
11
5.3822006692913389
21
-5.3187849606299213
0
LINE
8
BLACK
6
CONTINUOUS
10
5.3822006692913389
20
-5.3187849606299213
11
5.3821859055118111
21
-5.3188848425196849
0
LINE
8
BLACK
6
CONTINUOUS
10
5.3821859055118111
20
-5.3188848425196849
11
5.3803111417322835
21
-5.3263838976377951
0
LINE
8
BLACK
6
CONTINUOUS
10
5.3803111417322835
20
-5.3263838976377951
11
5.3801163779527554
21
-5.3269290157480311
0
LINE
8
BLACK
6
CONTINUOUS
10
5.3801163779527554
20
-5.3269290157480311
11
5.3799856692913384
21
-5.3271053543307083
0
LINE
8
BLACK
6
CONTINUOUS
10
5.3799856692913384
20
-5.3271053543307083
11
5.3799016929133856
21
-5.327308188976378
0
LINE
8
BLACK
6
CONTINUOUS
10
5.3799016929133856
20
-5.327308188976378
11
5.3795344881889759
21
-5.3277556299212598
0
LINE
8
BLACK
6
CONTINUOUS
10
5.3795344881889759
20
-5.3277556299212598
11
5.3757849212598421
21
-5.3315052362204725
0
LINE
8
BLACK
6
CONTINUOUS
10
5.3757849212598421
20
-5.3315052362204725
11
5.3755585433070863
21
-5.331690984251968
0
LINE
8
BLACK
6
CONTINUOUS
10
5.3755585433070863
20
-5.331690984251968
11
5.3755074015748034
21
-5.3317499999999995
0
LINE
8
BLACK
6
CONTINUOUS
10
5.3755074015748034
20
-5.3317499999999995
11
5.37541842519685
21
-5.3318059448818893
0
LINE
8
BLACK
6
CONTINUOUS
10
5.37541842519685
20
-5.3318059448818893
11
5.3753374803149603
21
-5.3318724409448821
0
LINE
8
BLACK
6
CONTINUOUS
10
5.3753374803149603
20
-5.3318724409448821
11
5.3752655118110235
21
-5.3319022440944881
0
LINE
8
BLACK
6
CONTINUOUS
10
5.3752655118110235
20
-5.3319022440944881
11
5.3750175196850396
21
-5.3320583464566926
0
LINE
8
BLACK
6
CONTINUOUS
10
5.3750175196850396
20
-5.3320583464566926
11
5.3712679921259845
21
-5.3339331102362202
0
LINE
8
BLACK
6
CONTINUOUS
10
5.3712679921259845
20
-5.3339331102362202
11
5.3707273622047245
21
-5.3341399999999997
0
LINE
8
BLACK
6
CONTINUOUS
10
5.3707273622047245
20
-5.3341399999999997
11
5.3706215354330711
21
-5.3341474803149609
0
LINE
8
BLACK
6
CONTINUOUS
10
5.3706215354330711
20
-5.3341474803149609
11
5.3705235433070868
21
-5.3341881102362203
0
LINE
8
BLACK
6
CONTINUOUS
10
5.3705235433070868
20
-5.3341881102362203
11
5.3699474803149609
21
-5.3342448425196851
0
LINE
8
BLACK
6
CONTINUOUS
10
5.3699474803149609
20
-5.3342448425196851
11
5.3624484251968498
21
-5.3342448425196851
0
LINE
8
BLACK
6
CONTINUOUS
10
5.3624484251968498
20
-5.3342448425196851
11
5.361872362204724
21
-5.3341881102362203
0
LINE
8
BLACK
6
CONTINUOUS
10
5.361872362204724
20
-5.3341881102362203
11
5.3617743700787397
21
-5.3341475196850396
0
LINE
8
BLACK
6
CONTINUOUS
10
5.3617743700787397
20
-5.3341475196850396
11
5.3616685039370076
21
-5.3341399999999997
0
LINE
8
BLACK
6
CONTINUOUS
10
5.3616685039370076
20
-5.3341399999999997
11
5.3611279133858263
21
-5.3339331102362202
0
LINE
8
BLACK
6
CONTINUOUS
10
5.3611279133858263
20
-5.3339331102362202
11
5.3573783858267712
21
-5.3320583464566926
0
LINE
8
BLACK
6
CONTINUOUS
10
5.3573783858267712
20
-5.3320583464566926
11
5.3571305511811023
21
-5.3319023228346456
0
LINE
8
BLACK
6
CONTINUOUS
10
5.3571305511811023
20
-5.3319023228346456
11
5.3570584251968505
21
-5.3318724803149609
0
LINE
8
BLACK
6
CONTINUOUS
10
5.3570584251968505
20
-5.3318724803149609
11
5.3569772440944883
21
-5.3318058661417318
0
LINE
8
BLACK
6
CONTINUOUS
10
5.3569772440944883
20
-5.3318058661417318
11
5.3568885039370073
21
-5.3317499999999995
0
LINE
8
BLACK
6
CONTINUOUS
10
5.3568885039370073
20
-5.3317499999999995
11
5.3568373622047245
21
-5.3316910629921255
0
LINE
8
BLACK
6
CONTINUOUS
10
5.3568373622047245
20
-5.3316910629921255
11
5.3566109842519687
21
-5.3315052362204725
0
LINE
8
BLACK
6
CONTINUOUS
10
5.3566109842519687
20
-5.3315052362204725
11
5.3528614566929136
21
-5.3277556692913386
0
LINE
8
BLACK
6
CONTINUOUS
10
5.3528614566929136
20
-5.3277556692913386
11
5.3524942125984252
21
-5.327308188976378
0
LINE
8
BLACK
6
CONTINUOUS
10
5.3524942125984252
20
-5.327308188976378
11
5.3524101968503937
21
-5.3271053543307083
0
LINE
8
BLACK
6
CONTINUOUS
10
5.3524101968503937
20
-5.3271053543307083
11
5.3522795275590553
21
-5.3269290157480311
0
LINE
8
BLACK
6
CONTINUOUS
10
5.3522795275590553
20
-5.3269290157480311
11
5.3520847637795272
21
-5.3263838976377951
0
LINE
8
BLACK
6
CONTINUOUS
10
5.3520847637795272
20
-5.3263838976377951
11
5.3502099999999997
21
-5.3188848425196849
0
LINE
8
BLACK
6
CONTINUOUS
10
5.3502099999999997
20
-5.3188848425196849
11
5.350195196850394
21
-5.3187849606299213
0
LINE
8
BLACK
6
CONTINUOUS
10
5.350195196850394
20
-5.3187849606299213
11
5.3501785826771648
21
-5.3187447637795273
0
LINE
8
BLACK
6
CONTINUOUS
10
5.3501785826771648
20
-5.3187447637795273
11
5.3501572047244093
21
-5.3185277165354332
0
LINE
8
BLACK
6
CONTINUOUS
10
5.3501572047244093
20
-5.3185277165354332
11
5.3501253543307081
21
-5.3183122440944883
0
LINE
8
BLACK
6
CONTINUOUS
10
5.3501253543307081
20
-5.3183122440944883
11
5.3501317322834643
21
-5.318269212598425
0
LINE
8
BLACK
6
CONTINUOUS
10
5.3501317322834643
20
-5.318269212598425
11
5.3501218503937009
21
-5.3181687007874014
0
LINE
8
BLACK
6
CONTINUOUS
10
5.3501218503937009
20
-5.3181687007874014
11
5.3501218503937009
21
-5.3050453543307086
0
LINE
8
BLACK
6
CONTINUOUS
10
5.3501218503937009
20
-5.3050453543307086
11
5.3501317322834643
21
-5.3049448031496063
0
LINE
8
BLACK
6
CONTINUOUS
10
5.3501317322834643
20
-5.3049448031496063
11
5.3501253543307081
21
-5.3049018110236217
0
LINE
8
BLACK
6
CONTINUOUS
10
5.3501253543307081
20
-5.3049018110236217
11
5.3501572047244093
21
-5.304686299212598
0
LINE
8
BLACK
6
CONTINUOUS
10
5.3501572047244093
20
-5.304686299212598
11
5.3501785826771648
21
-5.3044692913385827
0
LINE
8
BLACK
6
CONTINUOUS
10
5.3501785826771648
20
-5.3044692913385827
11
5.350195196850394
21
-5.3044290551181099
0
LINE
8
BLACK
6
CONTINUOUS
10
5.350195196850394
20
-5.3044290551181099
11
5.3502099999999997
21
-5.3043292125984252
0
LINE
8
BLACK
6
CONTINUOUS
10
5.3502099999999997
20
-5.3043292125984252
11
5.3520847637795272
21
-5.2968301574803149
0
LINE
8
BLACK
6
CONTINUOUS
10
5.3520847637795272
20
-5.2968301574803149
11
5.3522795275590553
21
-5.2962850393700789
0
LINE
8
BLACK
6
CONTINUOUS
10
5.3522795275590553
20
-5.2962850393700789
11
5.3524102362204724
21
-5.2961085826771654
0
LINE
8
BLACK
6
CONTINUOUS
10
5.3524102362204724
20
-5.2961085826771654
11
5.3524942519685039
21
-5.2959058267716532
0
LINE
8
BLACK
6
CONTINUOUS
10
5.3524942519685039
20
-5.2959058267716532
11
5.3528614566929136
21
-5.2954583858267714
0
LINE
8
BLACK
6
CONTINUOUS
10
5.3528614566929136
20
-5.2954583858267714
11
5.3566109842519687
21
-5.2917088582677163
0
LINE
8
BLACK
6
CONTINUOUS
10
5.3566109842519687
20
-5.2917088582677163
11
5.3568373622047245
21
-5.2915229921259845
0
LINE
8
BLACK
6
CONTINUOUS
10
5.3568373622047245
20
-5.2915229921259845
11
5.3568885039370073
21
-5.2914640944881892
0
LINE
8
BLACK
6
CONTINUOUS
10
5.3568885039370073
20
-5.2914640944881892
11
5.3569772440944883
21
-5.2914081889763782
0
LINE
8
BLACK
6
CONTINUOUS
10
5.3569772440944883
20
-5.2914081889763782
11
5.3570584251968505
21
-5.2913416141732279
0
LINE
8
BLACK
6
CONTINUOUS
10
5.3570584251968505
20
-5.2913416141732279
11
5.3571305511811023
21
-5.2913117322834644
0
LINE
8
BLACK
6
CONTINUOUS
10
5.3571305511811023
20
-5.2913117322834644
11
5.3573783858267712
21
-5.2911557480314961
0
LINE
8
BLACK
6
CONTINUOUS
10
5.3573783858267712
20
-5.2911557480314961
11
5.3611279133858263
21
-5.2892809842519686
0
LINE
8
BLACK
6
CONTINUOUS
10
5.3611279133858263
20
-5.2892809842519686
11
5.3616685039370076
21
-5.2890740944881891
0
LINE
8
BLACK
6
CONTINUOUS
10
5.3616685039370076
20
-5.2890740944881891
11
5.3617743700787397
21
-5.2890665354330704
0
LINE
8
BLACK
6
CONTINUOUS
10
5.3617743700787397
20
-5.2890665354330704
11
5.361872362204724
21
-5.2890259842519685
0
LINE
8
BLACK
6
CONTINUOUS
10
5.361872362204724
20
-5.2890259842519685
11
5.3624484251968498
21
-5.2889692519685036
0
LINE
8
BLACK
6
CONTINUOUS
10
5.3624484251968498
20
-5.2889692519685036
11
5.3699474803149609
21
-5.2889692519685036
0
LINE
8
BLACK
6
CONTINUOUS
10
5.3699474803149609
20
-5.2889692519685036
11
5.3705235433070868
21
-5.2890259842519685
0
LINE
8
BLACK
6
CONTINUOUS
10
5.3604479921259838
20
-5.296223503937008
11
5.3576155905511813
21
-5.2990558661417317
0
LINE
8
BLACK
6
CONTINUOUS
10
5.3576155905511813
20
-5.2990558661417317
11
5.3560273622047241
21
-5.3054088976377951
0
LINE
8
BLACK
6
CONTINUOUS
10
5.3560273622047241
20
-5.3054088976377951
11
5.3560273622047241
21
-5.3178051574803149
0
LINE
8
BLACK
6
CONTINUOUS
10
5.3560273622047241
20
-5.3178051574803149
11
5.3576155905511813
21
-5.3241581496062995
0
LINE
8
BLACK
6
CONTINUOUS
10
5.3576155905511813
20
-5.3241581496062995
11
5.3604479921259838
21
-5.3269905905511807
0
LINE
8
BLACK
6
CONTINUOUS
10
5.3604479921259838
20
-5.3269905905511807
11
5.3631454724409444
21
-5.3283393307086611
0
LINE
8
BLACK
6
CONTINUOUS
10
5.3631454724409444
20
-5.3283393307086611
11
5.3692504330708664
21
-5.3283393307086611
0
LINE
8
BLACK
6
CONTINUOUS
10
5.3692504330708664
20
-5.3283393307086611
11
5.3719478740157482
21
-5.3269905905511807
0
LINE
8
BLACK
6
CONTINUOUS
10
5.3719478740157482
20
-5.3269905905511807
11
5.3747802755905507
21
-5.3241581496062995
0
LINE
8
BLACK
6
CONTINUOUS
10
5.3747802755905507
20
-5.3241581496062995
11
5.3763685433070867
21
-5.3178051574803149
0
LINE
8
BLACK
6
CONTINUOUS
10
5.3763685433070867
20
-5.3178051574803149
11
5.3763685433070867
21
-5.3054088976377951
0
LINE
8
BLACK
6
CONTINUOUS
10
5.3763685433070867
20
-5.3054088976377951
11
5.3747802755905507
21
-5.2990558661417317
0
LINE
8
BLACK
6
CONTINUOUS
10
5.3747802755905507
20
-5.2990558661417317
11
5.371947913385827
21
-5.296223503937008
0
LINE
8
BLACK
6
CONTINUOUS
10
5.371947913385827
20
-5.296223503937008
11
5.3692504330708664
21
-5.2948747637795277
0
LINE
8
BLACK
6
CONTINUOUS
10
5.3692504330708664
20
-5.2948747637795277
11
5.3631454724409444
21
-5.2948747637795277
0
LINE
8
BLACK
6
CONTINUOUS
10
5.3631454724409444
20
-5.2948747637795277
11
5.3604479921259838
21
-5.296223503937008
0
LINE
8
BLACK
6
CONTINUOUS
10
5.4451511417322838
20
-5.2889901968503938
11
5.4452231496062993
21
-5.2889830314960626
0
LINE
8
BLACK
6
CONTINUOUS
10
5.4452231496062993
20
-5.2889830314960626
11
5.4452934645669293
21
-5.2890042125984253
0
LINE
8
BLACK
6
CONTINUOUS
10
5.4452934645669293
20
-5.2890042125984253
11
5.4455141732283465
21
-5.2890259842519685
0
LINE
8
BLACK
6
CONTINUOUS
10
5.4455141732283465
20
-5.2890259842519685
11
5.4459128346456689
21
-5.2891911023622047
0
LINE
8
BLACK
6
CONTINUOUS
10
5.4459128346456689
20
-5.2891911023622047
11
5.4463261417322837
21
-5.2893158267716531
0
LINE
8
BLACK
6
CONTINUOUS
10
5.4463261417322837
20
-5.2893158267716531
11
5.4464412204724404
21
-5.2894099606299214
0
LINE
8
BLACK
6
CONTINUOUS
10
5.4464412204724404
20
-5.2894099606299214
11
5.4465785826771649
21
-5.2894668897637791
0
LINE
8
BLACK
6
CONTINUOUS
10
5.4465785826771649
20
-5.2894668897637791
11
5.4468838188976374
21
-5.2897721259842516
0
LINE
8
BLACK
6
CONTINUOUS
10
5.4468838188976374
20
-5.2897721259842516
11
5.4472177952755905
21
-5.2900453937007876
0
LINE
8
BLACK
6
CONTINUOUS
10
5.4472177952755905
20
-5.2900453937007876
11
5.447288031496063
21
-5.2901763385826772
0
LINE
8
BLACK
6
CONTINUOUS
10
5.447288031496063
20
-5.2901763385826772
11
5.4473932283464563
21
-5.2902815354330706
0
LINE
8
BLACK
6
CONTINUOUS
10
5.4473932283464563
20
-5.2902815354330706
11
5.4475583858267713
21
-5.2906803149606301
0
LINE
8
BLACK
6
CONTINUOUS
10
5.4475583858267713
20
-5.2906803149606301
11
5.4477624409448815
21
-5.2910606299212599
0
LINE
8
BLACK
6
CONTINUOUS
10
5.4477624409448815
20
-5.2910606299212599
11
5.4478060236220474
21
-5.2912781102362203
0
LINE
8
BLACK
6
CONTINUOUS
10
5.4478060236220474
20
-5.2912781102362203
11
5.4478341338582679
21
-5.2913459448818898
0
LINE
8
BLACK
6
CONTINUOUS
10
5.4478341338582679
20
-5.2913459448818898
11
5.4478341338582679
21
-5.2914182283464566
0
LINE
8
BLACK
6
CONTINUOUS
10
5.4478341338582679
20
-5.2914182283464566
11
5.4478762204724411
21
-5.2916281889763779
0
LINE
8
BLACK
6
CONTINUOUS
10
5.4478762204724411
20
-5.2916281889763779
11
5.4497509842519687
21
-5.3103758267716534
0
LINE
8
BLACK
6
CONTINUOUS
10
5.4497509842519687
20
-5.3103758267716534
11
5.4497518503937004
21
-5.3109546850393698
0
LINE
8
BLACK
6
CONTINUOUS
10
5.4497518503937004
20
-5.3109546850393698
11
5.4497088976377954
21
-5.3110970078740154
0
LINE
8
BLACK
6
CONTINUOUS
10
5.4497088976377954
20
-5.3110970078740154
11
5.4497088976377954
21
-5.3112456692913383
0
LINE
8
BLACK
6
CONTINUOUS
10
5.4497088976377954
20
-5.3112456692913383
11
5.4495437795275592
21
-5.3116442519685041
0
LINE
8
BLACK
6
CONTINUOUS
10
5.4495437795275592
20
-5.3116442519685041
11
5.4494190551181099
21
-5.3120576771653543
0
LINE
8
BLACK
6
CONTINUOUS
10
5.4494190551181099
20
-5.3120576771653543
11
5.449324842519685
21
-5.3121727952755906
0
LINE
8
BLACK
6
CONTINUOUS
10
5.449324842519685
20
-5.3121727952755906
11
5.4492679921259839
21
-5.3123100787401576
0
LINE
8
BLACK
6
CONTINUOUS
10
5.4492679921259839
20
-5.3123100787401576
11
5.4489629133858264
21
-5.3126151181102363
0
LINE
8
BLACK
6
CONTINUOUS
10
5.4489629133858264
20
-5.3126151181102363
11
5.4486894881889762
21
-5.312949330708661
0
LINE
8
BLACK
6
CONTINUOUS
10
5.4486894881889762
20
-5.312949330708661
11
5.4485584251968504
21
-5.3130196062992123
0
LINE
8
BLACK
6
CONTINUOUS
10
5.4485584251968504
20
-5.3130196062992123
11
5.4484533070866137
21
-5.3131247637795278
0
LINE
8
BLACK
6
CONTINUOUS
10
5.4484533070866137
20
-5.3131247637795278
11
5.4480546850393701
21
-5.3132898425196853
0
LINE
8
BLACK
6
CONTINUOUS
10
5.4480546850393701
20
-5.3132898425196853
11
5.447674251968504
21
-5.313493976377953
0
LINE
8
BLACK
6
CONTINUOUS
10
5.447674251968504
20
-5.313493976377953
11
5.4475262204724411
21
-5.3135087401574799
0
LINE
8
BLACK
6
CONTINUOUS
10
5.4475262204724411
20
-5.3135087401574799
11
5.4473888976377953
21
-5.3135656692913384
0
LINE
8
BLACK
6
CONTINUOUS
10
5.4473888976377953
20
-5.3135656692913384
11
5.4469573622047243
21
-5.3135656692913384
0
LINE
8
BLACK
6
CONTINUOUS
10
5.4469573622047243
20
-5.3135656692913384
11
5.4465278346456696
21
-5.3136086220472443
0
LINE
8
BLACK
6
CONTINUOUS
10
5.4465278346456696
20
-5.3136086220472443
11
5.4463854724409444
21
-5.3135656692913384
0
LINE
8
BLACK
6
CONTINUOUS
10
5.4463854724409444
20
-5.3135656692913384
11
5.4462368110236223
21
-5.3135656692913384
0
LINE
8
BLACK
6
CONTINUOUS
10
5.4462368110236223
20
-5.3135656692913384
11
5.4458381102362203
21
-5.3134005118110235
0
LINE
8
BLACK
6
CONTINUOUS
10
5.4458381102362203
20
-5.3134005118110235
11
5.4454248425196852
21
-5.3132758267716538
0
LINE
8
BLACK
6
CONTINUOUS
10
5.4454248425196852
20
-5.3132758267716538
11
5.4453097244094488
21
-5.3131816535433067
0
LINE
8
BLACK
6
CONTINUOUS
10
5.4453097244094488
20
-5.3131816535433067
11
5.4451724015748031
21
-5.3131247637795278
0
LINE
8
BLACK
6
CONTINUOUS
10
5.4451724015748031
20
-5.3131247637795278
11
5.4447249606299213
21
-5.3127575590551182
0
LINE
8
BLACK
6
CONTINUOUS
10
5.4447249606299213
20
-5.3127575590551182
11
5.4431890157480316
21
-5.3112216141732285
0
LINE
8
BLACK
6
CONTINUOUS
10
5.4431890157480316
20
-5.3112216141732285
11
5.440491535433071
21
-5.3098728740157481
0
LINE
8
BLACK
6
CONTINUOUS
10
5.440491535433071
20
-5.3098728740157481
11
5.4325118110236224
21
-5.3098728740157481
0
LINE
8
BLACK
6
CONTINUOUS
10
5.4325118110236224
20
-5.3098728740157481
11
5.4298143307086617
21
-5.3112216141732285
0
LINE
8
BLACK
6
CONTINUOUS
10
5.4298143307086617
20
-5.3112216141732285
11
5.428617204724409
21
-5.3124187401574803
0
LINE
8
BLACK
6
CONTINUOUS
10
5.428617204724409
20
-5.3124187401574803
11
5.4272684645669287
21
-5.3151162204724409
0
LINE
8
BLACK
6
CONTINUOUS
10
5.4272684645669287
20
-5.3151162204724409
11
5.4272684645669287
21
-5.3230959448818895
0
LINE
8
BLACK
6
CONTINUOUS
10
5.4272684645669287
20
-5.3230959448818895
11
5.428617204724409
21
-5.3257934251968502
0
LINE
8
BLACK
6
CONTINUOUS
10
5.428617204724409
20
-5.3257934251968502
11
5.4298143307086617
21
-5.3269905905511807
0
LINE
8
BLACK
6
CONTINUOUS
10
5.4298143307086617
20
-5.3269905905511807
11
5.4325118110236224
21
-5.3283393307086611
0
LINE
8
BLACK
6
CONTINUOUS
10
5.4325118110236224
20
-5.3283393307086611
11
5.440491535433071
21
-5.3283393307086611
0
LINE
8
BLACK
6
CONTINUOUS
10
5.440491535433071
20
-5.3283393307086611
11
5.4431889763779528
21
-5.3269905905511807
0
LINE
8
BLACK
6
CONTINUOUS
10
5.4431889763779528
20
-5.3269905905511807
11
5.4447249212598425
21
-5.3254546456692911
0
LINE
8
BLACK
6
CONTINUOUS
10
5.4447249212598425
20
-5.3254546456692911
11
5.4451724015748031
21
-5.3250874015748026
0
LINE
8
BLACK
6
CONTINUOUS
10
5.4451724015748031
20
-5.3250874015748026
11
5.4462368110236223
21
-5.324646496062992
0
LINE
8
BLACK
6
CONTINUOUS
10
5.4462368110236223
20
-5.324646496062992
11
5.4473888976377953
21
-5.324646496062992
0
LINE
8
BLACK
6
CONTINUOUS
10
5.4473888976377953
20
-5.324646496062992
11
5.4484533070866137
21
-5.3250873622047239
0
LINE
8
BLACK
6
CONTINUOUS
10
5.4484533070866137
20
-5.3250873622047239
11
5.4492679921259839
21
-5.3259020472440941
0
LINE
8
BLACK
6
CONTINUOUS
10
5.4492679921259839
20
-5.3259020472440941
11
5.4497088976377954
21
-5.3269664566929134
0
LINE
8
BLACK
6
CONTINUOUS
10
5.4497088976377954
20
-5.3269664566929134
11
5.4497088976377954
21
-5.3281185433070863
0
LINE
8
BLACK
6
CONTINUOUS
10
5.4497088976377954
20
-5.3281185433070863
11
5.4492680314960626
21
-5.3291829527559056
0
LINE
8
BLACK
6
CONTINUOUS
10
5.4492680314960626
20
-5.3291829527559056
11
5.4489007874015742
21
-5.3296304330708661
0
LINE
8
BLACK
6
CONTINUOUS
10
5.4489007874015742
20
-5.3296304330708661
11
5.4470260629921254
21
-5.3315051968503937
0
LINE
8
BLACK
6
CONTINUOUS
10
5.4470260629921254
20
-5.3315051968503937
11
5.4467996850393696
21
-5.3316909448818892
0
LINE
8
BLACK
6
CONTINUOUS
10
5.4467996850393696
20
-5.3316909448818892
11
5.446748503937008
21
-5.3317499999999995
0
LINE
8
BLACK
6
CONTINUOUS
10
5.446748503937008
20
-5.3317499999999995
11
5.4466595275590546
21
-5.3318059842519681
0
LINE
8
BLACK
6
CONTINUOUS
10
5.4466595275590546
20
-5.3318059842519681
11
5.4465785826771649
21
-5.3318724409448821
0
LINE
8
BLACK
6
CONTINUOUS
10
5.4465785826771649
20
-5.3318724409448821
11
5.4465066141732281
21
-5.3319022440944881
0
LINE
8
BLACK
6
CONTINUOUS
10
5.4465066141732281
20
-5.3319022440944881
11
5.4462586220472442
21
-5.3320583464566926
0
LINE
8
BLACK
6
CONTINUOUS
10
5.4462586220472442
20
-5.3320583464566926
11
5.4425090944881891
21
-5.3339331102362202
0
LINE
8
BLACK
6
CONTINUOUS
10
5.4425090944881891
20
-5.3339331102362202
11
5.4419684645669291
21
-5.3341399999999997
0
LINE
8
BLACK
6
CONTINUOUS
10
5.4419684645669291
20
-5.3341399999999997
11
5.4418626377952757
21
-5.3341474803149609
0
LINE
8
BLACK
6
CONTINUOUS
10
5.4418626377952757
20
-5.3341474803149609
11
5.4417646456692914
21
-5.3341881102362203
0
LINE
8
BLACK
6
CONTINUOUS
10
5.4417646456692914
20
-5.3341881102362203
11
5.4411885826771655
21
-5.3342448425196851
0
LINE
8
BLACK
6
CONTINUOUS
10
5.4411885826771655
20
-5.3342448425196851
11
5.4318147637795278
21
-5.3342448425196851
0
LINE
8
BLACK
6
CONTINUOUS
10
5.4318147637795278
20
-5.3342448425196851
11
5.431238700787401
21
-5.3341881102362203
0
LINE
8
BLACK
6
CONTINUOUS
10
5.431238700787401
20
-5.3341881102362203
11
5.4311407086614176
21
-5.3341475196850396
0
LINE
8
BLACK
6
CONTINUOUS
10
5.4311407086614176
20
-5.3341475196850396
11
5.4310348425196846
21
-5.3341399999999997
0
LINE
8
BLACK
6
CONTINUOUS
10
5.4310348425196846
20
-5.3341399999999997
11
5.4304942519685042
21
-5.3339331102362202
0
LINE
8
BLACK
6
CONTINUOUS
10
5.4304942519685042
20
-5.3339331102362202
11
5.4267447244094491
21
-5.3320583464566926
0
LINE
8
BLACK
6
CONTINUOUS
10
5.4267447244094491
20
-5.3320583464566926
11
5.4264966929133855
21
-5.3319022440944881
0
LINE
8
BLACK
6
CONTINUOUS
10
5.4264966929133855
20
-5.3319022440944881
11
5.4264247637795275
21
-5.3318724409448821
0
LINE
8
BLACK
6
CONTINUOUS
10
5.4264247637795275
20
-5.3318724409448821
11
5.4263437795275591
21
-5.3318059842519681
0
LINE
8
BLACK
6
CONTINUOUS
10
5.4263437795275591
20
-5.3318059842519681
11
5.4262548425196853
21
-5.3317499999999995
0
LINE
8
BLACK
6
CONTINUOUS
10
5.4262548425196853
20
-5.3317499999999995
11
5.426203622047244
21
-5.3316909448818892
0
LINE
8
BLACK
6
CONTINUOUS
10
5.426203622047244
20
-5.3316909448818892
11
5.425977283464567
21
-5.3315051968503937
0
LINE
8
BLACK
6
CONTINUOUS
10
5.425977283464567
20
-5.3315051968503937
11
5.4241025196850394
21
-5.3296303937007874
0
LINE
8
BLACK
6
CONTINUOUS
10
5.4241025196850394
20
-5.3296303937007874
11
5.423916771653543
21
-5.3294040551181103
0
LINE
8
BLACK
6
CONTINUOUS
10
5.423916771653543
20
-5.3294040551181103
11
5.4238577952755902
21
-5.3293529133858266
0
LINE
8
BLACK
6
CONTINUOUS
10
5.4238577952755902
20
-5.3293529133858266
11
5.4238018110236217
21
-5.3292639763779528
0
LINE
8
BLACK
6
CONTINUOUS
10
5.4238018110236217
20
-5.3292639763779528
11
5.4237353149606298
21
-5.3291829527559056
0
LINE
8
BLACK
6
CONTINUOUS
10
5.4237353149606298
20
-5.3291829527559056
11
5.423705472440945
21
-5.3291109055118113
0
LINE
8
BLACK
6
CONTINUOUS
10
5.423705472440945
20
-5.3291109055118113
11
5.4235494488188971
21
-5.3288630314960628
0
LINE
8
BLACK
6
CONTINUOUS
10
5.4235494488188971
20
-5.3288630314960628
11
5.4216746850393696
21
-5.3251135039370077
0
LINE
8
BLACK
6
CONTINUOUS
10
5.4216746850393696
20
-5.3251135039370077
11
5.4214677952755901
21
-5.3245728740157476
0
LINE
8
BLACK
6
CONTINUOUS
10
5.4214677952755901
20
-5.3245728740157476
11
5.421460275590551
21
-5.3244670472440943
0
LINE
8
BLACK
6
CONTINUOUS
10
5.421460275590551
20
-5.3244670472440943
11
5.4214196850393703
21
-5.32436905511811
0
LINE
8
BLACK
6
CONTINUOUS
10
5.4214196850393703
20
-5.32436905511811
11
5.4213629527559055
21
-5.3237929921259841
0
LINE
8
BLACK
6
CONTINUOUS
10
5.4213629527559055
20
-5.3237929921259841
11
5.4213629527559055
21
-5.3144191732283463
0
LINE
8
BLACK
6
CONTINUOUS
10
5.4213629527559055
20
-5.3144191732283463
11
5.4214196850393703
21
-5.3138431102362205
0
LINE
8
BLACK
6
CONTINUOUS
10
5.4214196850393703
20
-5.3138431102362205
11
5.421460275590551
21
-5.3137450787401574
0
LINE
8
BLACK
6
CONTINUOUS
10
5.421460275590551
20
-5.3137450787401574
11
5.4214677952755901
21
-5.3136392913385828
0
LINE
8
BLACK
6
CONTINUOUS
10
5.4214677952755901
20
-5.3136392913385828
11
5.4216746850393696
21
-5.3130986614173228
0
LINE
8
BLACK
6
CONTINUOUS
10
5.4216746850393696
20
-5.3130986614173228
11
5.4235494488188971
21
-5.3093491338582677
0
LINE
8
BLACK
6
CONTINUOUS
10
5.4235494488188971
20
-5.3093491338582677
11
5.4237055118110238
21
-5.309101102362205
0
LINE
8
BLACK
6
CONTINUOUS
10
5.4237055118110238
20
-5.309101102362205
11
5.4237353543307085
21
-5.3090291732283461
0
LINE
8
BLACK
6
CONTINUOUS
10
5.4237353543307085
20
-5.3090291732283461
11
5.4238018110236217
21
-5.3089481889763777
0
LINE
8
BLACK
6
CONTINUOUS
10
5.4238018110236217
20
-5.3089481889763777
11
5.4238577952755902
21
-5.3088592519685038
0
LINE
8
BLACK
6
CONTINUOUS
10
5.4238577952755902
20
-5.3088592519685038
11
5.423916771653543
21
-5.3088080708661414
0
LINE
8
BLACK
6
CONTINUOUS
10
5.423916771653543
20
-5.3088080708661414
11
5.4241025590551182
21
-5.3085817322834643
0
LINE
8
BLACK
6
CONTINUOUS
10
5.4241025590551182
20
-5.3085817322834643
11
5.4259773228346457
21
-5.3067069685039367
0
LINE
8
BLACK
6
CONTINUOUS
10
5.4259773228346457
20
-5.3067069685039367
11
5.4262036614173228
21
-5.3065211811023625
0
LINE
8
BLACK
6
CONTINUOUS
10
5.4262036614173228
20
-5.3065211811023625
11
5.4262548425196853
21
-5.3064622047244097
0
LINE
8
BLACK
6
CONTINUOUS
10
5.4262548425196853
20
-5.3064622047244097
11
5.4263437795275591
21
-5.3064062204724411
0
LINE
8
BLACK
6
CONTINUOUS
10
5.4263437795275591
20
-5.3064062204724411
11
5.4264247637795275
21
-5.3063397637795271
0
LINE
8
BLACK
6
CONTINUOUS
10
5.4264247637795275
20
-5.3063397637795271
11
5.4264966929133855
21
-5.3063099212598424
0
LINE
8
BLACK
6
CONTINUOUS
10
5.4264966929133855
20
-5.3063099212598424
11
5.4267447244094491
21
-5.3061538582677166
0
LINE
8
BLACK
6
CONTINUOUS
10
5.4267447244094491
20
-5.3061538582677166
11
5.4304942519685042
21
-5.304279094488189
0
LINE
8
BLACK
6
CONTINUOUS
10
5.4304942519685042
20
-5.304279094488189
11
5.4310348425196846
21
-5.3040722047244095
0
LINE
8
BLACK
6
CONTINUOUS
10
5.4310348425196846
20
-5.3040722047244095
11
5.4311407086614176
21
-5.3040646456692908
0
LINE
8
BLACK
6
CONTINUOUS
10
5.4311407086614176
20
-5.3040646456692908
11
5.431238700787401
21
-5.3040240944881889
0
LINE
8
BLACK
6
CONTINUOUS
10
5.431238700787401
20
-5.3040240944881889
11
5.4318147637795278
21
-5.3039673622047241
0
LINE
8
BLACK
6
CONTINUOUS
10
5.4318147637795278
20
-5.3039673622047241
11
5.4411885826771655
21
-5.3039673622047241
0
LINE
8
BLACK
6
CONTINUOUS
10
5.4411885826771655
20
-5.3039673622047241
11
5.4417646456692914
21
-5.3040240944881889
0
LINE
8
BLACK
6
CONTINUOUS
10
5.4417646456692914
20
-5.3040240944881889
11
5.4418626377952757
21
-5.3040646850393696
0
LINE
8
BLACK
6
CONTINUOUS
10
5.4418626377952757
20
-5.3040646850393696
11
5.4419684645669291
21
-5.3040722047244095
0
LINE
8
BLACK
6
CONTINUOUS
10
5.4419684645669291
20
-5.3040722047244095
11
5.4425090944881891
21
-5.304279094488189
0
LINE
8
BLACK
6
CONTINUOUS
10
5.4425090944881891
20
-5.304279094488189
11
5.4432429921259837
21
-5.3046460236220474
0
LINE
8
BLACK
6
CONTINUOUS
10
5.4432429921259837
20
-5.3046460236220474
11
5.4422659055118112
21
-5.2948747637795277
0
LINE
8
BLACK
6
CONTINUOUS
10
5.4422659055118112
20
-5.2948747637795277
11
5.4261904724409451
21
-5.2948747637795277
0
LINE
8
BLACK
6
CONTINUOUS
10
5.4261904724409451
20
-5.2948747637795277
11
5.4256144094488183
21
-5.2948180314960629
0
LINE
8
BLACK
6
CONTINUOUS
10
5.4256144094488183
20
-5.2948180314960629
11
5.42455
21
-5.2943771259842523
0
LINE
8
BLACK
6
CONTINUOUS
10
5.42455
20
-5.2943771259842523
11
5.4237353543307085
21
-5.2935624803149608
0
LINE
8
BLACK
6
CONTINUOUS
10
5.4237353543307085
20
-5.2935624803149608
11
5.4232944488188979
21
-5.2924980708661415
0
LINE
8
BLACK
6
CONTINUOUS
10
5.4232944488188979
20
-5.2924980708661415
11
5.4232944488188979
21
-5.2913459448818898
0
LINE
8
BLACK
6
CONTINUOUS
10
5.4232944488188979
20
-5.2913459448818898
11
5.4237353543307085
21
-5.2902815354330706
0
LINE
8
BLACK
6
CONTINUOUS
10
5.4237353543307085
20
-5.2902815354330706
11
5.42455
21
-5.2894668897637791
0
LINE
8
BLACK
6
CONTINUOUS
10
5.42455
20
-5.2894668897637791
11
5.4256144094488183
21
-5.2890259842519685
0
LINE
8
BLACK
6
CONTINUOUS
10
5.4256144094488183
20
-5.2890259842519685
11
5.4261904724409451
21
-5.2889692519685036
0
LINE
8
BLACK
6
CONTINUOUS
10
5.4261904724409451
20
-5.2889692519685036
11
5.4449381102362207
21
-5.2889692519685036
0
LINE
8
BLACK
6
CONTINUOUS
10
5.4449381102362207
20
-5.2889692519685036
11
5.4451511417322838
21
-5.2889901968503938
0
LINE
8
BLACK
6
CONTINUOUS
10
5.4755104330708662
20
-5.2890259842519685
11
5.4756084251968504
21
-5.2890665748031491
0
LINE
8
BLACK
6
CONTINUOUS
10
5.4756084251968504
20
-5.2890665748031491
11
5.4757142519685038
21
-5.2890740944881891
0
LINE
8
BLACK
6
CONTINUOUS
10
5.4757142519685038
20
-5.2890740944881891
11
5.4762548818897638
21
-5.2892809842519686
0
LINE
8
BLACK
6
CONTINUOUS
10
5.4762548818897638
20
-5.2892809842519686
11
5.4800044094488189
21
-5.2911557480314961
0
LINE
8
BLACK
6
CONTINUOUS
10
5.4800044094488189
20
-5.2911557480314961
11
5.4802524015748029
21
-5.2913118110236219
0
LINE
8
BLACK
6
CONTINUOUS
10
5.4802524015748029
20
-5.2913118110236219
11
5.4803243700787396
21
-5.2913416535433067
0
LINE
8
BLACK
6
CONTINUOUS
10
5.4803243700787396
20
-5.2913416535433067
11
5.4804053149606302
21
-5.2914081102362207
0
LINE
8
BLACK
6
CONTINUOUS
10
5.4804053149606302
20
-5.2914081102362207
11
5.4804942913385828
21
-5.2914640944881892
0
LINE
8
BLACK
6
CONTINUOUS
10
5.4804942913385828
20
-5.2914640944881892
11
5.4805454330708656
21
-5.291523070866142
0
LINE
8
BLACK
6
CONTINUOUS
10
5.4805454330708656
20
-5.291523070866142
11
5.4807718110236223
21
-5.2917088582677163
0
LINE
8
BLACK
6
CONTINUOUS
10
5.4807718110236223
20
-5.2917088582677163
11
5.4826465748031499
21
-5.2935836220472439
0
LINE
8
BLACK
6
CONTINUOUS
10
5.4826465748031499
20
-5.2935836220472439
11
5.4828323228346454
21
-5.2938099606299209
0
LINE
8
BLACK
6
CONTINUOUS
10
5.4828323228346454
20
-5.2938099606299209
11
5.482891338582677
21
-5.2938611417322834
0
LINE
8
BLACK
6
CONTINUOUS
10
5.482891338582677
20
-5.2938611417322834
11
5.4829472834645667
21
-5.2939500787401572
0
LINE
8
BLACK
6
CONTINUOUS
10
5.4829472834645667
20
-5.2939500787401572
11
5.4830137795275586
21
-5.2940310629921257
0
LINE
8
BLACK
6
CONTINUOUS
10
5.4830137795275586
20
-5.2940310629921257
11
5.4830435826771655
21
-5.2941029921259846
0
LINE
8
BLACK
6
CONTINUOUS
10
5.4830435826771655
20
-5.2941029921259846
11
5.4831996850393701
21
-5.2943510236220472
0
LINE
8
BLACK
6
CONTINUOUS
10
5.4831996850393701
20
-5.2943510236220472
11
5.4850744488188976
21
-5.2981005511811023
0
LINE
8
BLACK
6
CONTINUOUS
10
5.4850744488188976
20
-5.2981005511811023
11
5.4850905511811021
21
-5.2981426377952756
0
LINE
8
BLACK
6
CONTINUOUS
10
5.4850905511811021
20
-5.2981426377952756
11
5.4851032677165357
21
-5.2981598031496064
0
LINE
8
BLACK
6
CONTINUOUS
10
5.4851032677165357
20
-5.2981598031496064
11
5.485189566929134
21
-5.2984013779527555
0
LINE
8
BLACK
6
CONTINUOUS
10
5.485189566929134
20
-5.2984013779527555
11
5.4852813385826771
21
-5.2986411417322836
0
LINE
8
BLACK
6
CONTINUOUS
10
5.4852813385826771
20
-5.2986411417322836
11
5.4852828346456688
21
-5.2986624015748029
0
LINE
8
BLACK
6
CONTINUOUS
10
5.4852828346456688
20
-5.2986624015748029
11
5.4852980314960629
21
-5.2987049212598425
0
LINE
8
BLACK
6
CONTINUOUS
10
5.4852980314960629
20
-5.2987049212598425
11
5.4871727952755904
21
-5.3062039763779527
0
LINE
8
BLACK
6
CONTINUOUS
10
5.4871727952755904
20
-5.3062039763779527
11
5.4871875590551182
21
-5.3063038188976375
0
LINE
8
BLACK
6
CONTINUOUS
10
5.4871875590551182
20
-5.3063038188976375
11
5.4872042125984253
21
-5.3063440551181102
0
LINE
8
BLACK
6
CONTINUOUS
10
5.4872042125984253
20
-5.3063440551181102
11
5.4872255511811021
21
-5.3065610629921256
0
LINE
8
BLACK
6
CONTINUOUS
10
5.4872255511811021
20
-5.3065610629921256
11
5.487257440944882
21
-5.3067765748031492
0
LINE
8
BLACK
6
CONTINUOUS
10
5.487257440944882
20
-5.3067765748031492
11
5.4872510236220471
21
-5.3068195669291338
0
LINE
8
BLACK
6
CONTINUOUS
10
5.4872510236220471
20
-5.3068195669291338
11
5.4872609448818892
21
-5.3069201181102361
0
LINE
8
BLACK
6
CONTINUOUS
10
5.4872609448818892
20
-5.3069201181102361
11
5.4872609448818892
21
-5.3162939370078739
0
LINE
8
BLACK
6
CONTINUOUS
10
5.4872609448818892
20
-5.3162939370078739
11
5.4872510236220471
21
-5.3163944488188974
0
LINE
8
BLACK
6
CONTINUOUS
10
5.4872510236220471
20
-5.3163944488188974
11
5.487257440944882
21
-5.3164374803149608
0
LINE
8
BLACK
6
CONTINUOUS
10
5.487257440944882
20
-5.3164374803149608
11
5.4872255511811021
21
-5.3166529527559057
0
LINE
8
BLACK
6
CONTINUOUS
10
5.4872255511811021
20
-5.3166529527559057
11
5.4872042125984253
21
-5.3168699999999998
0
LINE
8
BLACK
6
CONTINUOUS
10
5.4872042125984253
20
-5.3168699999999998
11
5.4871875590551182
21
-5.3169101968503938
0
LINE
8
BLACK
6
CONTINUOUS
10
5.4871875590551182
20
-5.3169101968503938
11
5.4871727952755904
21
-5.3170100787401573
0
LINE
8
BLACK
6
CONTINUOUS
10
5.4871727952755904
20
-5.3170100787401573
11
5.4852980314960629
21
-5.3245091338582675
0
LINE
8
BLACK
6
CONTINUOUS
10
5.4852980314960629
20
-5.3245091338582675
11
5.4852828346456688
21
-5.3245516141732283
0
LINE
8
BLACK
6
CONTINUOUS
10
5.4852828346456688
20
-5.3245516141732283
11
5.4852813385826771
21
-5.3245729133858264
0
LINE
8
BLACK
6
CONTINUOUS
10
5.4852813385826771
20
-5.3245729133858264
11
5.485189566929134
21
-5.3248126377952758
0
LINE
8
BLACK
6
CONTINUOUS
10
5.485189566929134
20
-5.3248126377952758
11
5.4851032677165357
21
-5.3250542519685036
0
LINE
8
BLACK
6
CONTINUOUS
10
5.4851032677165357
20
-5.3250542519685036
11
5.4850905511811021
21
-5.3250713779527556
0
LINE
8
BLACK
6
CONTINUOUS
10
5.4850905511811021
20
-5.3250713779527556
11
5.4850744488188976
21
-5.3251135039370077
0
LINE
8
BLACK
6
CONTINUOUS
10
5.4850744488188976
20
-5.3251135039370077
11
5.4831996850393701
21
-5.3288630314960628
0
LINE
8
BLACK
6
CONTINUOUS
10
5.4831996850393701
20
-5.3288630314960628
11
5.4830436220472443
21
-5.3291109055118113
0
LINE
8
BLACK
6
CONTINUOUS
10
5.4830436220472443
20
-5.3291109055118113
11
5.4830138188976374
21
-5.3291829527559056
0
LINE
8
BLACK
6
CONTINUOUS
10
5.4830138188976374
20
-5.3291829527559056
11
5.4829472834645667
21
-5.3292639763779528
0
LINE
8
BLACK
6
CONTINUOUS
10
5.4829472834645667
20
-5.3292639763779528
11
5.482891338582677
21
-5.3293529133858266
0
LINE
8
BLACK
6
CONTINUOUS
10
5.482891338582677
20
-5.3293529133858266
11
5.4828323228346454
21
-5.3294040551181103
0
LINE
8
BLACK
6
CONTINUOUS
10
5.4828323228346454
20
-5.3294040551181103
11
5.4826465748031499
21
-5.3296304330708661
0
LINE
8
BLACK
6
CONTINUOUS
10
5.4826465748031499
20
-5.3296304330708661
11
5.4807718503937011
21
-5.3315051968503937
0
LINE
8
BLACK
6
CONTINUOUS
10
5.4807718503937011
20
-5.3315051968503937
11
5.4805454724409444
21
-5.3316909448818892
0
LINE
8
BLACK
6
CONTINUOUS
10
5.4805454724409444
20
-5.3316909448818892
11
5.4804942913385828
21
-5.3317499999999995
0
LINE
8
BLACK
6
CONTINUOUS
10
5.4804942913385828
20
-5.3317499999999995
11
5.4804053149606302
21
-5.3318059842519681
0
LINE
8
BLACK
6
CONTINUOUS
10
5.4804053149606302
20
-5.3318059842519681
11
5.4803243700787396
21
-5.3318724409448821
0
LINE
8
BLACK
6
CONTINUOUS
10
5.4803243700787396
20
-5.3318724409448821
11
5.4802524015748029
21
-5.3319022440944881
0
LINE
8
BLACK
6
CONTINUOUS
10
5.4802524015748029
20
-5.3319022440944881
11
5.4800044094488189
21
-5.3320583464566926
0
LINE
8
BLACK
6
CONTINUOUS
10
5.4800044094488189
20
-5.3320583464566926
11
5.4762548818897638
21
-5.3339331102362202
0
LINE
8
BLACK
6
CONTINUOUS
10
5.4762548818897638
20
-5.3339331102362202
11
5.4757142519685038
21
-5.3341399999999997
0
LINE
8
BLACK
6
CONTINUOUS
10
5.4757142519685038
20
-5.3341399999999997
11
5.4756084251968504
21
-5.3341474803149609
0
LINE
8
BLACK
6
CONTINUOUS
10
5.4756084251968504
20
-5.3341474803149609
11
5.4755104330708662
21
-5.3341881102362203
0
LINE
8
BLACK
6
CONTINUOUS
10
5.4755104330708662
20
-5.3341881102362203
11
5.4749343700787403
21
-5.3342448425196851
0
LINE
8
BLACK
6
CONTINUOUS
10
5.4749343700787403
20
-5.3342448425196851
11
5.4711848425196852
21
-5.3342448425196851
0
LINE
8
BLACK
6
CONTINUOUS
10
5.4711848425196852
20
-5.3342448425196851
11
5.4706087795275593
21
-5.3341881102362203
0
LINE
8
BLACK
6
CONTINUOUS
10
5.4706087795275593
20
-5.3341881102362203
11
5.470510787401575
21
-5.3341475196850396
0
LINE
8
BLACK
6
CONTINUOUS
10
5.470510787401575
20
-5.3341475196850396
11
5.470404921259842
21
-5.3341399999999997
0
LINE
8
BLACK
6
CONTINUOUS
10
5.470404921259842
20
-5.3341399999999997
11
5.4698643307086616
21
-5.3339331102362202
0
LINE
8
BLACK
6
CONTINUOUS
10
5.4698643307086616
20
-5.3339331102362202
11
5.4661148031496065
21
-5.3320583464566926
0
LINE
8
BLACK
6
CONTINUOUS
10
5.4661148031496065
20
-5.3320583464566926
11
5.465866771653543
21
-5.3319022440944881
0
LINE
8
BLACK
6
CONTINUOUS
10
5.465866771653543
20
-5.3319022440944881
11
5.4657948425196849
21
-5.3318724409448821
0
LINE
8
BLACK
6
CONTINUOUS
10
5.4657948425196849
20
-5.3318724409448821
11
5.4657138582677165
21
-5.3318059842519681
0
LINE
8
BLACK
6
CONTINUOUS
10
5.4657138582677165
20
-5.3318059842519681
11
5.4656249212598427
21
-5.3317499999999995
0
LINE
8
BLACK
6
CONTINUOUS
10
5.4656249212598427
20
-5.3317499999999995
11
5.4655737007874015
21
-5.3316909448818892
0
LINE
8
BLACK
6
CONTINUOUS
10
5.4655737007874015
20
-5.3316909448818892
11
5.4653473622047244
21
-5.3315051968503937
0
LINE
8
BLACK
6
CONTINUOUS
10
5.4653473622047244
20
-5.3315051968503937
11
5.4634725984251968
21
-5.3296303937007874
0
LINE
8
BLACK
6
CONTINUOUS
10
5.4634725984251968
20
-5.3296303937007874
11
5.4632868503937004
21
-5.3294040551181103
0
LINE
8
BLACK
6
CONTINUOUS
10
5.4632868503937004
20
-5.3294040551181103
11
5.4632278740157476
21
-5.3293529133858266
0
LINE
8
BLACK
6
CONTINUOUS
10
5.4632278740157476
20
-5.3293529133858266
11
5.4631718897637791
21
-5.3292639763779528
0
LINE
8
BLACK
6
CONTINUOUS
10
5.4631718897637791
20
-5.3292639763779528
11
5.4631053937007872
21
-5.3291829527559056
0
LINE
8
BLACK
6
CONTINUOUS
10
5.4631053937007872
20
-5.3291829527559056
11
5.4630755511811024
21
-5.3291109055118113
0
LINE
8
BLACK
6
CONTINUOUS
10
5.4630755511811024
20
-5.3291109055118113
11
5.4629195275590554
21
-5.3288630314960628
0
LINE
8
BLACK
6
CONTINUOUS
10
5.4629195275590554
20
-5.3288630314960628
11
5.4610447637795279
21
-5.3251135039370077
0
LINE
8
BLACK
6
CONTINUOUS
10
5.4610447637795279
20
-5.3251135039370077
11
5.4610286220472437
21
-5.3250713779527556
0
LINE
8
BLACK
6
CONTINUOUS
10
5.4610286220472437
20
-5.3250713779527556
11
5.4610159448818898
21
-5.3250542519685036
0
LINE
8
BLACK
6
CONTINUOUS
10
5.4610159448818898
20
-5.3250542519685036
11
5.4609294881889765
21
-5.324812283464567
0
LINE
8
BLACK
6
CONTINUOUS
10
5.4609294881889765
20
-5.324812283464567
11
5.4608378740157475
21
-5.3245728740157476
0
LINE
8
BLACK
6
CONTINUOUS
10
5.4608378740157475
20
-5.3245728740157476
11
5.460836338582677
21
-5.3245516141732283
0
LINE
8
BLACK
6
CONTINUOUS
10
5.460836338582677
20
-5.3245516141732283
11
5.4608211811023617
21
-5.3245091338582675
0
LINE
8
BLACK
6
CONTINUOUS
10
5.4608211811023617
20
-5.3245091338582675
11
5.4589464173228341
21
-5.3170100787401573
0
LINE
8
BLACK
6
CONTINUOUS
10
5.4589464173228341
20
-5.3170100787401573
11
5.4589316141732285
21
-5.3169101968503938
0
LINE
8
BLACK
6
CONTINUOUS
10
5.4589316141732285
20
-5.3169101968503938
11
5.4589150000000002
21
-5.3168699999999998
0
LINE
8
BLACK
6
CONTINUOUS
10
5.4589150000000002
20
-5.3168699999999998
11
5.4588936220472437
21
-5.3166529527559057
0
LINE
8
BLACK
6
CONTINUOUS
10
5.4588936220472437
20
-5.3166529527559057
11
5.4588617716535435
21
-5.3164374803149608
0
LINE
8
BLACK
6
CONTINUOUS
10
5.4588617716535435
20
-5.3164374803149608
11
5.4588681496062987
21
-5.3163944488188974
0
LINE
8
BLACK
6
CONTINUOUS
10
5.4588681496062987
20
-5.3163944488188974
11
5.4588582677165354
21
-5.3162939370078739
0
LINE
8
BLACK
6
CONTINUOUS
10
5.4588582677165354
20
-5.3162939370078739
11
5.4588582677165354
21
-5.3069201181102361
0
LINE
8
BLACK
6
CONTINUOUS
10
5.4588582677165354
20
-5.3069201181102361
11
5.4588681496062987
21
-5.3068195669291338
0
LINE
8
BLACK
6
CONTINUOUS
10
5.4588681496062987
20
-5.3068195669291338
11
5.4588617716535435
21
-5.3067765748031492
0
LINE
8
BLACK
6
CONTINUOUS
10
5.4588617716535435
20
-5.3067765748031492
11
5.4588936220472437
21
-5.3065610629921256
0
LINE
8
BLACK
6
CONTINUOUS
10
5.4588936220472437
20
-5.3065610629921256
11
5.4589150000000002
21
-5.3063440551181102
0
LINE
8
BLACK
6
CONTINUOUS
10
5.4589150000000002
20
-5.3063440551181102
11
5.4589316141732285
21
-5.3063038188976375
0
LINE
8
BLACK
6
CONTINUOUS
10
5.4589316141732285
20
-5.3063038188976375
11
5.4589464173228341
21
-5.3062039763779527
0
LINE
8
BLACK
6
CONTINUOUS
10
5.4589464173228341
20
-5.3062039763779527
11
5.4608211811023617
21
-5.2987049212598425
0
LINE
8
BLACK
6
CONTINUOUS
10
5.4608211811023617
20
-5.2987049212598425
11
5.460836338582677
21
-5.2986624015748029
0
LINE
8
BLACK
6
CONTINUOUS
10
5.460836338582677
20
-5.2986624015748029
11
5.4608378740157475
21
-5.2986411811023624
0
LINE
8
BLACK
6
CONTINUOUS
10
5.4608378740157475
20
-5.2986411811023624
11
5.4609294881889765
21
-5.2984017322834642
0
LINE
8
BLACK
6
CONTINUOUS
10
5.4609294881889765
20
-5.2984017322834642
11
5.4610159448818898
21
-5.2981598031496064
0
LINE
8
BLACK
6
CONTINUOUS
10
5.4610159448818898
20
-5.2981598031496064
11
5.4610286220472437
21
-5.2981426377952756
0
LINE
8
BLACK
6
CONTINUOUS
10
5.4610286220472437
20
-5.2981426377952756
11
5.4610447637795279
21
-5.2981005511811023
0
LINE
8
BLACK
6
CONTINUOUS
10
5.4610447637795279
20
-5.2981005511811023
11
5.4629195275590554
21
-5.2943510236220472
0
LINE
8
BLACK
6
CONTINUOUS
10
5.4629195275590554
20
-5.2943510236220472
11
5.4630755905511812
21
-5.2941029921259846
0
LINE
8
BLACK
6
CONTINUOUS
10
5.4630755905511812
20
-5.2941029921259846
11
5.4631054330708659
21
-5.2940310629921257
0
LINE
8
BLACK
6
CONTINUOUS
10
5.4631054330708659
20
-5.2940310629921257
11
5.4631718897637791
21
-5.2939500787401572
0
LINE
8
BLACK
6
CONTINUOUS
10
5.4631718897637791
20
-5.2939500787401572
11
5.4632278740157476
21
-5.2938611417322834
0
LINE
8
BLACK
6
CONTINUOUS
10
5.4632278740157476
20
-5.2938611417322834
11
5.4632868503937004
21
-5.2938099606299209
0
LINE
8
BLACK
6
CONTINUOUS
10
5.4632868503937004
20
-5.2938099606299209
11
5.4634726377952756
21
-5.2935836220472439
0
LINE
8
BLACK
6
CONTINUOUS
10
5.4634726377952756
20
-5.2935836220472439
11
5.4653474015748031
21
-5.2917088582677163
0
LINE
8
BLACK
6
CONTINUOUS
10
5.4653474015748031
20
-5.2917088582677163
11
5.4655737401574802
21
-5.291523070866142
0
LINE
8
BLACK
6
CONTINUOUS
10
5.4655737401574802
20
-5.291523070866142
11
5.4656249212598427
21
-5.2914640944881892
0
LINE
8
BLACK
6
CONTINUOUS
10
5.4656249212598427
20
-5.2914640944881892
11
5.4657138582677165
21
-5.2914081102362207
0
LINE
8
BLACK
6
CONTINUOUS
10
5.4657138582677165
20
-5.2914081102362207
11
5.4657948425196849
21
-5.2913416535433067
0
LINE
8
BLACK
6
CONTINUOUS
10
5.4657948425196849
20
-5.2913416535433067
11
5.465866771653543
21
-5.2913118110236219
0
LINE
8
BLACK
6
CONTINUOUS
10
5.465866771653543
20
-5.2913118110236219
11
5.4661148031496065
21
-5.2911557480314961
0
LINE
8
BLACK
6
CONTINUOUS
10
5.4661148031496065
20
-5.2911557480314961
11
5.4698643307086616
21
-5.2892809842519686
0
LINE
8
BLACK
6
CONTINUOUS
10
5.4698643307086616
20
-5.2892809842519686
11
5.470404921259842
21
-5.2890740944881891
0
LINE
8
BLACK
6
CONTINUOUS
10
5.470404921259842
20
-5.2890740944881891
11
5.470510787401575
21
-5.2890665354330704
0
LINE
8
BLACK
6
CONTINUOUS
10
5.470510787401575
20
-5.2890665354330704
11
5.4706087795275593
21
-5.2890259842519685
0
LINE
8
BLACK
6
CONTINUOUS
10
5.4706087795275593
20
-5.2890259842519685
11
5.4711848425196852
21
-5.2889692519685036
0
LINE
8
BLACK
6
CONTINUOUS
10
5.4711848425196852
20
-5.2889692519685036
11
5.4749343700787403
21
-5.2889692519685036
0
LINE
8
BLACK
6
CONTINUOUS
10
5.4749343700787403
20
-5.2889692519685036
11
5.4755104330708662
21
-5.2890259842519685
0
LINE
8
BLACK
6
CONTINUOUS
10
5.4691844094488191
20
-5.296223503937008
11
5.4679872834645664
21
-5.2974206299212598
0
LINE
8
BLACK
6
CONTINUOUS
10
5.4679872834645664
20
-5.2974206299212598
11
5.4664717716535431
21
-5.3004516141732285
0
LINE
8
BLACK
6
CONTINUOUS
10
5.4664717716535431
20
-5.3004516141732285
11
5.4647637795275585
21
-5.3072836614173227
0
LINE
8
BLACK
6
CONTINUOUS
10
5.4647637795275585
20
-5.3072836614173227
11
5.4647637795275585
21
-5.3159303937007873
0
LINE
8
BLACK
6
CONTINUOUS
10
5.4647637795275585
20
-5.3159303937007873
11
5.4664717716535431
21
-5.3227624409448815
0
LINE
8
BLACK
6
CONTINUOUS
10
5.4664717716535431
20
-5.3227624409448815
11
5.4679872834645664
21
-5.3257934251968502
0
LINE
8
BLACK
6
CONTINUOUS
10
5.4679872834645664
20
-5.3257934251968502
11
5.4691844094488191
21
-5.3269905905511807
0
LINE
8
BLACK
6
CONTINUOUS
10
5.4691844094488191
20
-5.3269905905511807
11
5.4718818897637798
21
-5.3283393307086611
0
LINE
8
BLACK
6
CONTINUOUS
10
5.4718818897637798
20
-5.3283393307086611
11
5.4742373228346457
21
-5.3283393307086611
0
LINE
8
BLACK
6
CONTINUOUS
10
5.4742373228346457
20
-5.3283393307086611
11
5.4769347637795276
21
-5.3269905905511807
0
LINE
8
BLACK
6
CONTINUOUS
10
5.4769347637795276
20
-5.3269905905511807
11
5.4781318897637794
21
-5.3257934251968502
0
LINE
8
BLACK
6
CONTINUOUS
10
5.4781318897637794
20
-5.3257934251968502
11
5.4796474015748027
21
-5.3227624409448815
0
LINE
8
BLACK
6
CONTINUOUS
10
5.4796474015748027
20
-5.3227624409448815
11
5.481355433070866
21
-5.3159303937007873
0
LINE
8
BLACK
6
CONTINUOUS
10
5.481355433070866
20
-5.3159303937007873
11
5.481355433070866
21
-5.3072836614173227
0
LINE
8
BLACK
6
CONTINUOUS
10
5.481355433070866
20
-5.3072836614173227
11
5.4796474015748027
21
-5.3004516141732285
0
LINE
8
BLACK
6
CONTINUOUS
10
5.4796474015748027
20
-5.3004516141732285
11
5.4781319291338582
21
-5.2974206299212598
0
LINE
8
BLACK
6
CONTINUOUS
10
5.4781319291338582
20
-5.2974206299212598
11
5.4769348031496063
21
-5.296223503937008
0
LINE
8
BLACK
6
CONTINUOUS
10
5.4769348031496063
20
-5.296223503937008
11
5.4742373228346457
21
-5.2948747637795277
0
LINE
8
BLACK
6
CONTINUOUS
10
5.4742373228346457
20
-5.2948747637795277
11
5.4718818897637798
21
-5.2948747637795277
0
LINE
8
BLACK
6
CONTINUOUS
10
5.4718818897637798
20
-5.2948747637795277
11
5.4691844094488191
21
-5.296223503937008
0
LINE
8
BLACK
6
CONTINUOUS
10
5.5486262992125983
20
-5.2890259842519685
11
5.5487242913385826
21
-5.2890665748031491
0
LINE
8
BLACK
6
CONTINUOUS
10
5.5487242913385826
20
-5.2890665748031491
11
5.548830118110236
21
-5.2890740944881891
0
LINE
8
BLACK
6
CONTINUOUS
10
5.548830118110236
20
-5.2890740944881891
11
5.549370748031496
21
-5.2892809842519686
0
LINE
8
BLACK
6
CONTINUOUS
10
5.549370748031496
20
-5.2892809842519686
11
5.5531202755905511
21
-5.2911557480314961
0
LINE
8
BLACK
6
CONTINUOUS
10
5.5531202755905511
20
-5.2911557480314961
11
5.553368267716535
21
-5.2913118110236219
0
LINE
8
BLACK
6
CONTINUOUS
10
5.553368267716535
20
-5.2913118110236219
11
5.5534402362204727
21
-5.2913416535433067
0
LINE
8
BLACK
6
CONTINUOUS
10
5.5534402362204727
20
-5.2913416535433067
11
5.5535211811023624
21
-5.2914081102362207
0
LINE
8
BLACK
6
CONTINUOUS
10
5.5535211811023624
20
-5.2914081102362207
11
5.5536101574803149
21
-5.2914640944881892
0
LINE
8
BLACK
6
CONTINUOUS
10
5.5536101574803149
20
-5.2914640944881892
11
5.5536612992125987
21
-5.291523070866142
0
LINE
8
BLACK
6
CONTINUOUS
10
5.5536612992125987
20
-5.291523070866142
11
5.5538876771653545
21
-5.2917088582677163
0
LINE
8
BLACK
6
CONTINUOUS
10
5.5538876771653545
20
-5.2917088582677163
11
5.555762440944882
21
-5.2935836220472439
0
LINE
8
BLACK
6
CONTINUOUS
10
5.555762440944882
20
-5.2935836220472439
11
5.5561296456692908
21
-5.2940310629921257
0
LINE
8
BLACK
6
CONTINUOUS
10
5.5561296456692908
20
-5.2940310629921257
11
5.5565705511811023
21
-5.2950954724409449
0
LINE
8
BLACK
6
CONTINUOUS
10
5.5565705511811023
20
-5.2950954724409449
11
5.5565705511811023
21
-5.2962475590551179
0
LINE
8
BLACK
6
CONTINUOUS
10
5.5565705511811023
20
-5.2962475590551179
11
5.5561296456692908
21
-5.2973119685039372
0
LINE
8
BLACK
6
CONTINUOUS
10
5.5561296456692908
20
-5.2973119685039372
11
5.5553149606299215
21
-5.2981266535433074
0
LINE
8
BLACK
6
CONTINUOUS
10
5.5553149606299215
20
-5.2981266535433074
11
5.5542505511811022
21
-5.298567559055118
0
LINE
8
BLACK
6
CONTINUOUS
10
5.5542505511811022
20
-5.298567559055118
11
5.5530984645669292
21
-5.298567559055118
0
LINE
8
BLACK
6
CONTINUOUS
10
5.5530984645669292
20
-5.298567559055118
11
5.55203405511811
21
-5.2981266535433074
0
LINE
8
BLACK
6
CONTINUOUS
10
5.55203405511811
20
-5.2981266535433074
11
5.5515866141732282
21
-5.2977594488188977
0
LINE
8
BLACK
6
CONTINUOUS
10
5.5515866141732282
20
-5.2977594488188977
11
5.5500506692913385
21
-5.296223503937008
0
LINE
8
BLACK
6
CONTINUOUS
10
5.5500506692913385
20
-5.296223503937008
11
5.5473531889763779
21
-5.2948747637795277
0
LINE
8
BLACK
6
CONTINUOUS
10
5.5473531889763779
20
-5.2948747637795277
11
5.5393734645669293
21
-5.2948747637795277
0
LINE
8
BLACK
6
CONTINUOUS
10
5.5393734645669293
20
-5.2948747637795277
11
5.5366759842519686
21
-5.296223503937008
0
LINE
8
BLACK
6
CONTINUOUS
10
5.5366759842519686
20
-5.296223503937008
11
5.5354788582677168
21
-5.2974206299212598
0
LINE
8
BLACK
6
CONTINUOUS
10
5.5354788582677168
20
-5.2974206299212598
11
5.5341301181102365
21
-5.3001181102362205
0
LINE
8
BLACK
6
CONTINUOUS
10
5.5341301181102365
20
-5.3001181102362205
11
5.5341301181102365
21
-5.3026914173228343
0
LINE
8
BLACK
6
CONTINUOUS
10
5.5341301181102365
20
-5.3026914173228343
11
5.5356329133858271
21
-5.3071998425196849
0
LINE
8
BLACK
6
CONTINUOUS
10
5.5356329133858271
20
-5.3071998425196849
11
5.5576372047244096
21
-5.3292041732283462
0
LINE
8
BLACK
6
CONTINUOUS
10
5.5576372047244096
20
-5.3292041732283462
11
5.5580044488188971
21
-5.329651614173228
0
LINE
8
BLACK
6
CONTINUOUS
10
5.5580044488188971
20
-5.329651614173228
11
5.5584453149606299
21
-5.330716062992126
0
LINE
8
BLACK
6
CONTINUOUS
10
5.5584453149606299
20
-5.330716062992126
11
5.5584453149606299
21
-5.331868149606299
0
LINE
8
BLACK
6
CONTINUOUS
10
5.5584453149606299
20
-5.331868149606299
11
5.5580044094488184
21
-5.3329325590551182
0
LINE
8
BLACK
6
CONTINUOUS
10
5.5580044094488184
20
-5.3329325590551182
11
5.5571897637795278
21
-5.3337472440944884
0
LINE
8
BLACK
6
CONTINUOUS
10
5.5571897637795278
20
-5.3337472440944884
11
5.5564370866141735
21
-5.3340589763779525
0
LINE
8
BLACK
6
CONTINUOUS
10
5.5564370866141735
20
-5.3340589763779525
11
5.5561253543307085
21
-5.3341881102362203
0
LINE
8
BLACK
6
CONTINUOUS
10
5.5561253543307085
20
-5.3341881102362203
11
5.5555492913385827
21
-5.3342448425196851
0
LINE
8
BLACK
6
CONTINUOUS
10
5.5555492913385827
20
-5.3342448425196851
11
5.5311773622047244
21
-5.3342448425196851
0
LINE
8
BLACK
6
CONTINUOUS
10
5.5311773622047244
20
-5.3342448425196851
11
5.5306012992125986
21
-5.3341881102362203
0
LINE
8
BLACK
6
CONTINUOUS
10
5.5306012992125986
20
-5.3341881102362203
11
5.5295368897637793
21
-5.3337472047244097
0
LINE
8
BLACK
6
CONTINUOUS
10
5.5295368897637793
20
-5.3337472047244097
11
5.5287222440944879
21
-5.3329325590551182
0
LINE
8
BLACK
6
CONTINUOUS
10
5.5287222440944879
20
-5.3329325590551182
11
5.5282813385826772
21
-5.331868149606299
0
LINE
8
BLACK
6
CONTINUOUS
10
5.5282813385826772
20
-5.331868149606299
11
5.5282813385826772
21
-5.3307160236220472
0
LINE
8
BLACK
6
CONTINUOUS
10
5.5282813385826772
20
-5.3307160236220472
11
5.5287222440944879
21
-5.329651614173228
0
LINE
8
BLACK
6
CONTINUOUS
10
5.5287222440944879
20
-5.329651614173228
11
5.5295368897637793
21
-5.3288369685039365
0
LINE
8
BLACK
6
CONTINUOUS
10
5.5295368897637793
20
-5.3288369685039365
11
5.5306012992125986
21
-5.3283960629921259
0
LINE
8
BLACK
6
CONTINUOUS
10
5.5306012992125986
20
-5.3283960629921259
11
5.5311773622047244
21
-5.3283393307086611
0
LINE
8
BLACK
6
CONTINUOUS
10
5.5311773622047244
20
-5.3283393307086611
11
5.5484207086614168
21
-5.3283393307086611
0
LINE
8
BLACK
6
CONTINUOUS
10
5.5484207086614168
20
-5.3283393307086611
11
5.5309642125984251
21
-5.3108827952755906
0
LINE
8
BLACK
6
CONTINUOUS
10
5.5309642125984251
20
-5.3108827952755906
11
5.5305970078740154
21
-5.3104353543307088
0
LINE
8
BLACK
6
CONTINUOUS
10
5.5305970078740154
20
-5.3104353543307088
11
5.530556377952756
21
-5.310337283464567
0
LINE
8
BLACK
6
CONTINUOUS
10
5.530556377952756
20
-5.310337283464567
11
5.5304868897637798
21
-5.3102571653543302
0
LINE
8
BLACK
6
CONTINUOUS
10
5.5304868897637798
20
-5.3102571653543302
11
5.530250905511811
21
-5.3097286220472437
0
LINE
8
BLACK
6
CONTINUOUS
10
5.530250905511811
20
-5.3097286220472437
11
5.5283761417322834
21
-5.3041043307086611
0
LINE
8
BLACK
6
CONTINUOUS
10
5.5283761417322834
20
-5.3041043307086611
11
5.528311181102362
21
-5.3038187401574799
0
LINE
8
BLACK
6
CONTINUOUS
10
5.528311181102362
20
-5.3038187401574799
11
5.5282813385826772
21
-5.3037466535433069
0
LINE
8
BLACK
6
CONTINUOUS
10
5.5282813385826772
20
-5.3037466535433069
11
5.5282710236220467
21
-5.3036421259842514
0
LINE
8
BLACK
6
CONTINUOUS
10
5.5282710236220467
20
-5.3036421259842514
11
5.5282477952755906
21
-5.3035398818897637
0
LINE
8
BLACK
6
CONTINUOUS
10
5.5282477952755906
20
-5.3035398818897637
11
5.5282533070866142
21
-5.303462125984252
0
LINE
8
BLACK
6
CONTINUOUS
10
5.5282533070866142
20
-5.303462125984252
11
5.5282246062992124
21
-5.303170590551181
0
LINE
8
BLACK
6
CONTINUOUS
10
5.5282246062992124
20
-5.303170590551181
11
5.5282246062992124
21
-5.2994210629921259
0
LINE
8
BLACK
6
CONTINUOUS
10
5.5282246062992124
20
-5.2994210629921259
11
5.5282813385826772
21
-5.298845
0
LINE
8
BLACK
6
CONTINUOUS
10
5.5282813385826772
20
-5.298845
11
5.5283219291338579
21
-5.298746968503937
0
LINE
8
BLACK
6
CONTINUOUS
10
5.5283219291338579
20
-5.298746968503937
11
5.5283294488188979
21
-5.2986411811023624
0
LINE
8
BLACK
6
CONTINUOUS
10
5.5283294488188979
20
-5.2986411811023624
11
5.5285363385826773
21
-5.2981005511811023
0
LINE
8
BLACK
6
CONTINUOUS
10
5.5285363385826773
20
-5.2981005511811023
11
5.5304111023622049
21
-5.2943510236220472
0
LINE
8
BLACK
6
CONTINUOUS
10
5.5304111023622049
20
-5.2943510236220472
11
5.5305671653543307
21
-5.2941029921259846
0
LINE
8
BLACK
6
CONTINUOUS
10
5.5305671653543307
20
-5.2941029921259846
11
5.5305970078740154
21
-5.2940310629921257
0
LINE
8
BLACK
6
CONTINUOUS
10
5.5305970078740154
20
-5.2940310629921257
11
5.5306634645669286
21
-5.2939500787401572
0
LINE
8
BLACK
6
CONTINUOUS
10
5.5306634645669286
20
-5.2939500787401572
11
5.5307194488188971
21
-5.2938611417322834
0
LINE
8
BLACK
6
CONTINUOUS
10
5.5307194488188971
20
-5.2938611417322834
11
5.5307784251968499
21
-5.2938099606299209
0
LINE
8
BLACK
6
CONTINUOUS
10
5.5307784251968499
20
-5.2938099606299209
11
5.5309642125984251
21
-5.2935836220472439
0
LINE
8
BLACK
6
CONTINUOUS
10
5.5309642125984251
20
-5.2935836220472439
11
5.5328389763779526
21
-5.2917088582677163
0
LINE
8
BLACK
6
CONTINUOUS
10
5.5328389763779526
20
-5.2917088582677163
11
5.5330653149606297
21
-5.291523070866142
0
LINE
8
BLACK
6
CONTINUOUS
10
5.5330653149606297
20
-5.291523070866142
11
5.5331164960629922
21
-5.2914640944881892
0
LINE
8
BLACK
6
CONTINUOUS
10
5.5331164960629922
20
-5.2914640944881892
11
5.533205433070866
21
-5.2914081102362207
0
LINE
8
BLACK
6
CONTINUOUS
10
5.533205433070866
20
-5.2914081102362207
11
5.5332864173228344
21
-5.2913416535433067
0
LINE
8
BLACK
6
CONTINUOUS
10
5.5332864173228344
20
-5.2913416535433067
11
5.5333583464566924
21
-5.2913118110236219
0
LINE
8
BLACK
6
CONTINUOUS
10
5.5333583464566924
20
-5.2913118110236219
11
5.533606377952756
21
-5.2911557480314961
0
LINE
8
BLACK
6
CONTINUOUS
10
5.533606377952756
20
-5.2911557480314961
11
5.5373559055118111
21
-5.2892809842519686
0
LINE
8
BLACK
6
CONTINUOUS
10
5.5373559055118111
20
-5.2892809842519686
11
5.5378964960629924
21
-5.2890740944881891
0
LINE
8
BLACK
6
CONTINUOUS
10
5.5378964960629924
20
-5.2890740944881891
11
5.5380023622047245
21
-5.2890665354330704
0
LINE
8
BLACK
6
CONTINUOUS
10
5.5380023622047245
20
-5.2890665354330704
11
5.5381003543307088
21
-5.2890259842519685
0
LINE
8
BLACK
6
CONTINUOUS
10
5.5381003543307088
20
-5.2890259842519685
11
5.5386764173228347
21
-5.2889692519685036
0
LINE
8
BLACK
6
CONTINUOUS
10
5.5386764173228347
20
-5.2889692519685036
11
5.5480502362204724
21
-5.2889692519685036
0
LINE
8
BLACK
6
CONTINUOUS
10
5.5480502362204724
20
-5.2889692519685036
11
5.5486262992125983
21
-5.2890259842519685
0
LINE
8
BLACK
6
CONTINUOUS
10
5.5823720866141731
20
-5.2890259842519685
11
5.5824700787401573
21
-5.2890665748031491
0
LINE
8
BLACK
6
CONTINUOUS
10
5.5824700787401573
20
-5.2890665748031491
11
5.5825759055118107
21
-5.2890740944881891
0
LINE
8
BLACK
6
CONTINUOUS
10
5.5825759055118107
20
-5.2890740944881891
11
5.5831165354330707
21
-5.2892809842519686
0
LINE
8
BLACK
6
CONTINUOUS
10
5.5831165354330707
20
-5.2892809842519686
11
5.5868660629921258
21
-5.2911557480314961
0
LINE
8
BLACK
6
CONTINUOUS
10
5.5868660629921258
20
-5.2911557480314961
11
5.5871140551181098
21
-5.2913118110236219
0
LINE
8
BLACK
6
CONTINUOUS
10
5.5871140551181098
20
-5.2913118110236219
11
5.5871860236220474
21
-5.2913416535433067
0
LINE
8
BLACK
6
CONTINUOUS
10
5.5871860236220474
20
-5.2913416535433067
11
5.5872669685039371
21
-5.2914081102362207
0
LINE
8
BLACK
6
CONTINUOUS
10
5.5872669685039371
20
-5.2914081102362207
11
5.5873559448818897
21
-5.2914640944881892
0
LINE
8
BLACK
6
CONTINUOUS
10
5.5873559448818897
20
-5.2914640944881892
11
5.5874070866141734
21
-5.291523070866142
0
LINE
8
BLACK
6
CONTINUOUS
10
5.5874070866141734
20
-5.291523070866142
11
5.5876334645669292
21
-5.2917088582677163
0
LINE
8
BLACK
6
CONTINUOUS
10
5.5876334645669292
20
-5.2917088582677163
11
5.5895082283464568
21
-5.2935836220472439
0
LINE
8
BLACK
6
CONTINUOUS
10
5.5895082283464568
20
-5.2935836220472439
11
5.5896939763779523
21
-5.2938099606299209
0
LINE
8
BLACK
6
CONTINUOUS
10
5.5896939763779523
20
-5.2938099606299209
11
5.5897529921259839
21
-5.2938611417322834
0
LINE
8
BLACK
6
CONTINUOUS
10
5.5897529921259839
20
-5.2938611417322834
11
5.5898089370078736
21
-5.2939500787401572
0
LINE
8
BLACK
6
CONTINUOUS
10
5.5898089370078736
20
-5.2939500787401572
11
5.5898754330708664
21
-5.2940310629921257
0
LINE
8
BLACK
6
CONTINUOUS
10
5.5898754330708664
20
-5.2940310629921257
11
5.5899052362204724
21
-5.2941029921259846
0
LINE
8
BLACK
6
CONTINUOUS
10
5.5899052362204724
20
-5.2941029921259846
11
5.590061338582677
21
-5.2943510236220472
0
LINE
8
BLACK
6
CONTINUOUS
10
5.590061338582677
20
-5.2943510236220472
11
5.5919361023622045
21
-5.2981005511811023
0
LINE
8
BLACK
6
CONTINUOUS
10
5.5919361023622045
20
-5.2981005511811023
11
5.591952204724409
21
-5.2981426377952756
0
LINE
8
BLACK
6
CONTINUOUS
10
5.591952204724409
20
-5.2981426377952756
11
5.5919649212598426
21
-5.2981598031496064
0
LINE
8
BLACK
6
CONTINUOUS
10
5.5919649212598426
20
-5.2981598031496064
11
5.5920512204724409
21
-5.2984013779527555
0
LINE
8
BLACK
6
CONTINUOUS
10
5.5920512204724409
20
-5.2984013779527555
11
5.592142992125984
21
-5.2986411417322836
0
LINE
8
BLACK
6
CONTINUOUS
10
5.592142992125984
20
-5.2986411417322836
11
5.5921444881889766
21
-5.2986624015748029
0
LINE
8
BLACK
6
CONTINUOUS
10
5.5921444881889766
20
-5.2986624015748029
11
5.5921596850393698
21
-5.2987049212598425
0
LINE
8
BLACK
6
CONTINUOUS
10
5.5921596850393698
20
-5.2987049212598425
11
5.5940344488188973
21
-5.3062039763779527
0
LINE
8
BLACK
6
CONTINUOUS
10
5.5940344488188973
20
-5.3062039763779527
11
5.5940492125984251
21
-5.3063038188976375
0
LINE
8
BLACK
6
CONTINUOUS
10
5.5940492125984251
20
-5.3063038188976375
11
5.5940658661417322
21
-5.3063440551181102
0
LINE
8
BLACK
6
CONTINUOUS
10
5.5940658661417322
20
-5.3063440551181102
11
5.594087204724409
21
-5.3065610629921256
0
LINE
8
BLACK
6
CONTINUOUS
10
5.594087204724409
20
-5.3065610629921256
11
5.5941190944881889
21
-5.3067765748031492
0
LINE
8
BLACK
6
CONTINUOUS
10
5.5941190944881889
20
-5.3067765748031492
11
5.594112677165354
21
-5.3068195669291338
0
LINE
8
BLACK
6
CONTINUOUS
10
5.594112677165354
20
-5.3068195669291338
11
5.594122598425197
21
-5.3069201181102361
0
LINE
8
BLACK
6
CONTINUOUS
10
5.594122598425197
20
-5.3069201181102361
11
5.594122598425197
21
-5.3162939370078739
0
LINE
8
BLACK
6
CONTINUOUS
10
5.594122598425197
20
-5.3162939370078739
11
5.594112677165354
21
-5.3163944488188974
0
LINE
8
BLACK
6
CONTINUOUS
10
5.594112677165354
20
-5.3163944488188974
11
5.5941190944881889
21
-5.3164374803149608
0
LINE
8
BLACK
6
CONTINUOUS
10
5.5941190944881889
20
-5.3164374803149608
11
5.594087204724409
21
-5.3166529527559057
0
LINE
8
BLACK
6
CONTINUOUS
10
5.594087204724409
20
-5.3166529527559057
11
5.5940658661417322
21
-5.3168699999999998
0
LINE
8
BLACK
6
CONTINUOUS
10
5.5940658661417322
20
-5.3168699999999998
11
5.5940492125984251
21
-5.3169101968503938
0
LINE
8
BLACK
6
CONTINUOUS
10
5.5940492125984251
20
-5.3169101968503938
11
5.5940344488188973
21
-5.3170100787401573
0
LINE
8
BLACK
6
CONTINUOUS
10
5.5940344488188973
20
-5.3170100787401573
11
5.5921596850393698
21
-5.3245091338582675
0
LINE
8
BLACK
6
CONTINUOUS
10
5.5921596850393698
20
-5.3245091338582675
11
5.5921444881889766
21
-5.3245516141732283
0
LINE
8
BLACK
6
CONTINUOUS
10
5.5921444881889766
20
-5.3245516141732283
11
5.592142992125984
21
-5.3245729133858264
0
LINE
8
BLACK
6
CONTINUOUS
10
5.592142992125984
20
-5.3245729133858264
11
5.5920512204724409
21
-5.3248126377952758
0
LINE
8
BLACK
6
CONTINUOUS
10
5.5920512204724409
20
-5.3248126377952758
11
5.5919649212598426
21
-5.3250542519685036
0
LINE
8
BLACK
6
CONTINUOUS
10
5.5919649212598426
20
-5.3250542519685036
11
5.591952204724409
21
-5.3250713779527556
0
LINE
8
BLACK
6
CONTINUOUS
10
5.591952204724409
20
-5.3250713779527556
11
5.5919361023622045
21
-5.3251135039370077
0
LINE
8
BLACK
6
CONTINUOUS
10
5.5919361023622045
20
-5.3251135039370077
11
5.590061338582677
21
-5.3288630314960628
0
LINE
8
BLACK
6
CONTINUOUS
10
5.590061338582677
20
-5.3288630314960628
11
5.5899052755905512
21
-5.3291109055118113
0
LINE
8
BLACK
6
CONTINUOUS
10
5.5899052755905512
20
-5.3291109055118113
11
5.5898754724409452
21
-5.3291829527559056
0
LINE
8
BLACK
6
CONTINUOUS
10
5.5898754724409452
20
-5.3291829527559056
11
5.5898089370078736
21
-5.3292639763779528
0
LINE
8
BLACK
6
CONTINUOUS
10
5.5898089370078736
20
-5.3292639763779528
11
5.5897529921259839
21
-5.3293529133858266
0
LINE
8
BLACK
6
CONTINUOUS
10
5.5897529921259839
20
-5.3293529133858266
11
5.5896939763779523
21
-5.3294040551181103
0
LINE
8
BLACK
6
CONTINUOUS
10
5.5896939763779523
20
-5.3294040551181103
11
5.5895082283464568
21
-5.3296304330708661
0
LINE
8
BLACK
6
CONTINUOUS
10
5.5895082283464568
20
-5.3296304330708661
11
5.587633503937008
21
-5.3315051968503937
0
LINE
8
BLACK
6
CONTINUOUS
10
5.587633503937008
20
-5.3315051968503937
11
5.5874071259842522
21
-5.3316909448818892
0
LINE
8
BLACK
6
CONTINUOUS
10
5.5874071259842522
20
-5.3316909448818892
11
5.5873559448818897
21
-5.3317499999999995
0
LINE
8
BLACK
6
CONTINUOUS
10
5.5873559448818897
20
-5.3317499999999995
11
5.5872669685039371
21
-5.3318059842519681
0
LINE
8
BLACK
6
CONTINUOUS
10
5.5872669685039371
20
-5.3318059842519681
11
5.5871860236220474
21
-5.3318724409448821
0
LINE
8
BLACK
6
CONTINUOUS
10
5.5871860236220474
20
-5.3318724409448821
11
5.5871140551181098
21
-5.3319022440944881
0
LINE
8
BLACK
6
CONTINUOUS
10
5.5871140551181098
20
-5.3319022440944881
11
5.5868660629921258
21
-5.3320583464566926
0
LINE
8
BLACK
6
CONTINUOUS
10
5.5868660629921258
20
-5.3320583464566926
11
5.5831165354330707
21
-5.3339331102362202
0
LINE
8
BLACK
6
CONTINUOUS
10
5.5831165354330707
20
-5.3339331102362202
11
5.5825759055118107
21
-5.3341399999999997
0
LINE
8
BLACK
6
CONTINUOUS
10
5.5825759055118107
20
-5.3341399999999997
11
5.5824700787401573
21
-5.3341474803149609
0
LINE
8
BLACK
6
CONTINUOUS
10
5.5824700787401573
20
-5.3341474803149609
11
5.5823720866141731
21
-5.3341881102362203
0
LINE
8
BLACK
6
CONTINUOUS
10
5.5823720866141731
20
-5.3341881102362203
11
5.5817960236220472
21
-5.3342448425196851
0
LINE
8
BLACK
6
CONTINUOUS
10
5.5817960236220472
20
-5.3342448425196851
11
5.5780464960629921
21
-5.3342448425196851
0
LINE
8
BLACK
6
CONTINUOUS
10
5.5780464960629921
20
-5.3342448425196851
11
5.5774704330708662
21
-5.3341881102362203
0
LINE
8
BLACK
6
CONTINUOUS
10
5.5774704330708662
20
-5.3341881102362203
11
5.5773724409448819
21
-5.3341475196850396
0
LINE
8
BLACK
6
CONTINUOUS
10
5.5773724409448819
20
-5.3341475196850396
11
5.5772665748031498
21
-5.3341399999999997
0
LINE
8
BLACK
6
CONTINUOUS
10
5.5772665748031498
20
-5.3341399999999997
11
5.5767259842519685
21
-5.3339331102362202
0
LINE
8
BLACK
6
CONTINUOUS
10
5.5767259842519685
20
-5.3339331102362202
11
5.5729764566929134
21
-5.3320583464566926
0
LINE
8
BLACK
6
CONTINUOUS
10
5.5729764566929134
20
-5.3320583464566926
11
5.5727284251968499
21
-5.3319022440944881
0
LINE
8
BLACK
6
CONTINUOUS
10
5.5727284251968499
20
-5.3319022440944881
11
5.5726564960629918
21
-5.3318724409448821
0
LINE
8
BLACK
6
CONTINUOUS
10
5.5726564960629918
20
-5.3318724409448821
11
5.5725755118110234
21
-5.3318059842519681
0
LINE
8
BLACK
6
CONTINUOUS
10
5.5725755118110234
20
-5.3318059842519681
11
5.5724865748031496
21
-5.3317499999999995
0
LINE
8
BLACK
6
CONTINUOUS
10
5.5724865748031496
20
-5.3317499999999995
11
5.5724353543307084
21
-5.3316909448818892
0
LINE
8
BLACK
6
CONTINUOUS
10
5.5724353543307084
20
-5.3316909448818892
11
5.5722090157480313
21
-5.3315051968503937
0
LINE
8
BLACK
6
CONTINUOUS
10
5.5722090157480313
20
-5.3315051968503937
11
5.5703342519685037
21
-5.3296303937007874
0
LINE
8
BLACK
6
CONTINUOUS
10
5.5703342519685037
20
-5.3296303937007874
11
5.5701485039370073
21
-5.3294040551181103
0
LINE
8
BLACK
6
CONTINUOUS
10
5.5701485039370073
20
-5.3294040551181103
11
5.5700895275590554
21
-5.3293529133858266
0
LINE
8
BLACK
6
CONTINUOUS
10
5.5700895275590554
20
-5.3293529133858266
11
5.5700335433070869
21
-5.3292639763779528
0
LINE
8
BLACK
6
CONTINUOUS
10
5.5700335433070869
20
-5.3292639763779528
11
5.5699670472440941
21
-5.3291829527559056
0
LINE
8
BLACK
6
CONTINUOUS
10
5.5699670472440941
20
-5.3291829527559056
11
5.5699372047244093
21
-5.3291109055118113
0
LINE
8
BLACK
6
CONTINUOUS
10
5.5699372047244093
20
-5.3291109055118113
11
5.5697811811023623
21
-5.3288630314960628
0
LINE
8
BLACK
6
CONTINUOUS
10
5.5697811811023623
20
-5.3288630314960628
11
5.5679064173228348
21
-5.3251135039370077
0
LINE
8
BLACK
6
CONTINUOUS
10
5.5679064173228348
20
-5.3251135039370077
11
5.5678902755905515
21
-5.3250713779527556
0
LINE
8
BLACK
6
CONTINUOUS
10
5.5678902755905515
20
-5.3250713779527556
11
5.5678775984251967
21
-5.3250542519685036
0
LINE
8
BLACK
6
CONTINUOUS
10
5.5678775984251967
20
-5.3250542519685036
11
5.5677911417322834
21
-5.324812283464567
0
LINE
8
BLACK
6
CONTINUOUS
10
5.5677911417322834
20
-5.324812283464567
11
5.5676995275590553
21
-5.3245728740157476
0
LINE
8
BLACK
6
CONTINUOUS
10
5.5676995275590553
20
-5.3245728740157476
11
5.5676979921259839
21
-5.3245516141732283
0
LINE
8
BLACK
6
CONTINUOUS
10
5.5676979921259839
20
-5.3245516141732283
11
5.5676828346456695
21
-5.3245091338582675
0
LINE
8
BLACK
6
CONTINUOUS
10
5.5676828346456695
20
-5.3245091338582675
11
5.5658080708661419
21
-5.3170100787401573
0
LINE
8
BLACK
6
CONTINUOUS
10
5.5658080708661419
20
-5.3170100787401573
11
5.5657932677165354
21
-5.3169101968503938
0
LINE
8
BLACK
6
CONTINUOUS
10
5.5657932677165354
20
-5.3169101968503938
11
5.5657766535433071
21
-5.3168699999999998
0
LINE
8
BLACK
6
CONTINUOUS
10
5.5657766535433071
20
-5.3168699999999998
11
5.5657552755905515
21
-5.3166529527559057
0
LINE
8
BLACK
6
CONTINUOUS
10
5.5657552755905515
20
-5.3166529527559057
11
5.5657234251968504
21
-5.3164374803149608
0
LINE
8
BLACK
6
CONTINUOUS
10
5.5657234251968504
20
-5.3164374803149608
11
5.5657298031496065
21
-5.3163944488188974
0
LINE
8
BLACK
6
CONTINUOUS
10
5.5657298031496065
20
-5.3163944488188974
11
5.5657199212598423
21
-5.3162939370078739
0
LINE
8
BLACK
6
CONTINUOUS
10
5.5657199212598423
20
-5.3162939370078739
11
5.5657199212598423
21
-5.3069201181102361
0
LINE
8
BLACK
6
CONTINUOUS
10
5.5657199212598423
20
-5.3069201181102361
11
5.5657298031496065
21
-5.3068195669291338
0
LINE
8
BLACK
6
CONTINUOUS
10
5.5657298031496065
20
-5.3068195669291338
11
5.5657234251968504
21
-5.3067765748031492
0
LINE
8
BLACK
6
CONTINUOUS
10
5.5657234251968504
20
-5.3067765748031492
11
5.5657552755905515
21
-5.3065610629921256
0
LINE
8
BLACK
6
CONTINUOUS
10
5.5657552755905515
20
-5.3065610629921256
11
5.5657766535433071
21
-5.3063440551181102
0
LINE
8
BLACK
6
CONTINUOUS
10
5.5657766535433071
20
-5.3063440551181102
11
5.5657932677165354
21
-5.3063038188976375
0
LINE
8
BLACK
6
CONTINUOUS
10
5.5657932677165354
20
-5.3063038188976375
11
5.5658080708661419
21
-5.3062039763779527
0
LINE
8
BLACK
6
CONTINUOUS
10
5.5658080708661419
20
-5.3062039763779527
11
5.5676828346456695
21
-5.2987049212598425
0
LINE
8
BLACK
6
CONTINUOUS
10
5.5676828346456695
20
-5.2987049212598425
11
5.5676979921259839
21
-5.2986624015748029
0
LINE
8
BLACK
6
CONTINUOUS
10
5.5676979921259839
20
-5.2986624015748029
11
5.5676995275590553
21
-5.2986411811023624
0
LINE
8
BLACK
6
CONTINUOUS
10
5.5676995275590553
20
-5.2986411811023624
11
5.5677911417322834
21
-5.2984017322834642
0
LINE
8
BLACK
6
CONTINUOUS
10
5.5677911417322834
20
-5.2984017322834642
11
5.5678775984251967
21
-5.2981598031496064
0
LINE
8
BLACK
6
CONTINUOUS
10
5.5678775984251967
20
-5.2981598031496064
11
5.5678902755905515
21
-5.2981426377952756
0
LINE
8
BLACK
6
CONTINUOUS
10
5.5678902755905515
20
-5.2981426377952756
11
5.5679064173228348
21
-5.2981005511811023
0
LINE
8
BLACK
6
CONTINUOUS
10
5.5679064173228348
20
-5.2981005511811023
11
5.5697811811023623
21
-5.2943510236220472
0
LINE
8
BLACK
6
CONTINUOUS
10
5.5697811811023623
20
-5.2943510236220472
11
5.5699372440944881
21
-5.2941029921259846
0
LINE
8
BLACK
6
CONTINUOUS
10
5.5699372440944881
20
-5.2941029921259846
11
5.5699670866141728
21
-5.2940310629921257
0
LINE
8
BLACK
6
CONTINUOUS
10
5.5699670866141728
20
-5.2940310629921257
11
5.5700335433070869
21
-5.2939500787401572
0
LINE
8
BLACK
6
CONTINUOUS
10
5.5700335433070869
20
-5.2939500787401572
11
5.5700895275590554
21
-5.2938611417322834
0
LINE
8
BLACK
6
CONTINUOUS
10
5.5700895275590554
20
-5.2938611417322834
11
5.5701485039370073
21
-5.2938099606299209
0
LINE
8
BLACK
6
CONTINUOUS
10
5.5701485039370073
20
-5.2938099606299209
11
5.5703342913385825
21
-5.2935836220472439
0
LINE
8
BLACK
6
CONTINUOUS
10
5.5703342913385825
20
-5.2935836220472439
11
5.57220905511811
21
-5.2917088582677163
0
LINE
8
BLACK
6
CONTINUOUS
10
5.57220905511811
20
-5.2917088582677163
11
5.5724353937007871
21
-5.291523070866142
0
LINE
8
BLACK
6
CONTINUOUS
10
5.5724353937007871
20
-5.291523070866142
11
5.5724865748031496
21
-5.2914640944881892
0
LINE
8
BLACK
6
CONTINUOUS
10
5.5724865748031496
20
-5.2914640944881892
11
5.5725755118110234
21
-5.2914081102362207
0
LINE
8
BLACK
6
CONTINUOUS
10
5.5725755118110234
20
-5.2914081102362207
11
5.5726564960629918
21
-5.2913416535433067
0
LINE
8
BLACK
6
CONTINUOUS
10
5.5726564960629918
20
-5.2913416535433067
11
5.5727284251968499
21
-5.2913118110236219
0
LINE
8
BLACK
6
CONTINUOUS
10
5.5727284251968499
20
-5.2913118110236219
11
5.5729764566929134
21
-5.2911557480314961
0
LINE
8
BLACK
6
CONTINUOUS
10
5.5729764566929134
20
-5.2911557480314961
11
5.5767259842519685
21
-5.2892809842519686
0
LINE
8
BLACK
6
CONTINUOUS
10
5.5767259842519685
20
-5.2892809842519686
11
5.5772665748031498
21
-5.2890740944881891
0
LINE
8
BLACK
6
CONTINUOUS
10
5.5772665748031498
20
-5.2890740944881891
11
5.5773724409448819
21
-5.2890665354330704
0
LINE
8
BLACK
6
CONTINUOUS
10
5.5773724409448819
20
-5.2890665354330704
11
5.5774704330708662
21
-5.2890259842519685
0
LINE
8
BLACK
6
CONTINUOUS
10
5.5774704330708662
20
-5.2890259842519685
11
5.5780464960629921
21
-5.2889692519685036
0
LINE
8
BLACK
6
CONTINUOUS
10
5.5780464960629921
20
-5.2889692519685036
11
5.5817960236220472
21
-5.2889692519685036
0
LINE
8
BLACK
6
CONTINUOUS
10
5.5817960236220472
20
-5.2889692519685036
11
5.5823720866141731
21
-5.2890259842519685
0
LINE
8
BLACK
6
CONTINUOUS
10
5.576046062992126
20
-5.296223503937008
11
5.5748489370078742
21
-5.2974206299212598
0
LINE
8
BLACK
6
CONTINUOUS
10
5.5748489370078742
20
-5.2974206299212598
11
5.57333342519685
21
-5.3004516141732285
0
LINE
8
BLACK
6
CONTINUOUS
10
5.57333342519685
20
-5.3004516141732285
11
5.5716254330708663
21
-5.3072836614173227
0
LINE
8
BLACK
6
CONTINUOUS
10
5.5716254330708663
20
-5.3072836614173227
11
5.5716254330708663
21
-5.3159303937007873
0
LINE
8
BLACK
6
CONTINUOUS
10
5.5716254330708663
20
-5.3159303937007873
11
5.57333342519685
21
-5.3227624409448815
0
LINE
8
BLACK
6
CONTINUOUS
10
5.57333342519685
20
-5.3227624409448815
11
5.5748489370078742
21
-5.3257934251968502
0
LINE
8
BLACK
6
CONTINUOUS
10
5.5748489370078742
20
-5.3257934251968502
11
5.576046062992126
21
-5.3269905905511807
0
LINE
8
BLACK
6
CONTINUOUS
10
5.576046062992126
20
-5.3269905905511807
11
5.5787435433070867
21
-5.3283393307086611
0
LINE
8
BLACK
6
CONTINUOUS
10
5.5787435433070867
20
-5.3283393307086611
11
5.5810989763779526
21
-5.3283393307086611
0
LINE
8
BLACK
6
CONTINUOUS
10
5.5810989763779526
20
-5.3283393307086611
11
5.5837964173228345
21
-5.3269905905511807
0
LINE
8
BLACK
6
CONTINUOUS
10
5.5837964173228345
20
-5.3269905905511807
11
5.5849935433070863
21
-5.3257934251968502
0
LINE
8
BLACK
6
CONTINUOUS
10
5.5849935433070863
20
-5.3257934251968502
11
5.5865090551181105
21
-5.3227624409448815
0
LINE
8
BLACK
6
CONTINUOUS
10
5.5865090551181105
20
-5.3227624409448815
11
5.5882170866141729
21
-5.3159303937007873
0
LINE
8
BLACK
6
CONTINUOUS
10
5.5882170866141729
20
-5.3159303937007873
11
5.5882170866141729
21
-5.3072836614173227
0
LINE
8
BLACK
6
CONTINUOUS
10
5.5882170866141729
20
-5.3072836614173227
11
5.5865090551181105
21
-5.3004516141732285
0
LINE
8
BLACK
6
CONTINUOUS
10
5.5865090551181105
20
-5.3004516141732285
11
5.5849935826771651
21
-5.2974206299212598
0
LINE
8
BLACK
6
CONTINUOUS
10
5.5849935826771651
20
-5.2974206299212598
11
5.5837964566929132
21
-5.296223503937008
0
LINE
8
BLACK
6
CONTINUOUS
10
5.5837964566929132
20
-5.296223503937008
11
5.5810989763779526
21
-5.2948747637795277
0
LINE
8
BLACK
6
CONTINUOUS
10
5.5810989763779526
20
-5.2948747637795277
11
5.5787435433070867
21
-5.2948747637795277
0
LINE
8
BLACK
6
CONTINUOUS
10
5.5787435433070867
20
-5.2948747637795277
11
5.576046062992126
21
-5.296223503937008
0
LINE
8
BLACK
6
CONTINUOUS
10
5.7211047637795271
20
-5.3021493307086613
11
5.7212027559055114
21
-5.302189921259842
0
LINE
8
BLACK
6
CONTINUOUS
10
5.7212027559055114
20
-5.302189921259842
11
5.7213085826771648
21
-5.302197440944882
0
LINE
8
BLACK
6
CONTINUOUS
10
5.7213085826771648
20
-5.302197440944882
11
5.7218492125984248
21
-5.3024043307086615
0
LINE
8
BLACK
6
CONTINUOUS
10
5.7218492125984248
20
-5.3024043307086615
11
5.7255987401574799
21
-5.304279094488189
0
LINE
8
BLACK
6
CONTINUOUS
10
5.7255987401574799
20
-5.304279094488189
11
5.7258467322834647
21
-5.3044351574803148
0
LINE
8
BLACK
6
CONTINUOUS
10
5.7258467322834647
20
-5.3044351574803148
11
5.7259187007874015
21
-5.3044649999999995
0
LINE
8
BLACK
6
CONTINUOUS
10
5.7259187007874015
20
-5.3044649999999995
11
5.7259996456692912
21
-5.3045314566929136
0
LINE
8
BLACK
6
CONTINUOUS
10
5.7259996456692912
20
-5.3045314566929136
11
5.7260886220472438
21
-5.3045874409448821
0
LINE
8
BLACK
6
CONTINUOUS
10
5.7260886220472438
20
-5.3045874409448821
11
5.7261397637795275
21
-5.3046464173228349
0
LINE
8
BLACK
6
CONTINUOUS
10
5.7261397637795275
20
-5.3046464173228349
11
5.7263661417322833
21
-5.3048322047244092
0
LINE
8
BLACK
6
CONTINUOUS
10
5.7263661417322833
20
-5.3048322047244092
11
5.7282409055118109
21
-5.3067069685039367
0
LINE
8
BLACK
6
CONTINUOUS
10
5.7282409055118109
20
-5.3067069685039367
11
5.7284266535433073
21
-5.3069333070866138
0
LINE
8
BLACK
6
CONTINUOUS
10
5.7284266535433073
20
-5.3069333070866138
11
5.7284856692913388
21
-5.3069844881889763
0
LINE
8
BLACK
6
CONTINUOUS
10
5.7284856692913388
20
-5.3069844881889763
11
5.7285416141732286
21
-5.3070734251968501
0
LINE
8
BLACK
6
CONTINUOUS
10
5.7285416141732286
20
-5.3070734251968501
11
5.7286081102362205
21
-5.3071544094488186
0
LINE
8
BLACK
6
CONTINUOUS
10
5.7286081102362205
20
-5.3071544094488186
11
5.7286379133858265
21
-5.3072263385826774
0
LINE
8
BLACK
6
CONTINUOUS
10
5.7286379133858265
20
-5.3072263385826774
11
5.728794015748031
21
-5.3074743700787401
0
LINE
8
BLACK
6
CONTINUOUS
10
5.728794015748031
20
-5.3074743700787401
11
5.7306687795275586
21
-5.3112238976377952
0
LINE
8
BLACK
6
CONTINUOUS
10
5.7306687795275586
20
-5.3112238976377952
11
5.7308756692913381
21
-5.3117644881889765
0
LINE
8
BLACK
6
CONTINUOUS
10
5.7308756692913381
20
-5.3117644881889765
11
5.7308831889763781
21
-5.3118703543307086
0
LINE
8
BLACK
6
CONTINUOUS
10
5.7308831889763781
20
-5.3118703543307086
11
5.7309237795275587
21
-5.3119683464566929
0
LINE
8
BLACK
6
CONTINUOUS
10
5.7309237795275587
20
-5.3119683464566929
11
5.7309805118110235
21
-5.3125444094488188
0
LINE
8
BLACK
6
CONTINUOUS
10
5.7309805118110235
20
-5.3125444094488188
11
5.7309805118110235
21
-5.3237929921259841
0
LINE
8
BLACK
6
CONTINUOUS
10
5.7309805118110235
20
-5.3237929921259841
11
5.7309237795275587
21
-5.32436905511811
0
LINE
8
BLACK
6
CONTINUOUS
10
5.7309237795275587
20
-5.32436905511811
11
5.7308831889763781
21
-5.3244670078740155
0
LINE
8
BLACK
6
CONTINUOUS
10
5.7308831889763781
20
-5.3244670078740155
11
5.7308756692913381
21
-5.3245729133858264
0
LINE
8
BLACK
6
CONTINUOUS
10
5.7308756692913381
20
-5.3245729133858264
11
5.7306687795275586
21
-5.3251135039370077
0
LINE
8
BLACK
6
CONTINUOUS
10
5.7306687795275586
20
-5.3251135039370077
11
5.728794015748031
21
-5.3288630314960628
0
LINE
8
BLACK
6
CONTINUOUS
10
5.728794015748031
20
-5.3288630314960628
11
5.7286379527559053
21
-5.3291109055118113
0
LINE
8
BLACK
6
CONTINUOUS
10
5.7286379527559053
20
-5.3291109055118113
11
5.7286081496062993
21
-5.3291829527559056
0
LINE
8
BLACK
6
CONTINUOUS
10
5.7286081496062993
20
-5.3291829527559056
11
5.7285416141732286
21
-5.3292639763779528
0
LINE
8
BLACK
6
CONTINUOUS
10
5.7285416141732286
20
-5.3292639763779528
11
5.7284856692913388
21
-5.3293529133858266
0
LINE
8
BLACK
6
CONTINUOUS
10
5.7284856692913388
20
-5.3293529133858266
11
5.7284266535433073
21
-5.3294040551181103
0
LINE
8
BLACK
6
CONTINUOUS
10
5.7284266535433073
20
-5.3294040551181103
11
5.7282409055118109
21
-5.3296304330708661
0
LINE
8
BLACK
6
CONTINUOUS
10
5.7282409055118109
20
-5.3296304330708661
11
5.7263661811023621
21
-5.3315051968503937
0
LINE
8
BLACK
6
CONTINUOUS
10
5.7263661811023621
20
-5.3315051968503937
11
5.7261398031496062
21
-5.3316909448818892
0
LINE
8
BLACK
6
CONTINUOUS
10
5.7261398031496062
20
-5.3316909448818892
11
5.7260886220472438
21
-5.3317499999999995
0
LINE
8
BLACK
6
CONTINUOUS
10
5.7260886220472438
20
-5.3317499999999995
11
5.7259996456692912
21
-5.3318059842519681
0
LINE
8
BLACK
6
CONTINUOUS
10
5.7259996456692912
20
-5.3318059842519681
11
5.7259187007874015
21
-5.3318724409448821
0
LINE
8
BLACK
6
CONTINUOUS
10
5.7259187007874015
20
-5.3318724409448821
11
5.7258467322834647
21
-5.3319022440944881
0
LINE
8
BLACK
6
CONTINUOUS
10
5.7258467322834647
20
-5.3319022440944881
11
5.7255987401574799
21
-5.3320583464566926
0
LINE
8
BLACK
6
CONTINUOUS
10
5.7255987401574799
20
-5.3320583464566926
11
5.7218492125984248
21
-5.3339331102362202
0
LINE
8
BLACK
6
CONTINUOUS
10
5.7218492125984248
20
-5.3339331102362202
11
5.7213085826771648
21
-5.3341399999999997
0
LINE
8
BLACK
6
CONTINUOUS
10
5.7213085826771648
20
-5.3341399999999997
11
5.7212027559055114
21
-5.3341474803149609
0
LINE
8
BLACK
6
CONTINUOUS
10
5.7212027559055114
20
-5.3341474803149609
11
5.7211047637795271
21
-5.3341881102362203
0
LINE
8
BLACK
6
CONTINUOUS
10
5.7211047637795271
20
-5.3341881102362203
11
5.7205287007874013
21
-5.3342448425196851
0
LINE
8
BLACK
6
CONTINUOUS
10
5.7205287007874013
20
-5.3342448425196851
11
5.7149044094488186
21
-5.3342448425196851
0
LINE
8
BLACK
6
CONTINUOUS
10
5.7149044094488186
20
-5.3342448425196851
11
5.7143283464566927
21
-5.3341881102362203
0
LINE
8
BLACK
6
CONTINUOUS
10
5.7143283464566927
20
-5.3341881102362203
11
5.7142303543307085
21
-5.3341475196850396
0
LINE
8
BLACK
6
CONTINUOUS
10
5.7142303543307085
20
-5.3341475196850396
11
5.7141244881889763
21
-5.3341399999999997
0
LINE
8
BLACK
6
CONTINUOUS
10
5.7141244881889763
20
-5.3341399999999997
11
5.7135838976377951
21
-5.3339331102362202
0
LINE
8
BLACK
6
CONTINUOUS
10
5.7135838976377951
20
-5.3339331102362202
11
5.70983437007874
21
-5.3320583464566926
0
LINE
8
BLACK
6
CONTINUOUS
10
5.70983437007874
20
-5.3320583464566926
11
5.7095863385826773
21
-5.3319022440944881
0
LINE
8
BLACK
6
CONTINUOUS
10
5.7095863385826773
20
-5.3319022440944881
11
5.7095144094488184
21
-5.3318724409448821
0
LINE
8
BLACK
6
CONTINUOUS
10
5.7095144094488184
20
-5.3318724409448821
11
5.7094334251968499
21
-5.3318059842519681
0
LINE
8
BLACK
6
CONTINUOUS
10
5.7094334251968499
20
-5.3318059842519681
11
5.7093444881889761
21
-5.3317499999999995
0
LINE
8
BLACK
6
CONTINUOUS
10
5.7093444881889761
20
-5.3317499999999995
11
5.7092932677165349
21
-5.3316909448818892
0
LINE
8
BLACK
6
CONTINUOUS
10
5.7092932677165349
20
-5.3316909448818892
11
5.7090669291338578
21
-5.3315051968503937
0
LINE
8
BLACK
6
CONTINUOUS
10
5.7090669291338578
20
-5.3315051968503937
11
5.7071921653543303
21
-5.3296303937007874
0
LINE
8
BLACK
6
CONTINUOUS
10
5.7071921653543303
20
-5.3296303937007874
11
5.7070064173228348
21
-5.3294040551181103
0
LINE
8
BLACK
6
CONTINUOUS
10
5.7070064173228348
20
-5.3294040551181103
11
5.7069474409448819
21
-5.3293529133858266
0
LINE
8
BLACK
6
CONTINUOUS
10
5.7069474409448819
20
-5.3293529133858266
11
5.7068914566929134
21
-5.3292639763779528
0
LINE
8
BLACK
6
CONTINUOUS
10
5.7068914566929134
20
-5.3292639763779528
11
5.7068249606299215
21
-5.3291829527559056
0
LINE
8
BLACK
6
CONTINUOUS
10
5.7068249606299215
20
-5.3291829527559056
11
5.7067951181102359
21
-5.3291109055118113
0
LINE
8
BLACK
6
CONTINUOUS
10
5.7067951181102359
20
-5.3291109055118113
11
5.7066390944881888
21
-5.3288630314960628
0
LINE
8
BLACK
6
CONTINUOUS
10
5.7066390944881888
20
-5.3288630314960628
11
5.7047643307086613
21
-5.3251135039370077
0
LINE
8
BLACK
6
CONTINUOUS
10
5.7047643307086613
20
-5.3251135039370077
11
5.7045574409448818
21
-5.3245728740157476
0
LINE
8
BLACK
6
CONTINUOUS
10
5.7045574409448818
20
-5.3245728740157476
11
5.7045499212598427
21
-5.3244670472440943
0
LINE
8
BLACK
6
CONTINUOUS
10
5.7045499212598427
20
-5.3244670472440943
11
5.7045093307086612
21
-5.32436905511811
0
LINE
8
BLACK
6
CONTINUOUS
10
5.7045093307086612
20
-5.32436905511811
11
5.7044525984251964
21
-5.3237929921259841
0
LINE
8
BLACK
6
CONTINUOUS
10
5.7044525984251964
20
-5.3237929921259841
11
5.7044525984251964
21
-5.3125444094488188
0
LINE
8
BLACK
6
CONTINUOUS
10
5.7044525984251964
20
-5.3125444094488188
11
5.7045093307086612
21
-5.3119683464566929
0
LINE
8
BLACK
6
CONTINUOUS
10
5.7045093307086612
20
-5.3119683464566929
11
5.7045499212598427
21
-5.3118703149606299
0
LINE
8
BLACK
6
CONTINUOUS
10
5.7045499212598427
20
-5.3118703149606299
11
5.7045574409448818
21
-5.3117645275590553
0
LINE
8
BLACK
6
CONTINUOUS
10
5.7045574409448818
20
-5.3117645275590553
11
5.7047643307086613
21
-5.3112238976377952
0
LINE
8
BLACK
6
CONTINUOUS
10
5.7047643307086613
20
-5.3112238976377952
11
5.7066390944881888
21
-5.3074743700787401
0
LINE
8
BLACK
6
CONTINUOUS
10
5.7066390944881888
20
-5.3074743700787401
11
5.7067951574803146
21
-5.3072263385826774
0
LINE
8
BLACK
6
CONTINUOUS
10
5.7067951574803146
20
-5.3072263385826774
11
5.7068250000000003
21
-5.3071544094488186
0
LINE
8
BLACK
6
CONTINUOUS
10
5.7068250000000003
20
-5.3071544094488186
11
5.7068914566929134
21
-5.3070734251968501
0
LINE
8
BLACK
6
CONTINUOUS
10
5.7068914566929134
20
-5.3070734251968501
11
5.7069474409448819
21
-5.3069844881889763
0
LINE
8
BLACK
6
CONTINUOUS
10
5.7069474409448819
20
-5.3069844881889763
11
5.7070064173228348
21
-5.3069333070866138
0
LINE
8
BLACK
6
CONTINUOUS
10
5.7070064173228348
20
-5.3069333070866138
11
5.707192204724409
21
-5.3067069685039367
0
LINE
8
BLACK
6
CONTINUOUS
10
5.707192204724409
20
-5.3067069685039367
11
5.7090669685039366
21
-5.3048322047244092
0
LINE
8
BLACK
6
CONTINUOUS
10
5.7090669685039366
20
-5.3048322047244092
11
5.7092933070866136
21
-5.3046464173228349
0
LINE
8
BLACK
6
CONTINUOUS
10
5.7092933070866136
20
-5.3046464173228349
11
5.7093444881889761
21
-5.3045874409448821
0
LINE
8
BLACK
6
CONTINUOUS
10
5.7093444881889761
20
-5.3045874409448821
11
5.7094334251968499
21
-5.3045314566929136
0
LINE
8
BLACK
6
CONTINUOUS
10
5.7094334251968499
20
-5.3045314566929136
11
5.7095144094488184
21
-5.3044649999999995
0
LINE
8
BLACK
6
CONTINUOUS
10
5.7095144094488184
20
-5.3044649999999995
11
5.7095863385826773
21
-5.3044351574803148
0
LINE
8
BLACK
6
CONTINUOUS
10
5.7095863385826773
20
-5.3044351574803148
11
5.70983437007874
21
-5.304279094488189
0
LINE
8
BLACK
6
CONTINUOUS
10
5.70983437007874
20
-5.304279094488189
11
5.7135838976377951
21
-5.3024043307086615
0
LINE
8
BLACK
6
CONTINUOUS
10
5.7135838976377951
20
-5.3024043307086615
11
5.7141244881889763
21
-5.302197440944882
0
LINE
8
BLACK
6
CONTINUOUS
10
5.7141244881889763
20
-5.302197440944882
11
5.7142303543307085
21
-5.3021898818897633
0
LINE
8
BLACK
6
CONTINUOUS
10
5.7142303543307085
20
-5.3021898818897633
11
5.7143283464566927
21
-5.3021493307086613
0
LINE
8
BLACK
6
CONTINUOUS
10
5.7143283464566927
20
-5.3021493307086613
11
5.7149044094488186
21
-5.3020925984251965
0
LINE
8
BLACK
6
CONTINUOUS
10
5.7149044094488186
20
-5.3020925984251965
11
5.7205287007874013
21
-5.3020925984251965
0
LINE
8
BLACK
6
CONTINUOUS
10
5.7205287007874013
20
-5.3020925984251965
11
5.7211047637795271
21
-5.3021493307086613
0
LINE
8
BLACK
6
CONTINUOUS
10
5.7129039763779526
20
-5.3093468503937009
11
5.7117068503937007
21
-5.3105439763779527
0
LINE
8
BLACK
6
CONTINUOUS
10
5.7117068503937007
20
-5.3105439763779527
11
5.7103581102362204
21
-5.3132414566929134
0
LINE
8
BLACK
6
CONTINUOUS
10
5.7103581102362204
20
-5.3132414566929134
11
5.7103581102362204
21
-5.3230959448818895
0
LINE
8
BLACK
6
CONTINUOUS
10
5.7103581102362204
20
-5.3230959448818895
11
5.7117068503937007
21
-5.3257934251968502
0
LINE
8
BLACK
6
CONTINUOUS
10
5.7117068503937007
20
-5.3257934251968502
11
5.7129039763779526
21
-5.3269905905511807
0
LINE
8
BLACK
6
CONTINUOUS
10
5.7129039763779526
20
-5.3269905905511807
11
5.7156014566929132
21
-5.3283393307086611
0
LINE
8
BLACK
6
CONTINUOUS
10
5.7156014566929132
20
-5.3283393307086611
11
5.7198316535433067
21
-5.3283393307086611
0
LINE
8
BLACK
6
CONTINUOUS
10
5.7198316535433067
20
-5.3283393307086611
11
5.7225290944881886
21
-5.3269905905511807
0
LINE
8
BLACK
6
CONTINUOUS
10
5.7225290944881886
20
-5.3269905905511807
11
5.7237262204724404
21
-5.3257934251968502
0
LINE
8
BLACK
6
CONTINUOUS
10
5.7237262204724404
20
-5.3257934251968502
11
5.7250749999999995
21
-5.3230959448818895
0
LINE
8
BLACK
6
CONTINUOUS
10
5.7250749999999995
20
-5.3230959448818895
11
5.7250749999999995
21
-5.3132414566929134
0
LINE
8
BLACK
6
CONTINUOUS
10
5.7250749999999995
20
-5.3132414566929134
11
5.7237262598425191
21
-5.3105439763779527
0
LINE
8
BLACK
6
CONTINUOUS
10
5.7237262598425191
20
-5.3105439763779527
11
5.7225291338582673
21
-5.3093468503937009
0
LINE
8
BLACK
6
CONTINUOUS
10
5.7225291338582673
20
-5.3093468503937009
11
5.7198316535433067
21
-5.3079981102362206
0
LINE
8
BLACK
6
CONTINUOUS
10
5.7198316535433067
20
-5.3079981102362206
11
5.7156014566929132
21
-5.3079981102362206
0
LINE
8
BLACK
6
CONTINUOUS
10
5.7156014566929132
20
-5.3079981102362206
11
5.7129039763779526
21
-5.3093468503937009
0
LINE
8
BLACK
6
CONTINUOUS
10
5.7545660236220471
20
-5.2889979527559055
11
5.7546437795275587
21
-5.2889924409448819
0
LINE
8
BLACK
6
CONTINUOUS
10
5.7546437795275587
20
-5.2889924409448819
11
5.7547460236220473
21
-5.2890156692913388
0
LINE
8
BLACK
6
CONTINUOUS
10
5.7547460236220473
20
-5.2890156692913388
11
5.7548505511811019
21
-5.2890259842519685
0
LINE
8
BLACK
6
CONTINUOUS
10
5.7548505511811019
20
-5.2890259842519685
11
5.7549226377952758
21
-5.2890558267716532
0
LINE
8
BLACK
6
CONTINUOUS
10
5.7549226377952758
20
-5.2890558267716532
11
5.755208228346457
21
-5.2891207874015747
0
LINE
8
BLACK
6
CONTINUOUS
10
5.755208228346457
20
-5.2891207874015747
11
5.7608325196850396
21
-5.2909955511811022
0
LINE
8
BLACK
6
CONTINUOUS
10
5.7608325196850396
20
-5.2909955511811022
11
5.7613610629921261
21
-5.291231535433071
0
LINE
8
BLACK
6
CONTINUOUS
10
5.7613610629921261
20
-5.291231535433071
11
5.761441181102362
21
-5.2913010236220472
0
LINE
8
BLACK
6
CONTINUOUS
10
5.761441181102362
20
-5.2913010236220472
11
5.7615392519685038
21
-5.2913416535433067
0
LINE
8
BLACK
6
CONTINUOUS
10
5.7615392519685038
20
-5.2913416535433067
11
5.7619866929133856
21
-5.2917088582677163
0
LINE
8
BLACK
6
CONTINUOUS
10
5.7619866929133856
20
-5.2917088582677163
11
5.7657362204724407
21
-5.2954583858267714
0
LINE
8
BLACK
6
CONTINUOUS
10
5.7657362204724407
20
-5.2954583858267714
11
5.7659220472440946
21
-5.2956847637795272
0
LINE
8
BLACK
6
CONTINUOUS
10
5.7659220472440946
20
-5.2956847637795272
11
5.7659809842519687
21
-5.2957359055118109
0
LINE
8
BLACK
6
CONTINUOUS
10
5.7659809842519687
20
-5.2957359055118109
11
5.766036850393701
21
-5.295824645669291
0
LINE
8
BLACK
6
CONTINUOUS
10
5.766036850393701
20
-5.295824645669291
11
5.7661034645669291
21
-5.2959058267716532
0
LINE
8
BLACK
6
CONTINUOUS
10
5.7661034645669291
20
-5.2959058267716532
11
5.7661333070866139
21
-5.295977952755905
0
LINE
8
BLACK
6
CONTINUOUS
10
5.7661333070866139
20
-5.295977952755905
11
5.7662893307086609
21
-5.2962257874015748
0
LINE
8
BLACK
6
CONTINUOUS
10
5.7662893307086609
20
-5.2962257874015748
11
5.7681640944881885
21
-5.2999753149606299
0
LINE
8
BLACK
6
CONTINUOUS
10
5.7681640944881885
20
-5.2999753149606299
11
5.7681801968503938
21
-5.3000174015748032
0
LINE
8
BLACK
6
CONTINUOUS
10
5.7681801968503938
20
-5.3000174015748032
11
5.7681929133858265
21
-5.300034566929134
0
LINE
8
BLACK
6
CONTINUOUS
10
5.7681929133858265
20
-5.300034566929134
11
5.7682792125984248
21
-5.300276141732283
0
LINE
8
BLACK
6
CONTINUOUS
10
5.7682792125984248
20
-5.300276141732283
11
5.7683709842519688
21
-5.3005159055118112
0
LINE
8
BLACK
6
CONTINUOUS
10
5.7683709842519688
20
-5.3005159055118112
11
5.7683724803149605
21
-5.3005371653543305
0
LINE
8
BLACK
6
CONTINUOUS
10
5.7683724803149605
20
-5.3005371653543305
11
5.7683876771653546
21
-5.30057968503937
0
LINE
8
BLACK
6
CONTINUOUS
10
5.7683876771653546
20
-5.30057968503937
11
5.7702624409448822
21
-5.3080787401574803
0
LINE
8
BLACK
6
CONTINUOUS
10
5.7702624409448822
20
-5.3080787401574803
11
5.7702772047244091
21
-5.308178582677165
0
LINE
8
BLACK
6
CONTINUOUS
10
5.7702772047244091
20
-5.308178582677165
11
5.7702938582677161
21
-5.3082188188976378
0
LINE
8
BLACK
6
CONTINUOUS
10
5.7702938582677161
20
-5.3082188188976378
11
5.7703151968503938
21
-5.3084358267716532
0
LINE
8
BLACK
6
CONTINUOUS
10
5.7703151968503938
20
-5.3084358267716532
11
5.7703470866141728
21
-5.3086513385826768
0
LINE
8
BLACK
6
CONTINUOUS
10
5.7703470866141728
20
-5.3086513385826768
11
5.7703406692913388
21
-5.3086943307086614
0
LINE
8
BLACK
6
CONTINUOUS
10
5.7703406692913388
20
-5.3086943307086614
11
5.7703505905511809
21
-5.3087948818897637
0
LINE
8
BLACK
6
CONTINUOUS
10
5.7703505905511809
20
-5.3087948818897637
11
5.7703505905511809
21
-5.3144191732283463
0
LINE
8
BLACK
6
CONTINUOUS
10
5.7703505905511809
20
-5.3144191732283463
11
5.7703406692913388
21
-5.3145196850393699
0
LINE
8
BLACK
6
CONTINUOUS
10
5.7703406692913388
20
-5.3145196850393699
11
5.7703470866141728
21
-5.3145627165354332
0
LINE
8
BLACK
6
CONTINUOUS
10
5.7703470866141728
20
-5.3145627165354332
11
5.7703151968503938
21
-5.3147781889763781
0
LINE
8
BLACK
6
CONTINUOUS
10
5.7703151968503938
20
-5.3147781889763781
11
5.7702938582677161
21
-5.3149952362204722
0
LINE
8
BLACK
6
CONTINUOUS
10
5.7702938582677161
20
-5.3149952362204722
11
5.7702772047244091
21
-5.3150354330708662
0
LINE
8
BLACK
6
CONTINUOUS
10
5.7702772047244091
20
-5.3150354330708662
11
5.7702624409448822
21
-5.3151353149606297
0
LINE
8
BLACK
6
CONTINUOUS
10
5.7702624409448822
20
-5.3151353149606297
11
5.7683876771653546
21
-5.32263437007874
0
LINE
8
BLACK
6
CONTINUOUS
10
5.7683876771653546
20
-5.32263437007874
11
5.7683724803149605
21
-5.3226768503937008
0
LINE
8
BLACK
6
CONTINUOUS
10
5.7683724803149605
20
-5.3226768503937008
11
5.7683709842519688
21
-5.3226981496062988
0
LINE
8
BLACK
6
CONTINUOUS
10
5.7683709842519688
20
-5.3226981496062988
11
5.7682792125984248
21
-5.3229378740157482
0
LINE
8
BLACK
6
CONTINUOUS
10
5.7682792125984248
20
-5.3229378740157482
11
5.7681929133858265
21
-5.323179488188976
0
LINE
8
BLACK
6
CONTINUOUS
10
5.7681929133858265
20
-5.323179488188976
11
5.7681801968503938
21
-5.3231966141732281
0
LINE
8
BLACK
6
CONTINUOUS
10
5.7681801968503938
20
-5.3231966141732281
11
5.7681640944881885
21
-5.3232387401574801
0
LINE
8
BLACK
6
CONTINUOUS
10
5.7681640944881885
20
-5.3232387401574801
11
5.7662893307086609
21
-5.3269882677165352
0
LINE
8
BLACK
6
CONTINUOUS
10
5.7662893307086609
20
-5.3269882677165352
11
5.7661332677165351
21
-5.3272361417322838
0
LINE
8
BLACK
6
CONTINUOUS
10
5.7661332677165351
20
-5.3272361417322838
11
5.7661034645669291
21
-5.327308188976378
0
LINE
8
BLACK
6
CONTINUOUS
10
5.7661034645669291
20
-5.327308188976378
11
5.7660369291338585
21
-5.3273892125984252
0
LINE
8
BLACK
6
CONTINUOUS
10
5.7660369291338585
20
-5.3273892125984252
11
5.7659809842519687
21
-5.3274781496062991
0
LINE
8
BLACK
6
CONTINUOUS
10
5.7659809842519687
20
-5.3274781496062991
11
5.7659219685039371
21
-5.3275292913385828
0
LINE
8
BLACK
6
CONTINUOUS
10
5.7659219685039371
20
-5.3275292913385828
11
5.7657362598425195
21
-5.3277556299212598
0
LINE
8
BLACK
6
CONTINUOUS
10
5.7657362598425195
20
-5.3277556299212598
11
5.7619866929133856
21
-5.3315052362204725
0
LINE
8
BLACK
6
CONTINUOUS
10
5.7619866929133856
20
-5.3315052362204725
11
5.7615392519685038
21
-5.3318724409448821
0
LINE
8
BLACK
6
CONTINUOUS
10
5.7615392519685038
20
-5.3318724409448821
11
5.761441181102362
21
-5.3319130314960628
0
LINE
8
BLACK
6
CONTINUOUS
10
5.761441181102362
20
-5.3319130314960628
11
5.7613610629921261
21
-5.3319825590551178
0
LINE
8
BLACK
6
CONTINUOUS
10
5.7613610629921261
20
-5.3319825590551178
11
5.7608325196850396
21
-5.3322185433070866
0
LINE
8
BLACK
6
CONTINUOUS
10
5.7608325196850396
20
-5.3322185433070866
11
5.755208228346457
21
-5.3340933070866141
0
LINE
8
BLACK
6
CONTINUOUS
10
5.755208228346457
20
-5.3340933070866141
11
5.7549226377952758
21
-5.3341582283464568
0
LINE
8
BLACK
6
CONTINUOUS
10
5.7549226377952758
20
-5.3341582283464568
11
5.7548505511811019
21
-5.3341881102362203
0
LINE
8
BLACK
6
CONTINUOUS
10
5.7548505511811019
20
-5.3341881102362203
11
5.7547460236220473
21
-5.3341983858267712
0
LINE
8
BLACK
6
CONTINUOUS
10
5.7547460236220473
20
-5.3341983858267712
11
5.7546437795275587
21
-5.3342216535433069
0
LINE
8
BLACK
6
CONTINUOUS
10
5.7546437795275587
20
-5.3342216535433069
11
5.7545660236220471
21
-5.3342161023622046
0
LINE
8
BLACK
6
CONTINUOUS
10
5.7545660236220471
20
-5.3342161023622046
11
5.754274488188976
21
-5.3342448425196851
0
LINE
8
BLACK
6
CONTINUOUS
10
5.754274488188976
20
-5.3342448425196851
11
5.7505249606299209
21
-5.3342448425196851
0
LINE
8
BLACK
6
CONTINUOUS
10
5.7505249606299209
20
-5.3342448425196851
11
5.7502333464566924
21
-5.3342161023622046
0
LINE
8
BLACK
6
CONTINUOUS
10
5.7502333464566924
20
-5.3342161023622046
11
5.7501556299212595
21
-5.3342216535433069
0
LINE
8
BLACK
6
CONTINUOUS
10
5.7501556299212595
20
-5.3342216535433069
11
5.750053346456693
21
-5.3341983858267712
0
LINE
8
BLACK
6
CONTINUOUS
10
5.750053346456693
20
-5.3341983858267712
11
5.749948897637795
21
-5.3341881102362203
0
LINE
8
BLACK
6
CONTINUOUS
10
5.749948897637795
20
-5.3341881102362203
11
5.749876811023622
21
-5.3341582283464568
0
LINE
8
BLACK
6
CONTINUOUS
10
5.749876811023622
20
-5.3341582283464568
11
5.7495911811023621
21
-5.3340933070866141
0
LINE
8
BLACK
6
CONTINUOUS
10
5.7495911811023621
20
-5.3340933070866141
11
5.7439669291338582
21
-5.3322185433070866
0
LINE
8
BLACK
6
CONTINUOUS
10
5.7439669291338582
20
-5.3322185433070866
11
5.7434383464566929
21
-5.3319825590551178
0
LINE
8
BLACK
6
CONTINUOUS
10
5.7434383464566929
20
-5.3319825590551178
11
5.7433581496062986
21
-5.331912992125984
0
LINE
8
BLACK
6
CONTINUOUS
10
5.7433581496062986
20
-5.331912992125984
11
5.7432601968503931
21
-5.3318724409448821
0
LINE
8
BLACK
6
CONTINUOUS
10
5.7432601968503931
20
-5.3318724409448821
11
5.7428127165354326
21
-5.3315051968503937
0
LINE
8
BLACK
6
CONTINUOUS
10
5.7428127165354326
20
-5.3315051968503937
11
5.740937952755905
21
-5.3296303937007874
0
LINE
8
BLACK
6
CONTINUOUS
10
5.740937952755905
20
-5.3296303937007874
11
5.7405707480314963
21
-5.3291829527559056
0
LINE
8
BLACK
6
CONTINUOUS
10
5.7405707480314963
20
-5.3291829527559056
11
5.7401298818897635
21
-5.3281185433070863
0
LINE
8
BLACK
6
CONTINUOUS
10
5.7401298818897635
20
-5.3281185433070863
11
5.7401298818897635
21
-5.3269664566929134
0
LINE
8
BLACK
6
CONTINUOUS
10
5.7401298818897635
20
-5.3269664566929134
11
5.740570787401575
21
-5.3259020472440941
0
LINE
8
BLACK
6
CONTINUOUS
10
5.740570787401575
20
-5.3259020472440941
11
5.7413854724409443
21
-5.3250873622047239
0
LINE
8
BLACK
6
CONTINUOUS
10
5.7413854724409443
20
-5.3250873622047239
11
5.7424498818897636
21
-5.324646496062992
0
LINE
8
BLACK
6
CONTINUOUS
10
5.7424498818897636
20
-5.324646496062992
11
5.7436019685039366
21
-5.324646496062992
0
LINE
8
BLACK
6
CONTINUOUS
10
5.7436019685039366
20
-5.324646496062992
11
5.7446663779527558
21
-5.3250874015748026
0
LINE
8
BLACK
6
CONTINUOUS
10
5.7446663779527558
20
-5.3250874015748026
11
5.7451138582677164
21
-5.3254546456692911
0
LINE
8
BLACK
6
CONTINUOUS
10
5.7451138582677164
20
-5.3254546456692911
11
5.746495708661417
21
-5.3268365354330705
0
LINE
8
BLACK
6
CONTINUOUS
10
5.746495708661417
20
-5.3268365354330705
11
5.7510040944881888
21
-5.3283393307086611
0
LINE
8
BLACK
6
CONTINUOUS
10
5.7510040944881888
20
-5.3283393307086611
11
5.7537953543307081
21
-5.3283393307086611
0
LINE
8
BLACK
6
CONTINUOUS
10
5.7537953543307081
20
-5.3283393307086611
11
5.7583037401574799
21
-5.3268364960629917
0
LINE
8
BLACK
6
CONTINUOUS
10
5.7583037401574799
20
-5.3268364960629917
11
5.7612215354330711
21
-5.3239186614173226
0
LINE
8
BLACK
6
CONTINUOUS
10
5.7612215354330711
20
-5.3239186614173226
11
5.7627370472440944
21
-5.3208876771653539
0
LINE
8
BLACK
6
CONTINUOUS
10
5.7627370472440944
20
-5.3208876771653539
11
5.7644450787401578
21
-5.3140556299212598
0
LINE
8
BLACK
6
CONTINUOUS
10
5.7644450787401578
20
-5.3140556299212598
11
5.7644450787401578
21
-5.3091584251968502
0
LINE
8
BLACK
6
CONTINUOUS
10
5.7644450787401578
20
-5.3091584251968502
11
5.7627370472440944
21
-5.3023263779527561
0
LINE
8
BLACK
6
CONTINUOUS
10
5.7627370472440944
20
-5.3023263779527561
11
5.7612215748031499
21
-5.2992953937007874
0
LINE
8
BLACK
6
CONTINUOUS
10
5.7612215748031499
20
-5.2992953937007874
11
5.7583037401574799
21
-5.2963775590551183
0
LINE
8
BLACK
6
CONTINUOUS
10
5.7583037401574799
20
-5.2963775590551183
11
5.7537953543307081
21
-5.2948747637795277
0
LINE
8
BLACK
6
CONTINUOUS
10
5.7537953543307081
20
-5.2948747637795277
11
5.7510040944881888
21
-5.2948747637795277
0
LINE
8
BLACK
6
CONTINUOUS
10
5.7510040944881888
20
-5.2948747637795277
11
5.746495708661417
21
-5.2963775590551183
0
LINE
8
BLACK
6
CONTINUOUS
10
5.746495708661417
20
-5.2963775590551183
11
5.7451138188976376
21
-5.2977594488188977
0
LINE
8
BLACK
6
CONTINUOUS
10
5.7451138188976376
20
-5.2977594488188977
11
5.7446663779527558
21
-5.2981266535433074
0
LINE
8
BLACK
6
CONTINUOUS
10
5.7446663779527558
20
-5.2981266535433074
11
5.7436019291338578
21
-5.298567559055118
0
LINE
8
BLACK
6
CONTINUOUS
10
5.7436019291338578
20
-5.298567559055118
11
5.7424498818897636
21
-5.298567559055118
0
LINE
8
BLACK
6
CONTINUOUS
10
5.7424498818897636
20
-5.298567559055118
11
5.7413854330708656
21
-5.2981266535433074
0
LINE
8
BLACK
6
CONTINUOUS
10
5.7413854330708656
20
-5.2981266535433074
11
5.740570787401575
21
-5.2973120078740159
0
LINE
8
BLACK
6
CONTINUOUS
10
5.740570787401575
20
-5.2973120078740159
11
5.7401298818897635
21
-5.2962475590551179
0
LINE
8
BLACK
6
CONTINUOUS
10
5.7401298818897635
20
-5.2962475590551179
11
5.7401298818897635
21
-5.2950955118110237
0
LINE
8
BLACK
6
CONTINUOUS
10
5.7401298818897635
20
-5.2950955118110237
11
5.740570787401575
21
-5.2940310629921257
0
LINE
8
BLACK
6
CONTINUOUS
10
5.740570787401575
20
-5.2940310629921257
11
5.7409379921259838
21
-5.2935836220472439
0
LINE
8
BLACK
6
CONTINUOUS
10
5.7409379921259838
20
-5.2935836220472439
11
5.7428127559055113
21
-5.2917088582677163
0
LINE
8
BLACK
6
CONTINUOUS
10
5.7428127559055113
20
-5.2917088582677163
11
5.7432601968503931
21
-5.2913416535433067
0
LINE
8
BLACK
6
CONTINUOUS
10
5.7432601968503931
20
-5.2913416535433067
11
5.7433581496062986
21
-5.291301062992126
0
LINE
8
BLACK
6
CONTINUOUS
10
5.7433581496062986
20
-5.291301062992126
11
5.7434383464566929
21
-5.291231535433071
0
LINE
8
BLACK
6
CONTINUOUS
10
5.7434383464566929
20
-5.291231535433071
11
5.7439669291338582
21
-5.2909955511811022
0
LINE
8
BLACK
6
CONTINUOUS
10
5.7439669291338582
20
-5.2909955511811022
11
5.7495911811023621
21
-5.2891207874015747
0
LINE
8
BLACK
6
CONTINUOUS
10
5.7495911811023621
20
-5.2891207874015747
11
5.749876811023622
21
-5.2890558267716532
0
LINE
8
BLACK
6
CONTINUOUS
10
5.749876811023622
20
-5.2890558267716532
11
5.749948897637795
21
-5.2890259842519685
0
LINE
8
BLACK
6
CONTINUOUS
10
5.749948897637795
20
-5.2890259842519685
11
5.750053346456693
21
-5.2890156692913388
0
LINE
8
BLACK
6
CONTINUOUS
10
5.750053346456693
20
-5.2890156692913388
11
5.7501556299212595
21
-5.2889924409448819
0
LINE
8
BLACK
6
CONTINUOUS
10
5.7501556299212595
20
-5.2889924409448819
11
5.7502333464566924
21
-5.2889979527559055
0
LINE
8
BLACK
6
CONTINUOUS
10
5.7502333464566924
20
-5.2889979527559055
11
5.7505249606299209
21
-5.2889692519685036
0
LINE
8
BLACK
6
CONTINUOUS
10
5.7505249606299209
20
-5.2889692519685036
11
5.754274488188976
21
-5.2889692519685036
0
LINE
8
BLACK
6
CONTINUOUS
10
5.754274488188976
20
-5.2889692519685036
11
5.7545660236220471
21
-5.2889979527559055
0
LINE
8
BLACK
6
CONTINUOUS
10
5.5193902362204721
20
-5.3024122440944881
11
5.5202961811023616
21
-5.3031240551181105
0
LINE
8
BLACK
6
CONTINUOUS
10
5.5202961811023616
20
-5.3031240551181105
11
5.5208607480314962
21
-5.3041283858267718
0
LINE
8
BLACK
6
CONTINUOUS
10
5.5208607480314962
20
-5.3041283858267718
11
5.5209979921259844
21
-5.3052722440944882
0
LINE
8
BLACK
6
CONTINUOUS
10
5.5209979921259844
20
-5.3052722440944882
11
5.5206870866141733
21
-5.3063816141732278
0
LINE
8
BLACK
6
CONTINUOUS
10
5.5206870866141733
20
-5.3063816141732278
11
5.5203757874015746
21
-5.3068696456692912
0
LINE
8
BLACK
6
CONTINUOUS
10
5.5203757874015746
20
-5.3068696456692912
11
5.5114979527559056
21
-5.3181687007874014
0
LINE
8
BLACK
6
CONTINUOUS
10
5.5114979527559056
20
-5.3181687007874014
11
5.5203757874015746
21
-5.3294677952755904
0
LINE
8
BLACK
6
CONTINUOUS
10
5.5203757874015746
20
-5.3294677952755904
11
5.5206870866141733
21
-5.3299558267716538
0
LINE
8
BLACK
6
CONTINUOUS
10
5.5206870866141733
20
-5.3299558267716538
11
5.5209979921259844
21
-5.3310651968503935
0
LINE
8
BLACK
6
CONTINUOUS
10
5.5209979921259844
20
-5.3310651968503935
11
5.5208607480314962
21
-5.3322090551181098
0
LINE
8
BLACK
6
CONTINUOUS
10
5.5208607480314962
20
-5.3322090551181098
11
5.5202961811023616
21
-5.3332133858267712
0
LINE
8
BLACK
6
CONTINUOUS
10
5.5202961811023616
20
-5.3332133858267712
11
5.5193902362204721
21
-5.3339251968503936
0
LINE
8
BLACK
6
CONTINUOUS
10
5.5193902362204721
20
-5.3339251968503936
11
5.5182808661417324
21
-5.3342361023622047
0
LINE
8
BLACK
6
CONTINUOUS
10
5.5182808661417324
20
-5.3342361023622047
11
5.5171370078740161
21
-5.3340988582677165
0
LINE
8
BLACK
6
CONTINUOUS
10
5.5171370078740161
20
-5.3340988582677165
11
5.5161326771653538
21
-5.3335342913385828
0
LINE
8
BLACK
6
CONTINUOUS
10
5.5161326771653538
20
-5.3335342913385828
11
5.515732165354331
21
-5.3331163779527557
0
LINE
8
BLACK
6
CONTINUOUS
10
5.515732165354331
20
-5.3331163779527557
11
5.5077427559055119
21
-5.3229480314960629
0
LINE
8
BLACK
6
CONTINUOUS
10
5.5077427559055119
20
-5.3229480314960629
11
5.4997533858267715
21
-5.3331163779527557
0
LINE
8
BLACK
6
CONTINUOUS
10
5.4997533858267715
20
-5.3331163779527557
11
5.4993528740157478
21
-5.3335342913385828
0
LINE
8
BLACK
6
CONTINUOUS
10
5.4993528740157478
20
-5.3335342913385828
11
5.4983485433070864
21
-5.3340988582677165
0
LINE
8
BLACK
6
CONTINUOUS
10
5.4983485433070864
20
-5.3340988582677165
11
5.4972046850393701
21
-5.3342361023622047
0
LINE
8
BLACK
6
CONTINUOUS
10
5.4972046850393701
20
-5.3342361023622047
11
5.4960953149606295
21
-5.3339251968503936
0
LINE
8
BLACK
6
CONTINUOUS
10
5.4960953149606295
20
-5.3339251968503936
11
5.49518937007874
21
-5.3332133858267712
0
LINE
8
BLACK
6
CONTINUOUS
10
5.49518937007874
20
-5.3332133858267712
11
5.4946248031496063
21
-5.3322090551181098
0
LINE
8
BLACK
6
CONTINUOUS
10
5.4946248031496063
20
-5.3322090551181098
11
5.4944875590551181
21
-5.3310651968503935
0
LINE
8
BLACK
6
CONTINUOUS
10
5.4944875590551181
20
-5.3310651968503935
11
5.4947984645669292
21
-5.3299558267716538
0
LINE
8
BLACK
6
CONTINUOUS
10
5.4947984645669292
20
-5.3299558267716538
11
5.4951097637795279
21
-5.3294677952755904
0
LINE
8
BLACK
6
CONTINUOUS
10
5.4951097637795279
20
-5.3294677952755904
11
5.5039875590551182
21
-5.3181687007874014
0
LINE
8
BLACK
6
CONTINUOUS
10
5.5039875590551182
20
-5.3181687007874014
11
5.4951097637795279
21
-5.3068696456692912
0
LINE
8
BLACK
6
CONTINUOUS
10
5.4951097637795279
20
-5.3068696456692912
11
5.4947984645669292
21
-5.3063816141732278
0
LINE
8
BLACK
6
CONTINUOUS
10
5.4947984645669292
20
-5.3063816141732278
11
5.4944875590551181
21
-5.3052722440944882
0
LINE
8
BLACK
6
CONTINUOUS
10
5.4944875590551181
20
-5.3052722440944882
11
5.4946248031496063
21
-5.3041283858267718
0
LINE
8
BLACK
6
CONTINUOUS
10
5.4946248031496063
20
-5.3041283858267718
11
5.49518937007874
21
-5.3031240551181105
0
LINE
8
BLACK
6
CONTINUOUS
10
5.49518937007874
20
-5.3031240551181105
11
5.4960953149606295
21
-5.3024122440944881
0
LINE
8
BLACK
6
CONTINUOUS
10
5.4960953149606295
20
-5.3024122440944881
11
5.4972046850393701
21
-5.302101338582677
0
LINE
8
BLACK
6
CONTINUOUS
10
5.4972046850393701
20
-5.302101338582677
11
5.4983485433070864
21
-5.3022385826771652
0
LINE
8
BLACK
6
CONTINUOUS
10
5.4983485433070864
20
-5.3022385826771652
11
5.4993528740157478
21
-5.3028031496062988
0
LINE
8
BLACK
6
CONTINUOUS
10
5.4993528740157478
20
-5.3028031496062988
11
5.4997533858267715
21
-5.3032210629921259
0
LINE
8
BLACK
6
CONTINUOUS
10
5.4997533858267715
20
-5.3032210629921259
11
5.5077427559055119
21
-5.31338937007874
0
LINE
8
BLACK
6
CONTINUOUS
10
5.5077427559055119
20
-5.31338937007874
11
5.515732165354331
21
-5.3032210629921259
0
LINE
8
BLACK
6
CONTINUOUS
10
5.515732165354331
20
-5.3032210629921259
11
5.5161326771653538
21
-5.3028031496062988
0
LINE
8
BLACK
6
CONTINUOUS
10
5.5161326771653538
20
-5.3028031496062988
11
5.5171370078740161
21
-5.3022385826771652
0
LINE
8
BLACK
6
CONTINUOUS
10
5.5171370078740161
20
-5.3022385826771652
11
5.5182808661417324
21
-5.302101338582677
0
LINE
8
BLACK
6
CONTINUOUS
10
5.5182808661417324
20
-5.302101338582677
11
5.5193902362204721
21
-5.3024122440944881
0
LINE
8
BLACK
6
CONTINUOUS
10
5.2046098425196847
20
-5.3025118110236216
11
5.2054639370078739
21
-5.3032850393700786
0
LINE
8
BLACK
6
CONTINUOUS
10
5.2054639370078739
20
-5.3032850393700786
11
5.2059571259842521
21
-5.3043262204724408
0
LINE
8
BLACK
6
CONTINUOUS
10
5.2059571259842521
20
-5.3043262204724408
11
5.2060143700787398
21
-5.3054768897637796
0
LINE
8
BLACK
6
CONTINUOUS
10
5.2060143700787398
20
-5.3054768897637796
11
5.2058740551181097
21
-5.306038464566929
0
LINE
8
BLACK
6
CONTINUOUS
10
5.2058740551181097
20
-5.306038464566929
11
5.196500236220472
21
-5.3322851968503935
0
LINE
8
BLACK
6
CONTINUOUS
10
5.196500236220472
20
-5.3322851968503935
11
5.1962530314960631
21
-5.3328086220472439
0
LINE
8
BLACK
6
CONTINUOUS
10
5.1962530314960631
20
-5.3328086220472439
11
5.1961535039370075
21
-5.3329185039370079
0
LINE
8
BLACK
6
CONTINUOUS
10
5.1961535039370075
20
-5.3329185039370079
11
5.1960901181102361
21
-5.3330524015748031
0
LINE
8
BLACK
6
CONTINUOUS
10
5.1960901181102361
20
-5.3330524015748031
11
5.1957699212598421
21
-5.3333422440944878
0
LINE
8
BLACK
6
CONTINUOUS
10
5.1957699212598421
20
-5.3333422440944878
11
5.1954798425196849
21
-5.3336627165354331
0
LINE
8
BLACK
6
CONTINUOUS
10
5.1954798425196849
20
-5.3336627165354331
11
5.1953458661417322
21
-5.3337261417322832
0
LINE
8
BLACK
6
CONTINUOUS
10
5.1953458661417322
20
-5.3337261417322832
11
5.195236023622047
21
-5.3338256299212601
0
LINE
8
BLACK
6
CONTINUOUS
10
5.195236023622047
20
-5.3338256299212601
11
5.1948290157480317
21
-5.3339709448818899
0
LINE
8
BLACK
6
CONTINUOUS
10
5.1948290157480317
20
-5.3339709448818899
11
5.1944386614173226
21
-5.3341559055118113
0
LINE
8
BLACK
6
CONTINUOUS
10
5.1944386614173226
20
-5.3341559055118113
11
5.1942906692913384
21
-5.3341632283464566
0
LINE
8
BLACK
6
CONTINUOUS
10
5.1942906692913384
20
-5.3341632283464566
11
5.1941510236220472
21
-5.334213149606299
0
LINE
8
BLACK
6
CONTINUOUS
10
5.1941510236220472
20
-5.334213149606299
11
5.1937194881889761
21
-5.3341916535433072
0
LINE
8
BLACK
6
CONTINUOUS
10
5.1937194881889761
20
-5.3341916535433072
11
5.193287952755905
21
-5.334213149606299
0
LINE
8
BLACK
6
CONTINUOUS
10
5.193287952755905
20
-5.334213149606299
11
5.193148267716535
21
-5.3341632283464566
0
LINE
8
BLACK
6
CONTINUOUS
10
5.193148267716535
20
-5.3341632283464566
11
5.1930003149606296
21
-5.3341559055118113
0
LINE
8
BLACK
6
CONTINUOUS
10
5.1930003149606296
20
-5.3341559055118113
11
5.1926099212598427
21
-5.3339709448818899
0
LINE
8
BLACK
6
CONTINUOUS
10
5.1926099212598427
20
-5.3339709448818899
11
5.1922029527559053
21
-5.3338256299212601
0
LINE
8
BLACK
6
CONTINUOUS
10
5.1922029527559053
20
-5.3338256299212601
11
5.1920930708661412
21
-5.3337261417322832
0
LINE
8
BLACK
6
CONTINUOUS
10
5.1920930708661412
20
-5.3337261417322832
11
5.1919591338582674
21
-5.3336627165354331
0
LINE
8
BLACK
6
CONTINUOUS
10
5.1919591338582674
20
-5.3336627165354331
11
5.1916691338582677
21
-5.3333424015748028
0
LINE
8
BLACK
6
CONTINUOUS
10
5.1916691338582677
20
-5.3333424015748028
11
5.1913488582677161
21
-5.3330524409448818
0
LINE
8
BLACK
6
CONTINUOUS
10
5.1913488582677161
20
-5.3330524409448818
11
5.1912853937007872
21
-5.3329184645669292
0
LINE
8
BLACK
6
CONTINUOUS
10
5.1912853937007872
20
-5.3329184645669292
11
5.19118594488189
21
-5.3328086220472439
0
LINE
8
BLACK
6
CONTINUOUS
10
5.19118594488189
20
-5.3328086220472439
11
5.1909387401574802
21
-5.3322851968503935
0
LINE
8
BLACK
6
CONTINUOUS
10
5.1909387401574802
20
-5.3322851968503935
11
5.1815649212598425
21
-5.306038464566929
0
LINE
8
BLACK
6
CONTINUOUS
10
5.1815649212598425
20
-5.306038464566929
11
5.1814246062992124
21
-5.3054768897637796
0
LINE
8
BLACK
6
CONTINUOUS
10
5.1814246062992124
20
-5.3054768897637796
11
5.181481850393701
21
-5.3043261811023621
0
LINE
8
BLACK
6
CONTINUOUS
10
5.181481850393701
20
-5.3043261811023621
11
5.1819750393700783
21
-5.3032849999999998
0
LINE
8
BLACK
6
CONTINUOUS
10
5.1819750393700783
20
-5.3032849999999998
11
5.1828291338582675
21
-5.3025118110236216
0
LINE
8
BLACK
6
CONTINUOUS
10
5.1828291338582675
20
-5.3025118110236216
11
5.1839141338582673
21
-5.3021242913385827
0
LINE
8
BLACK
6
CONTINUOUS
10
5.1839141338582673
20
-5.3021242913385827
11
5.1850648425196848
21
-5.3021815354330704
0
LINE
8
BLACK
6
CONTINUOUS
10
5.1850648425196848
20
-5.3021815354330704
11
5.1861060236220471
21
-5.3026747244094485
0
LINE
8
BLACK
6
CONTINUOUS
10
5.1861060236220471
20
-5.3026747244094485
11
5.1868792125984253
21
-5.3035288188976377
0
LINE
8
BLACK
6
CONTINUOUS
10
5.1868792125984253
20
-5.3035288188976377
11
5.1871264173228342
21
-5.3040522440944882
0
LINE
8
BLACK
6
CONTINUOUS
10
5.1871264173228342
20
-5.3040522440944882
11
5.1937194881889761
21
-5.3225128346456696
0
LINE
8
BLACK
6
CONTINUOUS
10
5.1937194881889761
20
-5.3225128346456696
11
5.200312559055118
21
-5.3040522440944882
0
LINE
8
BLACK
6
CONTINUOUS
10
5.200312559055118
20
-5.3040522440944882
11
5.2005597637795278
21
-5.3035288188976377
0
LINE
8
BLACK
6
CONTINUOUS
10
5.2005597637795278
20
-5.3035288188976377
11
5.2013329527559051
21
-5.3026747244094485
0
LINE
8
BLACK
6
CONTINUOUS
10
5.2013329527559051
20
-5.3026747244094485
11
5.2023741338582674
21
-5.3021815354330704
0
LINE
8
BLACK
6
CONTINUOUS
10
5.2023741338582674
20
-5.3021815354330704
11
5.2035248425196849
21
-5.3021242913385827
0
LINE
8
BLACK
6
CONTINUOUS
10
5.2035248425196849
20
-5.3021242913385827
11
5.2046098425196847
21
-5.3025118110236216
0
LINE
8
BLACK
6
CONTINUOUS
10
5.1305535039370076
20
-5.3021493307086613
11
5.1306514960629919
21
-5.302189921259842
0
LINE
8
BLACK
6
CONTINUOUS
10
5.1306514960629919
20
-5.302189921259842
11
5.1307573228346453
21
-5.302197440944882
0
LINE
8
BLACK
6
CONTINUOUS
10
5.1307573228346453
20
-5.302197440944882
11
5.1312979527559053
21
-5.3024043307086615
0
LINE
8
BLACK
6
CONTINUOUS
10
5.1312979527559053
20
-5.3024043307086615
11
5.1331974015748028
21
-5.3033540551181098
0
LINE
8
BLACK
6
CONTINUOUS
10
5.1331974015748028
20
-5.3033540551181098
11
5.1339612598425193
21
-5.302590236220472
0
LINE
8
BLACK
6
CONTINUOUS
10
5.1339612598425193
20
-5.302590236220472
11
5.1350256692913385
21
-5.3021493307086613
0
LINE
8
BLACK
6
CONTINUOUS
10
5.1350256692913385
20
-5.3021493307086613
11
5.1361777952755903
21
-5.3021493307086613
0
LINE
8
BLACK
6
CONTINUOUS
10
5.1361777952755903
20
-5.3021493307086613
11
5.1372422047244095
21
-5.302590236220472
0
LINE
8
BLACK
6
CONTINUOUS
10
5.1372422047244095
20
-5.302590236220472
11
5.138056850393701
21
-5.3034048818897634
0
LINE
8
BLACK
6
CONTINUOUS
10
5.138056850393701
20
-5.3034048818897634
11
5.1384977559055116
21
-5.3044692913385827
0
LINE
8
BLACK
6
CONTINUOUS
10
5.1384977559055116
20
-5.3044692913385827
11
5.1385544881889764
21
-5.3050453543307086
0
LINE
8
BLACK
6
CONTINUOUS
10
5.1385544881889764
20
-5.3050453543307086
11
5.1385544881889764
21
-5.3312920866141731
0
LINE
8
BLACK
6
CONTINUOUS
10
5.1385544881889764
20
-5.3312920866141731
11
5.1384977559055116
21
-5.331868149606299
0
LINE
8
BLACK
6
CONTINUOUS
10
5.1384977559055116
20
-5.331868149606299
11
5.138056850393701
21
-5.3329325590551182
0
LINE
8
BLACK
6
CONTINUOUS
10
5.138056850393701
20
-5.3329325590551182
11
5.1372422047244095
21
-5.3337472047244097
0
LINE
8
BLACK
6
CONTINUOUS
10
5.1372422047244095
20
-5.3337472047244097
11
5.1361777952755903
21
-5.3341881102362203
0
LINE
8
BLACK
6
CONTINUOUS
10
5.1361777952755903
20
-5.3341881102362203
11
5.1350256692913385
21
-5.3341881102362203
0
LINE
8
BLACK
6
CONTINUOUS
10
5.1350256692913385
20
-5.3341881102362203
11
5.1339612598425193
21
-5.3337472047244097
0
LINE
8
BLACK
6
CONTINUOUS
10
5.1339612598425193
20
-5.3337472047244097
11
5.1331466141732278
21
-5.3329325590551182
0
LINE
8
BLACK
6
CONTINUOUS
10
5.1331466141732278
20
-5.3329325590551182
11
5.1327057086614172
21
-5.331868149606299
0
LINE
8
BLACK
6
CONTINUOUS
10
5.1327057086614172
20
-5.331868149606299
11
5.1326489763779524
21
-5.3312920866141731
0
LINE
8
BLACK
6
CONTINUOUS
10
5.1326489763779524
20
-5.3312920866141731
11
5.1326489763779524
21
-5.3100179527559055
0
LINE
8
BLACK
6
CONTINUOUS
10
5.1326489763779524
20
-5.3100179527559055
11
5.1319778740157478
21
-5.3093468503937009
0
LINE
8
BLACK
6
CONTINUOUS
10
5.1319778740157478
20
-5.3093468503937009
11
5.1292803937007871
21
-5.3079981102362206
0
LINE
8
BLACK
6
CONTINUOUS
10
5.1292803937007871
20
-5.3079981102362206
11
5.1250501968503936
21
-5.3079981102362206
0
LINE
8
BLACK
6
CONTINUOUS
10
5.1250501968503936
20
-5.3079981102362206
11
5.122804448818898
21
-5.3091209448818892
0
LINE
8
BLACK
6
CONTINUOUS
10
5.122804448818898
20
-5.3091209448818892
11
5.1216816141732284
21
-5.3113666929133858
0
LINE
8
BLACK
6
CONTINUOUS
10
5.1216816141732284
20
-5.3113666929133858
11
5.1216816141732284
21
-5.3312920866141731
0
LINE
8
BLACK
6
CONTINUOUS
10
5.1216816141732284
20
-5.3312920866141731
11
5.1216248818897636
21
-5.331868149606299
0
LINE
8
BLACK
6
CONTINUOUS
10
5.1216248818897636
20
-5.331868149606299
11
5.121183976377953
21
-5.3329325590551182
0
LINE
8
BLACK
6
CONTINUOUS
10
5.121183976377953
20
-5.3329325590551182
11
5.1203693307086615
21
-5.3337472047244097
0
LINE
8
BLACK
6
CONTINUOUS
10
5.1203693307086615
20
-5.3337472047244097
11
5.1193049212598423
21
-5.3341881102362203
0
LINE
8
BLACK
6
CONTINUOUS
10
5.1193049212598423
20
-5.3341881102362203
11
5.1181527952755905
21
-5.3341881102362203
0
LINE
8
BLACK
6
CONTINUOUS
10
5.1181527952755905
20
-5.3341881102362203
11
5.1170883858267713
21
-5.3337472047244097
0
LINE
8
BLACK
6
CONTINUOUS
10
5.1170883858267713
20
-5.3337472047244097
11
5.1162737401574798
21
-5.3329325590551182
0
LINE
8
BLACK
6
CONTINUOUS
10
5.1162737401574798
20
-5.3329325590551182
11
5.1158328346456692
21
-5.331868149606299
0
LINE
8
BLACK
6
CONTINUOUS
10
5.1158328346456692
20
-5.331868149606299
11
5.1157761023622044
21
-5.3312920866141731
0
LINE
8
BLACK
6
CONTINUOUS
10
5.1157761023622044
20
-5.3312920866141731
11
5.1157761023622044
21
-5.3106696456692912
0
LINE
8
BLACK
6
CONTINUOUS
10
5.1157761023622044
20
-5.3106696456692912
11
5.1158328346456692
21
-5.3100935826771654
0
LINE
8
BLACK
6
CONTINUOUS
10
5.1158328346456692
20
-5.3100935826771654
11
5.1158734251968498
21
-5.3099955511811023
0
LINE
8
BLACK
6
CONTINUOUS
10
5.1158734251968498
20
-5.3099955511811023
11
5.1158809448818898
21
-5.3098897637795277
0
LINE
8
BLACK
6
CONTINUOUS
10
5.1158809448818898
20
-5.3098897637795277
11
5.1160878346456693
21
-5.3093491338582677
0
LINE
8
BLACK
6
CONTINUOUS
10
5.1160878346456693
20
-5.3093491338582677
11
5.1179625984251969
21
-5.3055996062992126
0
LINE
8
BLACK
6
CONTINUOUS
10
5.1179625984251969
20
-5.3055996062992126
11
5.1180232283464564
21
-5.3055032283464563
0
LINE
8
BLACK
6
CONTINUOUS
10
5.1180232283464564
20
-5.3055032283464563
11
5.1180383858267717
21
-5.3054578346456696
0
LINE
8
BLACK
6
CONTINUOUS
10
5.1180383858267717
20
-5.3054578346456696
11
5.1180874015748028
21
-5.3054012598425198
0
LINE
8
BLACK
6
CONTINUOUS
10
5.1180874015748028
20
-5.3054012598425198
11
5.1182709448818899
21
-5.3051097244094487
0
LINE
8
BLACK
6
CONTINUOUS
10
5.1182709448818899
20
-5.3051097244094487
11
5.11855062992126
21
-5.3048671259842521
0
LINE
8
BLACK
6
CONTINUOUS
10
5.11855062992126
20
-5.3048671259842521
11
5.1187932283464566
21
-5.3045874409448821
0
LINE
8
BLACK
6
CONTINUOUS
10
5.1187932283464566
20
-5.3045874409448821
11
5.1190847637795276
21
-5.304403897637795
0
LINE
8
BLACK
6
CONTINUOUS
10
5.1190847637795276
20
-5.304403897637795
11
5.1191413385826774
21
-5.3043548818897639
0
LINE
8
BLACK
6
CONTINUOUS
10
5.1191413385826774
20
-5.3043548818897639
11
5.1191867322834641
21
-5.3043397244094486
0
LINE
8
BLACK
6
CONTINUOUS
10
5.1191867322834641
20
-5.3043397244094486
11
5.1192831102362204
21
-5.304279094488189
0
LINE
8
BLACK
6
CONTINUOUS
10
5.1192831102362204
20
-5.304279094488189
11
5.1230326377952755
21
-5.3024043307086615
0
LINE
8
BLACK
6
CONTINUOUS
10
5.1230326377952755
20
-5.3024043307086615
11
5.1235732283464568
21
-5.302197440944882
0
LINE
8
BLACK
6
CONTINUOUS
10
5.1235732283464568
20
-5.302197440944882
11
5.1236790944881889
21
-5.3021898818897633
0
LINE
8
BLACK
6
CONTINUOUS
10
5.1236790944881889
20
-5.3021898818897633
11
5.1237770866141732
21
-5.3021493307086613
0
LINE
8
BLACK
6
CONTINUOUS
10
5.1237770866141732
20
-5.3021493307086613
11
5.1243531496062991
21
-5.3020925984251965
0
LINE
8
BLACK
6
CONTINUOUS
10
5.1243531496062991
20
-5.3020925984251965
11
5.1299774409448817
21
-5.3020925984251965
0
LINE
8
BLACK
6
CONTINUOUS
10
5.1299774409448817
20
-5.3020925984251965
11
5.1305535039370076
21
-5.3021493307086613
0
LINE
8
BLACK
6
CONTINUOUS
10
5.6498636614173225
20
-5.3021493307086613
11
5.6499616535433068
21
-5.302189921259842
0
LINE
8
BLACK
6
CONTINUOUS
10
5.6499616535433068
20
-5.302189921259842
11
5.6500674803149602
21
-5.302197440944882
0
LINE
8
BLACK
6
CONTINUOUS
10
5.6500674803149602
20
-5.302197440944882
11
5.6506081102362202
21
-5.3024043307086615
0
LINE
8
BLACK
6
CONTINUOUS
10
5.6506081102362202
20
-5.3024043307086615
11
5.6525075590551177
21
-5.3033540551181098
0
LINE
8
BLACK
6
CONTINUOUS
10
5.6525075590551177
20
-5.3033540551181098
11
5.6532714173228342
21
-5.302590236220472
0
LINE
8
BLACK
6
CONTINUOUS
10
5.6532714173228342
20
-5.302590236220472
11
5.6543358267716535
21
-5.3021493307086613
0
LINE
8
BLACK
6
CONTINUOUS
10
5.6543358267716535
20
-5.3021493307086613
11
5.6554879527559052
21
-5.3021493307086613
0
LINE
8
BLACK
6
CONTINUOUS
10
5.6554879527559052
20
-5.3021493307086613
11
5.6565523622047245
21
-5.302590236220472
0
LINE
8
BLACK
6
CONTINUOUS
10
5.6565523622047245
20
-5.302590236220472
11
5.6573670078740159
21
-5.3034048818897634
0
LINE
8
BLACK
6
CONTINUOUS
10
5.6573670078740159
20
-5.3034048818897634
11
5.6578079133858266
21
-5.3044692913385827
0
LINE
8
BLACK
6
CONTINUOUS
10
5.6578079133858266
20
-5.3044692913385827
11
5.6578646456692914
21
-5.3050453543307086
0
LINE
8
BLACK
6
CONTINUOUS
10
5.6578646456692914
20
-5.3050453543307086
11
5.6578646456692914
21
-5.3312920866141731
0
LINE
8
BLACK
6
CONTINUOUS
10
5.6578646456692914
20
-5.3312920866141731
11
5.6578079133858266
21
-5.331868149606299
0
LINE
8
BLACK
6
CONTINUOUS
10
5.6578079133858266
20
-5.331868149606299
11
5.6573670078740159
21
-5.3329325590551182
0
LINE
8
BLACK
6
CONTINUOUS
10
5.6573670078740159
20
-5.3329325590551182
11
5.6565523622047245
21
-5.3337472047244097
0
LINE
8
BLACK
6
CONTINUOUS
10
5.6565523622047245
20
-5.3337472047244097
11
5.6554879527559052
21
-5.3341881102362203
0
LINE
8
BLACK
6
CONTINUOUS
10
5.6554879527559052
20
-5.3341881102362203
11
5.6543358267716535
21
-5.3341881102362203
0
LINE
8
BLACK
6
CONTINUOUS
10
5.6543358267716535
20
-5.3341881102362203
11
5.6532714173228342
21
-5.3337472047244097
0
LINE
8
BLACK
6
CONTINUOUS
10
5.6532714173228342
20
-5.3337472047244097
11
5.6524567716535428
21
-5.3329325590551182
0
LINE
8
BLACK
6
CONTINUOUS
10
5.6524567716535428
20
-5.3329325590551182
11
5.6520158661417321
21
-5.331868149606299
0
LINE
8
BLACK
6
CONTINUOUS
10
5.6520158661417321
20
-5.331868149606299
11
5.6519591338582673
21
-5.3312920866141731
0
LINE
8
BLACK
6
CONTINUOUS
10
5.6519591338582673
20
-5.3312920866141731
11
5.6519591338582673
21
-5.3100179527559055
0
LINE
8
BLACK
6
CONTINUOUS
10
5.6519591338582673
20
-5.3100179527559055
11
5.6512880314960627
21
-5.3093468503937009
0
LINE
8
BLACK
6
CONTINUOUS
10
5.6512880314960627
20
-5.3093468503937009
11
5.6485905511811021
21
-5.3079981102362206
0
LINE
8
BLACK
6
CONTINUOUS
10
5.6485905511811021
20
-5.3079981102362206
11
5.6443603543307086
21
-5.3079981102362206
0
LINE
8
BLACK
6
CONTINUOUS
10
5.6443603543307086
20
-5.3079981102362206
11
5.6421146062992129
21
-5.3091209448818892
0
LINE
8
BLACK
6
CONTINUOUS
10
5.6421146062992129
20
-5.3091209448818892
11
5.6409917716535434
21
-5.3113666929133858
0
LINE
8
BLACK
6
CONTINUOUS
10
5.6409917716535434
20
-5.3113666929133858
11
5.6409917716535434
21
-5.3312920866141731
0
LINE
8
BLACK
6
CONTINUOUS
10
5.6409917716535434
20
-5.3312920866141731
11
5.6409350393700786
21
-5.331868149606299
0
LINE
8
BLACK
6
CONTINUOUS
10
5.6409350393700786
20
-5.331868149606299
11
5.6404941338582679
21
-5.3329325590551182
0
LINE
8
BLACK
6
CONTINUOUS
10
5.6404941338582679
20
-5.3329325590551182
11
5.6396794881889765
21
-5.3337472047244097
0
LINE
8
BLACK
6
CONTINUOUS
10
5.6396794881889765
20
-5.3337472047244097
11
5.6386150787401572
21
-5.3341881102362203
0
LINE
8
BLACK
6
CONTINUOUS
10
5.6386150787401572
20
-5.3341881102362203
11
5.6374629527559055
21
-5.3341881102362203
0
LINE
8
BLACK
6
CONTINUOUS
10
5.6374629527559055
20
-5.3341881102362203
11
5.6363985433070862
21
-5.3337472047244097
0
LINE
8
BLACK
6
CONTINUOUS
10
5.6363985433070862
20
-5.3337472047244097
11
5.6355838976377948
21
-5.3329325590551182
0
LINE
8
BLACK
6
CONTINUOUS
10
5.6355838976377948
20
-5.3329325590551182
11
5.6351429921259841
21
-5.331868149606299
0
LINE
8
BLACK
6
CONTINUOUS
10
5.6351429921259841
20
-5.331868149606299
11
5.6350862598425193
21
-5.3312920866141731
0
LINE
8
BLACK
6
CONTINUOUS
10
5.6350862598425193
20
-5.3312920866141731
11
5.6350862598425193
21
-5.3106696456692912
0
LINE
8
BLACK
6
CONTINUOUS
10
5.6350862598425193
20
-5.3106696456692912
11
5.6351429921259841
21
-5.3100935826771654
0
LINE
8
BLACK
6
CONTINUOUS
10
5.6351429921259841
20
-5.3100935826771654
11
5.6351835826771648
21
-5.3099955511811023
0
LINE
8
BLACK
6
CONTINUOUS
10
5.6351835826771648
20
-5.3099955511811023
11
5.6351911023622048
21
-5.3098897637795277
0
LINE
8
BLACK
6
CONTINUOUS
10
5.6351911023622048
20
-5.3098897637795277
11
5.6353979921259842
21
-5.3093491338582677
0
LINE
8
BLACK
6
CONTINUOUS
10
5.6353979921259842
20
-5.3093491338582677
11
5.6372727559055118
21
-5.3055996062992126
0
LINE
8
BLACK
6
CONTINUOUS
10
5.6372727559055118
20
-5.3055996062992126
11
5.6373333858267713
21
-5.3055032283464563
0
LINE
8
BLACK
6
CONTINUOUS
10
5.6373333858267713
20
-5.3055032283464563
11
5.6373485433070867
21
-5.3054578346456696
0
LINE
8
BLACK
6
CONTINUOUS
10
5.6373485433070867
20
-5.3054578346456696
11
5.6373975590551177
21
-5.3054012598425198
0
LINE
8
BLACK
6
CONTINUOUS
10
5.6373975590551177
20
-5.3054012598425198
11
5.6375811023622049
21
-5.3051097244094487
0
LINE
8
BLACK
6
CONTINUOUS
10
5.6375811023622049
20
-5.3051097244094487
11
5.6378607874015749
21
-5.3048671259842521
0
LINE
8
BLACK
6
CONTINUOUS
10
5.6378607874015749
20
-5.3048671259842521
11
5.6381033858267715
21
-5.3045874409448821
0
LINE
8
BLACK
6
CONTINUOUS
10
5.6381033858267715
20
-5.3045874409448821
11
5.6383949212598425
21
-5.304403897637795
0
LINE
8
BLACK
6
CONTINUOUS
10
5.6383949212598425
20
-5.304403897637795
11
5.6384514960629923
21
-5.3043548818897639
0
LINE
8
BLACK
6
CONTINUOUS
10
5.6384514960629923
20
-5.3043548818897639
11
5.6384968897637791
21
-5.3043397244094486
0
LINE
8
BLACK
6
CONTINUOUS
10
5.6384968897637791
20
-5.3043397244094486
11
5.6385932677165354
21
-5.304279094488189
0
LINE
8
BLACK
6
CONTINUOUS
10
5.6385932677165354
20
-5.304279094488189
11
5.6423427952755905
21
-5.3024043307086615
0
LINE
8
BLACK
6
CONTINUOUS
10
5.6423427952755905
20
-5.3024043307086615
11
5.6428833858267717
21
-5.302197440944882
0
LINE
8
BLACK
6
CONTINUOUS
10
5.6428833858267717
20
-5.302197440944882
11
5.6429892519685039
21
-5.3021898818897633
0
LINE
8
BLACK
6
CONTINUOUS
10
5.6429892519685039
20
-5.3021898818897633
11
5.6430872440944881
21
-5.3021493307086613
0
LINE
8
BLACK
6
CONTINUOUS
10
5.6430872440944881
20
-5.3021493307086613
11
5.643663307086614
21
-5.3020925984251965
0
LINE
8
BLACK
6
CONTINUOUS
10
5.643663307086614
20
-5.3020925984251965
11
5.6492875984251967
21
-5.3020925984251965
0
LINE
8
BLACK
6
CONTINUOUS
10
5.6492875984251967
20
-5.3020925984251965
11
5.6498636614173225
21
-5.3021493307086613
0
LINE
8
BLACK
6
CONTINUOUS
10
5.6854842125984248
20
-5.3021493307086613
11
5.6855822047244091
21
-5.302189921259842
0
LINE
8
BLACK
6
CONTINUOUS
10
5.6855822047244091
20
-5.302189921259842
11
5.6856880314960625
21
-5.302197440944882
0
LINE
8
BLACK
6
CONTINUOUS
10
5.6856880314960625
20
-5.302197440944882
11
5.6862286614173225
21
-5.3024043307086615
0
LINE
8
BLACK
6
CONTINUOUS
10
5.6862286614173225
20
-5.3024043307086615
11
5.68812811023622
21
-5.3033540551181098
0
LINE
8
BLACK
6
CONTINUOUS
10
5.68812811023622
20
-5.3033540551181098
11
5.6888919685039365
21
-5.302590236220472
0
LINE
8
BLACK
6
CONTINUOUS
10
5.6888919685039365
20
-5.302590236220472
11
5.6899563779527558
21
-5.3021493307086613
0
LINE
8
BLACK
6
CONTINUOUS
10
5.6899563779527558
20
-5.3021493307086613
11
5.6911085039370075
21
-5.3021493307086613
0
LINE
8
BLACK
6
CONTINUOUS
10
5.6911085039370075
20
-5.3021493307086613
11
5.6921729133858268
21
-5.302590236220472
0
LINE
8
BLACK
6
CONTINUOUS
10
5.6921729133858268
20
-5.302590236220472
11
5.6929875590551182
21
-5.3034048818897634
0
LINE
8
BLACK
6
CONTINUOUS
10
5.6929875590551182
20
-5.3034048818897634
11
5.6934284645669289
21
-5.3044692913385827
0
LINE
8
BLACK
6
CONTINUOUS
10
5.6934284645669289
20
-5.3044692913385827
11
5.6934851968503937
21
-5.3050453543307086
0
LINE
8
BLACK
6
CONTINUOUS
10
5.6934851968503937
20
-5.3050453543307086
11
5.6934851968503937
21
-5.3312920866141731
0
LINE
8
BLACK
6
CONTINUOUS
10
5.6934851968503937
20
-5.3312920866141731
11
5.6934284645669289
21
-5.331868149606299
0
LINE
8
BLACK
6
CONTINUOUS
10
5.6934284645669289
20
-5.331868149606299
11
5.6929875590551182
21
-5.3329325590551182
0
LINE
8
BLACK
6
CONTINUOUS
10
5.6929875590551182
20
-5.3329325590551182
11
5.6921729133858268
21
-5.3337472047244097
0
LINE
8
BLACK
6
CONTINUOUS
10
5.6921729133858268
20
-5.3337472047244097
11
5.6911085039370075
21
-5.3341881102362203
0
LINE
8
BLACK
6
CONTINUOUS
10
5.6911085039370075
20
-5.3341881102362203
11
5.6899563779527558
21
-5.3341881102362203
0
LINE
8
BLACK
6
CONTINUOUS
10
5.6899563779527558
20
-5.3341881102362203
11
5.6888919685039365
21
-5.3337472047244097
0
LINE
8
BLACK
6
CONTINUOUS
10
5.6888919685039365
20
-5.3337472047244097
11
5.688077322834646
21
-5.3329325590551182
0
LINE
8
BLACK
6
CONTINUOUS
10
5.688077322834646
20
-5.3329325590551182
11
5.6876364173228344
21
-5.331868149606299
0
LINE
8
BLACK
6
CONTINUOUS
10
5.6876364173228344
20
-5.331868149606299
11
5.6875796850393696
21
-5.3312920866141731
0
LINE
8
BLACK
6
CONTINUOUS
10
5.6875796850393696
20
-5.3312920866141731
11
5.6875796850393696
21
-5.3100179527559055
0
LINE
8
BLACK
6
CONTINUOUS
10
5.6875796850393696
20
-5.3100179527559055
11
5.686908582677165
21
-5.3093468503937009
0
LINE
8
BLACK
6
CONTINUOUS
10
5.686908582677165
20
-5.3093468503937009
11
5.6842111023622044
21
-5.3079981102362206
0
LINE
8
BLACK
6
CONTINUOUS
10
5.6842111023622044
20
-5.3079981102362206
11
5.6799809055118109
21
-5.3079981102362206
0
LINE
8
BLACK
6
CONTINUOUS
10
5.6799809055118109
20
-5.3079981102362206
11
5.6777351574803152
21
-5.3091209448818892
0
LINE
8
BLACK
6
CONTINUOUS
10
5.6777351574803152
20
-5.3091209448818892
11
5.6766123228346457
21
-5.3113666929133858
0
LINE
8
BLACK
6
CONTINUOUS
10
5.6766123228346457
20
-5.3113666929133858
11
5.6766123228346457
21
-5.3312920866141731
0
LINE
8
BLACK
6
CONTINUOUS
10
5.6766123228346457
20
-5.3312920866141731
11
5.6765555905511809
21
-5.331868149606299
0
LINE
8
BLACK
6
CONTINUOUS
10
5.6765555905511809
20
-5.331868149606299
11
5.6761146850393702
21
-5.3329325590551182
0
LINE
8
BLACK
6
CONTINUOUS
10
5.6761146850393702
20
-5.3329325590551182
11
5.6753000393700788
21
-5.3337472047244097
0
LINE
8
BLACK
6
CONTINUOUS
10
5.6753000393700788
20
-5.3337472047244097
11
5.6742356299212595
21
-5.3341881102362203
0
LINE
8
BLACK
6
CONTINUOUS
10
5.6742356299212595
20
-5.3341881102362203
11
5.6730835039370078
21
-5.3341881102362203
0
LINE
8
BLACK
6
CONTINUOUS
10
5.6730835039370078
20
-5.3341881102362203
11
5.6720190944881885
21
-5.3337472047244097
0
LINE
8
BLACK
6
CONTINUOUS
10
5.6720190944881885
20
-5.3337472047244097
11
5.6712044488188971
21
-5.3329325590551182
0
LINE
8
BLACK
6
CONTINUOUS
10
5.6712044488188971
20
-5.3329325590551182
11
5.6707635433070864
21
-5.331868149606299
0
LINE
8
BLACK
6
CONTINUOUS
10
5.6707635433070864
20
-5.331868149606299
11
5.6707068110236216
21
-5.3312920866141731
0
LINE
8
BLACK
6
CONTINUOUS
10
5.6707068110236216
20
-5.3312920866141731
11
5.6707068110236216
21
-5.3106696456692912
0
LINE
8
BLACK
6
CONTINUOUS
10
5.6707068110236216
20
-5.3106696456692912
11
5.6707635433070864
21
-5.3100935826771654
0
LINE
8
BLACK
6
CONTINUOUS
10
5.6707635433070864
20
-5.3100935826771654
11
5.670804133858268
21
-5.3099955511811023
0
LINE
8
BLACK
6
CONTINUOUS
10
5.670804133858268
20
-5.3099955511811023
11
5.6708116535433071
21
-5.3098897637795277
0
LINE
8
BLACK
6
CONTINUOUS
10
5.6708116535433071
20
-5.3098897637795277
11
5.6710185433070865
21
-5.3093491338582677
0
LINE
8
BLACK
6
CONTINUOUS
10
5.6710185433070865
20
-5.3093491338582677
11
5.6728933070866141
21
-5.3055996062992126
0
LINE
8
BLACK
6
CONTINUOUS
10
5.6728933070866141
20
-5.3055996062992126
11
5.6729539370078736
21
-5.3055032283464563
0
LINE
8
BLACK
6
CONTINUOUS
10
5.6729539370078736
20
-5.3055032283464563
11
5.672969094488189
21
-5.3054578346456696
0
LINE
8
BLACK
6
CONTINUOUS
10
5.672969094488189
20
-5.3054578346456696
11
5.67301811023622
21
-5.3054012598425198
0
LINE
8
BLACK
6
CONTINUOUS
10
5.67301811023622
20
-5.3054012598425198
11
5.6732016535433072
21
-5.3051097244094487
0
LINE
8
BLACK
6
CONTINUOUS
10
5.6732016535433072
20
-5.3051097244094487
11
5.6734813385826772
21
-5.3048671259842521
0
LINE
8
BLACK
6
CONTINUOUS
10
5.6734813385826772
20
-5.3048671259842521
11
5.6737239370078738
21
-5.3045874409448821
0
LINE
8
BLACK
6
CONTINUOUS
10
5.6737239370078738
20
-5.3045874409448821
11
5.6740154724409448
21
-5.304403897637795
0
LINE
8
BLACK
6
CONTINUOUS
10
5.6740154724409448
20
-5.304403897637795
11
5.6740720472440946
21
-5.3043548818897639
0
LINE
8
BLACK
6
CONTINUOUS
10
5.6740720472440946
20
-5.3043548818897639
11
5.6741174409448814
21
-5.3043397244094486
0
LINE
8
BLACK
6
CONTINUOUS
10
5.6741174409448814
20
-5.3043397244094486
11
5.6742138188976377
21
-5.304279094488189
0
LINE
8
BLACK
6
CONTINUOUS
10
5.6742138188976377
20
-5.304279094488189
11
5.6779633464566928
21
-5.3024043307086615
0
LINE
8
BLACK
6
CONTINUOUS
10
5.6779633464566928
20
-5.3024043307086615
11
5.678503937007874
21
-5.302197440944882
0
LINE
8
BLACK
6
CONTINUOUS
10
5.678503937007874
20
-5.302197440944882
11
5.6786098031496062
21
-5.3021898818897633
0
LINE
8
BLACK
6
CONTINUOUS
10
5.6786098031496062
20
-5.3021898818897633
11
5.6787077952755904
21
-5.3021493307086613
0
LINE
8
BLACK
6
CONTINUOUS
10
5.6787077952755904
20
-5.3021493307086613
11
5.6792838582677163
21
-5.3020925984251965
0
LINE
8
BLACK
6
CONTINUOUS
10
5.6792838582677163
20
-5.3020925984251965
11
5.684908149606299
21
-5.3020925984251965
0
LINE
8
BLACK
6
CONTINUOUS
10
5.684908149606299
20
-5.3020925984251965
11
5.6854842125984248
21
-5.3021493307086613
0
LINE
8
BLACK
6
CONTINUOUS
10
5.4326906299212601
20
-5.0205866535433072
11
5.433721141732283
21
-5.0211019291338586
0
LINE
8
BLACK
6
CONTINUOUS
10
5.433721141732283
20
-5.0211019291338586
11
5.4344759842519688
21
-5.0219722834645673
0
LINE
8
BLACK
6
CONTINUOUS
10
5.4344759842519688
20
-5.0219722834645673
11
5.4348403149606295
21
-5.0230652755905512
0
LINE
8
BLACK
6
CONTINUOUS
10
5.4348403149606295
20
-5.0230652755905512
11
5.4347586614173231
21
-5.0242144881889761
0
LINE
8
BLACK
6
CONTINUOUS
10
5.4347586614173231
20
-5.0242144881889761
11
5.4345517716535428
21
-5.0247550787401574
0
LINE
8
BLACK
6
CONTINUOUS
10
5.4345517716535428
20
-5.0247550787401574
11
5.4326770078740152
21
-5.0285046062992125
0
LINE
8
BLACK
6
CONTINUOUS
10
5.4326770078740152
20
-5.0285046062992125
11
5.4325209842519682
21
-5.0287524015748026
0
LINE
8
BLACK
6
CONTINUOUS
10
5.4325209842519682
20
-5.0287524015748026
11
5.4324911417322834
21
-5.028824566929134
0
LINE
8
BLACK
6
CONTINUOUS
10
5.4324911417322834
20
-5.028824566929134
11
5.4324245275590552
21
-5.0289057086614175
0
LINE
8
BLACK
6
CONTINUOUS
10
5.4324245275590552
20
-5.0289057086614175
11
5.432368661417323
21
-5.0289944881889763
0
LINE
8
BLACK
6
CONTINUOUS
10
5.432368661417323
20
-5.0289944881889763
11
5.4323097244094489
21
-5.0290455905511813
0
LINE
8
BLACK
6
CONTINUOUS
10
5.4323097244094489
20
-5.0290455905511813
11
5.432123897637795
21
-5.0292720078740158
0
LINE
8
BLACK
6
CONTINUOUS
10
5.432123897637795
20
-5.0292720078740158
11
5.4296655118110237
21
-5.0317303937007871
0
LINE
8
BLACK
6
CONTINUOUS
10
5.4296655118110237
20
-5.0317303937007871
11
5.4570794881889766
21
-5.0317303937007871
0
LINE
8
BLACK
6
CONTINUOUS
10
5.4570794881889766
20
-5.0317303937007871
11
5.4570794881889766
21
-5.0234345669291338
0
LINE
8
BLACK
6
CONTINUOUS
10
5.4570794881889766
20
-5.0234345669291338
11
5.4571362204724405
21
-5.0228585039370079
0
LINE
8
BLACK
6
CONTINUOUS
10
5.4571362204724405
20
-5.0228585039370079
11
5.457577125984252
21
-5.0217940944881887
0
LINE
8
BLACK
6
CONTINUOUS
10
5.457577125984252
20
-5.0217940944881887
11
5.4583917716535435
21
-5.0209794488188972
0
LINE
8
BLACK
6
CONTINUOUS
10
5.4583917716535435
20
-5.0209794488188972
11
5.4594561811023619
21
-5.0205385433070866
0
LINE
8
BLACK
6
CONTINUOUS
10
5.4594561811023619
20
-5.0205385433070866
11
5.4606083070866145
21
-5.0205385433070866
0
LINE
8
BLACK
6
CONTINUOUS
10
5.4606083070866145
20
-5.0205385433070866
11
5.4616727165354328
21
-5.0209794488188972
0
LINE
8
BLACK
6
CONTINUOUS
10
5.4616727165354328
20
-5.0209794488188972
11
5.4624873622047243
21
-5.0217940944881887
0
LINE
8
BLACK
6
CONTINUOUS
10
5.4624873622047243
20
-5.0217940944881887
11
5.4629282677165349
21
-5.0228585039370079
0
LINE
8
BLACK
6
CONTINUOUS
10
5.4629282677165349
20
-5.0228585039370079
11
5.4629849999999998
21
-5.0234345669291338
0
LINE
8
BLACK
6
CONTINUOUS
10
5.4629849999999998
20
-5.0234345669291338
11
5.4629849999999998
21
-5.0459317322834645
0
LINE
8
BLACK
6
CONTINUOUS
10
5.4629849999999998
20
-5.0459317322834645
11
5.4629282677165349
21
-5.0465077952755903
0
LINE
8
BLACK
6
CONTINUOUS
10
5.4629282677165349
20
-5.0465077952755903
11
5.4624873622047243
21
-5.0475722047244096
0
LINE
8
BLACK
6
CONTINUOUS
10
5.4624873622047243
20
-5.0475722047244096
11
5.4616727165354328
21
-5.0483868503937011
0
LINE
8
BLACK
6
CONTINUOUS
10
5.4616727165354328
20
-5.0483868503937011
11
5.4606083070866145
21
-5.0488277559055117
0
LINE
8
BLACK
6
CONTINUOUS
10
5.4606083070866145
20
-5.0488277559055117
11
5.4594561811023619
21
-5.0488277559055117
0
LINE
8
BLACK
6
CONTINUOUS
10
5.4594561811023619
20
-5.0488277559055117
11
5.4583917716535435
21
-5.0483868503937011
0
LINE
8
BLACK
6
CONTINUOUS
10
5.4583917716535435
20
-5.0483868503937011
11
5.457577125984252
21
-5.0475722047244096
0
LINE
8
BLACK
6
CONTINUOUS
10
5.457577125984252
20
-5.0475722047244096
11
5.4571362204724405
21
-5.0465077952755903
0
LINE
8
BLACK
6
CONTINUOUS
10
5.4571362204724405
20
-5.0465077952755903
11
5.4570794881889766
21
-5.0459317322834645
0
LINE
8
BLACK
6
CONTINUOUS
10
5.4570794881889766
20
-5.0459317322834645
11
5.4570794881889766
21
-5.0376359055118112
0
LINE
8
BLACK
6
CONTINUOUS
10
5.4570794881889766
20
-5.0376359055118112
11
5.4206621653543303
21
-5.0376359055118112
0
LINE
8
BLACK
6
CONTINUOUS
10
5.4206621653543303
20
-5.0376359055118112
11
5.4206600787401573
21
-5.0376356692913387
0
LINE
8
BLACK
6
CONTINUOUS
10
5.4206600787401573
20
-5.0376356692913387
11
5.4206590551181097
21
-5.0376359055118112
0
LINE
8
BLACK
6
CONTINUOUS
10
5.4206590551181097
20
-5.0376359055118112
11
5.4206560236220467
21
-5.0376352755905511
0
LINE
8
BLACK
6
CONTINUOUS
10
5.4206560236220467
20
-5.0376352755905511
11
5.4200861023622044
21
-5.0375791732283464
0
LINE
8
BLACK
6
CONTINUOUS
10
5.4200861023622044
20
-5.0375791732283464
11
5.4198159842519686
21
-5.0374672834645668
0
LINE
8
BLACK
6
CONTINUOUS
10
5.4198159842519686
20
-5.0374672834645668
11
5.4195293700787399
21
-5.0374099606299207
0
LINE
8
BLACK
6
CONTINUOUS
10
5.4195293700787399
20
-5.0374099606299207
11
5.4192889763779526
21
-5.0372489763779527
0
LINE
8
BLACK
6
CONTINUOUS
10
5.4192889763779526
20
-5.0372489763779527
11
5.4190216929133861
21
-5.0371382677165357
0
LINE
8
BLACK
6
CONTINUOUS
10
5.4190216929133861
20
-5.0371382677165357
11
5.4188149606299207
21
-5.0369315354330704
0
LINE
8
BLACK
6
CONTINUOUS
10
5.4188149606299207
20
-5.0369315354330704
11
5.4185720866141729
21
-5.0367688976377956
0
LINE
8
BLACK
6
CONTINUOUS
10
5.4185720866141729
20
-5.0367688976377956
11
5.4184115748031498
21
-5.0365281496062995
0
LINE
8
BLACK
6
CONTINUOUS
10
5.4184115748031498
20
-5.0365281496062995
11
5.4182070472440946
21
-5.0363236220472443
0
LINE
8
BLACK
6
CONTINUOUS
10
5.4182070472440946
20
-5.0363236220472443
11
5.4180951574803151
21
-5.0360535039370076
0
LINE
8
BLACK
6
CONTINUOUS
10
5.4180951574803151
20
-5.0360535039370076
11
5.4179329921259844
21
-5.0358102755905509
0
LINE
8
BLACK
6
CONTINUOUS
10
5.4179329921259844
20
-5.0358102755905509
11
5.4178768503937009
21
-5.0355264566929137
0
LINE
8
BLACK
6
CONTINUOUS
10
5.4178768503937009
20
-5.0355264566929137
11
5.4177661417322831
21
-5.035259212598425
0
LINE
8
BLACK
6
CONTINUOUS
10
5.4177661417322831
20
-5.035259212598425
11
5.4177661417322831
21
-5.0349668110236223
0
LINE
8
BLACK
6
CONTINUOUS
10
5.4177661417322831
20
-5.0349668110236223
11
5.4177094094488192
21
-5.0346800393700786
0
LINE
8
BLACK
6
CONTINUOUS
10
5.4177094094488192
20
-5.0346800393700786
11
5.4177661417322831
21
-5.0343963779527554
0
LINE
8
BLACK
6
CONTINUOUS
10
5.4177661417322831
20
-5.0343963779527554
11
5.4177661417322831
21
-5.0341070866141733
0
LINE
8
BLACK
6
CONTINUOUS
10
5.4177661417322831
20
-5.0341070866141733
11
5.4178779921259839
21
-5.0338369685039366
0
LINE
8
BLACK
6
CONTINUOUS
10
5.4178779921259839
20
-5.0338369685039366
11
5.4179353543307087
21
-5.0335503543307087
0
LINE
8
BLACK
6
CONTINUOUS
10
5.4179353543307087
20
-5.0335503543307087
11
5.4180962992125981
21
-5.0333099606299214
0
LINE
8
BLACK
6
CONTINUOUS
10
5.4180962992125981
20
-5.0333099606299214
11
5.4182070472440946
21
-5.033042677165354
0
LINE
8
BLACK
6
CONTINUOUS
10
5.4182070472440946
20
-5.033042677165354
11
5.4184137401574803
21
-5.0328359448818896
0
LINE
8
BLACK
6
CONTINUOUS
10
5.4184137401574803
20
-5.0328359448818896
11
5.4185764173228348
21
-5.0325930708661417
0
LINE
8
BLACK
6
CONTINUOUS
10
5.4185764173228348
20
-5.0325930708661417
11
5.419019645669291
21
-5.032230039370079
0
LINE
8
BLACK
6
CONTINUOUS
10
5.419019645669291
20
-5.032230039370079
11
5.4190216929133861
21
-5.0322280314960626
0
LINE
8
BLACK
6
CONTINUOUS
10
5.4190216929133861
20
-5.0322280314960626
11
5.4190225590551178
21
-5.032227637795275
0
LINE
8
BLACK
6
CONTINUOUS
10
5.4190225590551178
20
-5.032227637795275
11
5.4190242519685041
21
-5.0322262992125983
0
LINE
8
BLACK
6
CONTINUOUS
10
5.4190242519685041
20
-5.0322262992125983
11
5.4244052755905514
21
-5.0286389370078739
0
LINE
8
BLACK
6
CONTINUOUS
10
5.4244052755905514
20
-5.0286389370078739
11
5.4276092519685042
21
-5.0254349999999999
0
LINE
8
BLACK
6
CONTINUOUS
10
5.4276092519685042
20
-5.0254349999999999
11
5.4292697244094485
21
-5.0221140551181103
0
LINE
8
BLACK
6
CONTINUOUS
10
5.4292697244094485
20
-5.0221140551181103
11
5.4295780708661416
21
-5.0216241732283464
0
LINE
8
BLACK
6
CONTINUOUS
10
5.4295780708661416
20
-5.0216241732283464
11
5.4304484645669291
21
-5.0208693307086616
0
LINE
8
BLACK
6
CONTINUOUS
10
5.4304484645669291
20
-5.0208693307086616
11
5.4315414173228342
21
-5.020505
0
LINE
8
BLACK
6
CONTINUOUS
10
5.4315414173228342
20
-5.020505
11
5.4326906299212601
21
-5.0205866535433072
0
LINE
8
BLACK
6
CONTINUOUS
10
5.4616727165354328
20
-4.98910842519685
11
5.4624873622047243
21
-4.9899230708661415
0
LINE
8
BLACK
6
CONTINUOUS
10
5.4624873622047243
20
-4.9899230708661415
11
5.4629282677165349
21
-4.9909874803149608
0
LINE
8
BLACK
6
CONTINUOUS
10
5.4629282677165349
20
-4.9909874803149608
11
5.4629849999999998
21
-4.9915635433070866
0
LINE
8
BLACK
6
CONTINUOUS
10
5.4629849999999998
20
-4.9915635433070866
11
5.4629849999999998
21
-4.9953130708661417
0
LINE
8
BLACK
6
CONTINUOUS
10
5.4629849999999998
20
-4.9953130708661417
11
5.4629562598425192
21
-4.9956046456692915
0
LINE
8
BLACK
6
CONTINUOUS
10
5.4629562598425192
20
-4.9956046456692915
11
5.4629618110236216
21
-4.9956824015748031
0
LINE
8
BLACK
6
CONTINUOUS
10
5.4629618110236216
20
-4.9956824015748031
11
5.4629385433070867
21
-4.9957846456692909
0
LINE
8
BLACK
6
CONTINUOUS
10
5.4629385433070867
20
-4.9957846456692909
11
5.4629282677165349
21
-4.9958891338582676
0
LINE
8
BLACK
6
CONTINUOUS
10
5.4629282677165349
20
-4.9958891338582676
11
5.4628983858267715
21
-4.9959611811023619
0
LINE
8
BLACK
6
CONTINUOUS
10
5.4628983858267715
20
-4.9959611811023619
11
5.4628334645669288
21
-4.9962468503937005
0
LINE
8
BLACK
6
CONTINUOUS
10
5.4628334645669288
20
-4.9962468503937005
11
5.4609587007874012
21
-5.0018711023622044
0
LINE
8
BLACK
6
CONTINUOUS
10
5.4609587007874012
20
-5.0018711023622044
11
5.4607227165354333
21
-5.0023996850393697
0
LINE
8
BLACK
6
CONTINUOUS
10
5.4607227165354333
20
-5.0023996850393697
11
5.4606532283464562
21
-5.0024797637795277
0
LINE
8
BLACK
6
CONTINUOUS
10
5.4606532283464562
20
-5.0024797637795277
11
5.4606126377952755
21
-5.0025778346456695
0
LINE
8
BLACK
6
CONTINUOUS
10
5.4606126377952755
20
-5.0025778346456695
11
5.4602453937007871
21
-5.0030252755905513
0
LINE
8
BLACK
6
CONTINUOUS
10
5.4602453937007871
20
-5.0030252755905513
11
5.4564958267716532
21
-5.0067748031496064
0
LINE
8
BLACK
6
CONTINUOUS
10
5.4564958267716532
20
-5.0067748031496064
11
5.4560483464566927
21
-5.007142047244094
0
LINE
8
BLACK
6
CONTINUOUS
10
5.4560483464566927
20
-5.007142047244094
11
5.4559502755905509
21
-5.0071826377952755
0
LINE
8
BLACK
6
CONTINUOUS
10
5.4559502755905509
20
-5.0071826377952755
11
5.4558701968503938
21
-5.0072521259842517
0
LINE
8
BLACK
6
CONTINUOUS
10
5.4558701968503938
20
-5.0072521259842517
11
5.4553416535433072
21
-5.0074881102362205
0
LINE
8
BLACK
6
CONTINUOUS
10
5.4553416535433072
20
-5.0074881102362205
11
5.4497173622047246
21
-5.0093628740157481
0
LINE
8
BLACK
6
CONTINUOUS
10
5.4497173622047246
20
-5.0093628740157481
11
5.4494317716535434
21
-5.0094277952755908
0
LINE
8
BLACK
6
CONTINUOUS
10
5.4494317716535434
20
-5.0094277952755908
11
5.4493596850393695
21
-5.0094576771653543
0
LINE
8
BLACK
6
CONTINUOUS
10
5.4493596850393695
20
-5.0094576771653543
11
5.449255157480315
21
-5.0094679527559052
0
LINE
8
BLACK
6
CONTINUOUS
10
5.449255157480315
20
-5.0094679527559052
11
5.4491529133858263
21
-5.0094912204724409
0
LINE
8
BLACK
6
CONTINUOUS
10
5.4491529133858263
20
-5.0094912204724409
11
5.4490751574803147
21
-5.0094856692913385
0
LINE
8
BLACK
6
CONTINUOUS
10
5.4490751574803147
20
-5.0094856692913385
11
5.4487836220472436
21
-5.0095144094488191
0
LINE
8
BLACK
6
CONTINUOUS
10
5.4487836220472436
20
-5.0095144094488191
11
5.4206621653543303
21
-5.0095144094488191
0
LINE
8
BLACK
6
CONTINUOUS
10
5.4206621653543303
20
-5.0095144094488191
11
5.4200861023622044
21
-5.0094576771653543
0
LINE
8
BLACK
6
CONTINUOUS
10
5.4200861023622044
20
-5.0094576771653543
11
5.4190216929133861
21
-5.0090167716535428
0
LINE
8
BLACK
6
CONTINUOUS
10
5.4190216929133861
20
-5.0090167716535428
11
5.4182070472440946
21
-5.0082021259842522
0
LINE
8
BLACK
6
CONTINUOUS
10
5.4182070472440946
20
-5.0082021259842522
11
5.4177661417322831
21
-5.0071377165354329
0
LINE
8
BLACK
6
CONTINUOUS
10
5.4177661417322831
20
-5.0071377165354329
11
5.4177661417322831
21
-5.0059855905511812
0
LINE
8
BLACK
6
CONTINUOUS
10
5.4177661417322831
20
-5.0059855905511812
11
5.4182070472440946
21
-5.0049211811023619
0
LINE
8
BLACK
6
CONTINUOUS
10
5.4182070472440946
20
-5.0049211811023619
11
5.4190216929133861
21
-5.0041065354330705
0
LINE
8
BLACK
6
CONTINUOUS
10
5.4190216929133861
20
-5.0041065354330705
11
5.4200861023622044
21
-5.0036656299212598
0
LINE
8
BLACK
6
CONTINUOUS
10
5.4200861023622044
20
-5.0036656299212598
11
5.4206621653543303
21
-5.003608897637795
0
LINE
8
BLACK
6
CONTINUOUS
10
5.4206621653543303
20
-5.003608897637795
11
5.4483044881889766
21
-5.003608897637795
0
LINE
8
BLACK
6
CONTINUOUS
10
5.4483044881889766
20
-5.003608897637795
11
5.4528128740157475
21
-5.0021060629921257
0
LINE
8
BLACK
6
CONTINUOUS
10
5.4528128740157475
20
-5.0021060629921257
11
5.455576692913386
21
-4.9993422834645669
0
LINE
8
BLACK
6
CONTINUOUS
10
5.455576692913386
20
-4.9993422834645669
11
5.4570794881889766
21
-4.9948339370078738
0
LINE
8
BLACK
6
CONTINUOUS
10
5.4570794881889766
20
-4.9948339370078738
11
5.4570794881889766
21
-4.9915635433070866
0
LINE
8
BLACK
6
CONTINUOUS
10
5.4570794881889766
20
-4.9915635433070866
11
5.4571362204724405
21
-4.9909874803149608
0
LINE
8
BLACK
6
CONTINUOUS
10
5.4571362204724405
20
-4.9909874803149608
11
5.457577125984252
21
-4.9899230708661415
0
LINE
8
BLACK
6
CONTINUOUS
10
5.457577125984252
20
-4.9899230708661415
11
5.4583917716535435
21
-4.98910842519685
0
LINE
8
BLACK
6
CONTINUOUS
10
5.4583917716535435
20
-4.98910842519685
11
5.4594561811023619
21
-4.9886675196850394
0
LINE
8
BLACK
6
CONTINUOUS
10
5.4594561811023619
20
-4.9886675196850394
11
5.4606083070866145
21
-4.9886675196850394
0
LINE
8
BLACK
6
CONTINUOUS
10
5.4606083070866145
20
-4.9886675196850394
11
5.4616727165354328
21
-4.98910842519685
0
LINE
8
BLACK
6
CONTINUOUS
10
5.4928792913385829
20
-4.7678663779527559
11
5.4935179133858263
21
-4.76829311023622
0
LINE
8
BLACK
6
CONTINUOUS
10
5.4935179133858263
20
-4.76829311023622
11
5.543517913385827
21
-4.8182931102362208
0
LINE
8
BLACK
6
CONTINUOUS
10
5.543517913385827
20
-4.8182931102362208
11
5.5439446456692911
21
-4.8189317322834642
0
LINE
8
BLACK
6
CONTINUOUS
10
5.5439446456692911
20
-4.8189317322834642
11
5.5440944881889767
21
-4.8196850393700785
0
LINE
8
BLACK
6
CONTINUOUS
10
5.5440944881889767
20
-4.8196850393700785
11
5.5440944881889767
21
-5.2696850393700787
0
LINE
8
BLACK
6
CONTINUOUS
10
5.5440944881889767
20
-5.2696850393700787
11
5.5439446456692911
21
-5.2704383464566931
0
LINE
8
BLACK
6
CONTINUOUS
10
5.5439446456692911
20
-5.2704383464566931
11
5.5428792913385827
21
-5.2715037007874015
0
LINE
8
BLACK
6
CONTINUOUS
10
5.5428792913385827
20
-5.2715037007874015
11
5.5421259842519683
21
-5.2716535433070861
0
LINE
8
BLACK
6
CONTINUOUS
10
5.5421259842519683
20
-5.2716535433070861
11
5.3421259842519682
21
-5.2716535433070861
0
LINE
8
BLACK
6
CONTINUOUS
10
5.3421259842519682
20
-5.2716535433070861
11
5.3413726771653538
21
-5.2715037007874015
0
LINE
8
BLACK
6
CONTINUOUS
10
5.3413726771653538
20
-5.2715037007874015
11
5.3403073228346454
21
-5.2704383464566931
0
LINE
8
BLACK
6
CONTINUOUS
10
5.3403073228346454
20
-5.2704383464566931
11
5.3401574803149607
21
-5.2696850393700787
0
LINE
8
BLACK
6
CONTINUOUS
10
5.3401574803149607
20
-5.2696850393700787
11
5.3401574803149607
21
-4.7696850393700787
0
LINE
8
BLACK
6
CONTINUOUS
10
5.3401574803149607
20
-4.7696850393700787
11
5.3403073228346454
21
-4.7689317322834643
0
LINE
8
BLACK
6
CONTINUOUS
10
5.3403073228346454
20
-4.7689317322834643
11
5.3413726771653538
21
-4.7678663779527559
0
LINE
8
BLACK
6
CONTINUOUS
10
5.3413726771653538
20
-4.7678663779527559
11
5.3421259842519682
21
-4.7677165354330704
0
LINE
8
BLACK
6
CONTINUOUS
10
5.3421259842519682
20
-4.7677165354330704
11
5.4921259842519685
21
-4.7677165354330704
0
LINE
8
BLACK
6
CONTINUOUS
10
5.4921259842519685
20
-4.7677165354330704
11
5.4928792913385829
21
-4.7678663779527559
0
LINE
8
BLACK
6
CONTINUOUS
10
5.3440944881889765
20
-4.7716535433070861
11
5.3440944881889765
21
-5.2677165354330704
0
LINE
8
BLACK
6
CONTINUOUS
10
5.3440944881889765
20
-5.2677165354330704
11
5.5401574803149609
21
-5.2677165354330704
0
LINE
8
BLACK
6
CONTINUOUS
10
5.5401574803149609
20
-5.2677165354330704
11
5.5401574803149609
21
-4.8205003937007875
0
LINE
8
BLACK
6
CONTINUOUS
10
5.5401574803149609
20
-4.8205003937007875
11
5.4913106299212595
21
-4.7716535433070861
0
LINE
8
BLACK
6
CONTINUOUS
10
5.4913106299212595
20
-4.7716535433070861
11
5.3440944881889765
21
-4.7716535433070861
0
LINE
8
BLACK
6
CONTINUOUS
10
5.3745917716535434
20
-4.5976874015748033
11
5.3746897637795277
21
-4.5977279921259839
0
LINE
8
BLACK
6
CONTINUOUS
10
5.3746897637795277
20
-4.5977279921259839
11
5.3747955905511811
21
-4.5977355118110239
0
LINE
8
BLACK
6
CONTINUOUS
10
5.3747955905511811
20
-4.5977355118110239
11
5.3753362204724411
21
-4.5979424015748034
0
LINE
8
BLACK
6
CONTINUOUS
10
5.3753362204724411
20
-4.5979424015748034
11
5.3790857480314962
21
-4.5998171653543309
0
LINE
8
BLACK
6
CONTINUOUS
10
5.3790857480314962
20
-4.5998171653543309
11
5.3793337401574801
21
-4.5999732283464567
0
LINE
8
BLACK
6
CONTINUOUS
10
5.3793337401574801
20
-4.5999732283464567
11
5.3794057086614169
21
-4.6000030708661415
0
LINE
8
BLACK
6
CONTINUOUS
10
5.3794057086614169
20
-4.6000030708661415
11
5.3794866535433066
21
-4.6000695275590546
0
LINE
8
BLACK
6
CONTINUOUS
10
5.3794866535433066
20
-4.6000695275590546
11
5.37957562992126
21
-4.6001255118110231
0
LINE
8
BLACK
6
CONTINUOUS
10
5.37957562992126
20
-4.6001255118110231
11
5.3796267716535429
21
-4.600184488188976
0
LINE
8
BLACK
6
CONTINUOUS
10
5.3796267716535429
20
-4.600184488188976
11
5.3798531496062987
21
-4.6003702755905511
0
LINE
8
BLACK
6
CONTINUOUS
10
5.3798531496062987
20
-4.6003702755905511
11
5.3817279133858262
21
-4.6022450393700787
0
LINE
8
BLACK
6
CONTINUOUS
10
5.3817279133858262
20
-4.6022450393700787
11
5.3819136614173226
21
-4.6024713779527557
0
LINE
8
BLACK
6
CONTINUOUS
10
5.3819136614173226
20
-4.6024713779527557
11
5.3819726771653542
21
-4.6025225590551182
0
LINE
8
BLACK
6
CONTINUOUS
10
5.3819726771653542
20
-4.6025225590551182
11
5.382028622047244
21
-4.602611496062992
0
LINE
8
BLACK
6
CONTINUOUS
10
5.382028622047244
20
-4.602611496062992
11
5.3820951181102359
21
-4.6026924803149605
0
LINE
8
BLACK
6
CONTINUOUS
10
5.3820951181102359
20
-4.6026924803149605
11
5.3821249212598428
21
-4.6027644094488185
0
LINE
8
BLACK
6
CONTINUOUS
10
5.3821249212598428
20
-4.6027644094488185
11
5.3822810236220473
21
-4.603012440944882
0
LINE
8
BLACK
6
CONTINUOUS
10
5.3822810236220473
20
-4.603012440944882
11
5.3841557874015749
21
-4.6067619685039372
0
LINE
8
BLACK
6
CONTINUOUS
10
5.3841557874015749
20
-4.6067619685039372
11
5.3843626771653543
21
-4.6073025590551184
0
LINE
8
BLACK
6
CONTINUOUS
10
5.3843626771653543
20
-4.6073025590551184
11
5.3843701968503934
21
-4.6074084251968506
0
LINE
8
BLACK
6
CONTINUOUS
10
5.3843701968503934
20
-4.6074084251968506
11
5.384410787401575
21
-4.6075064173228348
0
LINE
8
BLACK
6
CONTINUOUS
10
5.384410787401575
20
-4.6075064173228348
11
5.3844675196850389
21
-4.6080824803149607
0
LINE
8
BLACK
6
CONTINUOUS
10
5.3844675196850389
20
-4.6080824803149607
11
5.3844675196850389
21
-4.6118320078740158
0
LINE
8
BLACK
6
CONTINUOUS
10
5.3844675196850389
20
-4.6118320078740158
11
5.384410787401575
21
-4.6124080708661417
0
LINE
8
BLACK
6
CONTINUOUS
10
5.384410787401575
20
-4.6124080708661417
11
5.3843701968503934
21
-4.6125060236220472
0
LINE
8
BLACK
6
CONTINUOUS
10
5.3843701968503934
20
-4.6125060236220472
11
5.3843626771653543
21
-4.6126119291338581
0
LINE
8
BLACK
6
CONTINUOUS
10
5.3843626771653543
20
-4.6126119291338581
11
5.3841557874015749
21
-4.6131525196850394
0
LINE
8
BLACK
6
CONTINUOUS
10
5.3841557874015749
20
-4.6131525196850394
11
5.3822810236220473
21
-4.6169020472440945
0
LINE
8
BLACK
6
CONTINUOUS
10
5.3822810236220473
20
-4.6169020472440945
11
5.3821249212598428
21
-4.6171500393700784
0
LINE
8
BLACK
6
CONTINUOUS
10
5.3821249212598428
20
-4.6171500393700784
11
5.3820951181102359
21
-4.617222007874016
0
LINE
8
BLACK
6
CONTINUOUS
10
5.3820951181102359
20
-4.617222007874016
11
5.382028622047244
21
-4.6173029527559057
0
LINE
8
BLACK
6
CONTINUOUS
10
5.382028622047244
20
-4.6173029527559057
11
5.3819726771653542
21
-4.6173919291338583
0
LINE
8
BLACK
6
CONTINUOUS
10
5.3819726771653542
20
-4.6173919291338583
11
5.3819136614173226
21
-4.617443070866142
0
LINE
8
BLACK
6
CONTINUOUS
10
5.3819136614173226
20
-4.617443070866142
11
5.3817279133858262
21
-4.6176694488188978
0
LINE
8
BLACK
6
CONTINUOUS
10
5.3817279133858262
20
-4.6176694488188978
11
5.3798531496062987
21
-4.6195442125984254
0
LINE
8
BLACK
6
CONTINUOUS
10
5.3798531496062987
20
-4.6195442125984254
11
5.3796267716535429
21
-4.6197299606299209
0
LINE
8
BLACK
6
CONTINUOUS
10
5.3796267716535429
20
-4.6197299606299209
11
5.37957562992126
21
-4.6197889763779525
0
LINE
8
BLACK
6
CONTINUOUS
10
5.37957562992126
20
-4.6197889763779525
11
5.3794866535433066
21
-4.6198449212598423
0
LINE
8
BLACK
6
CONTINUOUS
10
5.3794866535433066
20
-4.6198449212598423
11
5.3794057086614169
21
-4.6199114173228342
0
LINE
8
BLACK
6
CONTINUOUS
10
5.3794057086614169
20
-4.6199114173228342
11
5.3793337401574801
21
-4.619941220472441
0
LINE
8
BLACK
6
CONTINUOUS
10
5.3793337401574801
20
-4.619941220472441
11
5.3790857480314962
21
-4.6200973228346456
0
LINE
8
BLACK
6
CONTINUOUS
10
5.3790857480314962
20
-4.6200973228346456
11
5.3753362204724411
21
-4.6219720866141731
0
LINE
8
BLACK
6
CONTINUOUS
10
5.3753362204724411
20
-4.6219720866141731
11
5.3752940944881891
21
-4.6219881889763776
0
LINE
8
BLACK
6
CONTINUOUS
10
5.3752940944881891
20
-4.6219881889763776
11
5.375276968503937
21
-4.6220009055118112
0
LINE
8
BLACK
6
CONTINUOUS
10
5.375276968503937
20
-4.6220009055118112
11
5.3750349999999996
21
-4.6220873228346457
0
LINE
8
BLACK
6
CONTINUOUS
10
5.3750349999999996
20
-4.6220873228346457
11
5.3747955905511811
21
-4.6221789763779526
0
LINE
8
BLACK
6
CONTINUOUS
10
5.3747955905511811
20
-4.6221789763779526
11
5.3747743307086617
21
-4.6221804724409452
0
LINE
8
BLACK
6
CONTINUOUS
10
5.3747743307086617
20
-4.6221804724409452
11
5.3747318503937009
21
-4.6221956692913384
0
LINE
8
BLACK
6
CONTINUOUS
10
5.3747318503937009
20
-4.6221956692913384
11
5.367547204724409
21
-4.6239918110236218
0
LINE
8
BLACK
6
CONTINUOUS
10
5.367547204724409
20
-4.6239918110236218
11
5.3645162204724413
21
-4.6255073228346459
0
LINE
8
BLACK
6
CONTINUOUS
10
5.3645162204724413
20
-4.6255073228346459
11
5.3633190944881886
21
-4.6267044488188978
0
LINE
8
BLACK
6
CONTINUOUS
10
5.3633190944881886
20
-4.6267044488188978
11
5.3619703543307082
21
-4.6294019291338584
0
LINE
8
BLACK
6
CONTINUOUS
10
5.3619703543307082
20
-4.6294019291338584
11
5.3619703543307082
21
-4.6317573622047243
0
LINE
8
BLACK
6
CONTINUOUS
10
5.3619703543307082
20
-4.6317573622047243
11
5.3633190944881886
21
-4.634454842519685
0
LINE
8
BLACK
6
CONTINUOUS
10
5.3633190944881886
20
-4.634454842519685
11
5.3645162204724413
21
-4.6356520078740155
0
LINE
8
BLACK
6
CONTINUOUS
10
5.3645162204724413
20
-4.6356520078740155
11
5.367213700787401
21
-4.6370007480314959
0
LINE
8
BLACK
6
CONTINUOUS
10
5.367213700787401
20
-4.6370007480314959
11
5.3754113385826772
21
-4.6370007480314959
0
LINE
8
BLACK
6
CONTINUOUS
10
5.3754113385826772
20
-4.6370007480314959
11
5.3805809842519681
21
-4.6352775196850393
0
LINE
8
BLACK
6
CONTINUOUS
10
5.3805809842519681
20
-4.6352775196850393
11
5.3811454330708663
21
-4.6351491732283465
0
LINE
8
BLACK
6
CONTINUOUS
10
5.3811454330708663
20
-4.6351491732283465
11
5.3822946456692913
21
-4.6352308661417325
0
LINE
8
BLACK
6
CONTINUOUS
10
5.3822946456692913
20
-4.6352308661417325
11
5.3833251181102364
21
-4.6357460629921254
0
LINE
8
BLACK
6
CONTINUOUS
10
5.3833251181102364
20
-4.6357460629921254
11
5.38408
21
-4.6366164566929129
0
LINE
8
BLACK
6
CONTINUOUS
10
5.38408
20
-4.6366164566929129
11
5.3844443307086616
21
-4.6377094488188977
0
LINE
8
BLACK
6
CONTINUOUS
10
5.3844443307086616
20
-4.6377094488188977
11
5.3843626377952756
21
-4.6388586614173226
0
LINE
8
BLACK
6
CONTINUOUS
10
5.3843626377952756
20
-4.6388586614173226
11
5.383847401574803
21
-4.639889094488189
0
LINE
8
BLACK
6
CONTINUOUS
10
5.383847401574803
20
-4.639889094488189
11
5.3829770472440943
21
-4.6406439763779526
0
LINE
8
BLACK
6
CONTINUOUS
10
5.3829770472440943
20
-4.6406439763779526
11
5.3824485039370078
21
-4.6408799606299214
0
LINE
8
BLACK
6
CONTINUOUS
10
5.3824485039370078
20
-4.6408799606299214
11
5.3768242125984251
21
-4.6427547244094489
0
LINE
8
BLACK
6
CONTINUOUS
10
5.3768242125984251
20
-4.6427547244094489
11
5.376538622047244
21
-4.6428196456692916
0
LINE
8
BLACK
6
CONTINUOUS
10
5.376538622047244
20
-4.6428196456692916
11
5.376466535433071
21
-4.6428495275590551
0
LINE
8
BLACK
6
CONTINUOUS
10
5.376466535433071
20
-4.6428495275590551
11
5.3763620078740155
21
-4.642859803149606
0
LINE
8
BLACK
6
CONTINUOUS
10
5.3763620078740155
20
-4.642859803149606
11
5.3762597637795277
21
-4.6428830708661417
0
LINE
8
BLACK
6
CONTINUOUS
10
5.3762597637795277
20
-4.6428830708661417
11
5.3761820078740152
21
-4.6428775196850394
0
LINE
8
BLACK
6
CONTINUOUS
10
5.3761820078740152
20
-4.6428775196850394
11
5.3758904724409451
21
-4.6429062598425199
0
LINE
8
BLACK
6
CONTINUOUS
10
5.3758904724409451
20
-4.6429062598425199
11
5.3665166535433073
21
-4.6429062598425199
0
LINE
8
BLACK
6
CONTINUOUS
10
5.3665166535433073
20
-4.6429062598425199
11
5.3659405905511806
21
-4.6428495275590551
0
LINE
8
BLACK
6
CONTINUOUS
10
5.3659405905511806
20
-4.6428495275590551
11
5.3658425984251963
21
-4.6428089370078736
0
LINE
8
BLACK
6
CONTINUOUS
10
5.3658425984251963
20
-4.6428089370078736
11
5.3657367322834641
21
-4.6428014173228345
0
LINE
8
BLACK
6
CONTINUOUS
10
5.3657367322834641
20
-4.6428014173228345
11
5.3651961417322838
21
-4.642594527559055
0
LINE
8
BLACK
6
CONTINUOUS
10
5.3651961417322838
20
-4.642594527559055
11
5.3614466141732287
21
-4.6407197637795274
0
LINE
8
BLACK
6
CONTINUOUS
10
5.3614466141732287
20
-4.6407197637795274
11
5.3611985826771651
21
-4.6405636614173229
0
LINE
8
BLACK
6
CONTINUOUS
10
5.3611985826771651
20
-4.6405636614173229
11
5.3611266535433071
21
-4.640533858267716
0
LINE
8
BLACK
6
CONTINUOUS
10
5.3611266535433071
20
-4.640533858267716
11
5.3610456692913386
21
-4.6404674015748029
0
LINE
8
BLACK
6
CONTINUOUS
10
5.3610456692913386
20
-4.6404674015748029
11
5.3609567322834648
21
-4.6404114173228344
0
LINE
8
BLACK
6
CONTINUOUS
10
5.3609567322834648
20
-4.6404114173228344
11
5.3609055118110236
21
-4.640352362204724
0
LINE
8
BLACK
6
CONTINUOUS
10
5.3609055118110236
20
-4.640352362204724
11
5.3606791732283465
21
-4.6401666141732285
0
LINE
8
BLACK
6
CONTINUOUS
10
5.3606791732283465
20
-4.6401666141732285
11
5.358804409448819
21
-4.6382918110236222
0
LINE
8
BLACK
6
CONTINUOUS
10
5.358804409448819
20
-4.6382918110236222
11
5.3586186614173226
21
-4.6380654724409451
0
LINE
8
BLACK
6
CONTINUOUS
10
5.3586186614173226
20
-4.6380654724409451
11
5.3585596850393697
21
-4.6380143307086614
0
LINE
8
BLACK
6
CONTINUOUS
10
5.3585596850393697
20
-4.6380143307086614
11
5.3585037007874012
21
-4.6379253937007876
0
LINE
8
BLACK
6
CONTINUOUS
10
5.3585037007874012
20
-4.6379253937007876
11
5.3584372047244093
21
-4.6378443700787404
0
LINE
8
BLACK
6
CONTINUOUS
10
5.3584372047244093
20
-4.6378443700787404
11
5.3584073622047246
21
-4.6377723228346452
0
LINE
8
BLACK
6
CONTINUOUS
10
5.3584073622047246
20
-4.6377723228346452
11
5.3582513385826767
21
-4.6375244488188976
0
LINE
8
BLACK
6
CONTINUOUS
10
5.3582513385826767
20
-4.6375244488188976
11
5.3563765748031491
21
-4.6337749212598425
0
LINE
8
BLACK
6
CONTINUOUS
10
5.3563765748031491
20
-4.6337749212598425
11
5.3561696850393696
21
-4.6332342913385824
0
LINE
8
BLACK
6
CONTINUOUS
10
5.3561696850393696
20
-4.6332342913385824
11
5.3561621653543305
21
-4.6331284645669291
0
LINE
8
BLACK
6
CONTINUOUS
10
5.3561621653543305
20
-4.6331284645669291
11
5.3561215748031499
21
-4.6330304724409448
0
LINE
8
BLACK
6
CONTINUOUS
10
5.3561215748031499
20
-4.6330304724409448
11
5.3560648425196851
21
-4.6324544094488189
0
LINE
8
BLACK
6
CONTINUOUS
10
5.3560648425196851
20
-4.6324544094488189
11
5.3560648425196851
21
-4.6287048818897638
0
LINE
8
BLACK
6
CONTINUOUS
10
5.3560648425196851
20
-4.6287048818897638
11
5.3561215748031499
21
-4.6281288188976379
0
LINE
8
BLACK
6
CONTINUOUS
10
5.3561215748031499
20
-4.6281288188976379
11
5.3561621653543305
21
-4.6280307874015749
0
LINE
8
BLACK
6
CONTINUOUS
10
5.3561621653543305
20
-4.6280307874015749
11
5.3561696850393696
21
-4.6279250000000003
0
LINE
8
BLACK
6
CONTINUOUS
10
5.3561696850393696
20
-4.6279250000000003
11
5.3563765748031491
21
-4.6273843700787403
0
LINE
8
BLACK
6
CONTINUOUS
10
5.3563765748031491
20
-4.6273843700787403
11
5.3582513385826767
21
-4.6236348425196852
0
LINE
8
BLACK
6
CONTINUOUS
10
5.3582513385826767
20
-4.6236348425196852
11
5.3584074015748033
21
-4.6233868110236216
0
LINE
8
BLACK
6
CONTINUOUS
10
5.3584074015748033
20
-4.6233868110236216
11
5.3584372440944881
21
-4.6233148818897636
0
LINE
8
BLACK
6
CONTINUOUS
10
5.3584372440944881
20
-4.6233148818897636
11
5.3585037007874012
21
-4.6232338976377951
0
LINE
8
BLACK
6
CONTINUOUS
10
5.3585037007874012
20
-4.6232338976377951
11
5.3585596850393697
21
-4.6231449606299213
0
LINE
8
BLACK
6
CONTINUOUS
10
5.3585596850393697
20
-4.6231449606299213
11
5.3586186614173226
21
-4.6230937795275588
0
LINE
8
BLACK
6
CONTINUOUS
10
5.3586186614173226
20
-4.6230937795275588
11
5.3588044488188977
21
-4.6228674409448818
0
LINE
8
BLACK
6
CONTINUOUS
10
5.3588044488188977
20
-4.6228674409448818
11
5.3606792125984253
21
-4.6209926771653542
0
LINE
8
BLACK
6
CONTINUOUS
10
5.3606792125984253
20
-4.6209926771653542
11
5.3609055511811023
21
-4.6208068897637791
0
LINE
8
BLACK
6
CONTINUOUS
10
5.3609055511811023
20
-4.6208068897637791
11
5.3609567322834648
21
-4.6207479133858262
0
LINE
8
BLACK
6
CONTINUOUS
10
5.3609567322834648
20
-4.6207479133858262
11
5.3610456692913386
21
-4.6206919291338577
0
LINE
8
BLACK
6
CONTINUOUS
10
5.3610456692913386
20
-4.6206919291338577
11
5.3611266535433071
21
-4.6206254724409446
0
LINE
8
BLACK
6
CONTINUOUS
10
5.3611266535433071
20
-4.6206254724409446
11
5.3611985826771651
21
-4.6205956299212598
0
LINE
8
BLACK
6
CONTINUOUS
10
5.3611985826771651
20
-4.6205956299212598
11
5.3614466141732287
21
-4.620439566929134
0
LINE
8
BLACK
6
CONTINUOUS
10
5.3614466141732287
20
-4.620439566929134
11
5.3651961417322838
21
-4.6185648031496065
0
LINE
8
BLACK
6
CONTINUOUS
10
5.3651961417322838
20
-4.6185648031496065
11
5.3652382283464561
21
-4.6185486614173223
0
LINE
8
BLACK
6
CONTINUOUS
10
5.3652382283464561
20
-4.6185486614173223
11
5.365255393700787
21
-4.6185359842519684
0
LINE
8
BLACK
6
CONTINUOUS
10
5.365255393700787
20
-4.6185359842519684
11
5.3654969685039369
21
-4.6184496456692914
0
LINE
8
BLACK
6
CONTINUOUS
10
5.3654969685039369
20
-4.6184496456692914
11
5.3657367322834641
21
-4.618357913385827
0
LINE
8
BLACK
6
CONTINUOUS
10
5.3657367322834641
20
-4.618357913385827
11
5.3657579921259844
21
-4.6183563779527557
0
LINE
8
BLACK
6
CONTINUOUS
10
5.3657579921259844
20
-4.6183563779527557
11
5.3658005118110239
21
-4.6183412204724412
0
LINE
8
BLACK
6
CONTINUOUS
10
5.3658005118110239
20
-4.6183412204724412
11
5.3729851574803149
21
-4.6165450393700782
0
LINE
8
BLACK
6
CONTINUOUS
10
5.3729851574803149
20
-4.6165450393700782
11
5.3760161417322836
21
-4.6150295669291337
0
LINE
8
BLACK
6
CONTINUOUS
10
5.3760161417322836
20
-4.6150295669291337
11
5.3772132677165354
21
-4.6138324409448819
0
LINE
8
BLACK
6
CONTINUOUS
10
5.3772132677165354
20
-4.6138324409448819
11
5.3785620078740157
21
-4.6111349606299212
0
LINE
8
BLACK
6
CONTINUOUS
10
5.3785620078740157
20
-4.6111349606299212
11
5.3785620078740157
21
-4.6087795275590553
0
LINE
8
BLACK
6
CONTINUOUS
10
5.3785620078740157
20
-4.6087795275590553
11
5.3772132677165354
21
-4.6060820472440946
0
LINE
8
BLACK
6
CONTINUOUS
10
5.3772132677165354
20
-4.6060820472440946
11
5.3760161417322836
21
-4.6048849212598428
0
LINE
8
BLACK
6
CONTINUOUS
10
5.3760161417322836
20
-4.6048849212598428
11
5.373318661417323
21
-4.6035361811023625
0
LINE
8
BLACK
6
CONTINUOUS
10
5.373318661417323
20
-4.6035361811023625
11
5.3651210236220468
21
-4.6035361811023625
0
LINE
8
BLACK
6
CONTINUOUS
10
5.3651210236220468
20
-4.6035361811023625
11
5.3599513385826771
21
-4.6052594094488191
0
LINE
8
BLACK
6
CONTINUOUS
10
5.3599513385826771
20
-4.6052594094488191
11
5.3593868897637797
21
-4.6053877559055119
0
LINE
8
BLACK
6
CONTINUOUS
10
5.3593868897637797
20
-4.6053877559055119
11
5.3582376771653539
21
-4.6053060629921259
0
LINE
8
BLACK
6
CONTINUOUS
10
5.3582376771653539
20
-4.6053060629921259
11
5.3572072440944885
21
-4.6047908661417321
0
LINE
8
BLACK
6
CONTINUOUS
10
5.3572072440944885
20
-4.6047908661417321
11
5.356452362204724
21
-4.6039205118110234
0
LINE
8
BLACK
6
CONTINUOUS
10
5.356452362204724
20
-4.6039205118110234
11
5.3560880314960633
21
-4.6028274803149607
0
LINE
8
BLACK
6
CONTINUOUS
10
5.3560880314960633
20
-4.6028274803149607
11
5.3561697244094484
21
-4.6016782677165358
0
LINE
8
BLACK
6
CONTINUOUS
10
5.3561697244094484
20
-4.6016782677165358
11
5.3566849212598422
21
-4.6006478346456694
0
LINE
8
BLACK
6
CONTINUOUS
10
5.3566849212598422
20
-4.6006478346456694
11
5.3575552755905509
21
-4.5998929527559058
0
LINE
8
BLACK
6
CONTINUOUS
10
5.3575552755905509
20
-4.5998929527559058
11
5.3580838582677162
21
-4.599656968503937
0
LINE
8
BLACK
6
CONTINUOUS
10
5.3580838582677162
20
-4.599656968503937
11
5.3637081102362201
21
-4.5977822047244095
0
LINE
8
BLACK
6
CONTINUOUS
10
5.3637081102362201
20
-4.5977822047244095
11
5.36399374015748
21
-4.597717244094488
0
LINE
8
BLACK
6
CONTINUOUS
10
5.36399374015748
20
-4.597717244094488
11
5.364065826771653
21
-4.5976874015748033
0
LINE
8
BLACK
6
CONTINUOUS
10
5.364065826771653
20
-4.5976874015748033
11
5.3641702755905509
21
-4.5976770866141727
0
LINE
8
BLACK
6
CONTINUOUS
10
5.3641702755905509
20
-4.5976770866141727
11
5.3642725590551184
21
-4.5976538582677167
0
LINE
8
BLACK
6
CONTINUOUS
10
5.3642725590551184
20
-4.5976538582677167
11
5.3643502755905512
21
-4.5976593700787403
0
LINE
8
BLACK
6
CONTINUOUS
10
5.3643502755905512
20
-4.5976593700787403
11
5.3646418897637798
21
-4.5976306692913385
0
LINE
8
BLACK
6
CONTINUOUS
10
5.3646418897637798
20
-4.5976306692913385
11
5.3740157086614175
21
-4.5976306692913385
0
LINE
8
BLACK
6
CONTINUOUS
10
5.3740157086614175
20
-4.5976306692913385
11
5.3745917716535434
21
-4.5976874015748033
0
LINE
8
BLACK
6
CONTINUOUS
10
5.4083375590551181
20
-4.5976874015748033
11
5.4084355511811024
21
-4.5977279921259839
0
LINE
8
BLACK
6
CONTINUOUS
10
5.4084355511811024
20
-4.5977279921259839
11
5.4085413779527558
21
-4.5977355118110239
0
LINE
8
BLACK
6
CONTINUOUS
10
5.4085413779527558
20
-4.5977355118110239
11
5.4090820078740158
21
-4.5979424015748034
0
LINE
8
BLACK
6
CONTINUOUS
10
5.4090820078740158
20
-4.5979424015748034
11
5.4128315354330709
21
-4.5998171653543309
0
LINE
8
BLACK
6
CONTINUOUS
10
5.4128315354330709
20
-4.5998171653543309
11
5.4130795275590549
21
-4.5999732283464567
0
LINE
8
BLACK
6
CONTINUOUS
10
5.4130795275590549
20
-4.5999732283464567
11
5.4131514960629916
21
-4.6000030708661415
0
LINE
8
BLACK
6
CONTINUOUS
10
5.4131514960629916
20
-4.6000030708661415
11
5.4132324409448822
21
-4.6000695275590546
0
LINE
8
BLACK
6
CONTINUOUS
10
5.4132324409448822
20
-4.6000695275590546
11
5.4133214173228348
21
-4.6001255118110231
0
LINE
8
BLACK
6
CONTINUOUS
10
5.4133214173228348
20
-4.6001255118110231
11
5.4133725590551176
21
-4.600184488188976
0
LINE
8
BLACK
6
CONTINUOUS
10
5.4133725590551176
20
-4.600184488188976
11
5.4135989370078743
21
-4.6003702755905511
0
LINE
8
BLACK
6
CONTINUOUS
10
5.4135989370078743
20
-4.6003702755905511
11
5.4154737007874019
21
-4.6022450393700787
0
LINE
8
BLACK
6
CONTINUOUS
10
5.4154737007874019
20
-4.6022450393700787
11
5.4154749999999998
21
-4.6022466141732279
0
LINE
8
BLACK
6
CONTINUOUS
10
5.4154749999999998
20
-4.6022466141732279
11
5.4154758661417324
21
-4.6022472047244092
0
LINE
8
BLACK
6
CONTINUOUS
10
5.4154758661417324
20
-4.6022472047244092
11
5.4156641732283459
21
-4.6024771653543306
0
LINE
8
BLACK
6
CONTINUOUS
10
5.4156641732283459
20
-4.6024771653543306
11
5.4158409055118106
21
-4.6026924803149605
0
LINE
8
BLACK
6
CONTINUOUS
10
5.4158409055118106
20
-4.6026924803149605
11
5.4158412598425194
21
-4.602693346456693
0
LINE
8
BLACK
6
CONTINUOUS
10
5.4158412598425194
20
-4.602693346456693
11
5.4158426377952757
21
-4.6026950393700785
0
LINE
8
BLACK
6
CONTINUOUS
10
5.4158426377952757
20
-4.6026950393700785
11
5.4195921653543309
21
-4.6083193700787399
0
LINE
8
BLACK
6
CONTINUOUS
10
5.4195921653543309
20
-4.6083193700787399
11
5.4197616141732281
21
-4.6086372440944885
0
LINE
8
BLACK
6
CONTINUOUS
10
5.4197616141732281
20
-4.6086372440944885
11
5.4198051574803152
21
-4.6086959842519688
0
LINE
8
BLACK
6
CONTINUOUS
10
5.4198051574803152
20
-4.6086959842519688
11
5.4198299212598426
21
-4.6087653543307088
0
LINE
8
BLACK
6
CONTINUOUS
10
5.4198299212598426
20
-4.6087653543307088
11
5.4198644881889759
21
-4.6088301574803152
0
LINE
8
BLACK
6
CONTINUOUS
10
5.4198644881889759
20
-4.6088301574803152
11
5.4198785826771649
21
-4.6089015748031494
0
LINE
8
BLACK
6
CONTINUOUS
10
5.4198785826771649
20
-4.6089015748031494
11
5.4199999212598424
21
-4.6092411023622049
0
LINE
8
BLACK
6
CONTINUOUS
10
5.4199999212598424
20
-4.6092411023622049
11
5.42187468503937
21
-4.6167401574803151
0
LINE
8
BLACK
6
CONTINUOUS
10
5.42187468503937
20
-4.6167401574803151
11
5.4218894488188978
21
-4.6168399999999998
0
LINE
8
BLACK
6
CONTINUOUS
10
5.4218894488188978
20
-4.6168399999999998
11
5.4219061023622048
21
-4.6168802362204726
0
LINE
8
BLACK
6
CONTINUOUS
10
5.4219061023622048
20
-4.6168802362204726
11
5.4219274409448817
21
-4.617097244094488
0
LINE
8
BLACK
6
CONTINUOUS
10
5.4219274409448817
20
-4.617097244094488
11
5.4219593307086615
21
-4.6173127559055116
0
LINE
8
BLACK
6
CONTINUOUS
10
5.4219593307086615
20
-4.6173127559055116
11
5.4219529133858266
21
-4.6173557480314962
0
LINE
8
BLACK
6
CONTINUOUS
10
5.4219529133858266
20
-4.6173557480314962
11
5.4219628346456687
21
-4.6174562992125985
0
LINE
8
BLACK
6
CONTINUOUS
10
5.4219628346456687
20
-4.6174562992125985
11
5.4219628346456687
21
-4.6324544094488189
0
LINE
8
BLACK
6
CONTINUOUS
10
5.4219628346456687
20
-4.6324544094488189
11
5.4219061023622048
21
-4.6330304724409448
0
LINE
8
BLACK
6
CONTINUOUS
10
5.4219061023622048
20
-4.6330304724409448
11
5.4218655118110233
21
-4.6331284251968503
0
LINE
8
BLACK
6
CONTINUOUS
10
5.4218655118110233
20
-4.6331284251968503
11
5.4218579921259842
21
-4.6332343307086612
0
LINE
8
BLACK
6
CONTINUOUS
10
5.4218579921259842
20
-4.6332343307086612
11
5.4216511023622047
21
-4.6337749212598425
0
LINE
8
BLACK
6
CONTINUOUS
10
5.4216511023622047
20
-4.6337749212598425
11
5.4197763385826772
21
-4.6375244488188976
0
LINE
8
BLACK
6
CONTINUOUS
10
5.4197763385826772
20
-4.6375244488188976
11
5.4196202755905514
21
-4.6377723228346452
0
LINE
8
BLACK
6
CONTINUOUS
10
5.4196202755905514
20
-4.6377723228346452
11
5.4195904724409445
21
-4.6378443700787404
0
LINE
8
BLACK
6
CONTINUOUS
10
5.4195904724409445
20
-4.6378443700787404
11
5.4195239370078738
21
-4.6379253937007876
0
LINE
8
BLACK
6
CONTINUOUS
10
5.4195239370078738
20
-4.6379253937007876
11
5.4194679921259841
21
-4.6380143307086614
0
LINE
8
BLACK
6
CONTINUOUS
10
5.4194679921259841
20
-4.6380143307086614
11
5.4194089763779525
21
-4.6380654724409451
0
LINE
8
BLACK
6
CONTINUOUS
10
5.4194089763779525
20
-4.6380654724409451
11
5.419223228346457
21
-4.638291850393701
0
LINE
8
BLACK
6
CONTINUOUS
10
5.419223228346457
20
-4.638291850393701
11
5.4173485039370082
21
-4.6401666141732285
0
LINE
8
BLACK
6
CONTINUOUS
10
5.4173485039370082
20
-4.6401666141732285
11
5.4171221259842515
21
-4.640352362204724
0
LINE
8
BLACK
6
CONTINUOUS
10
5.4171221259842515
20
-4.640352362204724
11
5.4170709448818899
21
-4.6404114173228344
0
LINE
8
BLACK
6
CONTINUOUS
10
5.4170709448818899
20
-4.6404114173228344
11
5.4169819685039373
21
-4.6404674015748029
0
LINE
8
BLACK
6
CONTINUOUS
10
5.4169819685039373
20
-4.6404674015748029
11
5.4169010236220467
21
-4.640533858267716
0
LINE
8
BLACK
6
CONTINUOUS
10
5.4169010236220467
20
-4.640533858267716
11
5.41682905511811
21
-4.6405636614173229
0
LINE
8
BLACK
6
CONTINUOUS
10
5.41682905511811
20
-4.6405636614173229
11
5.416581062992126
21
-4.6407197637795274
0
LINE
8
BLACK
6
CONTINUOUS
10
5.416581062992126
20
-4.6407197637795274
11
5.4128315354330709
21
-4.642594527559055
0
LINE
8
BLACK
6
CONTINUOUS
10
5.4128315354330709
20
-4.642594527559055
11
5.4122909055118109
21
-4.6428014173228345
0
LINE
8
BLACK
6
CONTINUOUS
10
5.4122909055118109
20
-4.6428014173228345
11
5.4121850787401575
21
-4.6428088976377948
0
LINE
8
BLACK
6
CONTINUOUS
10
5.4121850787401575
20
-4.6428088976377948
11
5.4120870866141733
21
-4.6428495275590551
0
LINE
8
BLACK
6
CONTINUOUS
10
5.4120870866141733
20
-4.6428495275590551
11
5.4115110236220474
21
-4.6429062598425199
0
LINE
8
BLACK
6
CONTINUOUS
10
5.4115110236220474
20
-4.6429062598425199
11
5.4040119685039372
21
-4.6429062598425199
0
LINE
8
BLACK
6
CONTINUOUS
10
5.4040119685039372
20
-4.6429062598425199
11
5.4034359055118113
21
-4.6428495275590551
0
LINE
8
BLACK
6
CONTINUOUS
10
5.4034359055118113
20
-4.6428495275590551
11
5.403337913385827
21
-4.6428089370078736
0
LINE
8
BLACK
6
CONTINUOUS
10
5.403337913385827
20
-4.6428089370078736
11
5.403232047244094
21
-4.6428014173228345
0
LINE
8
BLACK
6
CONTINUOUS
10
5.403232047244094
20
-4.6428014173228345
11
5.4026914566929136
21
-4.642594527559055
0
LINE
8
BLACK
6
CONTINUOUS
10
5.4026914566929136
20
-4.642594527559055
11
5.3989419291338585
21
-4.6407197637795274
0
LINE
8
BLACK
6
CONTINUOUS
10
5.3989419291338585
20
-4.6407197637795274
11
5.3986938976377949
21
-4.6405636614173229
0
LINE
8
BLACK
6
CONTINUOUS
10
5.3986938976377949
20
-4.6405636614173229
11
5.3986219685039369
21
-4.640533858267716
0
LINE
8
BLACK
6
CONTINUOUS
10
5.3986219685039369
20
-4.640533858267716
11
5.3985409842519685
21
-4.6404674015748029
0
LINE
8
BLACK
6
CONTINUOUS
10
5.3985409842519685
20
-4.6404674015748029
11
5.3984520472440947
21
-4.6404114173228344
0
LINE
8
BLACK
6
CONTINUOUS
10
5.3984520472440947
20
-4.6404114173228344
11
5.3984008267716534
21
-4.640352362204724
0
LINE
8
BLACK
6
CONTINUOUS
10
5.3984008267716534
20
-4.640352362204724
11
5.3981744881889764
21
-4.6401666141732285
0
LINE
8
BLACK
6
CONTINUOUS
10
5.3981744881889764
20
-4.6401666141732285
11
5.3962997244094488
21
-4.6382918110236222
0
LINE
8
BLACK
6
CONTINUOUS
10
5.3962997244094488
20
-4.6382918110236222
11
5.3961139763779524
21
-4.6380654724409451
0
LINE
8
BLACK
6
CONTINUOUS
10
5.3961139763779524
20
-4.6380654724409451
11
5.3960549999999996
21
-4.6380143307086614
0
LINE
8
BLACK
6
CONTINUOUS
10
5.3960549999999996
20
-4.6380143307086614
11
5.3959990157480311
21
-4.6379253937007876
0
LINE
8
BLACK
6
CONTINUOUS
10
5.3959990157480311
20
-4.6379253937007876
11
5.3959325196850392
21
-4.6378443700787404
0
LINE
8
BLACK
6
CONTINUOUS
10
5.3959325196850392
20
-4.6378443700787404
11
5.3959026771653544
21
-4.6377723228346452
0
LINE
8
BLACK
6
CONTINUOUS
10
5.3959026771653544
20
-4.6377723228346452
11
5.3957466535433074
21
-4.6375244488188976
0
LINE
8
BLACK
6
CONTINUOUS
10
5.3957466535433074
20
-4.6375244488188976
11
5.3938718897637798
21
-4.6337749212598425
0
LINE
8
BLACK
6
CONTINUOUS
10
5.3938718897637798
20
-4.6337749212598425
11
5.3936649999999995
21
-4.6332342913385824
0
LINE
8
BLACK
6
CONTINUOUS
10
5.3936649999999995
20
-4.6332342913385824
11
5.3936574803149604
21
-4.6331284645669291
0
LINE
8
BLACK
6
CONTINUOUS
10
5.3936574803149604
20
-4.6331284645669291
11
5.3936168897637797
21
-4.6330304724409448
0
LINE
8
BLACK
6
CONTINUOUS
10
5.3936168897637797
20
-4.6330304724409448
11
5.3935601574803149
21
-4.6324544094488189
0
LINE
8
BLACK
6
CONTINUOUS
10
5.3935601574803149
20
-4.6324544094488189
11
5.3935601574803149
21
-4.6230805905511811
0
LINE
8
BLACK
6
CONTINUOUS
10
5.3935601574803149
20
-4.6230805905511811
11
5.3936168897637797
21
-4.6225045275590553
0
LINE
8
BLACK
6
CONTINUOUS
10
5.3936168897637797
20
-4.6225045275590553
11
5.3936574803149604
21
-4.6224064960629923
0
LINE
8
BLACK
6
CONTINUOUS
10
5.3936574803149604
20
-4.6224064960629923
11
5.3936649999999995
21
-4.6223007086614176
0
LINE
8
BLACK
6
CONTINUOUS
10
5.3936649999999995
20
-4.6223007086614176
11
5.3938718897637798
21
-4.6217600787401576
0
LINE
8
BLACK
6
CONTINUOUS
10
5.3938718897637798
20
-4.6217600787401576
11
5.3957466535433074
21
-4.6180105511811025
0
LINE
8
BLACK
6
CONTINUOUS
10
5.3957466535433074
20
-4.6180105511811025
11
5.3959027165354332
21
-4.6177625196850389
0
LINE
8
BLACK
6
CONTINUOUS
10
5.3959027165354332
20
-4.6177625196850389
11
5.3959325590551179
21
-4.6176905905511809
0
LINE
8
BLACK
6
CONTINUOUS
10
5.3959325590551179
20
-4.6176905905511809
11
5.3959990157480311
21
-4.6176096062992125
0
LINE
8
BLACK
6
CONTINUOUS
10
5.3959990157480311
20
-4.6176096062992125
11
5.3960549999999996
21
-4.6175206692913386
0
LINE
8
BLACK
6
CONTINUOUS
10
5.3960549999999996
20
-4.6175206692913386
11
5.3961139763779524
21
-4.6174694881889762
0
LINE
8
BLACK
6
CONTINUOUS
10
5.3961139763779524
20
-4.6174694881889762
11
5.3962997637795276
21
-4.6172431496062991
0
LINE
8
BLACK
6
CONTINUOUS
10
5.3962997637795276
20
-4.6172431496062991
11
5.3981745275590551
21
-4.6153683858267716
0
LINE
8
BLACK
6
CONTINUOUS
10
5.3981745275590551
20
-4.6153683858267716
11
5.3984008661417322
21
-4.6151825984251964
0
LINE
8
BLACK
6
CONTINUOUS
10
5.3984008661417322
20
-4.6151825984251964
11
5.3984520472440947
21
-4.6151236220472436
0
LINE
8
BLACK
6
CONTINUOUS
10
5.3984520472440947
20
-4.6151236220472436
11
5.3985409842519685
21
-4.6150676377952751
0
LINE
8
BLACK
6
CONTINUOUS
10
5.3985409842519685
20
-4.6150676377952751
11
5.3986219685039369
21
-4.6150011811023619
0
LINE
8
BLACK
6
CONTINUOUS
10
5.3986219685039369
20
-4.6150011811023619
11
5.3986938976377949
21
-4.6149713385826772
0
LINE
8
BLACK
6
CONTINUOUS
10
5.3986938976377949
20
-4.6149713385826772
11
5.3989419291338585
21
-4.6148152755905514
0
LINE
8
BLACK
6
CONTINUOUS
10
5.3989419291338585
20
-4.6148152755905514
11
5.4026914566929136
21
-4.6129405118110238
0
LINE
8
BLACK
6
CONTINUOUS
10
5.4026914566929136
20
-4.6129405118110238
11
5.403232047244094
21
-4.6127336220472444
0
LINE
8
BLACK
6
CONTINUOUS
10
5.403232047244094
20
-4.6127336220472444
11
5.403337913385827
21
-4.6127260629921256
0
LINE
8
BLACK
6
CONTINUOUS
10
5.403337913385827
20
-4.6127260629921256
11
5.4034359055118113
21
-4.6126855118110237
0
LINE
8
BLACK
6
CONTINUOUS
10
5.4034359055118113
20
-4.6126855118110237
11
5.4040119685039372
21
-4.6126287795275589
0
LINE
8
BLACK
6
CONTINUOUS
10
5.4040119685039372
20
-4.6126287795275589
11
5.4115110236220474
21
-4.6126287795275589
0
LINE
8
BLACK
6
CONTINUOUS
10
5.4115110236220474
20
-4.6126287795275589
11
5.4120870866141733
21
-4.6126855118110237
0
LINE
8
BLACK
6
CONTINUOUS
10
5.4120870866141733
20
-4.6126855118110237
11
5.4121850787401575
21
-4.6127261023622044
0
LINE
8
BLACK
6
CONTINUOUS
10
5.4121850787401575
20
-4.6127261023622044
11
5.4122909055118109
21
-4.6127336220472444
0
LINE
8
BLACK
6
CONTINUOUS
10
5.4122909055118109
20
-4.6127336220472444
11
5.4128315354330709
21
-4.6129405118110238
0
LINE
8
BLACK
6
CONTINUOUS
10
5.4128315354330709
20
-4.6129405118110238
11
5.4151240551181097
21
-4.6140867716535432
0
LINE
8
BLACK
6
CONTINUOUS
10
5.4151240551181097
20
-4.6140867716535432
11
5.4143947637795273
21
-4.6111696062992129
0
LINE
8
BLACK
6
CONTINUOUS
10
5.4143947637795273
20
-4.6111696062992129
11
5.4110910629921261
21
-4.6062140551181106
0
LINE
8
BLACK
6
CONTINUOUS
10
5.4110910629921261
20
-4.6062140551181106
11
5.4097619291338583
21
-4.6048849212598428
0
LINE
8
BLACK
6
CONTINUOUS
10
5.4097619291338583
20
-4.6048849212598428
11
5.4070644488188977
21
-4.6035361811023625
0
LINE
8
BLACK
6
CONTINUOUS
10
5.4070644488188977
20
-4.6035361811023625
11
5.4002624409448821
21
-4.6035361811023625
0
LINE
8
BLACK
6
CONTINUOUS
10
5.4002624409448821
20
-4.6035361811023625
11
5.3996863779527562
21
-4.6034794488188977
0
LINE
8
BLACK
6
CONTINUOUS
10
5.3996863779527562
20
-4.6034794488188977
11
5.3986219685039369
21
-4.6030385433070862
0
LINE
8
BLACK
6
CONTINUOUS
10
5.3986219685039369
20
-4.6030385433070862
11
5.3978073228346455
21
-4.6022238976377956
0
LINE
8
BLACK
6
CONTINUOUS
10
5.3978073228346455
20
-4.6022238976377956
11
5.3973664173228348
21
-4.6011594881889764
0
LINE
8
BLACK
6
CONTINUOUS
10
5.3973664173228348
20
-4.6011594881889764
11
5.3973664173228348
21
-4.6000073622047246
0
LINE
8
BLACK
6
CONTINUOUS
10
5.3973664173228348
20
-4.6000073622047246
11
5.3978073228346455
21
-4.5989429527559054
0
LINE
8
BLACK
6
CONTINUOUS
10
5.3978073228346455
20
-4.5989429527559054
11
5.3986219685039369
21
-4.5981283070866139
0
LINE
8
BLACK
6
CONTINUOUS
10
5.3986219685039369
20
-4.5981283070866139
11
5.3996863779527562
21
-4.5976874015748033
0
LINE
8
BLACK
6
CONTINUOUS
10
5.3996863779527562
20
-4.5976874015748033
11
5.4002624409448821
21
-4.5976306692913385
0
LINE
8
BLACK
6
CONTINUOUS
10
5.4002624409448821
20
-4.5976306692913385
11
5.4077614960629923
21
-4.5976306692913385
0
LINE
8
BLACK
6
CONTINUOUS
10
5.4077614960629923
20
-4.5976306692913385
11
5.4083375590551181
21
-4.5976874015748033
0
LINE
8
BLACK
6
CONTINUOUS
10
5.4020115354330711
20
-4.6198830314960633
11
5.4008144094488184
21
-4.6210801574803151
0
LINE
8
BLACK
6
CONTINUOUS
10
5.4008144094488184
20
-4.6210801574803151
11
5.3994656692913381
21
-4.6237776377952757
0
LINE
8
BLACK
6
CONTINUOUS
10
5.3994656692913381
20
-4.6237776377952757
11
5.3994656692913381
21
-4.6317573622047243
0
LINE
8
BLACK
6
CONTINUOUS
10
5.3994656692913381
20
-4.6317573622047243
11
5.4008144094488184
21
-4.634454842519685
0
LINE
8
BLACK
6
CONTINUOUS
10
5.4008144094488184
20
-4.634454842519685
11
5.4020115354330711
21
-4.6356520078740155
0
LINE
8
BLACK
6
CONTINUOUS
10
5.4020115354330711
20
-4.6356520078740155
11
5.4047090157480318
21
-4.6370007480314959
0
LINE
8
BLACK
6
CONTINUOUS
10
5.4047090157480318
20
-4.6370007480314959
11
5.4108139763779528
21
-4.6370007480314959
0
LINE
8
BLACK
6
CONTINUOUS
10
5.4108139763779528
20
-4.6370007480314959
11
5.4135114173228347
21
-4.6356520078740155
0
LINE
8
BLACK
6
CONTINUOUS
10
5.4135114173228347
20
-4.6356520078740155
11
5.4147085433070865
21
-4.634454842519685
0
LINE
8
BLACK
6
CONTINUOUS
10
5.4147085433070865
20
-4.634454842519685
11
5.4160573228346456
21
-4.6317573622047243
0
LINE
8
BLACK
6
CONTINUOUS
10
5.4160573228346456
20
-4.6317573622047243
11
5.4160573228346456
21
-4.6237776377952757
0
LINE
8
BLACK
6
CONTINUOUS
10
5.4160573228346456
20
-4.6237776377952757
11
5.4147085826771653
21
-4.6210801574803151
0
LINE
8
BLACK
6
CONTINUOUS
10
5.4147085826771653
20
-4.6210801574803151
11
5.4135114566929134
21
-4.6198830314960633
0
LINE
8
BLACK
6
CONTINUOUS
10
5.4135114566929134
20
-4.6198830314960633
11
5.4108139763779528
21
-4.618534291338583
0
LINE
8
BLACK
6
CONTINUOUS
10
5.4108139763779528
20
-4.618534291338583
11
5.4047090157480318
21
-4.618534291338583
0
LINE
8
BLACK
6
CONTINUOUS
10
5.4047090157480318
20
-4.618534291338583
11
5.4020115354330711
21
-4.6198830314960633
0
LINE
8
BLACK
6
CONTINUOUS
10
5.445543582677165
20
-4.5976874015748033
11
5.445832874015748
21
-4.5976874015748033
0
LINE
8
BLACK
6
CONTINUOUS
10
5.445832874015748
20
-4.5976874015748033
11
5.4461029527559051
21
-4.597799251968504
0
LINE
8
BLACK
6
CONTINUOUS
10
5.4461029527559051
20
-4.597799251968504
11
5.4463896062992125
21
-4.597856614173228
0
LINE
8
BLACK
6
CONTINUOUS
10
5.4463896062992125
20
-4.597856614173228
11
5.4466299606299211
21
-4.5980175590551182
0
LINE
8
BLACK
6
CONTINUOUS
10
5.4466299606299211
20
-4.5980175590551182
11
5.4468972834645664
21
-4.5981283070866139
0
LINE
8
BLACK
6
CONTINUOUS
10
5.4468972834645664
20
-4.5981283070866139
11
5.447103976377953
21
-4.5983349999999996
0
LINE
8
BLACK
6
CONTINUOUS
10
5.447103976377953
20
-4.5983349999999996
11
5.4473468897637796
21
-4.5984976771653541
0
LINE
8
BLACK
6
CONTINUOUS
10
5.4473468897637796
20
-4.5984976771653541
11
5.4477098818897636
21
-4.5989409055118111
0
LINE
8
BLACK
6
CONTINUOUS
10
5.4477098818897636
20
-4.5989409055118111
11
5.4477119291338578
21
-4.5989429527559054
0
LINE
8
BLACK
6
CONTINUOUS
10
5.4477119291338578
20
-4.5989429527559054
11
5.4477122834645666
21
-4.5989438188976379
0
LINE
8
BLACK
6
CONTINUOUS
10
5.4477122834645666
20
-4.5989438188976379
11
5.4477136614173229
21
-4.5989455118110234
0
LINE
8
BLACK
6
CONTINUOUS
10
5.4477136614173229
20
-4.5989455118110234
11
5.4513009842519686
21
-4.6043265354330707
0
LINE
8
BLACK
6
CONTINUOUS
10
5.4513009842519686
20
-4.6043265354330707
11
5.4545049606299214
21
-4.6075305118110235
0
LINE
8
BLACK
6
CONTINUOUS
10
5.4545049606299214
20
-4.6075305118110235
11
5.457825905511811
21
-4.6091909842519687
0
LINE
8
BLACK
6
CONTINUOUS
10
5.457825905511811
20
-4.6091909842519687
11
5.4583157874015749
21
-4.6094993307086609
0
LINE
8
BLACK
6
CONTINUOUS
10
5.4583157874015749
20
-4.6094993307086609
11
5.4590706299212597
21
-4.6103697244094484
0
LINE
8
BLACK
6
CONTINUOUS
10
5.4590706299212597
20
-4.6103697244094484
11
5.4594349606299213
21
-4.6114626771653544
0
LINE
8
BLACK
6
CONTINUOUS
10
5.4594349606299213
20
-4.6114626771653544
11
5.459353307086614
21
-4.6126118897637793
0
LINE
8
BLACK
6
CONTINUOUS
10
5.459353307086614
20
-4.6126118897637793
11
5.4588380314960627
21
-4.6136424015748032
0
LINE
8
BLACK
6
CONTINUOUS
10
5.4588380314960627
20
-4.6136424015748032
11
5.457967677165354
21
-4.614397244094488
0
LINE
8
BLACK
6
CONTINUOUS
10
5.457967677165354
20
-4.614397244094488
11
5.4568746850393701
21
-4.6147615748031496
0
LINE
8
BLACK
6
CONTINUOUS
10
5.4568746850393701
20
-4.6147615748031496
11
5.4557254724409452
21
-4.6146799212598424
0
LINE
8
BLACK
6
CONTINUOUS
10
5.4557254724409452
20
-4.6146799212598424
11
5.4551848818897639
21
-4.6144730314960629
0
LINE
8
BLACK
6
CONTINUOUS
10
5.4551848818897639
20
-4.6144730314960629
11
5.4514353543307088
21
-4.6125982677165354
0
LINE
8
BLACK
6
CONTINUOUS
10
5.4514353543307088
20
-4.6125982677165354
11
5.451187519685039
21
-4.6124422440944883
0
LINE
8
BLACK
6
CONTINUOUS
10
5.451187519685039
20
-4.6124422440944883
11
5.4511153937007872
21
-4.6124124015748027
0
LINE
8
BLACK
6
CONTINUOUS
10
5.4511153937007872
20
-4.6124124015748027
11
5.451034212598425
21
-4.6123457874015745
0
LINE
8
BLACK
6
CONTINUOUS
10
5.451034212598425
20
-4.6123457874015745
11
5.450945472440945
21
-4.6122899212598423
0
LINE
8
BLACK
6
CONTINUOUS
10
5.450945472440945
20
-4.6122899212598423
11
5.4508943307086613
21
-4.6122309842519682
0
LINE
8
BLACK
6
CONTINUOUS
10
5.4508943307086613
20
-4.6122309842519682
11
5.4506679527559054
21
-4.6120451574803152
0
LINE
8
BLACK
6
CONTINUOUS
10
5.4506679527559054
20
-4.6120451574803152
11
5.4482095669291342
21
-4.609586771653543
0
LINE
8
BLACK
6
CONTINUOUS
10
5.4482095669291342
20
-4.609586771653543
11
5.4482095669291342
21
-4.6370007480314959
0
LINE
8
BLACK
6
CONTINUOUS
10
5.4482095669291342
20
-4.6370007480314959
11
5.4565053937007875
21
-4.6370007480314959
0
LINE
8
BLACK
6
CONTINUOUS
10
5.4565053937007875
20
-4.6370007480314959
11
5.4570814566929133
21
-4.6370574803149607
0
LINE
8
BLACK
6
CONTINUOUS
10
5.4570814566929133
20
-4.6370574803149607
11
5.4581458661417326
21
-4.6374983858267713
0
LINE
8
BLACK
6
CONTINUOUS
10
5.4581458661417326
20
-4.6374983858267713
11
5.4589605118110232
21
-4.6383130314960628
0
LINE
8
BLACK
6
CONTINUOUS
10
5.4589605118110232
20
-4.6383130314960628
11
5.4594014173228347
21
-4.639377440944882
0
LINE
8
BLACK
6
CONTINUOUS
10
5.4594014173228347
20
-4.639377440944882
11
5.4594014173228347
21
-4.6405295669291338
0
LINE
8
BLACK
6
CONTINUOUS
10
5.4594014173228347
20
-4.6405295669291338
11
5.4589605118110232
21
-4.641593976377953
0
LINE
8
BLACK
6
CONTINUOUS
10
5.4589605118110232
20
-4.641593976377953
11
5.4581458661417326
21
-4.6424086220472436
0
LINE
8
BLACK
6
CONTINUOUS
10
5.4581458661417326
20
-4.6424086220472436
11
5.4570814566929133
21
-4.6428495275590551
0
LINE
8
BLACK
6
CONTINUOUS
10
5.4570814566929133
20
-4.6428495275590551
11
5.4565053937007875
21
-4.6429062598425199
0
LINE
8
BLACK
6
CONTINUOUS
10
5.4565053937007875
20
-4.6429062598425199
11
5.4340082283464568
21
-4.6429062598425199
0
LINE
8
BLACK
6
CONTINUOUS
10
5.4340082283464568
20
-4.6429062598425199
11
5.4334321653543309
21
-4.6428495275590551
0
LINE
8
BLACK
6
CONTINUOUS
10
5.4334321653543309
20
-4.6428495275590551
11
5.4323677559055117
21
-4.6424086220472436
0
LINE
8
BLACK
6
CONTINUOUS
10
5.4323677559055117
20
-4.6424086220472436
11
5.4315531102362202
21
-4.641593976377953
0
LINE
8
BLACK
6
CONTINUOUS
10
5.4315531102362202
20
-4.641593976377953
11
5.4311122047244096
21
-4.6405295669291338
0
LINE
8
BLACK
6
CONTINUOUS
10
5.4311122047244096
20
-4.6405295669291338
11
5.4311122047244096
21
-4.639377440944882
0
LINE
8
BLACK
6
CONTINUOUS
10
5.4311122047244096
20
-4.639377440944882
11
5.4315531102362202
21
-4.6383130314960628
0
LINE
8
BLACK
6
CONTINUOUS
10
5.4315531102362202
20
-4.6383130314960628
11
5.4323677559055117
21
-4.6374983858267713
0
LINE
8
BLACK
6
CONTINUOUS
10
5.4323677559055117
20
-4.6374983858267713
11
5.4334321653543309
21
-4.6370574803149607
0
LINE
8
BLACK
6
CONTINUOUS
10
5.4334321653543309
20
-4.6370574803149607
11
5.4340082283464568
21
-4.6370007480314959
0
LINE
8
BLACK
6
CONTINUOUS
10
5.4340082283464568
20
-4.6370007480314959
11
5.4423040551181101
21
-4.6370007480314959
0
LINE
8
BLACK
6
CONTINUOUS
10
5.4423040551181101
20
-4.6370007480314959
11
5.4423040551181101
21
-4.6005834251968505
0
LINE
8
BLACK
6
CONTINUOUS
10
5.4423040551181101
20
-4.6005834251968505
11
5.4423042519685039
21
-4.6005813385826775
0
LINE
8
BLACK
6
CONTINUOUS
10
5.4423042519685039
20
-4.6005813385826775
11
5.4423040551181101
21
-4.6005803149606299
0
LINE
8
BLACK
6
CONTINUOUS
10
5.4423040551181101
20
-4.6005803149606299
11
5.4423046456692914
21
-4.6005772834645668
0
LINE
8
BLACK
6
CONTINUOUS
10
5.4423046456692914
20
-4.6005772834645668
11
5.4423607874015749
21
-4.6000073622047246
0
LINE
8
BLACK
6
CONTINUOUS
10
5.4423607874015749
20
-4.6000073622047246
11
5.4424726377952757
21
-4.5997372440944879
0
LINE
8
BLACK
6
CONTINUOUS
10
5.4424726377952757
20
-4.5997372440944879
11
5.4425299999999996
21
-4.5994506299212601
0
LINE
8
BLACK
6
CONTINUOUS
10
5.4425299999999996
20
-4.5994506299212601
11
5.4426909448818899
21
-4.5992102362204728
0
LINE
8
BLACK
6
CONTINUOUS
10
5.4426909448818899
20
-4.5992102362204728
11
5.4428016929133856
21
-4.5989429527559054
0
LINE
8
BLACK
6
CONTINUOUS
10
5.4428016929133856
20
-4.5989429527559054
11
5.4430083858267713
21
-4.5987362204724409
0
LINE
8
BLACK
6
CONTINUOUS
10
5.4430083858267713
20
-4.5987362204724409
11
5.4431710629921257
21
-4.5984933464566931
0
LINE
8
BLACK
6
CONTINUOUS
10
5.4431710629921257
20
-4.5984933464566931
11
5.4434117716535431
21
-4.5983328346456691
0
LINE
8
BLACK
6
CONTINUOUS
10
5.4434117716535431
20
-4.5983328346456691
11
5.443616338582677
21
-4.5981283070866139
0
LINE
8
BLACK
6
CONTINUOUS
10
5.443616338582677
20
-4.5981283070866139
11
5.443886417322835
21
-4.5980164173228344
0
LINE
8
BLACK
6
CONTINUOUS
10
5.443886417322835
20
-4.5980164173228344
11
5.4441296850393703
21
-4.5978542519685037
0
LINE
8
BLACK
6
CONTINUOUS
10
5.4441296850393703
20
-4.5978542519685037
11
5.4444134645669289
21
-4.5977981102362202
0
LINE
8
BLACK
6
CONTINUOUS
10
5.4444134645669289
20
-4.5977981102362202
11
5.4446807480314963
21
-4.5976874015748033
0
LINE
8
BLACK
6
CONTINUOUS
10
5.4446807480314963
20
-4.5976874015748033
11
5.444973149606299
21
-4.5976874015748033
0
LINE
8
BLACK
6
CONTINUOUS
10
5.444973149606299
20
-4.5976874015748033
11
5.4452599212598427
21
-4.5976306692913385
0
LINE
8
BLACK
6
CONTINUOUS
10
5.4452599212598427
20
-4.5976306692913385
11
5.445543582677165
21
-4.5976874015748033
0
LINE
8
BLACK
6
CONTINUOUS
10
5.5751916929133856
20
-4.5976874015748033
11
5.5752896850393698
21
-4.5977279921259839
0
LINE
8
BLACK
6
CONTINUOUS
10
5.5752896850393698
20
-4.5977279921259839
11
5.5753955118110232
21
-4.5977355118110239
0
LINE
8
BLACK
6
CONTINUOUS
10
5.5753955118110232
20
-4.5977355118110239
11
5.5759361417322832
21
-4.5979424015748034
0
LINE
8
BLACK
6
CONTINUOUS
10
5.5759361417322832
20
-4.5979424015748034
11
5.5796856692913384
21
-4.5998171653543309
0
LINE
8
BLACK
6
CONTINUOUS
10
5.5796856692913384
20
-4.5998171653543309
11
5.5799336614173223
21
-4.5999732283464567
0
LINE
8
BLACK
6
CONTINUOUS
10
5.5799336614173223
20
-4.5999732283464567
11
5.5800056299212599
21
-4.6000030708661415
0
LINE
8
BLACK
6
CONTINUOUS
10
5.5800056299212599
20
-4.6000030708661415
11
5.5800865748031496
21
-4.6000695275590546
0
LINE
8
BLACK
6
CONTINUOUS
10
5.5800865748031496
20
-4.6000695275590546
11
5.5801755511811022
21
-4.6001255118110231
0
LINE
8
BLACK
6
CONTINUOUS
10
5.5801755511811022
20
-4.6001255118110231
11
5.5802266929133859
21
-4.600184488188976
0
LINE
8
BLACK
6
CONTINUOUS
10
5.5802266929133859
20
-4.600184488188976
11
5.5804530708661417
21
-4.6003702755905511
0
LINE
8
BLACK
6
CONTINUOUS
10
5.5804530708661417
20
-4.6003702755905511
11
5.5823278346456693
21
-4.6022450393700787
0
LINE
8
BLACK
6
CONTINUOUS
10
5.5823278346456693
20
-4.6022450393700787
11
5.5825135826771648
21
-4.6024713779527557
0
LINE
8
BLACK
6
CONTINUOUS
10
5.5825135826771648
20
-4.6024713779527557
11
5.5825725984251964
21
-4.6025225590551182
0
LINE
8
BLACK
6
CONTINUOUS
10
5.5825725984251964
20
-4.6025225590551182
11
5.5826285433070861
21
-4.602611496062992
0
LINE
8
BLACK
6
CONTINUOUS
10
5.5826285433070861
20
-4.602611496062992
11
5.5826950393700789
21
-4.6026924803149605
0
LINE
8
BLACK
6
CONTINUOUS
10
5.5826950393700789
20
-4.6026924803149605
11
5.5827248425196849
21
-4.6027644094488185
0
LINE
8
BLACK
6
CONTINUOUS
10
5.5827248425196849
20
-4.6027644094488185
11
5.5828809448818895
21
-4.603012440944882
0
LINE
8
BLACK
6
CONTINUOUS
10
5.5828809448818895
20
-4.603012440944882
11
5.584755708661417
21
-4.6067619685039372
0
LINE
8
BLACK
6
CONTINUOUS
10
5.584755708661417
20
-4.6067619685039372
11
5.5849625984251965
21
-4.6073025590551184
0
LINE
8
BLACK
6
CONTINUOUS
10
5.5849625984251965
20
-4.6073025590551184
11
5.5849701181102365
21
-4.6074084251968506
0
LINE
8
BLACK
6
CONTINUOUS
10
5.5849701181102365
20
-4.6074084251968506
11
5.5850107086614171
21
-4.6075064173228348
0
LINE
8
BLACK
6
CONTINUOUS
10
5.5850107086614171
20
-4.6075064173228348
11
5.5850674409448819
21
-4.6080824803149607
0
LINE
8
BLACK
6
CONTINUOUS
10
5.5850674409448819
20
-4.6080824803149607
11
5.5850674409448819
21
-4.6118320078740158
0
LINE
8
BLACK
6
CONTINUOUS
10
5.5850674409448819
20
-4.6118320078740158
11
5.5850107086614171
21
-4.6124080708661417
0
LINE
8
BLACK
6
CONTINUOUS
10
5.5850107086614171
20
-4.6124080708661417
11
5.5849701181102365
21
-4.6125060236220472
0
LINE
8
BLACK
6
CONTINUOUS
10
5.5849701181102365
20
-4.6125060236220472
11
5.5849625984251965
21
-4.6126119291338581
0
LINE
8
BLACK
6
CONTINUOUS
10
5.5849625984251965
20
-4.6126119291338581
11
5.584755708661417
21
-4.6131525196850394
0
LINE
8
BLACK
6
CONTINUOUS
10
5.584755708661417
20
-4.6131525196850394
11
5.5828809448818895
21
-4.6169020472440945
0
LINE
8
BLACK
6
CONTINUOUS
10
5.5828809448818895
20
-4.6169020472440945
11
5.5827248425196849
21
-4.6171500393700784
0
LINE
8
BLACK
6
CONTINUOUS
10
5.5827248425196849
20
-4.6171500393700784
11
5.5826950393700789
21
-4.617222007874016
0
LINE
8
BLACK
6
CONTINUOUS
10
5.5826950393700789
20
-4.617222007874016
11
5.5826285433070861
21
-4.6173029527559057
0
LINE
8
BLACK
6
CONTINUOUS
10
5.5826285433070861
20
-4.6173029527559057
11
5.5825725984251964
21
-4.6173919291338583
0
LINE
8
BLACK
6
CONTINUOUS
10
5.5825725984251964
20
-4.6173919291338583
11
5.5825135826771648
21
-4.617443070866142
0
LINE
8
BLACK
6
CONTINUOUS
10
5.5825135826771648
20
-4.617443070866142
11
5.5823278346456693
21
-4.6176694488188978
0
LINE
8
BLACK
6
CONTINUOUS
10
5.5823278346456693
20
-4.6176694488188978
11
5.5804530708661417
21
-4.6195442125984254
0
LINE
8
BLACK
6
CONTINUOUS
10
5.5804530708661417
20
-4.6195442125984254
11
5.5802266929133859
21
-4.6197299606299209
0
LINE
8
BLACK
6
CONTINUOUS
10
5.5802266929133859
20
-4.6197299606299209
11
5.5801755511811022
21
-4.6197889763779525
0
LINE
8
BLACK
6
CONTINUOUS
10
5.5801755511811022
20
-4.6197889763779525
11
5.5800865748031496
21
-4.6198449212598423
0
LINE
8
BLACK
6
CONTINUOUS
10
5.5800865748031496
20
-4.6198449212598423
11
5.5800056299212599
21
-4.6199114173228342
0
LINE
8
BLACK
6
CONTINUOUS
10
5.5800056299212599
20
-4.6199114173228342
11
5.5799336614173223
21
-4.619941220472441
0
LINE
8
BLACK
6
CONTINUOUS
10
5.5799336614173223
20
-4.619941220472441
11
5.5796856692913384
21
-4.6200973228346456
0
LINE
8
BLACK
6
CONTINUOUS
10
5.5796856692913384
20
-4.6200973228346456
11
5.5759361417322832
21
-4.6219720866141731
0
LINE
8
BLACK
6
CONTINUOUS
10
5.5759361417322832
20
-4.6219720866141731
11
5.5758940157480312
21
-4.6219881889763776
0
LINE
8
BLACK
6
CONTINUOUS
10
5.5758940157480312
20
-4.6219881889763776
11
5.5758768897637792
21
-4.6220009055118112
0
LINE
8
BLACK
6
CONTINUOUS
10
5.5758768897637792
20
-4.6220009055118112
11
5.5756349212598426
21
-4.6220873228346457
0
LINE
8
BLACK
6
CONTINUOUS
10
5.5756349212598426
20
-4.6220873228346457
11
5.5753955118110232
21
-4.6221789763779526
0
LINE
8
BLACK
6
CONTINUOUS
10
5.5753955118110232
20
-4.6221789763779526
11
5.5753742519685039
21
-4.6221804724409452
0
LINE
8
BLACK
6
CONTINUOUS
10
5.5753742519685039
20
-4.6221804724409452
11
5.5753317716535431
21
-4.6221956692913384
0
LINE
8
BLACK
6
CONTINUOUS
10
5.5753317716535431
20
-4.6221956692913384
11
5.5681471259842521
21
-4.6239918110236218
0
LINE
8
BLACK
6
CONTINUOUS
10
5.5681471259842521
20
-4.6239918110236218
11
5.5651161417322834
21
-4.6255073228346459
0
LINE
8
BLACK
6
CONTINUOUS
10
5.5651161417322834
20
-4.6255073228346459
11
5.5639190157480316
21
-4.6267044488188978
0
LINE
8
BLACK
6
CONTINUOUS
10
5.5639190157480316
20
-4.6267044488188978
11
5.5625702755905513
21
-4.6294019291338584
0
LINE
8
BLACK
6
CONTINUOUS
10
5.5625702755905513
20
-4.6294019291338584
11
5.5625702755905513
21
-4.6317573622047243
0
LINE
8
BLACK
6
CONTINUOUS
10
5.5625702755905513
20
-4.6317573622047243
11
5.5639190157480316
21
-4.634454842519685
0
LINE
8
BLACK
6
CONTINUOUS
10
5.5639190157480316
20
-4.634454842519685
11
5.5651161417322834
21
-4.6356520078740155
0
LINE
8
BLACK
6
CONTINUOUS
10
5.5651161417322834
20
-4.6356520078740155
11
5.5678136220472441
21
-4.6370007480314959
0
LINE
8
BLACK
6
CONTINUOUS
10
5.5678136220472441
20
-4.6370007480314959
11
5.5760112598425193
21
-4.6370007480314959
0
LINE
8
BLACK
6
CONTINUOUS
10
5.5760112598425193
20
-4.6370007480314959
11
5.5811809055118111
21
-4.6352775196850393
0
LINE
8
BLACK
6
CONTINUOUS
10
5.5811809055118111
20
-4.6352775196850393
11
5.5817453543307085
21
-4.6351491732283465
0
LINE
8
BLACK
6
CONTINUOUS
10
5.5817453543307085
20
-4.6351491732283465
11
5.5828945669291334
21
-4.6352308661417325
0
LINE
8
BLACK
6
CONTINUOUS
10
5.5828945669291334
20
-4.6352308661417325
11
5.5839250393700786
21
-4.6357460629921254
0
LINE
8
BLACK
6
CONTINUOUS
10
5.5839250393700786
20
-4.6357460629921254
11
5.5846799212598421
21
-4.6366164566929129
0
LINE
8
BLACK
6
CONTINUOUS
10
5.5846799212598421
20
-4.6366164566929129
11
5.5850442519685037
21
-4.6377094488188977
0
LINE
8
BLACK
6
CONTINUOUS
10
5.5850442519685037
20
-4.6377094488188977
11
5.5849625590551177
21
-4.6388586614173226
0
LINE
8
BLACK
6
CONTINUOUS
10
5.5849625590551177
20
-4.6388586614173226
11
5.5844473228346452
21
-4.639889094488189
0
LINE
8
BLACK
6
CONTINUOUS
10
5.5844473228346452
20
-4.639889094488189
11
5.5835769685039365
21
-4.6406439763779526
0
LINE
8
BLACK
6
CONTINUOUS
10
5.5835769685039365
20
-4.6406439763779526
11
5.58304842519685
21
-4.6408799606299214
0
LINE
8
BLACK
6
CONTINUOUS
10
5.58304842519685
20
-4.6408799606299214
11
5.5774241338582673
21
-4.6427547244094489
0
LINE
8
BLACK
6
CONTINUOUS
10
5.5774241338582673
20
-4.6427547244094489
11
5.5771385433070861
21
-4.6428196456692916
0
LINE
8
BLACK
6
CONTINUOUS
10
5.5771385433070861
20
-4.6428196456692916
11
5.5770664566929131
21
-4.6428495275590551
0
LINE
8
BLACK
6
CONTINUOUS
10
5.5770664566929131
20
-4.6428495275590551
11
5.5769619291338586
21
-4.642859803149606
0
LINE
8
BLACK
6
CONTINUOUS
10
5.5769619291338586
20
-4.642859803149606
11
5.5768596850393699
21
-4.6428830708661417
0
LINE
8
BLACK
6
CONTINUOUS
10
5.5768596850393699
20
-4.6428830708661417
11
5.5767819291338583
21
-4.6428775196850394
0
LINE
8
BLACK
6
CONTINUOUS
10
5.5767819291338583
20
-4.6428775196850394
11
5.5764903937007873
21
-4.6429062598425199
0
LINE
8
BLACK
6
CONTINUOUS
10
5.5764903937007873
20
-4.6429062598425199
11
5.5671165748031495
21
-4.6429062598425199
0
LINE
8
BLACK
6
CONTINUOUS
10
5.5671165748031495
20
-4.6429062598425199
11
5.5665405118110236
21
-4.6428495275590551
0
LINE
8
BLACK
6
CONTINUOUS
10
5.5665405118110236
20
-4.6428495275590551
11
5.5664425196850393
21
-4.6428089370078736
0
LINE
8
BLACK
6
CONTINUOUS
10
5.5664425196850393
20
-4.6428089370078736
11
5.5663366535433072
21
-4.6428014173228345
0
LINE
8
BLACK
6
CONTINUOUS
10
5.5663366535433072
20
-4.6428014173228345
11
5.5657960629921259
21
-4.642594527559055
0
LINE
8
BLACK
6
CONTINUOUS
10
5.5657960629921259
20
-4.642594527559055
11
5.5620465354330708
21
-4.6407197637795274
0
LINE
8
BLACK
6
CONTINUOUS
10
5.5620465354330708
20
-4.6407197637795274
11
5.5617985039370081
21
-4.6405636614173229
0
LINE
8
BLACK
6
CONTINUOUS
10
5.5617985039370081
20
-4.6405636614173229
11
5.5617265748031492
21
-4.640533858267716
0
LINE
8
BLACK
6
CONTINUOUS
10
5.5617265748031492
20
-4.640533858267716
11
5.5616455905511808
21
-4.6404674015748029
0
LINE
8
BLACK
6
CONTINUOUS
10
5.5616455905511808
20
-4.6404674015748029
11
5.561556653543307
21
-4.6404114173228344
0
LINE
8
BLACK
6
CONTINUOUS
10
5.561556653543307
20
-4.6404114173228344
11
5.5615054330708658
21
-4.640352362204724
0
LINE
8
BLACK
6
CONTINUOUS
10
5.5615054330708658
20
-4.640352362204724
11
5.5612790944881887
21
-4.6401666141732285
0
LINE
8
BLACK
6
CONTINUOUS
10
5.5612790944881887
20
-4.6401666141732285
11
5.5594043307086611
21
-4.6382918110236222
0
LINE
8
BLACK
6
CONTINUOUS
10
5.5594043307086611
20
-4.6382918110236222
11
5.5592185826771656
21
-4.6380654724409451
0
LINE
8
BLACK
6
CONTINUOUS
10
5.5592185826771656
20
-4.6380654724409451
11
5.5591596062992128
21
-4.6380143307086614
0
LINE
8
BLACK
6
CONTINUOUS
10
5.5591596062992128
20
-4.6380143307086614
11
5.5591036220472443
21
-4.6379253937007876
0
LINE
8
BLACK
6
CONTINUOUS
10
5.5591036220472443
20
-4.6379253937007876
11
5.5590371259842515
21
-4.6378443700787404
0
LINE
8
BLACK
6
CONTINUOUS
10
5.5590371259842515
20
-4.6378443700787404
11
5.5590072834645667
21
-4.6377723228346452
0
LINE
8
BLACK
6
CONTINUOUS
10
5.5590072834645667
20
-4.6377723228346452
11
5.5588512598425197
21
-4.6375244488188976
0
LINE
8
BLACK
6
CONTINUOUS
10
5.5588512598425197
20
-4.6375244488188976
11
5.5569764960629922
21
-4.6337749212598425
0
LINE
8
BLACK
6
CONTINUOUS
10
5.5569764960629922
20
-4.6337749212598425
11
5.5567696062992127
21
-4.6332342913385824
0
LINE
8
BLACK
6
CONTINUOUS
10
5.5567696062992127
20
-4.6332342913385824
11
5.5567620866141727
21
-4.6331284645669291
0
LINE
8
BLACK
6
CONTINUOUS
10
5.5567620866141727
20
-4.6331284645669291
11
5.556721496062992
21
-4.6330304724409448
0
LINE
8
BLACK
6
CONTINUOUS
10
5.556721496062992
20
-4.6330304724409448
11
5.5566647637795272
21
-4.6324544094488189
0
LINE
8
BLACK
6
CONTINUOUS
10
5.5566647637795272
20
-4.6324544094488189
11
5.5566647637795272
21
-4.6287048818897638
0
LINE
8
BLACK
6
CONTINUOUS
10
5.5566647637795272
20
-4.6287048818897638
11
5.556721496062992
21
-4.6281288188976379
0
LINE
8
BLACK
6
CONTINUOUS
10
5.556721496062992
20
-4.6281288188976379
11
5.5567620866141727
21
-4.6280307874015749
0
LINE
8
BLACK
6
CONTINUOUS
10
5.5567620866141727
20
-4.6280307874015749
11
5.5567696062992127
21
-4.6279250000000003
0
LINE
8
BLACK
6
CONTINUOUS
10
5.5567696062992127
20
-4.6279250000000003
11
5.5569764960629922
21
-4.6273843700787403
0
LINE
8
BLACK
6
CONTINUOUS
10
5.5569764960629922
20
-4.6273843700787403
11
5.5588512598425197
21
-4.6236348425196852
0
LINE
8
BLACK
6
CONTINUOUS
10
5.5588512598425197
20
-4.6236348425196852
11
5.5590073228346455
21
-4.6233868110236216
0
LINE
8
BLACK
6
CONTINUOUS
10
5.5590073228346455
20
-4.6233868110236216
11
5.5590371653543302
21
-4.6233148818897636
0
LINE
8
BLACK
6
CONTINUOUS
10
5.5590371653543302
20
-4.6233148818897636
11
5.5591036220472443
21
-4.6232338976377951
0
LINE
8
BLACK
6
CONTINUOUS
10
5.5591036220472443
20
-4.6232338976377951
11
5.5591596062992128
21
-4.6231449606299213
0
LINE
8
BLACK
6
CONTINUOUS
10
5.5591596062992128
20
-4.6231449606299213
11
5.5592185826771656
21
-4.6230937795275588
0
LINE
8
BLACK
6
CONTINUOUS
10
5.5592185826771656
20
-4.6230937795275588
11
5.5594043700787399
21
-4.6228674409448818
0
LINE
8
BLACK
6
CONTINUOUS
10
5.5594043700787399
20
-4.6228674409448818
11
5.5612791338582674
21
-4.6209926771653542
0
LINE
8
BLACK
6
CONTINUOUS
10
5.5612791338582674
20
-4.6209926771653542
11
5.5615054724409445
21
-4.6208068897637791
0
LINE
8
BLACK
6
CONTINUOUS
10
5.5615054724409445
20
-4.6208068897637791
11
5.561556653543307
21
-4.6207479133858262
0
LINE
8
BLACK
6
CONTINUOUS
10
5.561556653543307
20
-4.6207479133858262
11
5.5616455905511808
21
-4.6206919291338577
0
LINE
8
BLACK
6
CONTINUOUS
10
5.5616455905511808
20
-4.6206919291338577
11
5.5617265748031492
21
-4.6206254724409446
0
LINE
8
BLACK
6
CONTINUOUS
10
5.5617265748031492
20
-4.6206254724409446
11
5.5617985039370081
21
-4.6205956299212598
0
LINE
8
BLACK
6
CONTINUOUS
10
5.5617985039370081
20
-4.6205956299212598
11
5.5620465354330708
21
-4.620439566929134
0
LINE
8
BLACK
6
CONTINUOUS
10
5.5620465354330708
20
-4.620439566929134
11
5.5657960629921259
21
-4.6185648031496065
0
LINE
8
BLACK
6
CONTINUOUS
10
5.5657960629921259
20
-4.6185648031496065
11
5.5658381496062992
21
-4.6185486614173223
0
LINE
8
BLACK
6
CONTINUOUS
10
5.5658381496062992
20
-4.6185486614173223
11
5.56585531496063
21
-4.6185359842519684
0
LINE
8
BLACK
6
CONTINUOUS
10
5.56585531496063
20
-4.6185359842519684
11
5.566096889763779
21
-4.6184496456692914
0
LINE
8
BLACK
6
CONTINUOUS
10
5.566096889763779
20
-4.6184496456692914
11
5.5663366535433072
21
-4.618357913385827
0
LINE
8
BLACK
6
CONTINUOUS
10
5.5663366535433072
20
-4.618357913385827
11
5.5663579133858265
21
-4.6183563779527557
0
LINE
8
BLACK
6
CONTINUOUS
10
5.5663579133858265
20
-4.6183563779527557
11
5.5664004330708661
21
-4.6183412204724412
0
LINE
8
BLACK
6
CONTINUOUS
10
5.5664004330708661
20
-4.6183412204724412
11
5.5735850787401571
21
-4.6165450393700782
0
LINE
8
BLACK
6
CONTINUOUS
10
5.5735850787401571
20
-4.6165450393700782
11
5.5766160629921258
21
-4.6150295669291337
0
LINE
8
BLACK
6
CONTINUOUS
10
5.5766160629921258
20
-4.6150295669291337
11
5.5778131889763776
21
-4.6138324409448819
0
LINE
8
BLACK
6
CONTINUOUS
10
5.5778131889763776
20
-4.6138324409448819
11
5.5791619291338579
21
-4.6111349606299212
0
LINE
8
BLACK
6
CONTINUOUS
10
5.5791619291338579
20
-4.6111349606299212
11
5.5791619291338579
21
-4.6087795275590553
0
LINE
8
BLACK
6
CONTINUOUS
10
5.5791619291338579
20
-4.6087795275590553
11
5.5778131889763776
21
-4.6060820472440946
0
LINE
8
BLACK
6
CONTINUOUS
10
5.5778131889763776
20
-4.6060820472440946
11
5.5766160629921258
21
-4.6048849212598428
0
LINE
8
BLACK
6
CONTINUOUS
10
5.5766160629921258
20
-4.6048849212598428
11
5.5739185826771651
21
-4.6035361811023625
0
LINE
8
BLACK
6
CONTINUOUS
10
5.5739185826771651
20
-4.6035361811023625
11
5.5657209448818898
21
-4.6035361811023625
0
LINE
8
BLACK
6
CONTINUOUS
10
5.5657209448818898
20
-4.6035361811023625
11
5.5605512598425193
21
-4.6052594094488191
0
LINE
8
BLACK
6
CONTINUOUS
10
5.5605512598425193
20
-4.6052594094488191
11
5.5599868110236219
21
-4.6053877559055119
0
LINE
8
BLACK
6
CONTINUOUS
10
5.5599868110236219
20
-4.6053877559055119
11
5.558837598425197
21
-4.6053060629921259
0
LINE
8
BLACK
6
CONTINUOUS
10
5.558837598425197
20
-4.6053060629921259
11
5.5578071653543306
21
-4.6047908661417321
0
LINE
8
BLACK
6
CONTINUOUS
10
5.5578071653543306
20
-4.6047908661417321
11
5.557052283464567
21
-4.6039205118110234
0
LINE
8
BLACK
6
CONTINUOUS
10
5.557052283464567
20
-4.6039205118110234
11
5.5566879527559054
21
-4.6028274803149607
0
LINE
8
BLACK
6
CONTINUOUS
10
5.5566879527559054
20
-4.6028274803149607
11
5.5567696456692914
21
-4.6016782677165358
0
LINE
8
BLACK
6
CONTINUOUS
10
5.5567696456692914
20
-4.6016782677165358
11
5.5572848425196852
21
-4.6006478346456694
0
LINE
8
BLACK
6
CONTINUOUS
10
5.5572848425196852
20
-4.6006478346456694
11
5.5581551968503939
21
-4.5998929527559058
0
LINE
8
BLACK
6
CONTINUOUS
10
5.5581551968503939
20
-4.5998929527559058
11
5.5586837795275592
21
-4.599656968503937
0
LINE
8
BLACK
6
CONTINUOUS
10
5.5586837795275592
20
-4.599656968503937
11
5.5643080314960631
21
-4.5977822047244095
0
LINE
8
BLACK
6
CONTINUOUS
10
5.5643080314960631
20
-4.5977822047244095
11
5.564593661417323
21
-4.597717244094488
0
LINE
8
BLACK
6
CONTINUOUS
10
5.564593661417323
20
-4.597717244094488
11
5.5646657480314961
21
-4.5976874015748033
0
LINE
8
BLACK
6
CONTINUOUS
10
5.5646657480314961
20
-4.5976874015748033
11
5.564770196850394
21
-4.5976770866141727
0
LINE
8
BLACK
6
CONTINUOUS
10
5.564770196850394
20
-4.5976770866141727
11
5.5648724803149605
21
-4.5976538582677167
0
LINE
8
BLACK
6
CONTINUOUS
10
5.5648724803149605
20
-4.5976538582677167
11
5.5649501968503934
21
-4.5976593700787403
0
LINE
8
BLACK
6
CONTINUOUS
10
5.5649501968503934
20
-4.5976593700787403
11
5.5652418110236219
21
-4.5976306692913385
0
LINE
8
BLACK
6
CONTINUOUS
10
5.5652418110236219
20
-4.5976306692913385
11
5.5746156299212597
21
-4.5976306692913385
0
LINE
8
BLACK
6
CONTINUOUS
10
5.5746156299212597
20
-4.5976306692913385
11
5.5751916929133856
21
-4.5976874015748033
0
LINE
8
BLACK
6
CONTINUOUS
10
5.6126870078740154
20
-4.5976874015748033
11
5.6127849999999997
21
-4.5977279921259839
0
LINE
8
BLACK
6
CONTINUOUS
10
5.6127849999999997
20
-4.5977279921259839
11
5.6128908267716531
21
-4.5977355118110239
0
LINE
8
BLACK
6
CONTINUOUS
10
5.6128908267716531
20
-4.5977355118110239
11
5.6134314566929131
21
-4.5979424015748034
0
LINE
8
BLACK
6
CONTINUOUS
10
5.6134314566929131
20
-4.5979424015748034
11
5.6171809842519682
21
-4.5998171653543309
0
LINE
8
BLACK
6
CONTINUOUS
10
5.6171809842519682
20
-4.5998171653543309
11
5.617428976377953
21
-4.5999732283464567
0
LINE
8
BLACK
6
CONTINUOUS
10
5.617428976377953
20
-4.5999732283464567
11
5.6175009448818898
21
-4.6000030708661415
0
LINE
8
BLACK
6
CONTINUOUS
10
5.6175009448818898
20
-4.6000030708661415
11
5.6175818897637795
21
-4.6000695275590546
0
LINE
8
BLACK
6
CONTINUOUS
10
5.6175818897637795
20
-4.6000695275590546
11
5.6176708661417321
21
-4.6001255118110231
0
LINE
8
BLACK
6
CONTINUOUS
10
5.6176708661417321
20
-4.6001255118110231
11
5.6177220078740158
21
-4.600184488188976
0
LINE
8
BLACK
6
CONTINUOUS
10
5.6177220078740158
20
-4.600184488188976
11
5.6179483858267716
21
-4.6003702755905511
0
LINE
8
BLACK
6
CONTINUOUS
10
5.6179483858267716
20
-4.6003702755905511
11
5.6198231496062991
21
-4.6022450393700787
0
LINE
8
BLACK
6
CONTINUOUS
10
5.6198231496062991
20
-4.6022450393700787
11
5.6200088976377955
21
-4.6024713779527557
0
LINE
8
BLACK
6
CONTINUOUS
10
5.6200088976377955
20
-4.6024713779527557
11
5.6200679133858262
21
-4.6025225590551182
0
LINE
8
BLACK
6
CONTINUOUS
10
5.6200679133858262
20
-4.6025225590551182
11
5.620123858267716
21
-4.602611496062992
0
LINE
8
BLACK
6
CONTINUOUS
10
5.620123858267716
20
-4.602611496062992
11
5.6201903543307088
21
-4.6026924803149605
0
LINE
8
BLACK
6
CONTINUOUS
10
5.6201903543307088
20
-4.6026924803149605
11
5.6202201574803148
21
-4.6027644094488185
0
LINE
8
BLACK
6
CONTINUOUS
10
5.6202201574803148
20
-4.6027644094488185
11
5.6203762598425193
21
-4.603012440944882
0
LINE
8
BLACK
6
CONTINUOUS
10
5.6203762598425193
20
-4.603012440944882
11
5.6222510236220469
21
-4.6067619685039372
0
LINE
8
BLACK
6
CONTINUOUS
10
5.6222510236220469
20
-4.6067619685039372
11
5.6224579133858263
21
-4.6073025590551184
0
LINE
8
BLACK
6
CONTINUOUS
10
5.6224579133858263
20
-4.6073025590551184
11
5.6224654330708663
21
-4.6074084251968506
0
LINE
8
BLACK
6
CONTINUOUS
10
5.6224654330708663
20
-4.6074084251968506
11
5.622506023622047
21
-4.6075064173228348
0
LINE
8
BLACK
6
CONTINUOUS
10
5.622506023622047
20
-4.6075064173228348
11
5.6225627559055118
21
-4.6080824803149607
0
LINE
8
BLACK
6
CONTINUOUS
10
5.6225627559055118
20
-4.6080824803149607
11
5.6225627559055118
21
-4.6118320078740158
0
LINE
8
BLACK
6
CONTINUOUS
10
5.6225627559055118
20
-4.6118320078740158
11
5.622506023622047
21
-4.6124080708661417
0
LINE
8
BLACK
6
CONTINUOUS
10
5.622506023622047
20
-4.6124080708661417
11
5.6224654330708663
21
-4.6125060236220472
0
LINE
8
BLACK
6
CONTINUOUS
10
5.6224654330708663
20
-4.6125060236220472
11
5.6224579133858263
21
-4.6126119291338581
0
LINE
8
BLACK
6
CONTINUOUS
10
5.6224579133858263
20
-4.6126119291338581
11
5.6222510236220469
21
-4.6131525196850394
0
LINE
8
BLACK
6
CONTINUOUS
10
5.6222510236220469
20
-4.6131525196850394
11
5.6203762598425193
21
-4.6169020472440945
0
LINE
8
BLACK
6
CONTINUOUS
10
5.6203762598425193
20
-4.6169020472440945
11
5.6202201574803148
21
-4.6171500393700784
0
LINE
8
BLACK
6
CONTINUOUS
10
5.6202201574803148
20
-4.6171500393700784
11
5.6201903543307088
21
-4.617222007874016
0
LINE
8
BLACK
6
CONTINUOUS
10
5.6201903543307088
20
-4.617222007874016
11
5.620123858267716
21
-4.6173029527559057
0
LINE
8
BLACK
6
CONTINUOUS
10
5.620123858267716
20
-4.6173029527559057
11
5.6200679133858262
21
-4.6173919291338583
0
LINE
8
BLACK
6
CONTINUOUS
10
5.6200679133858262
20
-4.6173919291338583
11
5.6200088976377955
21
-4.617443070866142
0
LINE
8
BLACK
6
CONTINUOUS
10
5.6200088976377955
20
-4.617443070866142
11
5.6198231496062991
21
-4.6176694488188978
0
LINE
8
BLACK
6
CONTINUOUS
10
5.6198231496062991
20
-4.6176694488188978
11
5.6179483858267716
21
-4.6195442125984254
0
LINE
8
BLACK
6
CONTINUOUS
10
5.6179483858267716
20
-4.6195442125984254
11
5.6177220078740158
21
-4.6197299606299209
0
LINE
8
BLACK
6
CONTINUOUS
10
5.6177220078740158
20
-4.6197299606299209
11
5.6176708661417321
21
-4.6197889763779525
0
LINE
8
BLACK
6
CONTINUOUS
10
5.6176708661417321
20
-4.6197889763779525
11
5.6175818897637795
21
-4.6198449212598423
0
LINE
8
BLACK
6
CONTINUOUS
10
5.6175818897637795
20
-4.6198449212598423
11
5.6175009448818898
21
-4.6199114173228342
0
LINE
8
BLACK
6
CONTINUOUS
10
5.6175009448818898
20
-4.6199114173228342
11
5.617428976377953
21
-4.619941220472441
0
LINE
8
BLACK
6
CONTINUOUS
10
5.617428976377953
20
-4.619941220472441
11
5.6171809842519682
21
-4.6200973228346456
0
LINE
8
BLACK
6
CONTINUOUS
10
5.6171809842519682
20
-4.6200973228346456
11
5.6134314566929131
21
-4.6219720866141731
0
LINE
8
BLACK
6
CONTINUOUS
10
5.6134314566929131
20
-4.6219720866141731
11
5.6133893307086611
21
-4.6219881889763776
0
LINE
8
BLACK
6
CONTINUOUS
10
5.6133893307086611
20
-4.6219881889763776
11
5.613372204724409
21
-4.6220009055118112
0
LINE
8
BLACK
6
CONTINUOUS
10
5.613372204724409
20
-4.6220009055118112
11
5.6131302362204725
21
-4.6220873228346457
0
LINE
8
BLACK
6
CONTINUOUS
10
5.6131302362204725
20
-4.6220873228346457
11
5.6128908267716531
21
-4.6221789763779526
0
LINE
8
BLACK
6
CONTINUOUS
10
5.6128908267716531
20
-4.6221789763779526
11
5.6128695669291337
21
-4.6221804724409452
0
LINE
8
BLACK
6
CONTINUOUS
10
5.6128695669291337
20
-4.6221804724409452
11
5.612827086614173
21
-4.6221956692913384
0
LINE
8
BLACK
6
CONTINUOUS
10
5.612827086614173
20
-4.6221956692913384
11
5.605642440944882
21
-4.6239918110236218
0
LINE
8
BLACK
6
CONTINUOUS
10
5.605642440944882
20
-4.6239918110236218
11
5.6026114566929133
21
-4.6255073228346459
0
LINE
8
BLACK
6
CONTINUOUS
10
5.6026114566929133
20
-4.6255073228346459
11
5.6014143307086615
21
-4.6267044488188978
0
LINE
8
BLACK
6
CONTINUOUS
10
5.6014143307086615
20
-4.6267044488188978
11
5.6000655905511811
21
-4.6294019291338584
0
LINE
8
BLACK
6
CONTINUOUS
10
5.6000655905511811
20
-4.6294019291338584
11
5.6000655905511811
21
-4.6317573622047243
0
LINE
8
BLACK
6
CONTINUOUS
10
5.6000655905511811
20
-4.6317573622047243
11
5.6014143307086615
21
-4.634454842519685
0
LINE
8
BLACK
6
CONTINUOUS
10
5.6014143307086615
20
-4.634454842519685
11
5.6026114566929133
21
-4.6356520078740155
0
LINE
8
BLACK
6
CONTINUOUS
10
5.6026114566929133
20
-4.6356520078740155
11
5.6053089370078739
21
-4.6370007480314959
0
LINE
8
BLACK
6
CONTINUOUS
10
5.6053089370078739
20
-4.6370007480314959
11
5.6135065748031492
21
-4.6370007480314959
0
LINE
8
BLACK
6
CONTINUOUS
10
5.6135065748031492
20
-4.6370007480314959
11
5.618676220472441
21
-4.6352775196850393
0
LINE
8
BLACK
6
CONTINUOUS
10
5.618676220472441
20
-4.6352775196850393
11
5.6192406692913384
21
-4.6351491732283465
0
LINE
8
BLACK
6
CONTINUOUS
10
5.6192406692913384
20
-4.6351491732283465
11
5.6203898818897633
21
-4.6352308661417325
0
LINE
8
BLACK
6
CONTINUOUS
10
5.6203898818897633
20
-4.6352308661417325
11
5.6214203543307084
21
-4.6357460629921254
0
LINE
8
BLACK
6
CONTINUOUS
10
5.6214203543307084
20
-4.6357460629921254
11
5.622175236220472
21
-4.6366164566929129
0
LINE
8
BLACK
6
CONTINUOUS
10
5.622175236220472
20
-4.6366164566929129
11
5.6225395669291336
21
-4.6377094488188977
0
LINE
8
BLACK
6
CONTINUOUS
10
5.6225395669291336
20
-4.6377094488188977
11
5.6224578740157476
21
-4.6388586614173226
0
LINE
8
BLACK
6
CONTINUOUS
10
5.6224578740157476
20
-4.6388586614173226
11
5.621942637795275
21
-4.639889094488189
0
LINE
8
BLACK
6
CONTINUOUS
10
5.621942637795275
20
-4.639889094488189
11
5.6210722834645672
21
-4.6406439763779526
0
LINE
8
BLACK
6
CONTINUOUS
10
5.6210722834645672
20
-4.6406439763779526
11
5.6205437401574798
21
-4.6408799606299214
0
LINE
8
BLACK
6
CONTINUOUS
10
5.6205437401574798
20
-4.6408799606299214
11
5.6149194488188972
21
-4.6427547244094489
0
LINE
8
BLACK
6
CONTINUOUS
10
5.6149194488188972
20
-4.6427547244094489
11
5.614633858267716
21
-4.6428196456692916
0
LINE
8
BLACK
6
CONTINUOUS
10
5.614633858267716
20
-4.6428196456692916
11
5.614561771653543
21
-4.6428495275590551
0
LINE
8
BLACK
6
CONTINUOUS
10
5.614561771653543
20
-4.6428495275590551
11
5.6144572440944884
21
-4.642859803149606
0
LINE
8
BLACK
6
CONTINUOUS
10
5.6144572440944884
20
-4.642859803149606
11
5.6143549999999998
21
-4.6428830708661417
0
LINE
8
BLACK
6
CONTINUOUS
10
5.6143549999999998
20
-4.6428830708661417
11
5.6142772440944881
21
-4.6428775196850394
0
LINE
8
BLACK
6
CONTINUOUS
10
5.6142772440944881
20
-4.6428775196850394
11
5.6139857086614171
21
-4.6429062598425199
0
LINE
8
BLACK
6
CONTINUOUS
10
5.6139857086614171
20
-4.6429062598425199
11
5.6046118897637793
21
-4.6429062598425199
0
LINE
8
BLACK
6
CONTINUOUS
10
5.6046118897637793
20
-4.6429062598425199
11
5.6040358267716535
21
-4.6428495275590551
0
LINE
8
BLACK
6
CONTINUOUS
10
5.6040358267716535
20
-4.6428495275590551
11
5.6039378346456692
21
-4.6428089370078736
0
LINE
8
BLACK
6
CONTINUOUS
10
5.6039378346456692
20
-4.6428089370078736
11
5.6038319685039371
21
-4.6428014173228345
0
LINE
8
BLACK
6
CONTINUOUS
10
5.6038319685039371
20
-4.6428014173228345
11
5.6032913779527558
21
-4.642594527559055
0
LINE
8
BLACK
6
CONTINUOUS
10
5.6032913779527558
20
-4.642594527559055
11
5.5995418503937007
21
-4.6407197637795274
0
LINE
8
BLACK
6
CONTINUOUS
10
5.5995418503937007
20
-4.6407197637795274
11
5.599293818897638
21
-4.6405636614173229
0
LINE
8
BLACK
6
CONTINUOUS
10
5.599293818897638
20
-4.6405636614173229
11
5.5992218897637791
21
-4.640533858267716
0
LINE
8
BLACK
6
CONTINUOUS
10
5.5992218897637791
20
-4.640533858267716
11
5.5991409055118107
21
-4.6404674015748029
0
LINE
8
BLACK
6
CONTINUOUS
10
5.5991409055118107
20
-4.6404674015748029
11
5.5990519685039368
21
-4.6404114173228344
0
LINE
8
BLACK
6
CONTINUOUS
10
5.5990519685039368
20
-4.6404114173228344
11
5.5990007480314956
21
-4.640352362204724
0
LINE
8
BLACK
6
CONTINUOUS
10
5.5990007480314956
20
-4.640352362204724
11
5.5987744094488185
21
-4.6401666141732285
0
LINE
8
BLACK
6
CONTINUOUS
10
5.5987744094488185
20
-4.6401666141732285
11
5.596899645669291
21
-4.6382918110236222
0
LINE
8
BLACK
6
CONTINUOUS
10
5.596899645669291
20
-4.6382918110236222
11
5.5967138976377955
21
-4.6380654724409451
0
LINE
8
BLACK
6
CONTINUOUS
10
5.5967138976377955
20
-4.6380654724409451
11
5.5966549212598427
21
-4.6380143307086614
0
LINE
8
BLACK
6
CONTINUOUS
10
5.5966549212598427
20
-4.6380143307086614
11
5.5965989370078741
21
-4.6379253937007876
0
LINE
8
BLACK
6
CONTINUOUS
10
5.5965989370078741
20
-4.6379253937007876
11
5.5965324409448813
21
-4.6378443700787404
0
LINE
8
BLACK
6
CONTINUOUS
10
5.5965324409448813
20
-4.6378443700787404
11
5.5965025984251966
21
-4.6377723228346452
0
LINE
8
BLACK
6
CONTINUOUS
10
5.5965025984251966
20
-4.6377723228346452
11
5.5963465748031496
21
-4.6375244488188976
0
LINE
8
BLACK
6
CONTINUOUS
10
5.5963465748031496
20
-4.6375244488188976
11
5.594471811023622
21
-4.6337749212598425
0
LINE
8
BLACK
6
CONTINUOUS
10
5.594471811023622
20
-4.6337749212598425
11
5.5942649212598425
21
-4.6332342913385824
0
LINE
8
BLACK
6
CONTINUOUS
10
5.5942649212598425
20
-4.6332342913385824
11
5.5942574015748034
21
-4.6331284645669291
0
LINE
8
BLACK
6
CONTINUOUS
10
5.5942574015748034
20
-4.6331284645669291
11
5.5942168110236219
21
-4.6330304724409448
0
LINE
8
BLACK
6
CONTINUOUS
10
5.5942168110236219
20
-4.6330304724409448
11
5.5941600787401571
21
-4.6324544094488189
0
LINE
8
BLACK
6
CONTINUOUS
10
5.5941600787401571
20
-4.6324544094488189
11
5.5941600787401571
21
-4.6287048818897638
0
LINE
8
BLACK
6
CONTINUOUS
10
5.5941600787401571
20
-4.6287048818897638
11
5.5942168110236219
21
-4.6281288188976379
0
LINE
8
BLACK
6
CONTINUOUS
10
5.5942168110236219
20
-4.6281288188976379
11
5.5942574015748034
21
-4.6280307874015749
0
LINE
8
BLACK
6
CONTINUOUS
10
5.5942574015748034
20
-4.6280307874015749
11
5.5942649212598425
21
-4.6279250000000003
0
LINE
8
BLACK
6
CONTINUOUS
10
5.5942649212598425
20
-4.6279250000000003
11
5.594471811023622
21
-4.6273843700787403
0
LINE
8
BLACK
6
CONTINUOUS
10
5.594471811023622
20
-4.6273843700787403
11
5.5963465748031496
21
-4.6236348425196852
0
LINE
8
BLACK
6
CONTINUOUS
10
5.5963465748031496
20
-4.6236348425196852
11
5.5965026377952753
21
-4.6233868110236216
0
LINE
8
BLACK
6
CONTINUOUS
10
5.5965026377952753
20
-4.6233868110236216
11
5.5965324803149601
21
-4.6233148818897636
0
LINE
8
BLACK
6
CONTINUOUS
10
5.5965324803149601
20
-4.6233148818897636
11
5.5965989370078741
21
-4.6232338976377951
0
LINE
8
BLACK
6
CONTINUOUS
10
5.5965989370078741
20
-4.6232338976377951
11
5.5966549212598427
21
-4.6231449606299213
0
LINE
8
BLACK
6
CONTINUOUS
10
5.5966549212598427
20
-4.6231449606299213
11
5.5967138976377955
21
-4.6230937795275588
0
LINE
8
BLACK
6
CONTINUOUS
10
5.5967138976377955
20
-4.6230937795275588
11
5.5968996850393697
21
-4.6228674409448818
0
LINE
8
BLACK
6
CONTINUOUS
10
5.5968996850393697
20
-4.6228674409448818
11
5.5987744488188973
21
-4.6209926771653542
0
LINE
8
BLACK
6
CONTINUOUS
10
5.5987744488188973
20
-4.6209926771653542
11
5.5990007874015744
21
-4.6208068897637791
0
LINE
8
BLACK
6
CONTINUOUS
10
5.5990007874015744
20
-4.6208068897637791
11
5.5990519685039368
21
-4.6207479133858262
0
LINE
8
BLACK
6
CONTINUOUS
10
5.5990519685039368
20
-4.6207479133858262
11
5.5991409055118107
21
-4.6206919291338577
0
LINE
8
BLACK
6
CONTINUOUS
10
5.5991409055118107
20
-4.6206919291338577
11
5.5992218897637791
21
-4.6206254724409446
0
LINE
8
BLACK
6
CONTINUOUS
10
5.5992218897637791
20
-4.6206254724409446
11
5.599293818897638
21
-4.6205956299212598
0
LINE
8
BLACK
6
CONTINUOUS
10
5.599293818897638
20
-4.6205956299212598
11
5.5995418503937007
21
-4.620439566929134
0
LINE
8
BLACK
6
CONTINUOUS
10
5.5995418503937007
20
-4.620439566929134
11
5.6032913779527558
21
-4.6185648031496065
0
LINE
8
BLACK
6
CONTINUOUS
10
5.6032913779527558
20
-4.6185648031496065
11
5.603333464566929
21
-4.6185486614173223
0
LINE
8
BLACK
6
CONTINUOUS
10
5.603333464566929
20
-4.6185486614173223
11
5.6033506299212599
21
-4.6185359842519684
0
LINE
8
BLACK
6
CONTINUOUS
10
5.6033506299212599
20
-4.6185359842519684
11
5.6035922047244089
21
-4.6184496456692914
0
LINE
8
BLACK
6
CONTINUOUS
10
5.6035922047244089
20
-4.6184496456692914
11
5.6038319685039371
21
-4.618357913385827
0
LINE
8
BLACK
6
CONTINUOUS
10
5.6038319685039371
20
-4.618357913385827
11
5.6038532283464564
21
-4.6183563779527557
0
LINE
8
BLACK
6
CONTINUOUS
10
5.6038532283464564
20
-4.6183563779527557
11
5.6038957480314959
21
-4.6183412204724412
0
LINE
8
BLACK
6
CONTINUOUS
10
5.6038957480314959
20
-4.6183412204724412
11
5.6110803937007869
21
-4.6165450393700782
0
LINE
8
BLACK
6
CONTINUOUS
10
5.6110803937007869
20
-4.6165450393700782
11
5.6141113779527556
21
-4.6150295669291337
0
LINE
8
BLACK
6
CONTINUOUS
10
5.6141113779527556
20
-4.6150295669291337
11
5.6153085039370074
21
-4.6138324409448819
0
LINE
8
BLACK
6
CONTINUOUS
10
5.6153085039370074
20
-4.6138324409448819
11
5.6166572440944877
21
-4.6111349606299212
0
LINE
8
BLACK
6
CONTINUOUS
10
5.6166572440944877
20
-4.6111349606299212
11
5.6166572440944877
21
-4.6087795275590553
0
LINE
8
BLACK
6
CONTINUOUS
10
5.6166572440944877
20
-4.6087795275590553
11
5.6153085039370074
21
-4.6060820472440946
0
LINE
8
BLACK
6
CONTINUOUS
10
5.6153085039370074
20
-4.6060820472440946
11
5.6141113779527556
21
-4.6048849212598428
0
LINE
8
BLACK
6
CONTINUOUS
10
5.6141113779527556
20
-4.6048849212598428
11
5.611413897637795
21
-4.6035361811023625
0
LINE
8
BLACK
6
CONTINUOUS
10
5.611413897637795
20
-4.6035361811023625
11
5.6032162598425197
21
-4.6035361811023625
0
LINE
8
BLACK
6
CONTINUOUS
10
5.6032162598425197
20
-4.6035361811023625
11
5.5980465748031492
21
-4.6052594094488191
0
LINE
8
BLACK
6
CONTINUOUS
10
5.5980465748031492
20
-4.6052594094488191
11
5.5974821259842518
21
-4.6053877559055119
0
LINE
8
BLACK
6
CONTINUOUS
10
5.5974821259842518
20
-4.6053877559055119
11
5.5963329133858268
21
-4.6053060629921259
0
LINE
8
BLACK
6
CONTINUOUS
10
5.5963329133858268
20
-4.6053060629921259
11
5.5953024803149605
21
-4.6047908661417321
0
LINE
8
BLACK
6
CONTINUOUS
10
5.5953024803149605
20
-4.6047908661417321
11
5.5945475984251969
21
-4.6039205118110234
0
LINE
8
BLACK
6
CONTINUOUS
10
5.5945475984251969
20
-4.6039205118110234
11
5.5941832677165353
21
-4.6028274803149607
0
LINE
8
BLACK
6
CONTINUOUS
10
5.5941832677165353
20
-4.6028274803149607
11
5.5942649606299213
21
-4.6016782677165358
0
LINE
8
BLACK
6
CONTINUOUS
10
5.5942649606299213
20
-4.6016782677165358
11
5.5947801574803151
21
-4.6006478346456694
0
LINE
8
BLACK
6
CONTINUOUS
10
5.5947801574803151
20
-4.6006478346456694
11
5.5956505118110238
21
-4.5998929527559058
0
LINE
8
BLACK
6
CONTINUOUS
10
5.5956505118110238
20
-4.5998929527559058
11
5.5961790944881891
21
-4.599656968503937
0
LINE
8
BLACK
6
CONTINUOUS
10
5.5961790944881891
20
-4.599656968503937
11
5.601803346456693
21
-4.5977822047244095
0
LINE
8
BLACK
6
CONTINUOUS
10
5.601803346456693
20
-4.5977822047244095
11
5.6020889763779529
21
-4.597717244094488
0
LINE
8
BLACK
6
CONTINUOUS
10
5.6020889763779529
20
-4.597717244094488
11
5.6021610629921259
21
-4.5976874015748033
0
LINE
8
BLACK
6
CONTINUOUS
10
5.6021610629921259
20
-4.5976874015748033
11
5.6022655118110238
21
-4.5976770866141727
0
LINE
8
BLACK
6
CONTINUOUS
10
5.6022655118110238
20
-4.5976770866141727
11
5.6023677952755904
21
-4.5976538582677167
0
LINE
8
BLACK
6
CONTINUOUS
10
5.6023677952755904
20
-4.5976538582677167
11
5.6024455118110232
21
-4.5976593700787403
0
LINE
8
BLACK
6
CONTINUOUS
10
5.6024455118110232
20
-4.5976593700787403
11
5.6027371259842518
21
-4.5976306692913385
0
LINE
8
BLACK
6
CONTINUOUS
10
5.6027371259842518
20
-4.5976306692913385
11
5.6121109448818896
21
-4.5976306692913385
0
LINE
8
BLACK
6
CONTINUOUS
10
5.6121109448818896
20
-4.5976306692913385
11
5.6126870078740154
21
-4.5976874015748033
0
LINE
8
BLACK
6
CONTINUOUS
10
5.2639805905511814
20
-4.5976874015748033
11
5.2650449999999998
21
-4.5981283070866139
0
LINE
8
BLACK
6
CONTINUOUS
10
5.2650449999999998
20
-4.5981283070866139
11
5.2658596456692912
21
-4.5989429527559054
0
LINE
8
BLACK
6
CONTINUOUS
10
5.2658596456692912
20
-4.5989429527559054
11
5.2663005511811019
21
-4.6000073622047246
0
LINE
8
BLACK
6
CONTINUOUS
10
5.2663005511811019
20
-4.6000073622047246
11
5.2663572834645667
21
-4.6005834251968505
0
LINE
8
BLACK
6
CONTINUOUS
10
5.2663572834645667
20
-4.6005834251968505
11
5.2663572834645667
21
-4.6399535039370079
0
LINE
8
BLACK
6
CONTINUOUS
10
5.2663572834645667
20
-4.6399535039370079
11
5.2663005511811019
21
-4.6405295669291338
0
LINE
8
BLACK
6
CONTINUOUS
10
5.2663005511811019
20
-4.6405295669291338
11
5.2658596456692912
21
-4.641593976377953
0
LINE
8
BLACK
6
CONTINUOUS
10
5.2658596456692912
20
-4.641593976377953
11
5.2650449999999998
21
-4.6424086220472436
0
LINE
8
BLACK
6
CONTINUOUS
10
5.2650449999999998
20
-4.6424086220472436
11
5.2639805905511814
21
-4.6428495275590551
0
LINE
8
BLACK
6
CONTINUOUS
10
5.2639805905511814
20
-4.6428495275590551
11
5.2628284645669288
21
-4.6428495275590551
0
LINE
8
BLACK
6
CONTINUOUS
10
5.2628284645669288
20
-4.6428495275590551
11
5.2617640551181104
21
-4.6424086220472436
0
LINE
8
BLACK
6
CONTINUOUS
10
5.2617640551181104
20
-4.6424086220472436
11
5.2609494094488189
21
-4.641593976377953
0
LINE
8
BLACK
6
CONTINUOUS
10
5.2609494094488189
20
-4.641593976377953
11
5.2605085039370074
21
-4.6405295669291338
0
LINE
8
BLACK
6
CONTINUOUS
10
5.2605085039370074
20
-4.6405295669291338
11
5.2604517716535435
21
-4.6399535039370079
0
LINE
8
BLACK
6
CONTINUOUS
10
5.2604517716535435
20
-4.6399535039370079
11
5.2604517716535435
21
-4.6241585826771656
0
LINE
8
BLACK
6
CONTINUOUS
10
5.2604517716535435
20
-4.6241585826771656
11
5.2555680708661416
21
-4.6241585826771656
0
LINE
8
BLACK
6
CONTINUOUS
10
5.2555680708661416
20
-4.6241585826771656
11
5.2433263385826772
21
-4.6416468110236222
0
LINE
8
BLACK
6
CONTINUOUS
10
5.2433263385826772
20
-4.6416468110236222
11
5.2429495275590554
21
-4.6420861811023624
0
LINE
8
BLACK
6
CONTINUOUS
10
5.2429495275590554
20
-4.6420861811023624
11
5.2419779133858269
21
-4.6427053543307082
0
LINE
8
BLACK
6
CONTINUOUS
10
5.2419779133858269
20
-4.6427053543307082
11
5.2408433858267713
21
-4.6429055511811024
0
LINE
8
BLACK
6
CONTINUOUS
10
5.2408433858267713
20
-4.6429055511811024
11
5.2397185433070863
21
-4.6426563779527559
0
LINE
8
BLACK
6
CONTINUOUS
10
5.2397185433070863
20
-4.6426563779527559
11
5.2387746850393704
21
-4.6419956692913384
0
LINE
8
BLACK
6
CONTINUOUS
10
5.2387746850393704
20
-4.6419956692913384
11
5.2381555118110237
21
-4.6410240551181099
0
LINE
8
BLACK
6
CONTINUOUS
10
5.2381555118110237
20
-4.6410240551181099
11
5.2379553149606295
21
-4.6398895275590553
0
LINE
8
BLACK
6
CONTINUOUS
10
5.2379553149606295
20
-4.6398895275590553
11
5.238204488188976
21
-4.6387646850393702
0
LINE
8
BLACK
6
CONTINUOUS
10
5.238204488188976
20
-4.6387646850393702
11
5.2384883858267717
21
-4.6382601968503936
0
LINE
8
BLACK
6
CONTINUOUS
10
5.2384883858267717
20
-4.6382601968503936
11
5.2483625196850392
21
-4.6241542519685037
0
LINE
8
BLACK
6
CONTINUOUS
10
5.2483625196850392
20
-4.6241542519685037
11
5.2478303543307083
21
-4.6241018503937008
0
LINE
8
BLACK
6
CONTINUOUS
10
5.2478303543307083
20
-4.6241018503937008
11
5.2477323622047241
21
-4.6240612598425193
0
LINE
8
BLACK
6
CONTINUOUS
10
5.2477323622047241
20
-4.6240612598425193
11
5.2476264960629919
21
-4.6240537401574802
0
LINE
8
BLACK
6
CONTINUOUS
10
5.2476264960629919
20
-4.6240537401574802
11
5.2470859055118106
21
-4.6238468503937007
0
LINE
8
BLACK
6
CONTINUOUS
10
5.2470859055118106
20
-4.6238468503937007
11
5.2433363779527555
21
-4.6219720866141731
0
LINE
8
BLACK
6
CONTINUOUS
10
5.2433363779527555
20
-4.6219720866141731
11
5.2430883464566929
21
-4.6218159842519686
0
LINE
8
BLACK
6
CONTINUOUS
10
5.2430883464566929
20
-4.6218159842519686
11
5.2430164173228349
21
-4.6217861811023617
0
LINE
8
BLACK
6
CONTINUOUS
10
5.2430164173228349
20
-4.6217861811023617
11
5.2429354330708664
21
-4.6217196850393698
0
LINE
8
BLACK
6
CONTINUOUS
10
5.2429354330708664
20
-4.6217196850393698
11
5.2428464960629917
21
-4.62166374015748
0
LINE
8
BLACK
6
CONTINUOUS
10
5.2428464960629917
20
-4.62166374015748
11
5.2427953149606301
21
-4.6216047244094485
0
LINE
8
BLACK
6
CONTINUOUS
10
5.2427953149606301
20
-4.6216047244094485
11
5.242568976377953
21
-4.621418976377953
0
LINE
8
BLACK
6
CONTINUOUS
10
5.242568976377953
20
-4.621418976377953
11
5.2406942125984255
21
-4.6195442125984254
0
LINE
8
BLACK
6
CONTINUOUS
10
5.2406942125984255
20
-4.6195442125984254
11
5.2405084251968503
21
-4.6193178346456696
0
LINE
8
BLACK
6
CONTINUOUS
10
5.2405084251968503
20
-4.6193178346456696
11
5.2404494488188975
21
-4.6192666929133859
0
LINE
8
BLACK
6
CONTINUOUS
10
5.2404494488188975
20
-4.6192666929133859
11
5.240393464566929
21
-4.6191777165354333
0
LINE
8
BLACK
6
CONTINUOUS
10
5.240393464566929
20
-4.6191777165354333
11
5.2403270078740158
21
-4.6190967716535436
0
LINE
8
BLACK
6
CONTINUOUS
10
5.2403270078740158
20
-4.6190967716535436
11
5.2402971653543302
21
-4.619024803149606
0
LINE
8
BLACK
6
CONTINUOUS
10
5.2402971653543302
20
-4.619024803149606
11
5.2401411023622044
21
-4.618776811023622
0
LINE
8
BLACK
6
CONTINUOUS
10
5.2401411023622044
20
-4.618776811023622
11
5.2382663385826769
21
-4.6150272834645669
0
LINE
8
BLACK
6
CONTINUOUS
10
5.2382663385826769
20
-4.6150272834645669
11
5.2380594488188974
21
-4.6144866535433069
0
LINE
8
BLACK
6
CONTINUOUS
10
5.2380594488188974
20
-4.6144866535433069
11
5.2380519291338583
21
-4.6143808267716535
0
LINE
8
BLACK
6
CONTINUOUS
10
5.2380519291338583
20
-4.6143808267716535
11
5.2380113385826768
21
-4.6142828346456692
0
LINE
8
BLACK
6
CONTINUOUS
10
5.2380113385826768
20
-4.6142828346456692
11
5.2379546062992128
21
-4.6137067716535434
0
LINE
8
BLACK
6
CONTINUOUS
10
5.2379546062992128
20
-4.6137067716535434
11
5.2379546062992128
21
-4.6080824803149607
0
LINE
8
BLACK
6
CONTINUOUS
10
5.2379546062992128
20
-4.6080824803149607
11
5.2380113385826768
21
-4.6075064173228348
0
LINE
8
BLACK
6
CONTINUOUS
10
5.2380113385826768
20
-4.6075064173228348
11
5.2380519291338583
21
-4.6074083858267718
0
LINE
8
BLACK
6
CONTINUOUS
10
5.2380519291338583
20
-4.6074083858267718
11
5.2380594488188974
21
-4.6073025984251972
0
LINE
8
BLACK
6
CONTINUOUS
10
5.2380594488188974
20
-4.6073025984251972
11
5.2382663385826769
21
-4.6067619685039372
0
LINE
8
BLACK
6
CONTINUOUS
10
5.2382663385826769
20
-4.6067619685039372
11
5.2401411023622044
21
-4.603012440944882
0
LINE
8
BLACK
6
CONTINUOUS
10
5.2401411023622044
20
-4.603012440944882
11
5.2402971653543302
21
-4.6027644094488185
0
LINE
8
BLACK
6
CONTINUOUS
10
5.2402971653543302
20
-4.6027644094488185
11
5.2403270078740158
21
-4.6026924803149605
0
LINE
8
BLACK
6
CONTINUOUS
10
5.2403270078740158
20
-4.6026924803149605
11
5.240393464566929
21
-4.602611496062992
0
LINE
8
BLACK
6
CONTINUOUS
10
5.240393464566929
20
-4.602611496062992
11
5.2404494488188975
21
-4.6025225590551182
0
LINE
8
BLACK
6
CONTINUOUS
10
5.2404494488188975
20
-4.6025225590551182
11
5.2405084251968503
21
-4.6024713779527557
0
LINE
8
BLACK
6
CONTINUOUS
10
5.2405084251968503
20
-4.6024713779527557
11
5.2406942125984255
21
-4.6022450393700787
0
LINE
8
BLACK
6
CONTINUOUS
10
5.2406942125984255
20
-4.6022450393700787
11
5.242568976377953
21
-4.6003702755905511
0
LINE
8
BLACK
6
CONTINUOUS
10
5.242568976377953
20
-4.6003702755905511
11
5.2427953149606301
21
-4.600184488188976
0
LINE
8
BLACK
6
CONTINUOUS
10
5.2427953149606301
20
-4.600184488188976
11
5.2428464960629917
21
-4.6001255118110231
0
LINE
8
BLACK
6
CONTINUOUS
10
5.2428464960629917
20
-4.6001255118110231
11
5.2429354330708664
21
-4.6000695275590546
0
LINE
8
BLACK
6
CONTINUOUS
10
5.2429354330708664
20
-4.6000695275590546
11
5.2430164173228349
21
-4.6000030708661415
0
LINE
8
BLACK
6
CONTINUOUS
10
5.2430164173228349
20
-4.6000030708661415
11
5.2430883464566929
21
-4.5999732283464567
0
LINE
8
BLACK
6
CONTINUOUS
10
5.2430883464566929
20
-4.5999732283464567
11
5.2433363779527555
21
-4.5998171653543309
0
LINE
8
BLACK
6
CONTINUOUS
10
5.2433363779527555
20
-4.5998171653543309
11
5.2470859055118106
21
-4.5979424015748034
0
LINE
8
BLACK
6
CONTINUOUS
10
5.2470859055118106
20
-4.5979424015748034
11
5.2476264960629919
21
-4.5977355118110239
0
LINE
8
BLACK
6
CONTINUOUS
10
5.2476264960629919
20
-4.5977355118110239
11
5.2477323622047241
21
-4.5977279527559052
0
LINE
8
BLACK
6
CONTINUOUS
10
5.2477323622047241
20
-4.5977279527559052
11
5.2478303543307083
21
-4.5976874015748033
0
LINE
8
BLACK
6
CONTINUOUS
10
5.2478303543307083
20
-4.5976874015748033
11
5.2484064173228342
21
-4.5976306692913385
0
LINE
8
BLACK
6
CONTINUOUS
10
5.2484064173228342
20
-4.5976306692913385
11
5.2634045275590546
21
-4.5976306692913385
0
LINE
8
BLACK
6
CONTINUOUS
10
5.2634045275590546
20
-4.5976306692913385
11
5.2639805905511814
21
-4.5976874015748033
0
LINE
8
BLACK
6
CONTINUOUS
10
5.2464059842519681
20
-4.6048849212598428
11
5.2452088582677163
21
-4.6060820472440946
0
LINE
8
BLACK
6
CONTINUOUS
10
5.2452088582677163
20
-4.6060820472440946
11
5.243860118110236
21
-4.6087795275590553
0
LINE
8
BLACK
6
CONTINUOUS
10
5.243860118110236
20
-4.6087795275590553
11
5.243860118110236
21
-4.6130097244094488
0
LINE
8
BLACK
6
CONTINUOUS
10
5.243860118110236
20
-4.6130097244094488
11
5.2452088582677163
21
-4.6157072047244094
0
LINE
8
BLACK
6
CONTINUOUS
10
5.2452088582677163
20
-4.6157072047244094
11
5.2464059842519681
21
-4.6169043307086612
0
LINE
8
BLACK
6
CONTINUOUS
10
5.2464059842519681
20
-4.6169043307086612
11
5.2491034645669288
21
-4.6182530708661416
0
LINE
8
BLACK
6
CONTINUOUS
10
5.2491034645669288
20
-4.6182530708661416
11
5.2604517716535435
21
-4.6182530708661416
0
LINE
8
BLACK
6
CONTINUOUS
10
5.2604517716535435
20
-4.6182530708661416
11
5.2604517716535435
21
-4.6035361811023625
0
LINE
8
BLACK
6
CONTINUOUS
10
5.2604517716535435
20
-4.6035361811023625
11
5.2491034645669288
21
-4.6035361811023625
0
LINE
8
BLACK
6
CONTINUOUS
10
5.2491034645669288
20
-4.6035361811023625
11
5.2464059842519681
21
-4.6048849212598428
0
LINE
8
BLACK
6
CONTINUOUS
10
5.5433206692913384
20
-4.5976874015748033
11
5.5443850787401576
21
-4.5981283070866139
0
LINE
8
BLACK
6
CONTINUOUS
10
5.5443850787401576
20
-4.5981283070866139
11
5.5451997244094491
21
-4.5989429527559054
0
LINE
8
BLACK
6
CONTINUOUS
10
5.5451997244094491
20
-4.5989429527559054
11
5.5456406299212597
21
-4.6000073622047246
0
LINE
8
BLACK
6
CONTINUOUS
10
5.5456406299212597
20
-4.6000073622047246
11
5.5456973622047245
21
-4.6005834251968505
0
LINE
8
BLACK
6
CONTINUOUS
10
5.5456973622047245
20
-4.6005834251968505
11
5.5456973622047245
21
-4.6399535039370079
0
LINE
8
BLACK
6
CONTINUOUS
10
5.5456973622047245
20
-4.6399535039370079
11
5.5456406299212597
21
-4.6405295669291338
0
LINE
8
BLACK
6
CONTINUOUS
10
5.5456406299212597
20
-4.6405295669291338
11
5.5451997244094491
21
-4.641593976377953
0
LINE
8
BLACK
6
CONTINUOUS
10
5.5451997244094491
20
-4.641593976377953
11
5.5443850787401576
21
-4.6424086220472436
0
LINE
8
BLACK
6
CONTINUOUS
10
5.5443850787401576
20
-4.6424086220472436
11
5.5433206692913384
21
-4.6428495275590551
0
LINE
8
BLACK
6
CONTINUOUS
10
5.5433206692913384
20
-4.6428495275590551
11
5.5421685433070866
21
-4.6428495275590551
0
LINE
8
BLACK
6
CONTINUOUS
10
5.5421685433070866
20
-4.6428495275590551
11
5.5411041338582674
21
-4.6424086220472436
0
LINE
8
BLACK
6
CONTINUOUS
10
5.5411041338582674
20
-4.6424086220472436
11
5.5402894881889759
21
-4.641593976377953
0
LINE
8
BLACK
6
CONTINUOUS
10
5.5402894881889759
20
-4.641593976377953
11
5.5398485826771653
21
-4.6405295669291338
0
LINE
8
BLACK
6
CONTINUOUS
10
5.5398485826771653
20
-4.6405295669291338
11
5.5397918503937005
21
-4.6399535039370079
0
LINE
8
BLACK
6
CONTINUOUS
10
5.5397918503937005
20
-4.6399535039370079
11
5.5397918503937005
21
-4.6241585826771656
0
LINE
8
BLACK
6
CONTINUOUS
10
5.5397918503937005
20
-4.6241585826771656
11
5.5349081496062995
21
-4.6241585826771656
0
LINE
8
BLACK
6
CONTINUOUS
10
5.5349081496062995
20
-4.6241585826771656
11
5.5226664173228341
21
-4.6416468110236222
0
LINE
8
BLACK
6
CONTINUOUS
10
5.5226664173228341
20
-4.6416468110236222
11
5.5222896062992124
21
-4.6420861811023624
0
LINE
8
BLACK
6
CONTINUOUS
10
5.5222896062992124
20
-4.6420861811023624
11
5.5213179921259838
21
-4.6427053543307082
0
LINE
8
BLACK
6
CONTINUOUS
10
5.5213179921259838
20
-4.6427053543307082
11
5.5201834645669292
21
-4.6429055511811024
0
LINE
8
BLACK
6
CONTINUOUS
10
5.5201834645669292
20
-4.6429055511811024
11
5.5190586220472442
21
-4.6426563779527559
0
LINE
8
BLACK
6
CONTINUOUS
10
5.5190586220472442
20
-4.6426563779527559
11
5.5181147637795274
21
-4.6419956692913384
0
LINE
8
BLACK
6
CONTINUOUS
10
5.5181147637795274
20
-4.6419956692913384
11
5.5174955905511807
21
-4.6410240551181099
0
LINE
8
BLACK
6
CONTINUOUS
10
5.5174955905511807
20
-4.6410240551181099
11
5.5172953937007874
21
-4.6398895275590553
0
LINE
8
BLACK
6
CONTINUOUS
10
5.5172953937007874
20
-4.6398895275590553
11
5.5175445669291339
21
-4.6387646850393702
0
LINE
8
BLACK
6
CONTINUOUS
10
5.5175445669291339
20
-4.6387646850393702
11
5.5178284645669287
21
-4.6382601968503936
0
LINE
8
BLACK
6
CONTINUOUS
10
5.5178284645669287
20
-4.6382601968503936
11
5.5277025984251971
21
-4.6241542519685037
0
LINE
8
BLACK
6
CONTINUOUS
10
5.5277025984251971
20
-4.6241542519685037
11
5.5271704330708662
21
-4.6241018503937008
0
LINE
8
BLACK
6
CONTINUOUS
10
5.5271704330708662
20
-4.6241018503937008
11
5.5270724409448819
21
-4.6240612598425193
0
LINE
8
BLACK
6
CONTINUOUS
10
5.5270724409448819
20
-4.6240612598425193
11
5.5269665748031498
21
-4.6240537401574802
0
LINE
8
BLACK
6
CONTINUOUS
10
5.5269665748031498
20
-4.6240537401574802
11
5.5264259842519685
21
-4.6238468503937007
0
LINE
8
BLACK
6
CONTINUOUS
10
5.5264259842519685
20
-4.6238468503937007
11
5.5226764566929134
21
-4.6219720866141731
0
LINE
8
BLACK
6
CONTINUOUS
10
5.5226764566929134
20
-4.6219720866141731
11
5.5224284251968498
21
-4.6218159842519686
0
LINE
8
BLACK
6
CONTINUOUS
10
5.5224284251968498
20
-4.6218159842519686
11
5.5223564960629918
21
-4.6217861811023617
0
LINE
8
BLACK
6
CONTINUOUS
10
5.5223564960629918
20
-4.6217861811023617
11
5.5222755118110234
21
-4.6217196850393698
0
LINE
8
BLACK
6
CONTINUOUS
10
5.5222755118110234
20
-4.6217196850393698
11
5.5221865748031496
21
-4.62166374015748
0
LINE
8
BLACK
6
CONTINUOUS
10
5.5221865748031496
20
-4.62166374015748
11
5.5221353937007871
21
-4.6216047244094485
0
LINE
8
BLACK
6
CONTINUOUS
10
5.5221353937007871
20
-4.6216047244094485
11
5.52190905511811
21
-4.621418976377953
0
LINE
8
BLACK
6
CONTINUOUS
10
5.52190905511811
20
-4.621418976377953
11
5.5200342913385825
21
-4.6195442125984254
0
LINE
8
BLACK
6
CONTINUOUS
10
5.5200342913385825
20
-4.6195442125984254
11
5.5198485039370073
21
-4.6193178346456696
0
LINE
8
BLACK
6
CONTINUOUS
10
5.5198485039370073
20
-4.6193178346456696
11
5.5197895275590554
21
-4.6192666929133859
0
LINE
8
BLACK
6
CONTINUOUS
10
5.5197895275590554
20
-4.6192666929133859
11
5.5197335433070869
21
-4.6191777165354333
0
LINE
8
BLACK
6
CONTINUOUS
10
5.5197335433070869
20
-4.6191777165354333
11
5.5196670866141728
21
-4.6190967716535436
0
LINE
8
BLACK
6
CONTINUOUS
10
5.5196670866141728
20
-4.6190967716535436
11
5.5196372440944881
21
-4.619024803149606
0
LINE
8
BLACK
6
CONTINUOUS
10
5.5196372440944881
20
-4.619024803149606
11
5.5194811811023623
21
-4.618776811023622
0
LINE
8
BLACK
6
CONTINUOUS
10
5.5194811811023623
20
-4.618776811023622
11
5.5176064173228347
21
-4.6150272834645669
0
LINE
8
BLACK
6
CONTINUOUS
10
5.5176064173228347
20
-4.6150272834645669
11
5.5173995275590553
21
-4.6144866535433069
0
LINE
8
BLACK
6
CONTINUOUS
10
5.5173995275590553
20
-4.6144866535433069
11
5.5173920078740153
21
-4.6143808267716535
0
LINE
8
BLACK
6
CONTINUOUS
10
5.5173920078740153
20
-4.6143808267716535
11
5.5173514173228346
21
-4.6142828346456692
0
LINE
8
BLACK
6
CONTINUOUS
10
5.5173514173228346
20
-4.6142828346456692
11
5.5172946850393698
21
-4.6137067716535434
0
LINE
8
BLACK
6
CONTINUOUS
10
5.5172946850393698
20
-4.6137067716535434
11
5.5172946850393698
21
-4.6080824803149607
0
LINE
8
BLACK
6
CONTINUOUS
10
5.5172946850393698
20
-4.6080824803149607
11
5.5173514173228346
21
-4.6075064173228348
0
LINE
8
BLACK
6
CONTINUOUS
10
5.5173514173228346
20
-4.6075064173228348
11
5.5173920078740153
21
-4.6074083858267718
0
LINE
8
BLACK
6
CONTINUOUS
10
5.5173920078740153
20
-4.6074083858267718
11
5.5173995275590553
21
-4.6073025984251972
0
LINE
8
BLACK
6
CONTINUOUS
10
5.5173995275590553
20
-4.6073025984251972
11
5.5176064173228347
21
-4.6067619685039372
0
LINE
8
BLACK
6
CONTINUOUS
10
5.5176064173228347
20
-4.6067619685039372
11
5.5194811811023623
21
-4.603012440944882
0
LINE
8
BLACK
6
CONTINUOUS
10
5.5194811811023623
20
-4.603012440944882
11
5.5196372440944881
21
-4.6027644094488185
0
LINE
8
BLACK
6
CONTINUOUS
10
5.5196372440944881
20
-4.6027644094488185
11
5.5196670866141728
21
-4.6026924803149605
0
LINE
8
BLACK
6
CONTINUOUS
10
5.5196670866141728
20
-4.6026924803149605
11
5.5197335433070869
21
-4.602611496062992
0
LINE
8
BLACK
6
CONTINUOUS
10
5.5197335433070869
20
-4.602611496062992
11
5.5197895275590554
21
-4.6025225590551182
0
LINE
8
BLACK
6
CONTINUOUS
10
5.5197895275590554
20
-4.6025225590551182
11
5.5198485039370073
21
-4.6024713779527557
0
LINE
8
BLACK
6
CONTINUOUS
10
5.5198485039370073
20
-4.6024713779527557
11
5.5200342913385825
21
-4.6022450393700787
0
LINE
8
BLACK
6
CONTINUOUS
10
5.5200342913385825
20
-4.6022450393700787
11
5.52190905511811
21
-4.6003702755905511
0
LINE
8
BLACK
6
CONTINUOUS
10
5.52190905511811
20
-4.6003702755905511
11
5.5221353937007871
21
-4.600184488188976
0
LINE
8
BLACK
6
CONTINUOUS
10
5.5221353937007871
20
-4.600184488188976
11
5.5221865748031496
21
-4.6001255118110231
0
LINE
8
BLACK
6
CONTINUOUS
10
5.5221865748031496
20
-4.6001255118110231
11
5.5222755118110234
21
-4.6000695275590546
0
LINE
8
BLACK
6
CONTINUOUS
10
5.5222755118110234
20
-4.6000695275590546
11
5.5223564960629918
21
-4.6000030708661415
0
LINE
8
BLACK
6
CONTINUOUS
10
5.5223564960629918
20
-4.6000030708661415
11
5.5224284251968498
21
-4.5999732283464567
0
LINE
8
BLACK
6
CONTINUOUS
10
5.5224284251968498
20
-4.5999732283464567
11
5.5226764566929134
21
-4.5998171653543309
0
LINE
8
BLACK
6
CONTINUOUS
10
5.5226764566929134
20
-4.5998171653543309
11
5.5264259842519685
21
-4.5979424015748034
0
LINE
8
BLACK
6
CONTINUOUS
10
5.5264259842519685
20
-4.5979424015748034
11
5.5269665748031498
21
-4.5977355118110239
0
LINE
8
BLACK
6
CONTINUOUS
10
5.5269665748031498
20
-4.5977355118110239
11
5.5270724409448819
21
-4.5977279527559052
0
LINE
8
BLACK
6
CONTINUOUS
10
5.5270724409448819
20
-4.5977279527559052
11
5.5271704330708662
21
-4.5976874015748033
0
LINE
8
BLACK
6
CONTINUOUS
10
5.5271704330708662
20
-4.5976874015748033
11
5.5277464960629921
21
-4.5976306692913385
0
LINE
8
BLACK
6
CONTINUOUS
10
5.5277464960629921
20
-4.5976306692913385
11
5.5427446062992125
21
-4.5976306692913385
0
LINE
8
BLACK
6
CONTINUOUS
10
5.5427446062992125
20
-4.5976306692913385
11
5.5433206692913384
21
-4.5976874015748033
0
LINE
8
BLACK
6
CONTINUOUS
10
5.525746062992126
20
-4.6048849212598428
11
5.5245489370078742
21
-4.6060820472440946
0
LINE
8
BLACK
6
CONTINUOUS
10
5.5245489370078742
20
-4.6060820472440946
11
5.5232001968503939
21
-4.6087795275590553
0
LINE
8
BLACK
6
CONTINUOUS
10
5.5232001968503939
20
-4.6087795275590553
11
5.5232001968503939
21
-4.6130097244094488
0
LINE
8
BLACK
6
CONTINUOUS
10
5.5232001968503939
20
-4.6130097244094488
11
5.5245489370078742
21
-4.6157072047244094
0
LINE
8
BLACK
6
CONTINUOUS
10
5.5245489370078742
20
-4.6157072047244094
11
5.525746062992126
21
-4.6169043307086612
0
LINE
8
BLACK
6
CONTINUOUS
10
5.525746062992126
20
-4.6169043307086612
11
5.5284435433070866
21
-4.6182530708661416
0
LINE
8
BLACK
6
CONTINUOUS
10
5.5284435433070866
20
-4.6182530708661416
11
5.5397918503937005
21
-4.6182530708661416
0
LINE
8
BLACK
6
CONTINUOUS
10
5.5397918503937005
20
-4.6182530708661416
11
5.5397918503937005
21
-4.6035361811023625
0
LINE
8
BLACK
6
CONTINUOUS
10
5.5397918503937005
20
-4.6035361811023625
11
5.5284435433070866
21
-4.6035361811023625
0
LINE
8
BLACK
6
CONTINUOUS
10
5.5284435433070866
20
-4.6035361811023625
11
5.525746062992126
21
-4.6048849212598428
0
LINE
8
BLACK
6
CONTINUOUS
10
5.2996011417322837
20
-4.5976874015748033
11
5.3006655511811021
21
-4.5981283070866139
0
LINE
8
BLACK
6
CONTINUOUS
10
5.3006655511811021
20
-4.5981283070866139
11
5.3014801968503935
21
-4.5989429527559054
0
LINE
8
BLACK
6
CONTINUOUS
10
5.3014801968503935
20
-4.5989429527559054
11
5.301921102362205
21
-4.6000073622047246
0
LINE
8
BLACK
6
CONTINUOUS
10
5.301921102362205
20
-4.6000073622047246
11
5.301921102362205
21
-4.6011594881889764
0
LINE
8
BLACK
6
CONTINUOUS
10
5.301921102362205
20
-4.6011594881889764
11
5.3014801968503935
21
-4.6022238976377956
0
LINE
8
BLACK
6
CONTINUOUS
10
5.3014801968503935
20
-4.6022238976377956
11
5.3006655511811021
21
-4.6030385433070862
0
LINE
8
BLACK
6
CONTINUOUS
10
5.3006655511811021
20
-4.6030385433070862
11
5.2996011417322837
21
-4.6034794488188977
0
LINE
8
BLACK
6
CONTINUOUS
10
5.2996011417322837
20
-4.6034794488188977
11
5.2990250787401569
21
-4.6035361811023625
0
LINE
8
BLACK
6
CONTINUOUS
10
5.2990250787401569
20
-4.6035361811023625
11
5.2907292519685036
21
-4.6035361811023625
0
LINE
8
BLACK
6
CONTINUOUS
10
5.2907292519685036
20
-4.6035361811023625
11
5.2907292519685036
21
-4.6399535039370079
0
LINE
8
BLACK
6
CONTINUOUS
10
5.2907292519685036
20
-4.6399535039370079
11
5.2906725196850388
21
-4.6405295669291338
0
LINE
8
BLACK
6
CONTINUOUS
10
5.2906725196850388
20
-4.6405295669291338
11
5.2902316141732282
21
-4.641593976377953
0
LINE
8
BLACK
6
CONTINUOUS
10
5.2902316141732282
20
-4.641593976377953
11
5.2894169685039367
21
-4.6424086220472436
0
LINE
8
BLACK
6
CONTINUOUS
10
5.2894169685039367
20
-4.6424086220472436
11
5.2883525590551184
21
-4.6428495275590551
0
LINE
8
BLACK
6
CONTINUOUS
10
5.2883525590551184
20
-4.6428495275590551
11
5.2872004330708657
21
-4.6428495275590551
0
LINE
8
BLACK
6
CONTINUOUS
10
5.2872004330708657
20
-4.6428495275590551
11
5.2861360236220474
21
-4.6424086220472436
0
LINE
8
BLACK
6
CONTINUOUS
10
5.2861360236220474
20
-4.6424086220472436
11
5.2853213779527559
21
-4.641593976377953
0
LINE
8
BLACK
6
CONTINUOUS
10
5.2853213779527559
20
-4.641593976377953
11
5.2848804724409444
21
-4.6405295669291338
0
LINE
8
BLACK
6
CONTINUOUS
10
5.2848804724409444
20
-4.6405295669291338
11
5.2848237401574805
21
-4.6399535039370079
0
LINE
8
BLACK
6
CONTINUOUS
10
5.2848237401574805
20
-4.6399535039370079
11
5.2848237401574805
21
-4.6035361811023625
0
LINE
8
BLACK
6
CONTINUOUS
10
5.2848237401574805
20
-4.6035361811023625
11
5.2765279133858263
21
-4.6035361811023625
0
LINE
8
BLACK
6
CONTINUOUS
10
5.2765279133858263
20
-4.6035361811023625
11
5.2759518503937004
21
-4.6034794488188977
0
LINE
8
BLACK
6
CONTINUOUS
10
5.2759518503937004
20
-4.6034794488188977
11
5.274887440944882
21
-4.6030385433070862
0
LINE
8
BLACK
6
CONTINUOUS
10
5.274887440944882
20
-4.6030385433070862
11
5.2740727952755906
21
-4.6022238976377956
0
LINE
8
BLACK
6
CONTINUOUS
10
5.2740727952755906
20
-4.6022238976377956
11
5.2736318897637791
21
-4.6011594881889764
0
LINE
8
BLACK
6
CONTINUOUS
10
5.2736318897637791
20
-4.6011594881889764
11
5.2736318897637791
21
-4.6000073622047246
0
LINE
8
BLACK
6
CONTINUOUS
10
5.2736318897637791
20
-4.6000073622047246
11
5.2740727952755906
21
-4.5989429527559054
0
LINE
8
BLACK
6
CONTINUOUS
10
5.2740727952755906
20
-4.5989429527559054
11
5.274887440944882
21
-4.5981283070866139
0
LINE
8
BLACK
6
CONTINUOUS
10
5.274887440944882
20
-4.5981283070866139
11
5.2759518503937004
21
-4.5976874015748033
0
LINE
8
BLACK
6
CONTINUOUS
10
5.2759518503937004
20
-4.5976874015748033
11
5.2765279133858263
21
-4.5976306692913385
0
LINE
8
BLACK
6
CONTINUOUS
10
5.2765279133858263
20
-4.5976306692913385
11
5.2990250787401569
21
-4.5976306692913385
0
LINE
8
BLACK
6
CONTINUOUS
10
5.2990250787401569
20
-4.5976306692913385
11
5.2996011417322837
21
-4.5976874015748033
0
LINE
8
BLACK
6
CONTINUOUS
10
5.6627936220472437
20
-4.5976874015748033
11
5.6633056692913382
21
-4.5976874015748033
0
LINE
8
BLACK
6
CONTINUOUS
10
5.6633056692913382
20
-4.5976874015748033
11
5.6633664173228349
21
-4.5977125590551182
0
LINE
8
BLACK
6
CONTINUOUS
10
5.6633664173228349
20
-4.5977125590551182
11
5.6634322834645667
21
-4.597715472440945
0
LINE
8
BLACK
6
CONTINUOUS
10
5.6634322834645667
20
-4.597715472440945
11
5.6638971259842519
21
-4.5979323622047241
0
LINE
8
BLACK
6
CONTINUOUS
10
5.6638971259842519
20
-4.5979323622047241
11
5.6643700787401574
21
-4.5981283070866139
0
LINE
8
BLACK
6
CONTINUOUS
10
5.6643700787401574
20
-4.5981283070866139
11
5.6644165748031492
21
-4.5981748031496066
0
LINE
8
BLACK
6
CONTINUOUS
10
5.6644165748031492
20
-4.5981748031496066
11
5.6644762992125983
21
-4.5982026771653546
0
LINE
8
BLACK
6
CONTINUOUS
10
5.6644762992125983
20
-4.5982026771653546
11
5.664822519685039
21
-4.5985807480314955
0
LINE
8
BLACK
6
CONTINUOUS
10
5.664822519685039
20
-4.5985807480314955
11
5.6651847244094489
21
-4.5989429527559054
0
LINE
8
BLACK
6
CONTINUOUS
10
5.6651847244094489
20
-4.5989429527559054
11
5.6652099212598426
21
-4.5990037795275587
0
LINE
8
BLACK
6
CONTINUOUS
10
5.6652099212598426
20
-4.5990037795275587
11
5.6652544094488189
21
-4.5990523622047244
0
LINE
8
BLACK
6
CONTINUOUS
10
5.6652544094488189
20
-4.5990523622047244
11
5.665429488188976
21
-4.5995338582677165
0
LINE
8
BLACK
6
CONTINUOUS
10
5.665429488188976
20
-4.5995338582677165
11
5.6656256299212595
21
-4.6000073622047246
0
LINE
8
BLACK
6
CONTINUOUS
10
5.6656256299212595
20
-4.6000073622047246
11
5.6656345275590549
21
-4.6000977165354326
0
LINE
8
BLACK
6
CONTINUOUS
10
5.6656345275590549
20
-4.6000977165354326
11
5.6656481102362202
21
-4.6001350787401574
0
LINE
8
BLACK
6
CONTINUOUS
10
5.6656481102362202
20
-4.6001350787401574
11
5.6656450393700784
21
-4.6002046062992124
0
LINE
8
BLACK
6
CONTINUOUS
10
5.6656450393700784
20
-4.6002046062992124
11
5.6656823622047243
21
-4.6005834251968505
0
LINE
8
BLACK
6
CONTINUOUS
10
5.6656823622047243
20
-4.6005834251968505
11
5.6656823622047243
21
-4.6399535039370079
0
LINE
8
BLACK
6
CONTINUOUS
10
5.6656823622047243
20
-4.6399535039370079
11
5.6656256299212595
21
-4.6405295669291338
0
LINE
8
BLACK
6
CONTINUOUS
10
5.6656256299212595
20
-4.6405295669291338
11
5.6651847244094489
21
-4.641593976377953
0
LINE
8
BLACK
6
CONTINUOUS
10
5.6651847244094489
20
-4.641593976377953
11
5.6643700787401574
21
-4.6424086220472436
0
LINE
8
BLACK
6
CONTINUOUS
10
5.6643700787401574
20
-4.6424086220472436
11
5.6633056692913382
21
-4.6428495275590551
0
LINE
8
BLACK
6
CONTINUOUS
10
5.6633056692913382
20
-4.6428495275590551
11
5.6621535433070864
21
-4.6428495275590551
0
LINE
8
BLACK
6
CONTINUOUS
10
5.6621535433070864
20
-4.6428495275590551
11
5.6610891338582672
21
-4.6424086220472436
0
LINE
8
BLACK
6
CONTINUOUS
10
5.6610891338582672
20
-4.6424086220472436
11
5.6602744881889766
21
-4.641593976377953
0
LINE
8
BLACK
6
CONTINUOUS
10
5.6602744881889766
20
-4.641593976377953
11
5.6598335826771651
21
-4.6405295669291338
0
LINE
8
BLACK
6
CONTINUOUS
10
5.6598335826771651
20
-4.6405295669291338
11
5.6597768503937003
21
-4.6399535039370079
0
LINE
8
BLACK
6
CONTINUOUS
10
5.6597768503937003
20
-4.6399535039370079
11
5.6597768503937003
21
-4.6138931496062989
0
LINE
8
BLACK
6
CONTINUOUS
10
5.6597768503937003
20
-4.6138931496062989
11
5.6522820078740157
21
-4.6299535433070869
0
LINE
8
BLACK
6
CONTINUOUS
10
5.6522820078740157
20
-4.6299535433070869
11
5.6521570472440947
21
-4.6301644488188973
0
LINE
8
BLACK
6
CONTINUOUS
10
5.6521570472440947
20
-4.6301644488188973
11
5.652131062992126
21
-4.6302359448818899
0
LINE
8
BLACK
6
CONTINUOUS
10
5.652131062992126
20
-4.6302359448818899
11
5.6520847244094483
21
-4.6302864960629924
0
LINE
8
BLACK
6
CONTINUOUS
10
5.6520847244094483
20
-4.6302864960629924
11
5.6519869685039366
21
-4.6304515748031498
0
LINE
8
BLACK
6
CONTINUOUS
10
5.6519869685039366
20
-4.6304515748031498
11
5.6516561417322837
21
-4.6307544881889759
0
LINE
8
BLACK
6
CONTINUOUS
10
5.6516561417322837
20
-4.6307544881889759
11
5.6513529527559054
21
-4.6310856299212597
0
LINE
8
BLACK
6
CONTINUOUS
10
5.6513529527559054
20
-4.6310856299212597
11
5.6512339763779522
21
-4.6311411023622044
0
LINE
8
BLACK
6
CONTINUOUS
10
5.6512339763779522
20
-4.6311411023622044
11
5.6511373228346455
21
-4.6312296850393704
0
LINE
8
BLACK
6
CONTINUOUS
10
5.6511373228346455
20
-4.6312296850393704
11
5.6507158267716537
21
-4.6313829133858269
0
LINE
8
BLACK
6
CONTINUOUS
10
5.6507158267716537
20
-4.6313829133858269
11
5.6503089370078738
21
-4.6315728346456693
0
LINE
8
BLACK
6
CONTINUOUS
10
5.6503089370078738
20
-4.6315728346456693
11
5.6501777559055117
21
-4.6315785826771654
0
LINE
8
BLACK
6
CONTINUOUS
10
5.6501777559055117
20
-4.6315785826771654
11
5.6500546062992125
21
-4.6316233858267717
0
LINE
8
BLACK
6
CONTINUOUS
10
5.6500546062992125
20
-4.6316233858267717
11
5.6496064960629919
21
-4.6316037007874016
0
LINE
8
BLACK
6
CONTINUOUS
10
5.6496064960629919
20
-4.6316037007874016
11
5.6491579133858263
21
-4.6316234251968504
0
LINE
8
BLACK
6
CONTINUOUS
10
5.6491579133858263
20
-4.6316234251968504
11
5.6490346062992121
21
-4.6315785826771654
0
LINE
8
BLACK
6
CONTINUOUS
10
5.6490346062992121
20
-4.6315785826771654
11
5.648903582677165
21
-4.6315728346456693
0
LINE
8
BLACK
6
CONTINUOUS
10
5.648903582677165
20
-4.6315728346456693
11
5.6484969291338585
21
-4.6313830314960631
0
LINE
8
BLACK
6
CONTINUOUS
10
5.6484969291338585
20
-4.6313830314960631
11
5.6480751968503933
21
-4.6312296850393704
0
LINE
8
BLACK
6
CONTINUOUS
10
5.6480751968503933
20
-4.6312296850393704
11
5.6479783858267716
21
-4.6311410236220469
0
LINE
8
BLACK
6
CONTINUOUS
10
5.6479783858267716
20
-4.6311410236220469
11
5.6478595669291334
21
-4.631085590551181
0
LINE
8
BLACK
6
CONTINUOUS
10
5.6478595669291334
20
-4.631085590551181
11
5.6475566141732285
21
-4.6307547637795272
0
LINE
8
BLACK
6
CONTINUOUS
10
5.6475566141732285
20
-4.6307547637795272
11
5.6472255511811023
21
-4.6304516141732286
0
LINE
8
BLACK
6
CONTINUOUS
10
5.6472255511811023
20
-4.6304516141732286
11
5.6471276771653542
21
-4.6302864173228349
0
LINE
8
BLACK
6
CONTINUOUS
10
5.6471276771653542
20
-4.6302864173228349
11
5.6470814566929128
21
-4.6302359448818899
0
LINE
8
BLACK
6
CONTINUOUS
10
5.6470814566929128
20
-4.6302359448818899
11
5.647055472440945
21
-4.6301645669291336
0
LINE
8
BLACK
6
CONTINUOUS
10
5.647055472440945
20
-4.6301645669291336
11
5.6469305118110231
21
-4.6299535826771656
0
LINE
8
BLACK
6
CONTINUOUS
10
5.6469305118110231
20
-4.6299535826771656
11
5.6394356692913385
21
-4.6138931496062989
0
LINE
8
BLACK
6
CONTINUOUS
10
5.6394356692913385
20
-4.6138931496062989
11
5.6394356692913385
21
-4.6399535039370079
0
LINE
8
BLACK
6
CONTINUOUS
10
5.6394356692913385
20
-4.6399535039370079
11
5.6393789370078737
21
-4.6405295669291338
0
LINE
8
BLACK
6
CONTINUOUS
10
5.6393789370078737
20
-4.6405295669291338
11
5.6389380314960631
21
-4.641593976377953
0
LINE
8
BLACK
6
CONTINUOUS
10
5.6389380314960631
20
-4.641593976377953
11
5.6381233858267716
21
-4.6424086220472436
0
LINE
8
BLACK
6
CONTINUOUS
10
5.6381233858267716
20
-4.6424086220472436
11
5.6370589763779524
21
-4.6428495275590551
0
LINE
8
BLACK
6
CONTINUOUS
10
5.6370589763779524
20
-4.6428495275590551
11
5.6359068503937007
21
-4.6428495275590551
0
LINE
8
BLACK
6
CONTINUOUS
10
5.6359068503937007
20
-4.6428495275590551
11
5.6348424409448814
21
-4.6424086220472436
0
LINE
8
BLACK
6
CONTINUOUS
10
5.6348424409448814
20
-4.6424086220472436
11
5.6340277952755908
21
-4.641593976377953
0
LINE
8
BLACK
6
CONTINUOUS
10
5.6340277952755908
20
-4.641593976377953
11
5.6335868897637793
21
-4.6405295669291338
0
LINE
8
BLACK
6
CONTINUOUS
10
5.6335868897637793
20
-4.6405295669291338
11
5.6335301574803145
21
-4.6399535039370079
0
LINE
8
BLACK
6
CONTINUOUS
10
5.6335301574803145
20
-4.6399535039370079
11
5.6335301574803145
21
-4.6005834251968505
0
LINE
8
BLACK
6
CONTINUOUS
10
5.6335301574803145
20
-4.6005834251968505
11
5.6335674409448817
21
-4.6002046062992124
0
LINE
8
BLACK
6
CONTINUOUS
10
5.6335674409448817
20
-4.6002046062992124
11
5.6335644094488186
21
-4.6001350787401574
0
LINE
8
BLACK
6
CONTINUOUS
10
5.6335644094488186
20
-4.6001350787401574
11
5.6335779527559051
21
-4.6000977165354326
0
LINE
8
BLACK
6
CONTINUOUS
10
5.6335779527559051
20
-4.6000977165354326
11
5.6335868897637793
21
-4.6000073622047246
0
LINE
8
BLACK
6
CONTINUOUS
10
5.6335868897637793
20
-4.6000073622047246
11
5.6337829921259841
21
-4.5995338582677165
0
LINE
8
BLACK
6
CONTINUOUS
10
5.6337829921259841
20
-4.5995338582677165
11
5.63395811023622
21
-4.5990523622047244
0
LINE
8
BLACK
6
CONTINUOUS
10
5.63395811023622
20
-4.5990523622047244
11
5.6340025590551184
21
-4.5990037795275587
0
LINE
8
BLACK
6
CONTINUOUS
10
5.6340025590551184
20
-4.5990037795275587
11
5.6340277952755908
21
-4.5989429527559054
0
LINE
8
BLACK
6
CONTINUOUS
10
5.6340277952755908
20
-4.5989429527559054
11
5.6343901968503936
21
-4.5985805118110239
0
LINE
8
BLACK
6
CONTINUOUS
10
5.6343901968503936
20
-4.5985805118110239
11
5.6347362204724405
21
-4.5982027165354333
0
LINE
8
BLACK
6
CONTINUOUS
10
5.6347362204724405
20
-4.5982027165354333
11
5.6347958661417321
21
-4.5981748425196853
0
LINE
8
BLACK
6
CONTINUOUS
10
5.6347958661417321
20
-4.5981748425196853
11
5.6348424409448814
21
-4.5981283070866139
0
LINE
8
BLACK
6
CONTINUOUS
10
5.6348424409448814
20
-4.5981283070866139
11
5.635315708661417
21
-4.5979322440944879
0
LINE
8
BLACK
6
CONTINUOUS
10
5.635315708661417
20
-4.5979322440944879
11
5.6357802362204721
21
-4.597715472440945
0
LINE
8
BLACK
6
CONTINUOUS
10
5.6357802362204721
20
-4.597715472440945
11
5.6358460236220473
21
-4.5977125590551182
0
LINE
8
BLACK
6
CONTINUOUS
10
5.6358460236220473
20
-4.5977125590551182
11
5.6359068503937007
21
-4.5976874015748033
0
LINE
8
BLACK
6
CONTINUOUS
10
5.6359068503937007
20
-4.5976874015748033
11
5.6364194094488189
21
-4.5976874015748033
0
LINE
8
BLACK
6
CONTINUOUS
10
5.6364194094488189
20
-4.5976874015748033
11
5.6369312598425196
21
-4.5976649212598426
0
LINE
8
BLACK
6
CONTINUOUS
10
5.6369312598425196
20
-4.5976649212598426
11
5.6369930708661418
21
-4.5976874015748033
0
LINE
8
BLACK
6
CONTINUOUS
10
5.6369930708661418
20
-4.5976874015748033
11
5.6370589763779524
21
-4.5976874015748033
0
LINE
8
BLACK
6
CONTINUOUS
10
5.6370589763779524
20
-4.5976874015748033
11
5.6375324409448817
21
-4.5978835039370081
0
LINE
8
BLACK
6
CONTINUOUS
10
5.6375324409448817
20
-4.5978835039370081
11
5.6380139763779527
21
-4.5980586220472439
0
LINE
8
BLACK
6
CONTINUOUS
10
5.6380139763779527
20
-4.5980586220472439
11
5.6380625196850396
21
-4.5981030708661415
0
LINE
8
BLACK
6
CONTINUOUS
10
5.6380625196850396
20
-4.5981030708661415
11
5.6381233858267716
21
-4.5981283070866139
0
LINE
8
BLACK
6
CONTINUOUS
10
5.6381233858267716
20
-4.5981283070866139
11
5.6384857874015744
21
-4.5984907086614175
0
LINE
8
BLACK
6
CONTINUOUS
10
5.6384857874015744
20
-4.5984907086614175
11
5.6388636220472437
21
-4.5988367322834645
0
LINE
8
BLACK
6
CONTINUOUS
10
5.6388636220472437
20
-4.5988367322834645
11
5.6389098425196851
21
-4.5989147637795273
0
LINE
8
BLACK
6
CONTINUOUS
10
5.6389098425196851
20
-4.5989147637795273
11
5.6389380314960631
21
-4.5989429527559054
0
LINE
8
BLACK
6
CONTINUOUS
10
5.6389380314960631
20
-4.5989429527559054
11
5.6389647244094485
21
-4.5990073622047243
0
LINE
8
BLACK
6
CONTINUOUS
10
5.6389647244094485
20
-4.5990073622047243
11
5.6391586614173228
21
-4.5993347637795274
0
LINE
8
BLACK
6
CONTINUOUS
10
5.6391586614173228
20
-4.5993347637795274
11
5.6496062204724407
21
-4.6217224409448816
0
LINE
8
BLACK
6
CONTINUOUS
10
5.6496062204724407
20
-4.6217224409448816
11
5.660053858267716
21
-4.5993347244094487
0
LINE
8
BLACK
6
CONTINUOUS
10
5.660053858267716
20
-4.5993347244094487
11
5.6602478346456691
21
-4.599007244094488
0
LINE
8
BLACK
6
CONTINUOUS
10
5.6602478346456691
20
-4.599007244094488
11
5.6602744881889766
21
-4.5989429527559054
0
LINE
8
BLACK
6
CONTINUOUS
10
5.6602744881889766
20
-4.5989429527559054
11
5.6603025984251971
21
-4.5989148031496061
0
LINE
8
BLACK
6
CONTINUOUS
10
5.6603025984251971
20
-4.5989148031496061
11
5.6603488976377951
21
-4.5988366929133857
0
LINE
8
BLACK
6
CONTINUOUS
10
5.6603488976377951
20
-4.5988366929133857
11
5.660726968503937
21
-4.5984904330708662
0
LINE
8
BLACK
6
CONTINUOUS
10
5.660726968503937
20
-4.5984904330708662
11
5.6610891338582672
21
-4.5981283070866139
0
LINE
8
BLACK
6
CONTINUOUS
10
5.6610891338582672
20
-4.5981283070866139
11
5.6611499606299214
21
-4.5981031102362202
0
LINE
8
BLACK
6
CONTINUOUS
10
5.6611499606299214
20
-4.5981031102362202
11
5.6611985433070862
21
-4.5980586220472439
0
LINE
8
BLACK
6
CONTINUOUS
10
5.6611985433070862
20
-4.5980586220472439
11
5.6616803543307084
21
-4.5978833858267718
0
LINE
8
BLACK
6
CONTINUOUS
10
5.6616803543307084
20
-4.5978833858267718
11
5.6621535433070864
21
-4.5976874015748033
0
LINE
8
BLACK
6
CONTINUOUS
10
5.6621535433070864
20
-4.5976874015748033
11
5.6622193307086617
21
-4.5976874015748033
0
LINE
8
BLACK
6
CONTINUOUS
10
5.6622193307086617
20
-4.5976874015748033
11
5.6622812598425192
21
-4.5976648818897639
0
LINE
8
BLACK
6
CONTINUOUS
10
5.6622812598425192
20
-4.5976648818897639
11
5.6627936220472437
21
-4.5976874015748033
0
LINE
8
BLACK
6
CONTINUOUS
10
5.3427207480314962
20
-4.6220593307086615
11
5.3437851574803146
21
-4.6225002362204721
0
LINE
8
BLACK
6
CONTINUOUS
10
5.3437851574803146
20
-4.6225002362204721
11
5.344599803149606
21
-4.6233148818897636
0
LINE
8
BLACK
6
CONTINUOUS
10
5.344599803149606
20
-4.6233148818897636
11
5.3450407086614176
21
-4.6243792913385828
0
LINE
8
BLACK
6
CONTINUOUS
10
5.3450407086614176
20
-4.6243792913385828
11
5.3450407086614176
21
-4.6255314173228346
0
LINE
8
BLACK
6
CONTINUOUS
10
5.3450407086614176
20
-4.6255314173228346
11
5.344599803149606
21
-4.6265958267716538
0
LINE
8
BLACK
6
CONTINUOUS
10
5.344599803149606
20
-4.6265958267716538
11
5.3437851574803146
21
-4.6274104724409444
0
LINE
8
BLACK
6
CONTINUOUS
10
5.3437851574803146
20
-4.6274104724409444
11
5.3427207480314962
21
-4.6278513779527559
0
LINE
8
BLACK
6
CONTINUOUS
10
5.3427207480314962
20
-4.6278513779527559
11
5.3421446850393703
21
-4.6279081102362207
0
LINE
8
BLACK
6
CONTINUOUS
10
5.3421446850393703
20
-4.6279081102362207
11
5.3121484645669286
21
-4.6279081102362207
0
LINE
8
BLACK
6
CONTINUOUS
10
5.3121484645669286
20
-4.6279081102362207
11
5.3115724015748027
21
-4.6278513779527559
0
LINE
8
BLACK
6
CONTINUOUS
10
5.3115724015748027
20
-4.6278513779527559
11
5.3105079921259843
21
-4.6274104724409444
0
LINE
8
BLACK
6
CONTINUOUS
10
5.3105079921259843
20
-4.6274104724409444
11
5.3096933464566929
21
-4.6265958267716538
0
LINE
8
BLACK
6
CONTINUOUS
10
5.3096933464566929
20
-4.6265958267716538
11
5.3092524409448814
21
-4.6255314173228346
0
LINE
8
BLACK
6
CONTINUOUS
10
5.3092524409448814
20
-4.6255314173228346
11
5.3092524409448814
21
-4.6243792913385828
0
LINE
8
BLACK
6
CONTINUOUS
10
5.3092524409448814
20
-4.6243792913385828
11
5.3096933464566929
21
-4.6233148818897636
0
LINE
8
BLACK
6
CONTINUOUS
10
5.3096933464566929
20
-4.6233148818897636
11
5.3105079921259843
21
-4.6225002362204721
0
LINE
8
BLACK
6
CONTINUOUS
10
5.3105079921259843
20
-4.6225002362204721
11
5.3115724015748027
21
-4.6220593307086615
0
LINE
8
BLACK
6
CONTINUOUS
10
5.3115724015748027
20
-4.6220593307086615
11
5.3121484645669286
21
-4.6220025984251967
0
LINE
8
BLACK
6
CONTINUOUS
10
5.3121484645669286
20
-4.6220025984251967
11
5.3421446850393703
21
-4.6220025984251967
0
LINE
8
BLACK
6
CONTINUOUS
10
5.3421446850393703
20
-4.6220025984251967
11
5.3427207480314962
21
-4.6220593307086615
0
LINE
8
BLACK
6
CONTINUOUS
10
5.503950590551181
20
-4.6220593307086615
11
5.5050150000000002
21
-4.6225002362204721
0
LINE
8
BLACK
6
CONTINUOUS
10
5.5050150000000002
20
-4.6225002362204721
11
5.5058296456692908
21
-4.6233148818897636
0
LINE
8
BLACK
6
CONTINUOUS
10
5.5058296456692908
20
-4.6233148818897636
11
5.5062705511811023
21
-4.6243792913385828
0
LINE
8
BLACK
6
CONTINUOUS
10
5.5062705511811023
20
-4.6243792913385828
11
5.5062705511811023
21
-4.6255314173228346
0
LINE
8
BLACK
6
CONTINUOUS
10
5.5062705511811023
20
-4.6255314173228346
11
5.5058296456692908
21
-4.6265958267716538
0
LINE
8
BLACK
6
CONTINUOUS
10
5.5058296456692908
20
-4.6265958267716538
11
5.5050150000000002
21
-4.6274104724409444
0
LINE
8
BLACK
6
CONTINUOUS
10
5.5050150000000002
20
-4.6274104724409444
11
5.503950590551181
21
-4.6278513779527559
0
LINE
8
BLACK
6
CONTINUOUS
10
5.503950590551181
20
-4.6278513779527559
11
5.5033745275590551
21
-4.6279081102362207
0
LINE
8
BLACK
6
CONTINUOUS
10
5.5033745275590551
20
-4.6279081102362207
11
5.4733783070866142
21
-4.6279081102362207
0
LINE
8
BLACK
6
CONTINUOUS
10
5.4733783070866142
20
-4.6279081102362207
11
5.4728022440944883
21
-4.6278513779527559
0
LINE
8
BLACK
6
CONTINUOUS
10
5.4728022440944883
20
-4.6278513779527559
11
5.4717378346456691
21
-4.6274104724409444
0
LINE
8
BLACK
6
CONTINUOUS
10
5.4717378346456691
20
-4.6274104724409444
11
5.4709231889763776
21
-4.6265958267716538
0
LINE
8
BLACK
6
CONTINUOUS
10
5.4709231889763776
20
-4.6265958267716538
11
5.470482283464567
21
-4.6255314173228346
0
LINE
8
BLACK
6
CONTINUOUS
10
5.470482283464567
20
-4.6255314173228346
11
5.470482283464567
21
-4.6243792913385828
0
LINE
8
BLACK
6
CONTINUOUS
10
5.470482283464567
20
-4.6243792913385828
11
5.4709231889763776
21
-4.6233148818897636
0
LINE
8
BLACK
6
CONTINUOUS
10
5.4709231889763776
20
-4.6233148818897636
11
5.4717378346456691
21
-4.6225002362204721
0
LINE
8
BLACK
6
CONTINUOUS
10
5.4717378346456691
20
-4.6225002362204721
11
5.4728022440944883
21
-4.6220593307086615
0
LINE
8
BLACK
6
CONTINUOUS
10
5.4728022440944883
20
-4.6220593307086615
11
5.4733783070866142
21
-4.6220025984251967
0
LINE
8
BLACK
6
CONTINUOUS
10
5.4733783070866142
20
-4.6220025984251967
11
5.5033745275590551
21
-4.6220025984251967
0
LINE
8
BLACK
6
CONTINUOUS
10
5.5033745275590551
20
-4.6220025984251967
11
5.503950590551181
21
-4.6220593307086615
0
LINE
8
BLACK
6
CONTINUOUS
10
5.8012396456692912
20
-4.5738478740157475
11
5.8020543307086614
21
-4.574662519685039
0
LINE
8
BLACK
6
CONTINUOUS
10
5.8020543307086614
20
-4.574662519685039
11
5.8023107874015745
21
-4.5752817322834645
0
LINE
8
BLACK
6
CONTINUOUS
10
5.8023107874015745
20
-4.5752817322834645
11
5.8024951968503933
21
-4.5757269291338583
0
LINE
8
BLACK
6
CONTINUOUS
10
5.8024951968503933
20
-4.5757269291338583
11
5.8025519291338581
21
-4.5763029921259841
0
LINE
8
BLACK
6
CONTINUOUS
10
5.8025519291338581
20
-4.5763029921259841
11
5.8025519291338581
21
-4.6006749212598423
0
LINE
8
BLACK
6
CONTINUOUS
10
5.8025519291338581
20
-4.6006749212598423
11
5.8024951968503933
21
-4.6012509842519682
0
LINE
8
BLACK
6
CONTINUOUS
10
5.8024951968503933
20
-4.6012509842519682
11
5.8020542913385826
21
-4.6023153937007875
0
LINE
8
BLACK
6
CONTINUOUS
10
5.8020542913385826
20
-4.6023153937007875
11
5.8012396456692912
21
-4.6031300393700789
0
LINE
8
BLACK
6
CONTINUOUS
10
5.8012396456692912
20
-4.6031300393700789
11
5.8001752362204719
21
-4.6035709448818896
0
LINE
8
BLACK
6
CONTINUOUS
10
5.8001752362204719
20
-4.6035709448818896
11
5.7990231102362202
21
-4.6035709448818896
0
LINE
8
BLACK
6
CONTINUOUS
10
5.7990231102362202
20
-4.6035709448818896
11
5.7979587007874018
21
-4.6031300393700789
0
LINE
8
BLACK
6
CONTINUOUS
10
5.7979587007874018
20
-4.6031300393700789
11
5.7971440551181104
21
-4.6023153937007875
0
LINE
8
BLACK
6
CONTINUOUS
10
5.7971440551181104
20
-4.6023153937007875
11
5.7967031496062988
21
-4.6012509842519682
0
LINE
8
BLACK
6
CONTINUOUS
10
5.7967031496062988
20
-4.6012509842519682
11
5.7966464173228349
21
-4.6006749212598423
0
LINE
8
BLACK
6
CONTINUOUS
10
5.7966464173228349
20
-4.6006749212598423
11
5.7966464173228349
21
-4.5834315354330704
0
LINE
8
BLACK
6
CONTINUOUS
10
5.7966464173228349
20
-4.5834315354330704
11
5.7791898818897636
21
-4.6008880708661417
0
LINE
8
BLACK
6
CONTINUOUS
10
5.7791898818897636
20
-4.6008880708661417
11
5.7787424409448818
21
-4.6012552755905514
0
LINE
8
BLACK
6
CONTINUOUS
10
5.7787424409448818
20
-4.6012552755905514
11
5.77864437007874
21
-4.601295866141732
0
LINE
8
BLACK
6
CONTINUOUS
10
5.77864437007874
20
-4.601295866141732
11
5.7785642519685041
21
-4.601365393700787
0
LINE
8
BLACK
6
CONTINUOUS
10
5.7785642519685041
20
-4.601365393700787
11
5.7780357086614176
21
-4.6016013779527558
0
LINE
8
BLACK
6
CONTINUOUS
10
5.7780357086614176
20
-4.6016013779527558
11
5.7724114173228349
21
-4.6034761417322834
0
LINE
8
BLACK
6
CONTINUOUS
10
5.7724114173228349
20
-4.6034761417322834
11
5.7721258267716538
21
-4.6035410629921261
0
LINE
8
BLACK
6
CONTINUOUS
10
5.7721258267716538
20
-4.6035410629921261
11
5.7720537401574799
21
-4.6035709448818896
0
LINE
8
BLACK
6
CONTINUOUS
10
5.7720537401574799
20
-4.6035709448818896
11
5.7719492125984253
21
-4.6035812204724404
0
LINE
8
BLACK
6
CONTINUOUS
10
5.7719492125984253
20
-4.6035812204724404
11
5.7718469685039366
21
-4.6036044881889762
0
LINE
8
BLACK
6
CONTINUOUS
10
5.7718469685039366
20
-4.6036044881889762
11
5.771769212598425
21
-4.6035989370078738
0
LINE
8
BLACK
6
CONTINUOUS
10
5.771769212598425
20
-4.6035989370078738
11
5.771477677165354
21
-4.6036276771653544
0
LINE
8
BLACK
6
CONTINUOUS
10
5.771477677165354
20
-4.6036276771653544
11
5.7677281496062989
21
-4.6036276771653544
0
LINE
8
BLACK
6
CONTINUOUS
10
5.7677281496062989
20
-4.6036276771653544
11
5.767152086614173
21
-4.6035709448818896
0
LINE
8
BLACK
6
CONTINUOUS
10
5.767152086614173
20
-4.6035709448818896
11
5.7670540944881887
21
-4.6035303543307089
0
LINE
8
BLACK
6
CONTINUOUS
10
5.7670540944881887
20
-4.6035303543307089
11
5.7669482283464566
21
-4.6035228346456689
0
LINE
8
BLACK
6
CONTINUOUS
10
5.7669482283464566
20
-4.6035228346456689
11
5.7664076377952753
21
-4.6033159448818894
0
LINE
8
BLACK
6
CONTINUOUS
10
5.7664076377952753
20
-4.6033159448818894
11
5.7626581102362202
21
-4.6014411811023619
0
LINE
8
BLACK
6
CONTINUOUS
10
5.7626581102362202
20
-4.6014411811023619
11
5.7624100787401575
21
-4.6012850787401574
0
LINE
8
BLACK
6
CONTINUOUS
10
5.7624100787401575
20
-4.6012850787401574
11
5.7623381496062986
21
-4.6012552755905514
0
LINE
8
BLACK
6
CONTINUOUS
10
5.7623381496062986
20
-4.6012552755905514
11
5.7622571653543302
21
-4.6011887795275586
0
LINE
8
BLACK
6
CONTINUOUS
10
5.7622571653543302
20
-4.6011887795275586
11
5.7621682283464564
21
-4.6011328346456688
0
LINE
8
BLACK
6
CONTINUOUS
10
5.7621682283464564
20
-4.6011328346456688
11
5.7621170472440948
21
-4.6010738188976381
0
LINE
8
BLACK
6
CONTINUOUS
10
5.7621170472440948
20
-4.6010738188976381
11
5.7618907086614168
21
-4.6008880708661417
0
LINE
8
BLACK
6
CONTINUOUS
10
5.7618907086614168
20
-4.6008880708661417
11
5.7600159448818893
21
-4.5990133070866142
0
LINE
8
BLACK
6
CONTINUOUS
10
5.7600159448818893
20
-4.5990133070866142
11
5.759830157480315
21
-4.5987869291338583
0
LINE
8
BLACK
6
CONTINUOUS
10
5.759830157480315
20
-4.5987869291338583
11
5.7597711811023622
21
-4.5987357874015746
0
LINE
8
BLACK
6
CONTINUOUS
10
5.7597711811023622
20
-4.5987357874015746
11
5.7597151968503937
21
-4.598646811023622
0
LINE
8
BLACK
6
CONTINUOUS
10
5.7597151968503937
20
-4.598646811023622
11
5.7596487401574805
21
-4.5985658661417324
0
LINE
8
BLACK
6
CONTINUOUS
10
5.7596487401574805
20
-4.5985658661417324
11
5.7596188976377949
21
-4.5984938976377956
0
LINE
8
BLACK
6
CONTINUOUS
10
5.7596188976377949
20
-4.5984938976377956
11
5.7594628346456691
21
-4.5982459055118108
0
LINE
8
BLACK
6
CONTINUOUS
10
5.7594628346456691
20
-4.5982459055118108
11
5.7575880708661415
21
-4.5944963779527557
0
LINE
8
BLACK
6
CONTINUOUS
10
5.7575880708661415
20
-4.5944963779527557
11
5.7573811811023621
21
-4.5939557480314956
0
LINE
8
BLACK
6
CONTINUOUS
10
5.7573811811023621
20
-4.5939557480314956
11
5.757373661417323
21
-4.5938499212598423
0
LINE
8
BLACK
6
CONTINUOUS
10
5.757373661417323
20
-4.5938499212598423
11
5.7573330708661414
21
-4.593751929133858
0
LINE
8
BLACK
6
CONTINUOUS
10
5.7573330708661414
20
-4.593751929133858
11
5.7572763385826766
21
-4.5931758661417321
0
LINE
8
BLACK
6
CONTINUOUS
10
5.7572763385826766
20
-4.5931758661417321
11
5.7572763385826766
21
-4.5838020472440943
0
LINE
8
BLACK
6
CONTINUOUS
10
5.7572763385826766
20
-4.5838020472440943
11
5.7573330708661414
21
-4.5832259842519685
0
LINE
8
BLACK
6
CONTINUOUS
10
5.7573330708661414
20
-4.5832259842519685
11
5.757373661417323
21
-4.5831279527559055
0
LINE
8
BLACK
6
CONTINUOUS
10
5.757373661417323
20
-4.5831279527559055
11
5.7573811811023621
21
-4.5830221653543308
0
LINE
8
BLACK
6
CONTINUOUS
10
5.7573811811023621
20
-4.5830221653543308
11
5.7575880708661415
21
-4.5824815354330708
0
LINE
8
BLACK
6
CONTINUOUS
10
5.7575880708661415
20
-4.5824815354330708
11
5.7594628346456691
21
-4.5787320078740157
0
LINE
8
BLACK
6
CONTINUOUS
10
5.7594628346456691
20
-4.5787320078740157
11
5.7596188976377949
21
-4.578483976377953
0
LINE
8
BLACK
6
CONTINUOUS
10
5.7596188976377949
20
-4.578483976377953
11
5.7596487401574805
21
-4.5784120472440941
0
LINE
8
BLACK
6
CONTINUOUS
10
5.7596487401574805
20
-4.5784120472440941
11
5.7597151968503937
21
-4.5783310629921257
0
LINE
8
BLACK
6
CONTINUOUS
10
5.7597151968503937
20
-4.5783310629921257
11
5.7597711811023622
21
-4.5782421259842518
0
LINE
8
BLACK
6
CONTINUOUS
10
5.7597711811023622
20
-4.5782421259842518
11
5.759830157480315
21
-4.5781909448818894
0
LINE
8
BLACK
6
CONTINUOUS
10
5.759830157480315
20
-4.5781909448818894
11
5.7600159448818893
21
-4.5779646062992123
0
LINE
8
BLACK
6
CONTINUOUS
10
5.7600159448818893
20
-4.5779646062992123
11
5.7618907086614168
21
-4.5760898425196848
0
LINE
8
BLACK
6
CONTINUOUS
10
5.7618907086614168
20
-4.5760898425196848
11
5.7623381496062986
21
-4.5757226377952751
0
LINE
8
BLACK
6
CONTINUOUS
10
5.7623381496062986
20
-4.5757226377952751
11
5.7634025590551179
21
-4.5752817322834645
0
LINE
8
BLACK
6
CONTINUOUS
10
5.7634025590551179
20
-4.5752817322834645
11
5.7645546456692909
21
-4.5752817322834645
0
LINE
8
BLACK
6
CONTINUOUS
10
5.7645546456692909
20
-4.5752817322834645
11
5.7656190551181101
21
-4.5757226377952751
0
LINE
8
BLACK
6
CONTINUOUS
10
5.7656190551181101
20
-4.5757226377952751
11
5.7664337401574803
21
-4.5765373228346453
0
LINE
8
BLACK
6
CONTINUOUS
10
5.7664337401574803
20
-4.5765373228346453
11
5.766874645669291
21
-4.5776017322834646
0
LINE
8
BLACK
6
CONTINUOUS
10
5.766874645669291
20
-4.5776017322834646
11
5.766874645669291
21
-4.5787538188976376
0
LINE
8
BLACK
6
CONTINUOUS
10
5.766874645669291
20
-4.5787538188976376
11
5.7664337401574803
21
-4.5798182283464568
0
LINE
8
BLACK
6
CONTINUOUS
10
5.7664337401574803
20
-4.5798182283464568
11
5.7660665354330707
21
-4.5802656692913386
0
LINE
8
BLACK
6
CONTINUOUS
10
5.7660665354330707
20
-4.5802656692913386
11
5.764530590551181
21
-4.5818016141732283
0
LINE
8
BLACK
6
CONTINUOUS
10
5.764530590551181
20
-4.5818016141732283
11
5.7631818503937007
21
-4.5844990944881889
0
LINE
8
BLACK
6
CONTINUOUS
10
5.7631818503937007
20
-4.5844990944881889
11
5.7631818503937007
21
-4.5924788188976375
0
LINE
8
BLACK
6
CONTINUOUS
10
5.7631818503937007
20
-4.5924788188976375
11
5.764530590551181
21
-4.5951762992125982
0
LINE
8
BLACK
6
CONTINUOUS
10
5.764530590551181
20
-4.5951762992125982
11
5.7657277165354328
21
-4.59637342519685
0
LINE
8
BLACK
6
CONTINUOUS
10
5.7657277165354328
20
-4.59637342519685
11
5.7684251968503935
21
-4.5977221653543303
0
LINE
8
BLACK
6
CONTINUOUS
10
5.7684251968503935
20
-4.5977221653543303
11
5.7709985433070861
21
-4.5977221653543303
0
LINE
8
BLACK
6
CONTINUOUS
10
5.7709985433070861
20
-4.5977221653543303
11
5.7755069291338579
21
-4.596219330708661
0
LINE
8
BLACK
6
CONTINUOUS
10
5.7755069291338579
20
-4.596219330708661
11
5.7975112598425191
21
-4.5742150787401572
0
LINE
8
BLACK
6
CONTINUOUS
10
5.7975112598425191
20
-4.5742150787401572
11
5.7979587007874018
21
-4.5738478346456688
0
LINE
8
BLACK
6
CONTINUOUS
10
5.7979587007874018
20
-4.5738478346456688
11
5.7987113385826774
21
-4.573536062992126
0
LINE
8
BLACK
6
CONTINUOUS
10
5.7987113385826774
20
-4.573536062992126
11
5.7990231102362202
21
-4.5734069685039369
0
LINE
8
BLACK
6
CONTINUOUS
10
5.7990231102362202
20
-4.5734069685039369
11
5.8001752362204719
21
-4.5734069685039369
0
LINE
8
BLACK
6
CONTINUOUS
10
5.8001752362204719
20
-4.5734069685039369
11
5.8012396456692912
21
-4.5738478740157475
0
LINE
8
BLACK
6
CONTINUOUS
10
5.4117977952755902
20
-4.4047740157480311
11
5.4120870866141733
21
-4.4047740157480311
0
LINE
8
BLACK
6
CONTINUOUS
10
5.4120870866141733
20
-4.4047740157480311
11
5.4123571653543303
21
-4.4048858661417318
0
LINE
8
BLACK
6
CONTINUOUS
10
5.4123571653543303
20
-4.4048858661417318
11
5.4126438188976378
21
-4.4049432283464567
0
LINE
8
BLACK
6
CONTINUOUS
10
5.4126438188976378
20
-4.4049432283464567
11
5.4128841732283464
21
-4.405104173228346
0
LINE
8
BLACK
6
CONTINUOUS
10
5.4128841732283464
20
-4.405104173228346
11
5.4131514960629916
21
-4.4052149212598426
0
LINE
8
BLACK
6
CONTINUOUS
10
5.4131514960629916
20
-4.4052149212598426
11
5.4133581889763782
21
-4.4054216141732283
0
LINE
8
BLACK
6
CONTINUOUS
10
5.4133581889763782
20
-4.4054216141732283
11
5.4136011023622048
21
-4.4055842913385828
0
LINE
8
BLACK
6
CONTINUOUS
10
5.4136011023622048
20
-4.4055842913385828
11
5.4139640944881888
21
-4.4060275196850389
0
LINE
8
BLACK
6
CONTINUOUS
10
5.4139640944881888
20
-4.4060275196850389
11
5.4139661417322831
21
-4.4060295669291341
0
LINE
8
BLACK
6
CONTINUOUS
10
5.4139661417322831
20
-4.4060295669291341
11
5.4139664960629919
21
-4.4060304330708657
0
LINE
8
BLACK
6
CONTINUOUS
10
5.4139664960629919
20
-4.4060304330708657
11
5.4139678740157482
21
-4.4060321259842521
0
LINE
8
BLACK
6
CONTINUOUS
10
5.4139678740157482
20
-4.4060321259842521
11
5.4175551968503939
21
-4.4114131496062994
0
LINE
8
BLACK
6
CONTINUOUS
10
5.4175551968503939
20
-4.4114131496062994
11
5.4207591732283467
21
-4.4146171259842522
0
LINE
8
BLACK
6
CONTINUOUS
10
5.4207591732283467
20
-4.4146171259842522
11
5.4240801181102363
21
-4.4162775984251965
0
LINE
8
BLACK
6
CONTINUOUS
10
5.4240801181102363
20
-4.4162775984251965
11
5.4245700000000001
21
-4.4165859448818896
0
LINE
8
BLACK
6
CONTINUOUS
10
5.4245700000000001
20
-4.4165859448818896
11
5.4253248425196849
21
-4.4174563385826771
0
LINE
8
BLACK
6
CONTINUOUS
10
5.4253248425196849
20
-4.4174563385826771
11
5.4256891732283465
21
-4.4185492913385822
0
LINE
8
BLACK
6
CONTINUOUS
10
5.4256891732283465
20
-4.4185492913385822
11
5.4256075196850393
21
-4.419698503937008
0
LINE
8
BLACK
6
CONTINUOUS
10
5.4256075196850393
20
-4.419698503937008
11
5.425092244094488
21
-4.420729015748031
0
LINE
8
BLACK
6
CONTINUOUS
10
5.425092244094488
20
-4.420729015748031
11
5.4242218897637793
21
-4.4214838582677167
0
LINE
8
BLACK
6
CONTINUOUS
10
5.4242218897637793
20
-4.4214838582677167
11
5.4231288976377954
21
-4.4218481889763774
0
LINE
8
BLACK
6
CONTINUOUS
10
5.4231288976377954
20
-4.4218481889763774
11
5.4219796850393696
21
-4.4217665354330711
0
LINE
8
BLACK
6
CONTINUOUS
10
5.4219796850393696
20
-4.4217665354330711
11
5.4214390944881892
21
-4.4215596456692916
0
LINE
8
BLACK
6
CONTINUOUS
10
5.4214390944881892
20
-4.4215596456692916
11
5.4176895669291341
21
-4.419684881889764
0
LINE
8
BLACK
6
CONTINUOUS
10
5.4176895669291341
20
-4.419684881889764
11
5.4174417322834643
21
-4.4195288582677161
0
LINE
8
BLACK
6
CONTINUOUS
10
5.4174417322834643
20
-4.4195288582677161
11
5.4173696062992125
21
-4.4194990157480314
0
LINE
8
BLACK
6
CONTINUOUS
10
5.4173696062992125
20
-4.4194990157480314
11
5.4172884251968503
21
-4.4194324015748032
0
LINE
8
BLACK
6
CONTINUOUS
10
5.4172884251968503
20
-4.4194324015748032
11
5.4171996850393702
21
-4.419376535433071
0
LINE
8
BLACK
6
CONTINUOUS
10
5.4171996850393702
20
-4.419376535433071
11
5.4171485433070865
21
-4.4193175984251969
0
LINE
8
BLACK
6
CONTINUOUS
10
5.4171485433070865
20
-4.4193175984251969
11
5.4169221653543307
21
-4.419131771653543
0
LINE
8
BLACK
6
CONTINUOUS
10
5.4169221653543307
20
-4.419131771653543
11
5.4144637795275585
21
-4.4166733858267717
0
LINE
8
BLACK
6
CONTINUOUS
10
5.4144637795275585
20
-4.4166733858267717
11
5.4144637795275585
21
-4.4440873622047246
0
LINE
8
BLACK
6
CONTINUOUS
10
5.4144637795275585
20
-4.4440873622047246
11
5.4227596062992127
21
-4.4440873622047246
0
LINE
8
BLACK
6
CONTINUOUS
10
5.4227596062992127
20
-4.4440873622047246
11
5.4233356692913386
21
-4.4441440944881885
0
LINE
8
BLACK
6
CONTINUOUS
10
5.4233356692913386
20
-4.4441440944881885
11
5.4244000787401569
21
-4.444585
0
LINE
8
BLACK
6
CONTINUOUS
10
5.4244000787401569
20
-4.444585
11
5.4252147244094484
21
-4.4453996456692915
0
LINE
8
BLACK
6
CONTINUOUS
10
5.4252147244094484
20
-4.4453996456692915
11
5.4256556299212599
21
-4.4464640551181098
0
LINE
8
BLACK
6
CONTINUOUS
10
5.4256556299212599
20
-4.4464640551181098
11
5.4256556299212599
21
-4.4476161811023625
0
LINE
8
BLACK
6
CONTINUOUS
10
5.4256556299212599
20
-4.4476161811023625
11
5.4252147244094484
21
-4.4486805905511808
0
LINE
8
BLACK
6
CONTINUOUS
10
5.4252147244094484
20
-4.4486805905511808
11
5.4244000787401569
21
-4.4494952362204723
0
LINE
8
BLACK
6
CONTINUOUS
10
5.4244000787401569
20
-4.4494952362204723
11
5.4233356692913386
21
-4.4499361417322838
0
LINE
8
BLACK
6
CONTINUOUS
10
5.4233356692913386
20
-4.4499361417322838
11
5.4227596062992127
21
-4.4499928740157477
0
LINE
8
BLACK
6
CONTINUOUS
10
5.4227596062992127
20
-4.4499928740157477
11
5.4002624409448821
21
-4.4499928740157477
0
LINE
8
BLACK
6
CONTINUOUS
10
5.4002624409448821
20
-4.4499928740157477
11
5.3996863779527562
21
-4.4499361417322838
0
LINE
8
BLACK
6
CONTINUOUS
10
5.3996863779527562
20
-4.4499361417322838
11
5.3986219685039369
21
-4.4494952362204723
0
LINE
8
BLACK
6
CONTINUOUS
10
5.3986219685039369
20
-4.4494952362204723
11
5.3978073228346455
21
-4.4486805905511808
0
LINE
8
BLACK
6
CONTINUOUS
10
5.3978073228346455
20
-4.4486805905511808
11
5.3973664173228348
21
-4.4476161811023625
0
LINE
8
BLACK
6
CONTINUOUS
10
5.3973664173228348
20
-4.4476161811023625
11
5.3973664173228348
21
-4.4464640551181098
0
LINE
8
BLACK
6
CONTINUOUS
10
5.3973664173228348
20
-4.4464640551181098
11
5.3978073228346455
21
-4.4453996456692915
0
LINE
8
BLACK
6
CONTINUOUS
10
5.3978073228346455
20
-4.4453996456692915
11
5.3986219685039369
21
-4.444585
0
LINE
8
BLACK
6
CONTINUOUS
10
5.3986219685039369
20
-4.444585
11
5.3996863779527562
21
-4.4441440944881885
0
LINE
8
BLACK
6
CONTINUOUS
10
5.3996863779527562
20
-4.4441440944881885
11
5.4002624409448821
21
-4.4440873622047246
0
LINE
8
BLACK
6
CONTINUOUS
10
5.4002624409448821
20
-4.4440873622047246
11
5.4085582677165354
21
-4.4440873622047246
0
LINE
8
BLACK
6
CONTINUOUS
10
5.4085582677165354
20
-4.4440873622047246
11
5.4085582677165354
21
-4.4076700393700783
0
LINE
8
BLACK
6
CONTINUOUS
10
5.4085582677165354
20
-4.4076700393700783
11
5.4085584645669291
21
-4.4076679527559053
0
LINE
8
BLACK
6
CONTINUOUS
10
5.4085584645669291
20
-4.4076679527559053
11
5.4085582677165354
21
-4.4076669291338586
0
LINE
8
BLACK
6
CONTINUOUS
10
5.4085582677165354
20
-4.4076669291338586
11
5.4085588582677167
21
-4.4076638976377955
0
LINE
8
BLACK
6
CONTINUOUS
10
5.4085588582677167
20
-4.4076638976377955
11
5.4086150000000002
21
-4.4070939763779524
0
LINE
8
BLACK
6
CONTINUOUS
10
5.4086150000000002
20
-4.4070939763779524
11
5.4087268503937009
21
-4.4068238582677166
0
LINE
8
BLACK
6
CONTINUOUS
10
5.4087268503937009
20
-4.4068238582677166
11
5.4087842125984249
21
-4.4065372440944879
0
LINE
8
BLACK
6
CONTINUOUS
10
5.4087842125984249
20
-4.4065372440944879
11
5.4089451574803151
21
-4.4062968503937006
0
LINE
8
BLACK
6
CONTINUOUS
10
5.4089451574803151
20
-4.4062968503937006
11
5.4090559055118108
21
-4.4060295669291341
0
LINE
8
BLACK
6
CONTINUOUS
10
5.4090559055118108
20
-4.4060295669291341
11
5.4092625984251965
21
-4.4058228346456696
0
LINE
8
BLACK
6
CONTINUOUS
10
5.4092625984251965
20
-4.4058228346456696
11
5.409425275590551
21
-4.4055799606299209
0
LINE
8
BLACK
6
CONTINUOUS
10
5.409425275590551
20
-4.4055799606299209
11
5.4096659842519683
21
-4.4054194488188978
0
LINE
8
BLACK
6
CONTINUOUS
10
5.4096659842519683
20
-4.4054194488188978
11
5.4098705511811023
21
-4.4052149212598426
0
LINE
8
BLACK
6
CONTINUOUS
10
5.4098705511811023
20
-4.4052149212598426
11
5.4101406299212593
21
-4.4051030314960631
0
LINE
8
BLACK
6
CONTINUOUS
10
5.4101406299212593
20
-4.4051030314960631
11
5.4103838976377956
21
-4.4049408661417324
0
LINE
8
BLACK
6
CONTINUOUS
10
5.4103838976377956
20
-4.4049408661417324
11
5.4106676771653541
21
-4.4048847244094489
0
LINE
8
BLACK
6
CONTINUOUS
10
5.4106676771653541
20
-4.4048847244094489
11
5.4109349606299215
21
-4.4047740157480311
0
LINE
8
BLACK
6
CONTINUOUS
10
5.4109349606299215
20
-4.4047740157480311
11
5.4112273622047242
21
-4.4047740157480311
0
LINE
8
BLACK
6
CONTINUOUS
10
5.4112273622047242
20
-4.4047740157480311
11
5.411514133858268
21
-4.4047172834645671
0
LINE
8
BLACK
6
CONTINUOUS
10
5.411514133858268
20
-4.4047172834645671
11
5.4117977952755902
21
-4.4047740157480311
0
LINE
8
BLACK
6
CONTINUOUS
10
5.4983262992125983
20
-4.4047740157480311
11
5.4984242913385826
21
-4.4048146062992126
0
LINE
8
BLACK
6
CONTINUOUS
10
5.4984242913385826
20
-4.4048146062992126
11
5.498530118110236
21
-4.4048221259842517
0
LINE
8
BLACK
6
CONTINUOUS
10
5.498530118110236
20
-4.4048221259842517
11
5.499070748031496
21
-4.4050290157480312
0
LINE
8
BLACK
6
CONTINUOUS
10
5.499070748031496
20
-4.4050290157480312
11
5.5028202755905511
21
-4.4069037795275587
0
LINE
8
BLACK
6
CONTINUOUS
10
5.5028202755905511
20
-4.4069037795275587
11
5.503068267716535
21
-4.4070598425196845
0
LINE
8
BLACK
6
CONTINUOUS
10
5.503068267716535
20
-4.4070598425196845
11
5.5031402362204727
21
-4.4070896850393702
0
LINE
8
BLACK
6
CONTINUOUS
10
5.5031402362204727
20
-4.4070896850393702
11
5.5032211811023624
21
-4.4071561417322833
0
LINE
8
BLACK
6
CONTINUOUS
10
5.5032211811023624
20
-4.4071561417322833
11
5.5033101574803149
21
-4.4072121259842518
0
LINE
8
BLACK
6
CONTINUOUS
10
5.5033101574803149
20
-4.4072121259842518
11
5.5033612992125986
21
-4.4072711023622047
0
LINE
8
BLACK
6
CONTINUOUS
10
5.5033612992125986
20
-4.4072711023622047
11
5.5035876771653545
21
-4.4074568897637798
0
LINE
8
BLACK
6
CONTINUOUS
10
5.5035876771653545
20
-4.4074568897637798
11
5.505462440944882
21
-4.4093316535433074
0
LINE
8
BLACK
6
CONTINUOUS
10
5.505462440944882
20
-4.4093316535433074
11
5.5056481889763775
21
-4.4095579921259844
0
LINE
8
BLACK
6
CONTINUOUS
10
5.5056481889763775
20
-4.4095579921259844
11
5.5057072047244091
21
-4.409609173228346
0
LINE
8
BLACK
6
CONTINUOUS
10
5.5057072047244091
20
-4.409609173228346
11
5.5057631496062989
21
-4.4096981102362207
0
LINE
8
BLACK
6
CONTINUOUS
10
5.5057631496062989
20
-4.4096981102362207
11
5.5058296456692908
21
-4.4097790944881892
0
LINE
8
BLACK
6
CONTINUOUS
10
5.5058296456692908
20
-4.4097790944881892
11
5.5058594488188977
21
-4.4098510236220472
0
LINE
8
BLACK
6
CONTINUOUS
10
5.5058594488188977
20
-4.4098510236220472
11
5.5060155511811022
21
-4.4100990551181098
0
LINE
8
BLACK
6
CONTINUOUS
10
5.5060155511811022
20
-4.4100990551181098
11
5.5078903149606298
21
-4.413848582677165
0
LINE
8
BLACK
6
CONTINUOUS
10
5.5078903149606298
20
-4.413848582677165
11
5.5080972047244092
21
-4.4143891732283462
0
LINE
8
BLACK
6
CONTINUOUS
10
5.5080972047244092
20
-4.4143891732283462
11
5.5081047244094483
21
-4.4144950393700784
0
LINE
8
BLACK
6
CONTINUOUS
10
5.5081047244094483
20
-4.4144950393700784
11
5.5081453149606299
21
-4.4145930314960626
0
LINE
8
BLACK
6
CONTINUOUS
10
5.5081453149606299
20
-4.4145930314960626
11
5.5082020472440947
21
-4.4151690944881885
0
LINE
8
BLACK
6
CONTINUOUS
10
5.5082020472440947
20
-4.4151690944881885
11
5.5082020472440947
21
-4.4189186220472436
0
LINE
8
BLACK
6
CONTINUOUS
10
5.5082020472440947
20
-4.4189186220472436
11
5.5081453149606299
21
-4.4194946850393704
0
LINE
8
BLACK
6
CONTINUOUS
10
5.5081453149606299
20
-4.4194946850393704
11
5.5081047244094483
21
-4.4195926377952759
0
LINE
8
BLACK
6
CONTINUOUS
10
5.5081047244094483
20
-4.4195926377952759
11
5.5080972047244092
21
-4.4196985433070868
0
LINE
8
BLACK
6
CONTINUOUS
10
5.5080972047244092
20
-4.4196985433070868
11
5.5078903149606298
21
-4.4202391338582681
0
LINE
8
BLACK
6
CONTINUOUS
10
5.5078903149606298
20
-4.4202391338582681
11
5.5060155511811022
21
-4.4239886614173232
0
LINE
8
BLACK
6
CONTINUOUS
10
5.5060155511811022
20
-4.4239886614173232
11
5.5058594488188977
21
-4.4242366535433071
0
LINE
8
BLACK
6
CONTINUOUS
10
5.5058594488188977
20
-4.4242366535433071
11
5.5058296456692908
21
-4.4243086220472438
0
LINE
8
BLACK
6
CONTINUOUS
10
5.5058296456692908
20
-4.4243086220472438
11
5.5057631496062989
21
-4.4243895669291335
0
LINE
8
BLACK
6
CONTINUOUS
10
5.5057631496062989
20
-4.4243895669291335
11
5.5057072047244091
21
-4.4244785433070861
0
LINE
8
BLACK
6
CONTINUOUS
10
5.5057072047244091
20
-4.4244785433070861
11
5.5056481889763775
21
-4.4245296850393698
0
LINE
8
BLACK
6
CONTINUOUS
10
5.5056481889763775
20
-4.4245296850393698
11
5.505462440944882
21
-4.4247560629921256
0
LINE
8
BLACK
6
CONTINUOUS
10
5.505462440944882
20
-4.4247560629921256
11
5.5035876771653545
21
-4.4266308267716532
0
LINE
8
BLACK
6
CONTINUOUS
10
5.5035876771653545
20
-4.4266308267716532
11
5.5033612992125986
21
-4.4268165748031496
0
LINE
8
BLACK
6
CONTINUOUS
10
5.5033612992125986
20
-4.4268165748031496
11
5.5033101574803149
21
-4.4268755905511812
0
LINE
8
BLACK
6
CONTINUOUS
10
5.5033101574803149
20
-4.4268755905511812
11
5.5032211811023624
21
-4.4269315354330709
0
LINE
8
BLACK
6
CONTINUOUS
10
5.5032211811023624
20
-4.4269315354330709
11
5.5031402362204727
21
-4.4269980314960629
0
LINE
8
BLACK
6
CONTINUOUS
10
5.5031402362204727
20
-4.4269980314960629
11
5.503068267716535
21
-4.4270278346456688
0
LINE
8
BLACK
6
CONTINUOUS
10
5.503068267716535
20
-4.4270278346456688
11
5.5028202755905511
21
-4.4271839370078743
0
LINE
8
BLACK
6
CONTINUOUS
10
5.5028202755905511
20
-4.4271839370078743
11
5.499070748031496
21
-4.4290587007874018
0
LINE
8
BLACK
6
CONTINUOUS
10
5.499070748031496
20
-4.4290587007874018
11
5.499028622047244
21
-4.4290748031496063
0
LINE
8
BLACK
6
CONTINUOUS
10
5.499028622047244
20
-4.4290748031496063
11
5.4990114960629919
21
-4.429087519685039
0
LINE
8
BLACK
6
CONTINUOUS
10
5.4990114960629919
20
-4.429087519685039
11
5.4987695275590553
21
-4.4291739370078735
0
LINE
8
BLACK
6
CONTINUOUS
10
5.4987695275590553
20
-4.4291739370078735
11
5.498530118110236
21
-4.4292655905511813
0
LINE
8
BLACK
6
CONTINUOUS
10
5.498530118110236
20
-4.4292655905511813
11
5.4985088582677166
21
-4.429267086614173
0
LINE
8
BLACK
6
CONTINUOUS
10
5.4985088582677166
20
-4.429267086614173
11
5.4984663779527558
21
-4.4292822834645671
0
LINE
8
BLACK
6
CONTINUOUS
10
5.4984663779527558
20
-4.4292822834645671
11
5.4912817322834648
21
-4.4310784251968505
0
LINE
8
BLACK
6
CONTINUOUS
10
5.4912817322834648
20
-4.4310784251968505
11
5.4882507480314962
21
-4.4325939370078737
0
LINE
8
BLACK
6
CONTINUOUS
10
5.4882507480314962
20
-4.4325939370078737
11
5.4870536220472443
21
-4.4337910629921256
0
LINE
8
BLACK
6
CONTINUOUS
10
5.4870536220472443
20
-4.4337910629921256
11
5.485704881889764
21
-4.4364885433070862
0
LINE
8
BLACK
6
CONTINUOUS
10
5.485704881889764
20
-4.4364885433070862
11
5.485704881889764
21
-4.438843976377953
0
LINE
8
BLACK
6
CONTINUOUS
10
5.485704881889764
20
-4.438843976377953
11
5.4870536220472443
21
-4.4415414566929137
0
LINE
8
BLACK
6
CONTINUOUS
10
5.4870536220472443
20
-4.4415414566929137
11
5.4882507480314962
21
-4.4427386220472442
0
LINE
8
BLACK
6
CONTINUOUS
10
5.4882507480314962
20
-4.4427386220472442
11
5.4909482283464568
21
-4.4440873622047246
0
LINE
8
BLACK
6
CONTINUOUS
10
5.4909482283464568
20
-4.4440873622047246
11
5.4991458661417321
21
-4.4440873622047246
0
LINE
8
BLACK
6
CONTINUOUS
10
5.4991458661417321
20
-4.4440873622047246
11
5.5043155118110239
21
-4.442364133858268
0
LINE
8
BLACK
6
CONTINUOUS
10
5.5043155118110239
20
-4.442364133858268
11
5.5048799606299212
21
-4.4422357874015743
0
LINE
8
BLACK
6
CONTINUOUS
10
5.5048799606299212
20
-4.4422357874015743
11
5.5060291732283462
21
-4.4423174803149603
0
LINE
8
BLACK
6
CONTINUOUS
10
5.5060291732283462
20
-4.4423174803149603
11
5.5070596456692913
21
-4.4428326771653541
0
LINE
8
BLACK
6
CONTINUOUS
10
5.5070596456692913
20
-4.4428326771653541
11
5.5078145275590549
21
-4.4437030708661416
0
LINE
8
BLACK
6
CONTINUOUS
10
5.5078145275590549
20
-4.4437030708661416
11
5.5081788582677165
21
-4.4447960629921255
0
LINE
8
BLACK
6
CONTINUOUS
10
5.5081788582677165
20
-4.4447960629921255
11
5.5080971653543305
21
-4.4459452755905513
0
LINE
8
BLACK
6
CONTINUOUS
10
5.5080971653543305
20
-4.4459452755905513
11
5.5075819291338579
21
-4.4469757086614168
0
LINE
8
BLACK
6
CONTINUOUS
10
5.5075819291338579
20
-4.4469757086614168
11
5.5067115748031492
21
-4.4477305905511813
0
LINE
8
BLACK
6
CONTINUOUS
10
5.5067115748031492
20
-4.4477305905511813
11
5.5061830314960627
21
-4.4479665748031492
0
LINE
8
BLACK
6
CONTINUOUS
10
5.5061830314960627
20
-4.4479665748031492
11
5.50055874015748
21
-4.4498413385826767
0
LINE
8
BLACK
6
CONTINUOUS
10
5.50055874015748
20
-4.4498413385826767
11
5.5002731496062989
21
-4.4499062598425194
0
LINE
8
BLACK
6
CONTINUOUS
10
5.5002731496062989
20
-4.4499062598425194
11
5.5002010629921259
21
-4.4499361417322838
0
LINE
8
BLACK
6
CONTINUOUS
10
5.5002010629921259
20
-4.4499361417322838
11
5.5000965354330704
21
-4.4499464173228347
0
LINE
8
BLACK
6
CONTINUOUS
10
5.5000965354330704
20
-4.4499464173228347
11
5.4999942913385826
21
-4.4499696850393704
0
LINE
8
BLACK
6
CONTINUOUS
10
5.4999942913385826
20
-4.4499696850393704
11
5.499916535433071
21
-4.4499641338582681
0
LINE
8
BLACK
6
CONTINUOUS
10
5.499916535433071
20
-4.4499641338582681
11
5.499625
21
-4.4499928740157477
0
LINE
8
BLACK
6
CONTINUOUS
10
5.499625
20
-4.4499928740157477
11
5.4902511811023622
21
-4.4499928740157477
0
LINE
8
BLACK
6
CONTINUOUS
10
5.4902511811023622
20
-4.4499928740157477
11
5.4896751181102363
21
-4.4499361417322838
0
LINE
8
BLACK
6
CONTINUOUS
10
5.4896751181102363
20
-4.4499361417322838
11
5.4895771259842521
21
-4.4498955511811022
0
LINE
8
BLACK
6
CONTINUOUS
10
5.4895771259842521
20
-4.4498955511811022
11
5.4894712598425199
21
-4.4498880314960632
0
LINE
8
BLACK
6
CONTINUOUS
10
5.4894712598425199
20
-4.4498880314960632
11
5.4889306692913387
21
-4.4496811417322837
0
LINE
8
BLACK
6
CONTINUOUS
10
5.4889306692913387
20
-4.4496811417322837
11
5.4851811417322835
21
-4.4478063779527561
0
LINE
8
BLACK
6
CONTINUOUS
10
5.4851811417322835
20
-4.4478063779527561
11
5.48493311023622
21
-4.4476502755905507
0
LINE
8
BLACK
6
CONTINUOUS
10
5.48493311023622
20
-4.4476502755905507
11
5.484861181102362
21
-4.4476204724409447
0
LINE
8
BLACK
6
CONTINUOUS
10
5.484861181102362
20
-4.4476204724409447
11
5.4847801968503935
21
-4.4475540157480316
0
LINE
8
BLACK
6
CONTINUOUS
10
5.4847801968503935
20
-4.4475540157480316
11
5.4846912598425197
21
-4.447498031496063
0
LINE
8
BLACK
6
CONTINUOUS
10
5.4846912598425197
20
-4.447498031496063
11
5.4846400393700785
21
-4.4474389763779527
0
LINE
8
BLACK
6
CONTINUOUS
10
5.4846400393700785
20
-4.4474389763779527
11
5.4844137007874014
21
-4.4472532283464563
0
LINE
8
BLACK
6
CONTINUOUS
10
5.4844137007874014
20
-4.4472532283464563
11
5.4825389370078739
21
-4.44537842519685
0
LINE
8
BLACK
6
CONTINUOUS
10
5.4825389370078739
20
-4.44537842519685
11
5.4823531889763775
21
-4.4451520866141729
0
LINE
8
BLACK
6
CONTINUOUS
10
5.4823531889763775
20
-4.4451520866141729
11
5.4822942125984246
21
-4.4451009448818892
0
LINE
8
BLACK
6
CONTINUOUS
10
5.4822942125984246
20
-4.4451009448818892
11
5.4822382283464561
21
-4.4450120078740154
0
LINE
8
BLACK
6
CONTINUOUS
10
5.4822382283464561
20
-4.4450120078740154
11
5.4821717322834642
21
-4.4449309842519682
0
LINE
8
BLACK
6
CONTINUOUS
10
5.4821717322834642
20
-4.4449309842519682
11
5.4821418897637795
21
-4.4448589370078739
0
LINE
8
BLACK
6
CONTINUOUS
10
5.4821418897637795
20
-4.4448589370078739
11
5.4819858661417324
21
-4.4446110629921263
0
LINE
8
BLACK
6
CONTINUOUS
10
5.4819858661417324
20
-4.4446110629921263
11
5.4801111023622049
21
-4.4408615354330712
0
LINE
8
BLACK
6
CONTINUOUS
10
5.4801111023622049
20
-4.4408615354330712
11
5.4799042125984254
21
-4.4403209055118111
0
LINE
8
BLACK
6
CONTINUOUS
10
5.4799042125984254
20
-4.4403209055118111
11
5.4798966929133854
21
-4.4402150787401578
0
LINE
8
BLACK
6
CONTINUOUS
10
5.4798966929133854
20
-4.4402150787401578
11
5.4798561023622048
21
-4.4401170866141735
0
LINE
8
BLACK
6
CONTINUOUS
10
5.4798561023622048
20
-4.4401170866141735
11
5.47979937007874
21
-4.4395410236220467
0
LINE
8
BLACK
6
CONTINUOUS
10
5.47979937007874
20
-4.4395410236220467
11
5.47979937007874
21
-4.4357914960629916
0
LINE
8
BLACK
6
CONTINUOUS
10
5.47979937007874
20
-4.4357914960629916
11
5.4798561023622048
21
-4.4352154330708657
0
LINE
8
BLACK
6
CONTINUOUS
10
5.4798561023622048
20
-4.4352154330708657
11
5.4798966929133854
21
-4.4351174015748027
0
LINE
8
BLACK
6
CONTINUOUS
10
5.4798966929133854
20
-4.4351174015748027
11
5.4799042125984254
21
-4.4350116141732281
0
LINE
8
BLACK
6
CONTINUOUS
10
5.4799042125984254
20
-4.4350116141732281
11
5.4801111023622049
21
-4.4344709842519681
0
LINE
8
BLACK
6
CONTINUOUS
10
5.4801111023622049
20
-4.4344709842519681
11
5.4819858661417324
21
-4.430721456692913
0
LINE
8
BLACK
6
CONTINUOUS
10
5.4819858661417324
20
-4.430721456692913
11
5.4821419291338582
21
-4.4304734251968503
0
LINE
8
BLACK
6
CONTINUOUS
10
5.4821419291338582
20
-4.4304734251968503
11
5.482171771653543
21
-4.4304014960629923
0
LINE
8
BLACK
6
CONTINUOUS
10
5.482171771653543
20
-4.4304014960629923
11
5.4822382283464561
21
-4.4303205118110238
0
LINE
8
BLACK
6
CONTINUOUS
10
5.4822382283464561
20
-4.4303205118110238
11
5.4822942125984246
21
-4.4302315748031491
0
LINE
8
BLACK
6
CONTINUOUS
10
5.4822942125984246
20
-4.4302315748031491
11
5.4823531889763775
21
-4.4301803937007875
0
LINE
8
BLACK
6
CONTINUOUS
10
5.4823531889763775
20
-4.4301803937007875
11
5.4825389763779526
21
-4.4299540551181105
0
LINE
8
BLACK
6
CONTINUOUS
10
5.4825389763779526
20
-4.4299540551181105
11
5.4844137401574802
21
-4.4280792913385829
0
LINE
8
BLACK
6
CONTINUOUS
10
5.4844137401574802
20
-4.4280792913385829
11
5.4846400787401572
21
-4.4278935039370078
0
LINE
8
BLACK
6
CONTINUOUS
10
5.4846400787401572
20
-4.4278935039370078
11
5.4846912598425197
21
-4.4278345275590549
0
LINE
8
BLACK
6
CONTINUOUS
10
5.4846912598425197
20
-4.4278345275590549
11
5.4847801968503935
21
-4.4277785433070864
0
LINE
8
BLACK
6
CONTINUOUS
10
5.4847801968503935
20
-4.4277785433070864
11
5.484861181102362
21
-4.4277120866141733
0
LINE
8
BLACK
6
CONTINUOUS
10
5.484861181102362
20
-4.4277120866141733
11
5.48493311023622
21
-4.4276822440944885
0
LINE
8
BLACK
6
CONTINUOUS
10
5.48493311023622
20
-4.4276822440944885
11
5.4851811417322835
21
-4.4275261811023618
0
LINE
8
BLACK
6
CONTINUOUS
10
5.4851811417322835
20
-4.4275261811023618
11
5.4889306692913387
21
-4.4256514173228343
0
LINE
8
BLACK
6
CONTINUOUS
10
5.4889306692913387
20
-4.4256514173228343
11
5.4889727559055119
21
-4.425635275590551
0
LINE
8
BLACK
6
CONTINUOUS
10
5.4889727559055119
20
-4.425635275590551
11
5.4889899212598428
21
-4.4256225984251971
0
LINE
8
BLACK
6
CONTINUOUS
10
5.4889899212598428
20
-4.4256225984251971
11
5.4892314960629918
21
-4.4255362598425192
0
LINE
8
BLACK
6
CONTINUOUS
10
5.4892314960629918
20
-4.4255362598425192
11
5.4894712598425199
21
-4.4254445275590548
0
LINE
8
BLACK
6
CONTINUOUS
10
5.4894712598425199
20
-4.4254445275590548
11
5.4894925196850393
21
-4.4254429921259844
0
LINE
8
BLACK
6
CONTINUOUS
10
5.4894925196850393
20
-4.4254429921259844
11
5.4895350393700788
21
-4.425427834645669
0
LINE
8
BLACK
6
CONTINUOUS
10
5.4895350393700788
20
-4.425427834645669
11
5.4967196850393698
21
-4.4236316535433069
0
LINE
8
BLACK
6
CONTINUOUS
10
5.4967196850393698
20
-4.4236316535433069
11
5.4997506692913385
21
-4.4221161811023624
0
LINE
8
BLACK
6
CONTINUOUS
10
5.4997506692913385
20
-4.4221161811023624
11
5.5009477952755903
21
-4.4209190551181106
0
LINE
8
BLACK
6
CONTINUOUS
10
5.5009477952755903
20
-4.4209190551181106
11
5.5022965354330706
21
-4.4182215748031499
0
LINE
8
BLACK
6
CONTINUOUS
10
5.5022965354330706
20
-4.4182215748031499
11
5.5022965354330706
21
-4.4158661417322831
0
LINE
8
BLACK
6
CONTINUOUS
10
5.5022965354330706
20
-4.4158661417322831
11
5.5009477952755903
21
-4.4131686614173224
0
LINE
8
BLACK
6
CONTINUOUS
10
5.5009477952755903
20
-4.4131686614173224
11
5.4997506692913385
21
-4.4119715354330706
0
LINE
8
BLACK
6
CONTINUOUS
10
5.4997506692913385
20
-4.4119715354330706
11
5.4970531889763778
21
-4.4106227952755903
0
LINE
8
BLACK
6
CONTINUOUS
10
5.4970531889763778
20
-4.4106227952755903
11
5.4888555511811026
21
-4.4106227952755903
0
LINE
8
BLACK
6
CONTINUOUS
10
5.4888555511811026
20
-4.4106227952755903
11
5.483685866141732
21
-4.4123460236220469
0
LINE
8
BLACK
6
CONTINUOUS
10
5.483685866141732
20
-4.4123460236220469
11
5.4831214173228346
21
-4.4124743700787397
0
LINE
8
BLACK
6
CONTINUOUS
10
5.4831214173228346
20
-4.4124743700787397
11
5.4819722047244097
21
-4.4123926771653545
0
LINE
8
BLACK
6
CONTINUOUS
10
5.4819722047244097
20
-4.4123926771653545
11
5.4809417716535433
21
-4.4118774803149607
0
LINE
8
BLACK
6
CONTINUOUS
10
5.4809417716535433
20
-4.4118774803149607
11
5.4801868897637798
21
-4.411007125984252
0
LINE
8
BLACK
6
CONTINUOUS
10
5.4801868897637798
20
-4.411007125984252
11
5.4798225590551182
21
-4.4099140944881885
0
LINE
8
BLACK
6
CONTINUOUS
10
5.4798225590551182
20
-4.4099140944881885
11
5.4799042519685042
21
-4.4087648818897636
0
LINE
8
BLACK
6
CONTINUOUS
10
5.4799042519685042
20
-4.4087648818897636
11
5.4804194488188971
21
-4.4077344488188972
0
LINE
8
BLACK
6
CONTINUOUS
10
5.4804194488188971
20
-4.4077344488188972
11
5.4812898031496058
21
-4.4069795669291336
0
LINE
8
BLACK
6
CONTINUOUS
10
5.4812898031496058
20
-4.4069795669291336
11
5.4818183858267719
21
-4.4067435826771648
0
LINE
8
BLACK
6
CONTINUOUS
10
5.4818183858267719
20
-4.4067435826771648
11
5.4874426377952759
21
-4.4048688188976373
0
LINE
8
BLACK
6
CONTINUOUS
10
5.4874426377952759
20
-4.4048688188976373
11
5.4877282677165349
21
-4.4048038582677167
0
LINE
8
BLACK
6
CONTINUOUS
10
5.4877282677165349
20
-4.4048038582677167
11
5.4878003543307088
21
-4.4047740157480311
0
LINE
8
BLACK
6
CONTINUOUS
10
5.4878003543307088
20
-4.4047740157480311
11
5.4879048031496058
21
-4.4047637007874014
0
LINE
8
BLACK
6
CONTINUOUS
10
5.4879048031496058
20
-4.4047637007874014
11
5.4880070866141732
21
-4.4047404724409445
0
LINE
8
BLACK
6
CONTINUOUS
10
5.4880070866141732
20
-4.4047404724409445
11
5.4880848031496061
21
-4.4047459842519681
0
LINE
8
BLACK
6
CONTINUOUS
10
5.4880848031496061
20
-4.4047459842519681
11
5.4883764173228347
21
-4.4047172834645671
0
LINE
8
BLACK
6
CONTINUOUS
10
5.4883764173228347
20
-4.4047172834645671
11
5.4977502362204724
21
-4.4047172834645671
0
LINE
8
BLACK
6
CONTINUOUS
10
5.4977502362204724
20
-4.4047172834645671
11
5.4983262992125983
21
-4.4047740157480311
0
LINE
8
BLACK
6
CONTINUOUS
10
5.4708599212598426
20
-4.4049861811023625
11
5.4717932677165351
21
-4.4056616535433069
0
LINE
8
BLACK
6
CONTINUOUS
10
5.4717932677165351
20
-4.4056616535433069
11
5.4723970472440939
21
-4.4066428346456687
0
LINE
8
BLACK
6
CONTINUOUS
10
5.4723970472440939
20
-4.4066428346456687
11
5.4725794488188972
21
-4.4077804330708661
0
LINE
8
BLACK
6
CONTINUOUS
10
5.4725794488188972
20
-4.4077804330708661
11
5.4725011811023618
21
-4.4083539370078739
0
LINE
8
BLACK
6
CONTINUOUS
10
5.4725011811023618
20
-4.4083539370078739
11
5.4631273622047241
21
-4.4477240551181101
0
LINE
8
BLACK
6
CONTINUOUS
10
5.4631273622047241
20
-4.4477240551181101
11
5.4630592519685042
21
-4.4479216141732278
0
LINE
8
BLACK
6
CONTINUOUS
10
5.4630592519685042
20
-4.4479216141732278
11
5.463049842519685
21
-4.4479926377952754
0
LINE
8
BLACK
6
CONTINUOUS
10
5.463049842519685
20
-4.4479926377952754
11
5.463012677165354
21
-4.4480567716535431
0
LINE
8
BLACK
6
CONTINUOUS
10
5.463012677165354
20
-4.4480567716535431
11
5.4629387795275592
21
-4.4482712992125979
0
LINE
8
BLACK
6
CONTINUOUS
10
5.4629387795275592
20
-4.4482712992125979
11
5.4626873622047247
21
-4.4486186614173224
0
LINE
8
BLACK
6
CONTINUOUS
10
5.4626873622047247
20
-4.4486186614173224
11
5.4624725984251965
21
-4.4489896456692914
0
LINE
8
BLACK
6
CONTINUOUS
10
5.4624725984251965
20
-4.4489896456692914
11
5.4623522047244091
21
-4.4490817716535433
0
LINE
8
BLACK
6
CONTINUOUS
10
5.4623522047244091
20
-4.4490817716535433
11
5.462263307086614
21
-4.4492046456692913
0
LINE
8
BLACK
6
CONTINUOUS
10
5.462263307086614
20
-4.4492046456692913
11
5.4618982677165357
21
-4.4494292519685041
0
LINE
8
BLACK
6
CONTINUOUS
10
5.4618982677165357
20
-4.4494292519685041
11
5.4615577165354328
21
-4.4496899606299207
0
LINE
8
BLACK
6
CONTINUOUS
10
5.4615577165354328
20
-4.4496899606299207
11
5.461411102362205
21
-4.4497290551181106
0
LINE
8
BLACK
6
CONTINUOUS
10
5.461411102362205
20
-4.4497290551181106
11
5.4612821259842521
21
-4.4498084251968502
0
LINE
8
BLACK
6
CONTINUOUS
10
5.4612821259842521
20
-4.4498084251968502
11
5.4608591338582677
21
-4.4498762204724409
0
LINE
8
BLACK
6
CONTINUOUS
10
5.4608591338582677
20
-4.4498762204724409
11
5.460444527559055
21
-4.4499868110236216
0
LINE
8
BLACK
6
CONTINUOUS
10
5.460444527559055
20
-4.4499868110236216
11
5.4602941732283465
21
-4.4499668110236223
0
LINE
8
BLACK
6
CONTINUOUS
10
5.4602941732283465
20
-4.4499668110236223
11
5.4601445275590548
21
-4.4499908267716535
0
LINE
8
BLACK
6
CONTINUOUS
10
5.4601445275590548
20
-4.4499908267716535
11
5.459727362204724
21
-4.4498914960629916
0
LINE
8
BLACK
6
CONTINUOUS
10
5.459727362204724
20
-4.4498914960629916
11
5.4593024409448816
21
-4.449835039370079
0
LINE
8
BLACK
6
CONTINUOUS
10
5.4593024409448816
20
-4.449835039370079
11
5.4591712598425195
21
-4.4497590944881891
0
LINE
8
BLACK
6
CONTINUOUS
10
5.4591712598425195
20
-4.4497590944881891
11
5.4590237401574804
21
-4.4497239763779524
0
LINE
8
BLACK
6
CONTINUOUS
10
5.4590237401574804
20
-4.4497239763779524
11
5.4586762992125983
21
-4.4494725196850391
0
LINE
8
BLACK
6
CONTINUOUS
10
5.4586762992125983
20
-4.4494725196850391
11
5.4583053937007877
21
-4.4492577952755905
0
LINE
8
BLACK
6
CONTINUOUS
10
5.4583053937007877
20
-4.4492577952755905
11
5.4582132283464562
21
-4.4491374015748031
0
LINE
8
BLACK
6
CONTINUOUS
10
5.4582132283464562
20
-4.4491374015748031
11
5.458090393700787
21
-4.449048503937008
0
LINE
8
BLACK
6
CONTINUOUS
10
5.458090393700787
20
-4.449048503937008
11
5.4578657480314963
21
-4.4486834251968501
0
LINE
8
BLACK
6
CONTINUOUS
10
5.4578657480314963
20
-4.4486834251968501
11
5.4576051181102363
21
-4.4483429527559055
0
LINE
8
BLACK
6
CONTINUOUS
10
5.4576051181102363
20
-4.4483429527559055
11
5.4575253543307083
21
-4.4481302755905512
0
LINE
8
BLACK
6
CONTINUOUS
10
5.4575253543307083
20
-4.4481302755905512
11
5.4574866141732281
21
-4.4480673228346452
0
LINE
8
BLACK
6
CONTINUOUS
10
5.4574866141732281
20
-4.4480673228346452
11
5.4574752755905509
21
-4.4479968110236223
0
LINE
8
BLACK
6
CONTINUOUS
10
5.4574752755905509
20
-4.4479968110236223
11
5.4574018503937003
21
-4.44780094488189
0
LINE
8
BLACK
6
CONTINUOUS
10
5.4574018503937003
20
-4.44780094488189
11
5.4527558267716536
21
-4.4303784645669291
0
LINE
8
BLACK
6
CONTINUOUS
10
5.4527558267716536
20
-4.4303784645669291
11
5.4481098818897635
21
-4.44780094488189
0
LINE
8
BLACK
6
CONTINUOUS
10
5.4481098818897635
20
-4.44780094488189
11
5.4480364173228342
21
-4.4479967716535436
0
LINE
8
BLACK
6
CONTINUOUS
10
5.4480364173228342
20
-4.4479967716535436
11
5.4480251181102357
21
-4.4480673228346452
0
LINE
8
BLACK
6
CONTINUOUS
10
5.4480251181102357
20
-4.4480673228346452
11
5.4479863385826768
21
-4.4481303149606299
0
LINE
8
BLACK
6
CONTINUOUS
10
5.4479863385826768
20
-4.4481303149606299
11
5.4479066141732284
21
-4.4483429133858268
0
LINE
8
BLACK
6
CONTINUOUS
10
5.4479066141732284
20
-4.4483429133858268
11
5.4476460236220472
21
-4.4486833070866139
0
LINE
8
BLACK
6
CONTINUOUS
10
5.4476460236220472
20
-4.4486833070866139
11
5.4474213385826769
21
-4.449048503937008
0
LINE
8
BLACK
6
CONTINUOUS
10
5.4474213385826769
20
-4.449048503937008
11
5.4472984645669289
21
-4.4491374015748031
0
LINE
8
BLACK
6
CONTINUOUS
10
5.4472984645669289
20
-4.4491374015748031
11
5.447206338582677
21
-4.4492577952755905
0
LINE
8
BLACK
6
CONTINUOUS
10
5.447206338582677
20
-4.4492577952755905
11
5.4468353937007876
21
-4.4494725196850391
0
LINE
8
BLACK
6
CONTINUOUS
10
5.4468353937007876
20
-4.4494725196850391
11
5.4464879921259843
21
-4.4497239763779524
0
LINE
8
BLACK
6
CONTINUOUS
10
5.4464879921259843
20
-4.4497239763779524
11
5.4463404330708665
21
-4.4497590944881891
0
LINE
8
BLACK
6
CONTINUOUS
10
5.4463404330708665
20
-4.4497590944881891
11
5.4462092913385822
21
-4.449835039370079
0
LINE
8
BLACK
6
CONTINUOUS
10
5.4462092913385822
20
-4.449835039370079
11
5.4457844488188973
21
-4.4498914566929129
0
LINE
8
BLACK
6
CONTINUOUS
10
5.4457844488188973
20
-4.4498914566929129
11
5.445367204724409
21
-4.4499908267716535
0
LINE
8
BLACK
6
CONTINUOUS
10
5.445367204724409
20
-4.4499908267716535
11
5.4452174409448819
21
-4.4499668110236223
0
LINE
8
BLACK
6
CONTINUOUS
10
5.4452174409448819
20
-4.4499668110236223
11
5.4450672440944885
21
-4.4499867716535428
0
LINE
8
BLACK
6
CONTINUOUS
10
5.4450672440944885
20
-4.4499867716535428
11
5.4446529921259845
21
-4.4498762992125984
0
LINE
8
BLACK
6
CONTINUOUS
10
5.4446529921259845
20
-4.4498762992125984
11
5.4442296062992126
21
-4.4498084251968502
0
LINE
8
BLACK
6
CONTINUOUS
10
5.4442296062992126
20
-4.4498084251968502
11
5.4441004724409447
21
-4.4497289763779531
0
LINE
8
BLACK
6
CONTINUOUS
10
5.4441004724409447
20
-4.4497289763779531
11
5.4439540157480311
21
-4.4496899212598429
0
LINE
8
BLACK
6
CONTINUOUS
10
5.4439540157480311
20
-4.4496899212598429
11
5.4436135826771652
21
-4.4494293307086616
0
LINE
8
BLACK
6
CONTINUOUS
10
5.4436135826771652
20
-4.4494293307086616
11
5.4432484251968507
21
-4.4492046456692913
0
LINE
8
BLACK
6
CONTINUOUS
10
5.4432484251968507
20
-4.4492046456692913
11
5.443159488188976
21
-4.4490817716535433
0
LINE
8
BLACK
6
CONTINUOUS
10
5.443159488188976
20
-4.4490817716535433
11
5.4430391338582673
21
-4.4489896456692914
0
LINE
8
BLACK
6
CONTINUOUS
10
5.4430391338582673
20
-4.4489896456692914
11
5.44282437007874
21
-4.4486187007874012
0
LINE
8
BLACK
6
CONTINUOUS
10
5.44282437007874
20
-4.4486187007874012
11
5.4425729527559055
21
-4.4482712992125979
0
LINE
8
BLACK
6
CONTINUOUS
10
5.4425729527559055
20
-4.4482712992125979
11
5.4424989763779523
21
-4.4480566929133856
0
LINE
8
BLACK
6
CONTINUOUS
10
5.4424989763779523
20
-4.4480566929133856
11
5.4424618897637798
21
-4.4479925984251967
0
LINE
8
BLACK
6
CONTINUOUS
10
5.4424618897637798
20
-4.4479925984251967
11
5.4424524409448818
21
-4.4479216535433066
0
LINE
8
BLACK
6
CONTINUOUS
10
5.4424524409448818
20
-4.4479216535433066
11
5.4423843700787398
21
-4.4477240551181101
0
LINE
8
BLACK
6
CONTINUOUS
10
5.4423843700787398
20
-4.4477240551181101
11
5.433010551181102
21
-4.4083539763779527
0
LINE
8
BLACK
6
CONTINUOUS
10
5.433010551181102
20
-4.4083539763779527
11
5.4329322834645666
21
-4.4077804330708661
0
LINE
8
BLACK
6
CONTINUOUS
10
5.4329322834645666
20
-4.4077804330708661
11
5.4331146850393699
21
-4.4066428346456687
0
LINE
8
BLACK
6
CONTINUOUS
10
5.4331146850393699
20
-4.4066428346456687
11
5.4337184645669288
21
-4.4056616535433069
0
LINE
8
BLACK
6
CONTINUOUS
10
5.4337184645669288
20
-4.4056616535433069
11
5.4346518110236222
21
-4.4049861811023625
0
LINE
8
BLACK
6
CONTINUOUS
10
5.4346518110236222
20
-4.4049861811023625
11
5.4357725984251966
21
-4.4047193307086614
0
LINE
8
BLACK
6
CONTINUOUS
10
5.4357725984251966
20
-4.4047193307086614
11
5.4369101968503939
21
-4.4049017322834647
0
LINE
8
BLACK
6
CONTINUOUS
10
5.4369101968503939
20
-4.4049017322834647
11
5.4378913779527558
21
-4.4055055118110236
0
LINE
8
BLACK
6
CONTINUOUS
10
5.4378913779527558
20
-4.4055055118110236
11
5.438566850393701
21
-4.4064388582677161
0
LINE
8
BLACK
6
CONTINUOUS
10
5.438566850393701
20
-4.4064388582677161
11
5.4387554330708658
21
-4.4069861023622048
0
LINE
8
BLACK
6
CONTINUOUS
10
5.4387554330708658
20
-4.4069861023622048
11
5.4454188582677165
21
-4.4349725590551179
0
LINE
8
BLACK
6
CONTINUOUS
10
5.4454188582677165
20
-4.4349725590551179
11
5.4499027952755901
21
-4.4181577952755902
0
LINE
8
BLACK
6
CONTINUOUS
10
5.4499027952755901
20
-4.4181577952755902
11
5.4499533858267712
21
-4.4180227952755908
0
LINE
8
BLACK
6
CONTINUOUS
10
5.4499533858267712
20
-4.4180227952755908
11
5.44996094488189
21
-4.4179661417322835
0
LINE
8
BLACK
6
CONTINUOUS
10
5.44996094488189
20
-4.4179661417322835
11
5.4499998818897639
21
-4.4178988188976378
0
LINE
8
BLACK
6
CONTINUOUS
10
5.4499998818897639
20
-4.4178988188976378
11
5.4501060629921261
21
-4.4176157874015747
0
LINE
8
BLACK
6
CONTINUOUS
10
5.4501060629921261
20
-4.4176157874015747
11
5.4503429527559053
21
-4.4173062992125987
0
LINE
8
BLACK
6
CONTINUOUS
10
5.4503429527559053
20
-4.4173062992125987
11
5.4505381889763775
21
-4.4169690944881888
0
LINE
8
BLACK
6
CONTINUOUS
10
5.4505381889763775
20
-4.4169690944881888
11
5.4506900393700786
21
-4.4168528346456695
0
LINE
8
BLACK
6
CONTINUOUS
10
5.4506900393700786
20
-4.4168528346456695
11
5.4508063385826766
21
-4.4167009448818897
0
LINE
8
BLACK
6
CONTINUOUS
10
5.4508063385826766
20
-4.4167009448818897
11
5.451143622047244
21
-4.4165056299212599
0
LINE
8
BLACK
6
CONTINUOUS
10
5.451143622047244
20
-4.4165056299212599
11
5.4514530708661413
21
-4.4162688188976373
0
LINE
8
BLACK
6
CONTINUOUS
10
5.4514530708661413
20
-4.4162688188976373
11
5.4516377952755901
21
-4.416219527559055
0
LINE
8
BLACK
6
CONTINUOUS
10
5.4516377952755901
20
-4.416219527559055
11
5.4518033858267714
21
-4.4161237007874012
0
LINE
8
BLACK
6
CONTINUOUS
10
5.4518033858267714
20
-4.4161237007874012
11
5.4521898818897636
21
-4.4160723228346459
0
LINE
8
BLACK
6
CONTINUOUS
10
5.4521898818897636
20
-4.4160723228346459
11
5.4525662992125987
21
-4.4159719685039365
0
LINE
8
BLACK
6
CONTINUOUS
10
5.4525662992125987
20
-4.4159719685039365
11
5.4527557480314961
21
-4.4159971259842514
0
LINE
8
BLACK
6
CONTINUOUS
10
5.4527557480314961
20
-4.4159971259842514
11
5.4529454724409447
21
-4.4159719291338586
0
LINE
8
BLACK
6
CONTINUOUS
10
5.4529454724409447
20
-4.4159719291338586
11
5.4533222440944877
21
-4.4160724015748034
0
LINE
8
BLACK
6
CONTINUOUS
10
5.4533222440944877
20
-4.4160724015748034
11
5.4537083464566924
21
-4.4161237007874012
0
LINE
8
BLACK
6
CONTINUOUS
10
5.4537083464566924
20
-4.4161237007874012
11
5.4538737401574799
21
-4.4162194488188975
0
LINE
8
BLACK
6
CONTINUOUS
10
5.4538737401574799
20
-4.4162194488188975
11
5.4540586614173225
21
-4.4162687795275586
0
LINE
8
BLACK
6
CONTINUOUS
10
5.4540586614173225
20
-4.4162687795275586
11
5.4543681889763782
21
-4.4165057086614175
0
LINE
8
BLACK
6
CONTINUOUS
10
5.4543681889763782
20
-4.4165057086614175
11
5.4547053937007872
21
-4.4167009448818897
0
LINE
8
BLACK
6
CONTINUOUS
10
5.4547053937007872
20
-4.4167009448818897
11
5.4548216141732286
21
-4.4168527952755907
0
LINE
8
BLACK
6
CONTINUOUS
10
5.4548216141732286
20
-4.4168527952755907
11
5.4549735433070863
21
-4.4169690944881888
0
LINE
8
BLACK
6
CONTINUOUS
10
5.4549735433070863
20
-4.4169690944881888
11
5.455168858267716
21
-4.4173064173228349
0
LINE
8
BLACK
6
CONTINUOUS
10
5.455168858267716
20
-4.4173064173228349
11
5.4554056692913386
21
-4.4176158267716534
0
LINE
8
BLACK
6
CONTINUOUS
10
5.4554056692913386
20
-4.4176158267716534
11
5.4555117322834645
21
-4.4178986614173228
0
LINE
8
BLACK
6
CONTINUOUS
10
5.4555117322834645
20
-4.4178986614173228
11
5.4555507874015747
21
-4.4179661023622048
0
LINE
8
BLACK
6
CONTINUOUS
10
5.4555507874015747
20
-4.4179661023622048
11
5.4555583070866138
21
-4.4180228346456696
0
LINE
8
BLACK
6
CONTINUOUS
10
5.4555583070866138
20
-4.4180228346456696
11
5.4556089370078737
21
-4.4181577952755902
0
LINE
8
BLACK
6
CONTINUOUS
10
5.4556089370078737
20
-4.4181577952755902
11
5.4600928346456694
21
-4.4349725590551179
0
LINE
8
BLACK
6
CONTINUOUS
10
5.4600928346456694
20
-4.4349725590551179
11
5.466756299212598
21
-4.4069861023622048
0
LINE
8
BLACK
6
CONTINUOUS
10
5.466756299212598
20
-4.4069861023622048
11
5.4669448818897637
21
-4.4064388582677161
0
LINE
8
BLACK
6
CONTINUOUS
10
5.4669448818897637
20
-4.4064388582677161
11
5.4676203543307089
21
-4.4055055118110236
0
LINE
8
BLACK
6
CONTINUOUS
10
5.4676203543307089
20
-4.4055055118110236
11
5.4686015354330708
21
-4.4049017322834647
0
LINE
8
BLACK
6
CONTINUOUS
10
5.4686015354330708
20
-4.4049017322834647
11
5.4697391338582673
21
-4.4047193307086614
0
LINE
8
BLACK
6
CONTINUOUS
10
5.4697391338582673
20
-4.4047193307086614
11
5.4708599212598426
21
-4.4049861811023625
0
LINE
8
BLACK
6
CONTINUOUS
10
5.5539029133858264
20
-4.2836144094488189
11
5.5545415354330707
21
-4.284041141732283
0
LINE
8
BLACK
6
CONTINUOUS
10
5.5545415354330707
20
-4.284041141732283
11
5.5939116535433069
21
-4.3234112204724404
0
LINE
8
BLACK
6
CONTINUOUS
10
5.5939116535433069
20
-4.3234112204724404
11
5.5943383464566931
21
-4.3240498425196847
0
LINE
8
BLACK
6
CONTINUOUS
10
5.5943383464566931
20
-4.3240498425196847
11
5.5944881889763778
21
-4.3248031496062991
0
LINE
8
BLACK
6
CONTINUOUS
10
5.5944881889763778
20
-4.3248031496062991
11
5.5944881889763778
21
-4.5728346456692917
0
LINE
8
BLACK
6
CONTINUOUS
10
5.5944881889763778
20
-4.5728346456692917
11
5.5943383464566931
21
-4.5735879527559051
0
LINE
8
BLACK
6
CONTINUOUS
10
5.5943383464566931
20
-4.5735879527559051
11
5.5932729921259838
21
-4.5746533070866144
0
LINE
8
BLACK
6
CONTINUOUS
10
5.5932729921259838
20
-4.5746533070866144
11
5.5925196850393704
21
-4.5748031496062991
0
LINE
8
BLACK
6
CONTINUOUS
10
5.5925196850393704
20
-4.5748031496062991
11
5.3129921259842519
21
-4.5748031496062991
0
LINE
8
BLACK
6
CONTINUOUS
10
5.3129921259842519
20
-4.5748031496062991
11
5.3122388188976375
21
-4.5746533070866144
0
LINE
8
BLACK
6
CONTINUOUS
10
5.3122388188976375
20
-4.5746533070866144
11
5.3111734645669291
21
-4.5735879527559051
0
LINE
8
BLACK
6
CONTINUOUS
10
5.3111734645669291
20
-4.5735879527559051
11
5.3110236220472435
21
-4.5728346456692917
0
LINE
8
BLACK
6
CONTINUOUS
10
5.3110236220472435
20
-4.5728346456692917
11
5.3110236220472435
21
-4.2854330708661417
0
LINE
8
BLACK
6
CONTINUOUS
10
5.3110236220472435
20
-4.2854330708661417
11
5.3111734645669291
21
-4.2846797637795273
0
LINE
8
BLACK
6
CONTINUOUS
10
5.3111734645669291
20
-4.2846797637795273
11
5.3122388188976375
21
-4.2836144094488189
0
LINE
8
BLACK
6
CONTINUOUS
10
5.3122388188976375
20
-4.2836144094488189
11
5.3129921259842519
21
-4.2834645669291334
0
LINE
8
BLACK
6
CONTINUOUS
10
5.3129921259842519
20
-4.2834645669291334
11
5.5531496062992121
21
-4.2834645669291334
0
LINE
8
BLACK
6
CONTINUOUS
10
5.5531496062992121
20
-4.2834645669291334
11
5.5539029133858264
21
-4.2836144094488189
0
LINE
8
BLACK
6
CONTINUOUS
10
5.3149606299212593
20
-4.2874015748031491
11
5.3149606299212593
21
-4.5708661417322833
0
LINE
8
BLACK
6
CONTINUOUS
10
5.3149606299212593
20
-4.5708661417322833
11
5.590551181102362
21
-4.5708661417322833
0
LINE
8
BLACK
6
CONTINUOUS
10
5.590551181102362
20
-4.5708661417322833
11
5.590551181102362
21
-4.3256185039370081
0
LINE
8
BLACK
6
CONTINUOUS
10
5.590551181102362
20
-4.3256185039370081
11
5.5523342519685039
21
-4.2874015748031491
0
LINE
8
BLACK
6
CONTINUOUS
10
5.5523342519685039
20
-4.2874015748031491
11
5.3149606299212593
21
-4.2874015748031491
0
LINE
8
BLACK
6
CONTINUOUS
10
5.7847015354330704
20
-4.537739566929134
11
5.7847445669291337
21
-4.5377331889763779
0
LINE
8
BLACK
6
CONTINUOUS
10
5.7847445669291337
20
-4.5377331889763779
11
5.7849600393700786
21
-4.537765039370079
0
LINE
8
BLACK
6
CONTINUOUS
10
5.7849600393700786
20
-4.537765039370079
11
5.7851770866141727
21
-4.5377864173228346
0
LINE
8
BLACK
6
CONTINUOUS
10
5.7851770866141727
20
-4.5377864173228346
11
5.7852172834645668
21
-4.5378030314960629
0
LINE
8
BLACK
6
CONTINUOUS
10
5.7852172834645668
20
-4.5378030314960629
11
5.7853171653543303
21
-4.5378178346456695
0
LINE
8
BLACK
6
CONTINUOUS
10
5.7853171653543303
20
-4.5378178346456695
11
5.7928162204724405
21
-4.539692598425197
0
LINE
8
BLACK
6
CONTINUOUS
10
5.7928162204724405
20
-4.539692598425197
11
5.7928587007874013
21
-4.5397077559055115
0
LINE
8
BLACK
6
CONTINUOUS
10
5.7928587007874013
20
-4.5397077559055115
11
5.7928799606299215
21
-4.5397092913385828
0
LINE
8
BLACK
6
CONTINUOUS
10
5.7928799606299215
20
-4.5397092913385828
11
5.79311937007874
21
-4.5398009055118109
0
LINE
8
BLACK
6
CONTINUOUS
10
5.79311937007874
20
-4.5398009055118109
11
5.7933613385826774
21
-4.5398873622047242
0
LINE
8
BLACK
6
CONTINUOUS
10
5.7933613385826774
20
-4.5398873622047242
11
5.7933784645669286
21
-4.539900039370079
0
LINE
8
BLACK
6
CONTINUOUS
10
5.7933784645669286
20
-4.539900039370079
11
5.7934205905511806
21
-4.5399161811023623
0
LINE
8
BLACK
6
CONTINUOUS
10
5.7934205905511806
20
-4.5399161811023623
11
5.7971701181102357
21
-4.5417909448818898
0
LINE
8
BLACK
6
CONTINUOUS
10
5.7971701181102357
20
-4.5417909448818898
11
5.7974179921259843
21
-4.5419469685039369
0
LINE
8
BLACK
6
CONTINUOUS
10
5.7974179921259843
20
-4.5419469685039369
11
5.7974900393700786
21
-4.5419768110236216
0
LINE
8
BLACK
6
CONTINUOUS
10
5.7974900393700786
20
-4.5419768110236216
11
5.7975710629921258
21
-4.5420433070866144
0
LINE
8
BLACK
6
CONTINUOUS
10
5.7975710629921258
20
-4.5420433070866144
11
5.7976599999999996
21
-4.5420992913385829
0
LINE
8
BLACK
6
CONTINUOUS
10
5.7976599999999996
20
-4.5420992913385829
11
5.7977111417322833
21
-4.5421582677165357
0
LINE
8
BLACK
6
CONTINUOUS
10
5.7977111417322833
20
-4.5421582677165357
11
5.7979374803149604
21
-4.5423440157480313
0
LINE
8
BLACK
6
CONTINUOUS
10
5.7979374803149604
20
-4.5423440157480313
11
5.7998122834645667
21
-4.5442187795275588
0
LINE
8
BLACK
6
CONTINUOUS
10
5.7998122834645667
20
-4.5442187795275588
11
5.7999980314960631
21
-4.5444451181102359
0
LINE
8
BLACK
6
CONTINUOUS
10
5.7999980314960631
20
-4.5444451181102359
11
5.8000570866141734
21
-4.5444963385826771
0
LINE
8
BLACK
6
CONTINUOUS
10
5.8000570866141734
20
-4.5444963385826771
11
5.8001130708661419
21
-4.5445852755905509
0
LINE
8
BLACK
6
CONTINUOUS
10
5.8001130708661419
20
-4.5445852755905509
11
5.8001795275590551
21
-4.5446662598425194
0
LINE
8
BLACK
6
CONTINUOUS
10
5.8001795275590551
20
-4.5446662598425194
11
5.8002093307086611
21
-4.5447381889763783
0
LINE
8
BLACK
6
CONTINUOUS
10
5.8002093307086611
20
-4.5447381889763783
11
5.8003654330708656
21
-4.5449862204724409
0
LINE
8
BLACK
6
CONTINUOUS
10
5.8003654330708656
20
-4.5449862204724409
11
5.8022401968503932
21
-4.5487357480314961
0
LINE
8
BLACK
6
CONTINUOUS
10
5.8022401968503932
20
-4.5487357480314961
11
5.8024470866141735
21
-4.5492763385826773
0
LINE
8
BLACK
6
CONTINUOUS
10
5.8024470866141735
20
-4.5492763385826773
11
5.8024546062992126
21
-4.5493822047244095
0
LINE
8
BLACK
6
CONTINUOUS
10
5.8024546062992126
20
-4.5493822047244095
11
5.8024951968503933
21
-4.5494801968503937
0
LINE
8
BLACK
6
CONTINUOUS
10
5.8024951968503933
20
-4.5494801968503937
11
5.8025519291338581
21
-4.5500562598425196
0
LINE
8
BLACK
6
CONTINUOUS
10
5.8025519291338581
20
-4.5500562598425196
11
5.8025519291338581
21
-4.5538057874015747
0
LINE
8
BLACK
6
CONTINUOUS
10
5.8025519291338581
20
-4.5538057874015747
11
5.8024951968503933
21
-4.5543818503937006
0
LINE
8
BLACK
6
CONTINUOUS
10
5.8024951968503933
20
-4.5543818503937006
11
5.8024546062992126
21
-4.5544798031496061
0
LINE
8
BLACK
6
CONTINUOUS
10
5.8024546062992126
20
-4.5544798031496061
11
5.8024470866141735
21
-4.554585708661417
0
LINE
8
BLACK
6
CONTINUOUS
10
5.8024470866141735
20
-4.554585708661417
11
5.8022401968503932
21
-4.5551262992125983
0
LINE
8
BLACK
6
CONTINUOUS
10
5.8022401968503932
20
-4.5551262992125983
11
5.8003654330708656
21
-4.5588758267716534
0
LINE
8
BLACK
6
CONTINUOUS
10
5.8003654330708656
20
-4.5588758267716534
11
5.8002093307086611
21
-4.5591238188976373
0
LINE
8
BLACK
6
CONTINUOUS
10
5.8002093307086611
20
-4.5591238188976373
11
5.8001795275590551
21
-4.5591957874015749
0
LINE
8
BLACK
6
CONTINUOUS
10
5.8001795275590551
20
-4.5591957874015749
11
5.8001130708661419
21
-4.5592767322834646
0
LINE
8
BLACK
6
CONTINUOUS
10
5.8001130708661419
20
-4.5592767322834646
11
5.8000570866141734
21
-4.5593657086614172
0
LINE
8
BLACK
6
CONTINUOUS
10
5.8000570866141734
20
-4.5593657086614172
11
5.7999980314960631
21
-4.5594168897637797
0
LINE
8
BLACK
6
CONTINUOUS
10
5.7999980314960631
20
-4.5594168897637797
11
5.7998122834645667
21
-4.5596432677165355
0
LINE
8
BLACK
6
CONTINUOUS
10
5.7998122834645667
20
-4.5596432677165355
11
5.7979374803149604
21
-4.5615180314960631
0
LINE
8
BLACK
6
CONTINUOUS
10
5.7979374803149604
20
-4.5615180314960631
11
5.7977111417322833
21
-4.5617037401574798
0
LINE
8
BLACK
6
CONTINUOUS
10
5.7977111417322833
20
-4.5617037401574798
11
5.7976599999999996
21
-4.5617627559055114
0
LINE
8
BLACK
6
CONTINUOUS
10
5.7976599999999996
20
-4.5617627559055114
11
5.7975710629921258
21
-4.5618187007874011
0
LINE
8
BLACK
6
CONTINUOUS
10
5.7975710629921258
20
-4.5618187007874011
11
5.7974900393700786
21
-4.5618852362204727
0
LINE
8
BLACK
6
CONTINUOUS
10
5.7974900393700786
20
-4.5618852362204727
11
5.7974179921259843
21
-4.5619150393700787
0
LINE
8
BLACK
6
CONTINUOUS
10
5.7974179921259843
20
-4.5619150393700787
11
5.7971701181102357
21
-4.5620711023622045
0
LINE
8
BLACK
6
CONTINUOUS
10
5.7971701181102357
20
-4.5620711023622045
11
5.7934205905511806
21
-4.563945866141732
0
LINE
8
BLACK
6
CONTINUOUS
10
5.7934205905511806
20
-4.563945866141732
11
5.7933784645669286
21
-4.5639619685039365
0
LINE
8
BLACK
6
CONTINUOUS
10
5.7933784645669286
20
-4.5639619685039365
11
5.7933613385826774
21
-4.5639746850393701
0
LINE
8
BLACK
6
CONTINUOUS
10
5.7933613385826774
20
-4.5639746850393701
11
5.79311937007874
21
-4.5640611023622046
0
LINE
8
BLACK
6
CONTINUOUS
10
5.79311937007874
20
-4.5640611023622046
11
5.7928799606299215
21
-4.5641527559055115
0
LINE
8
BLACK
6
CONTINUOUS
10
5.7928799606299215
20
-4.5641527559055115
11
5.7928587007874013
21
-4.5641542519685041
0
LINE
8
BLACK
6
CONTINUOUS
10
5.7928587007874013
20
-4.5641542519685041
11
5.7928162204724405
21
-4.5641694488188973
0
LINE
8
BLACK
6
CONTINUOUS
10
5.7928162204724405
20
-4.5641694488188973
11
5.7853171653543303
21
-4.5660442125984249
0
LINE
8
BLACK
6
CONTINUOUS
10
5.7853171653543303
20
-4.5660442125984249
11
5.7852172834645668
21
-4.5660589763779527
0
LINE
8
BLACK
6
CONTINUOUS
10
5.7852172834645668
20
-4.5660589763779527
11
5.7851770866141727
21
-4.5660756299212597
0
LINE
8
BLACK
6
CONTINUOUS
10
5.7851770866141727
20
-4.5660756299212597
11
5.7849600393700786
21
-4.5660969685039365
0
LINE
8
BLACK
6
CONTINUOUS
10
5.7849600393700786
20
-4.5660969685039365
11
5.7847445669291337
21
-4.5661288582677164
0
LINE
8
BLACK
6
CONTINUOUS
10
5.7847445669291337
20
-4.5661288582677164
11
5.7847015354330704
21
-4.5661224409448815
0
LINE
8
BLACK
6
CONTINUOUS
10
5.7847015354330704
20
-4.5661224409448815
11
5.7846010236220469
21
-4.5661323622047245
0
LINE
8
BLACK
6
CONTINUOUS
10
5.7846010236220469
20
-4.5661323622047245
11
5.7752272047244091
21
-4.5661323622047245
0
LINE
8
BLACK
6
CONTINUOUS
10
5.7752272047244091
20
-4.5661323622047245
11
5.7751266535433068
21
-4.5661224409448815
0
LINE
8
BLACK
6
CONTINUOUS
10
5.7751266535433068
20
-4.5661224409448815
11
5.7750836614173231
21
-4.5661288582677164
0
LINE
8
BLACK
6
CONTINUOUS
10
5.7750836614173231
20
-4.5661288582677164
11
5.7748681496062995
21
-4.5660969685039365
0
LINE
8
BLACK
6
CONTINUOUS
10
5.7748681496062995
20
-4.5660969685039365
11
5.7746511417322832
21
-4.5660756299212597
0
LINE
8
BLACK
6
CONTINUOUS
10
5.7746511417322832
20
-4.5660756299212597
11
5.7746109055118113
21
-4.5660589763779527
0
LINE
8
BLACK
6
CONTINUOUS
10
5.7746109055118113
20
-4.5660589763779527
11
5.7745110629921257
21
-4.5660442125984249
0
LINE
8
BLACK
6
CONTINUOUS
10
5.7745110629921257
20
-4.5660442125984249
11
5.7670120078740155
21
-4.5641694488188973
0
LINE
8
BLACK
6
CONTINUOUS
10
5.7670120078740155
20
-4.5641694488188973
11
5.7669694881889759
21
-4.5641542519685041
0
LINE
8
BLACK
6
CONTINUOUS
10
5.7669694881889759
20
-4.5641542519685041
11
5.7669482283464566
21
-4.5641527559055115
0
LINE
8
BLACK
6
CONTINUOUS
10
5.7669482283464566
20
-4.5641527559055115
11
5.7667084645669293
21
-4.5640609842519684
0
LINE
8
BLACK
6
CONTINUOUS
10
5.7667084645669293
20
-4.5640609842519684
11
5.7664668897637794
21
-4.5639746850393701
0
LINE
8
BLACK
6
CONTINUOUS
10
5.7664668897637794
20
-4.5639746850393701
11
5.7664497244094486
21
-4.5639619685039365
0
LINE
8
BLACK
6
CONTINUOUS
10
5.7664497244094486
20
-4.5639619685039365
11
5.7664076377952753
21
-4.563945866141732
0
LINE
8
BLACK
6
CONTINUOUS
10
5.7664076377952753
20
-4.563945866141732
11
5.7626581102362202
21
-4.5620711023622045
0
LINE
8
BLACK
6
CONTINUOUS
10
5.7626581102362202
20
-4.5620711023622045
11
5.7624100787401575
21
-4.5619149999999999
0
LINE
8
BLACK
6
CONTINUOUS
10
5.7624100787401575
20
-4.5619149999999999
11
5.7623381496062986
21
-4.561885196850394
0
LINE
8
BLACK
6
CONTINUOUS
10
5.7623381496062986
20
-4.561885196850394
11
5.7622571653543302
21
-4.5618187007874011
0
LINE
8
BLACK
6
CONTINUOUS
10
5.7622571653543302
20
-4.5618187007874011
11
5.7621682283464564
21
-4.5617627559055114
0
LINE
8
BLACK
6
CONTINUOUS
10
5.7621682283464564
20
-4.5617627559055114
11
5.7621170472440948
21
-4.5617037401574798
0
LINE
8
BLACK
6
CONTINUOUS
10
5.7621170472440948
20
-4.5617037401574798
11
5.7618907086614168
21
-4.5615179921259843
0
LINE
8
BLACK
6
CONTINUOUS
10
5.7618907086614168
20
-4.5615179921259843
11
5.7600159448818893
21
-4.5596432283464567
0
LINE
8
BLACK
6
CONTINUOUS
10
5.7600159448818893
20
-4.5596432283464567
11
5.759830157480315
21
-4.5594168503937009
0
LINE
8
BLACK
6
CONTINUOUS
10
5.759830157480315
20
-4.5594168503937009
11
5.7597711811023622
21
-4.5593657086614172
0
LINE
8
BLACK
6
CONTINUOUS
10
5.7597711811023622
20
-4.5593657086614172
11
5.7597151968503937
21
-4.5592767322834646
0
LINE
8
BLACK
6
CONTINUOUS
10
5.7597151968503937
20
-4.5592767322834646
11
5.7596487401574805
21
-4.5591957874015749
0
LINE
8
BLACK
6
CONTINUOUS
10
5.7596487401574805
20
-4.5591957874015749
11
5.7596188976377949
21
-4.5591238188976373
0
LINE
8
BLACK
6
CONTINUOUS
10
5.7596188976377949
20
-4.5591238188976373
11
5.7594628346456691
21
-4.5588758267716534
0
LINE
8
BLACK
6
CONTINUOUS
10
5.7594628346456691
20
-4.5588758267716534
11
5.7575880708661415
21
-4.5551262992125983
0
LINE
8
BLACK
6
CONTINUOUS
10
5.7575880708661415
20
-4.5551262992125983
11
5.7573811811023621
21
-4.5545856692913382
0
LINE
8
BLACK
6
CONTINUOUS
10
5.7573811811023621
20
-4.5545856692913382
11
5.757373661417323
21
-4.5544798425196849
0
LINE
8
BLACK
6
CONTINUOUS
10
5.757373661417323
20
-4.5544798425196849
11
5.7573330708661414
21
-4.5543818503937006
0
LINE
8
BLACK
6
CONTINUOUS
10
5.7573330708661414
20
-4.5543818503937006
11
5.7572763385826766
21
-4.5538057874015747
0
LINE
8
BLACK
6
CONTINUOUS
10
5.7572763385826766
20
-4.5538057874015747
11
5.7572763385826766
21
-4.5500562598425196
0
LINE
8
BLACK
6
CONTINUOUS
10
5.7572763385826766
20
-4.5500562598425196
11
5.7573330708661414
21
-4.5494801968503937
0
LINE
8
BLACK
6
CONTINUOUS
10
5.7573330708661414
20
-4.5494801968503937
11
5.757373661417323
21
-4.5493821653543307
0
LINE
8
BLACK
6
CONTINUOUS
10
5.757373661417323
20
-4.5493821653543307
11
5.7573811811023621
21
-4.5492763779527561
0
LINE
8
BLACK
6
CONTINUOUS
10
5.7573811811023621
20
-4.5492763779527561
11
5.7575880708661415
21
-4.5487357480314961
0
LINE
8
BLACK
6
CONTINUOUS
10
5.7575880708661415
20
-4.5487357480314961
11
5.7594628346456691
21
-4.5449862204724409
0
LINE
8
BLACK
6
CONTINUOUS
10
5.7594628346456691
20
-4.5449862204724409
11
5.7596188976377949
21
-4.5447381889763783
0
LINE
8
BLACK
6
CONTINUOUS
10
5.7596188976377949
20
-4.5447381889763783
11
5.7596487401574805
21
-4.5446662598425194
0
LINE
8
BLACK
6
CONTINUOUS
10
5.7596487401574805
20
-4.5446662598425194
11
5.7597151968503937
21
-4.5445852755905509
0
LINE
8
BLACK
6
CONTINUOUS
10
5.7597151968503937
20
-4.5445852755905509
11
5.7597711811023622
21
-4.5444963385826771
0
LINE
8
BLACK
6
CONTINUOUS
10
5.7597711811023622
20
-4.5444963385826771
11
5.759830157480315
21
-4.5444451574803146
0
LINE
8
BLACK
6
CONTINUOUS
10
5.759830157480315
20
-4.5444451574803146
11
5.7600159448818893
21
-4.5442188188976376
0
LINE
8
BLACK
6
CONTINUOUS
10
5.7600159448818893
20
-4.5442188188976376
11
5.7618907086614168
21
-4.54234405511811
0
LINE
8
BLACK
6
CONTINUOUS
10
5.7618907086614168
20
-4.54234405511811
11
5.7621170472440948
21
-4.5421582677165357
0
LINE
8
BLACK
6
CONTINUOUS
10
5.7621170472440948
20
-4.5421582677165357
11
5.7621682283464564
21
-4.5420992913385829
0
LINE
8
BLACK
6
CONTINUOUS
10
5.7621682283464564
20
-4.5420992913385829
11
5.7622571653543302
21
-4.5420433070866144
0
LINE
8
BLACK
6
CONTINUOUS
10
5.7622571653543302
20
-4.5420433070866144
11
5.7623381496062986
21
-4.5419768503937004
0
LINE
8
BLACK
6
CONTINUOUS
10
5.7623381496062986
20
-4.5419768503937004
11
5.7624100787401575
21
-4.5419470078740156
0
LINE
8
BLACK
6
CONTINUOUS
10
5.7624100787401575
20
-4.5419470078740156
11
5.7626581102362202
21
-4.5417909448818898
0
LINE
8
BLACK
6
CONTINUOUS
10
5.7626581102362202
20
-4.5417909448818898
11
5.7664076377952753
21
-4.5399161811023623
0
LINE
8
BLACK
6
CONTINUOUS
10
5.7664076377952753
20
-4.5399161811023623
11
5.7664497244094486
21
-4.539900039370079
0
LINE
8
BLACK
6
CONTINUOUS
10
5.7664497244094486
20
-4.539900039370079
11
5.7664668897637794
21
-4.5398873622047242
0
LINE
8
BLACK
6
CONTINUOUS
10
5.7664668897637794
20
-4.5398873622047242
11
5.7667084645669293
21
-4.5398010236220472
0
LINE
8
BLACK
6
CONTINUOUS
10
5.7667084645669293
20
-4.5398010236220472
11
5.7669482283464566
21
-4.5397092913385828
0
LINE
8
BLACK
6
CONTINUOUS
10
5.7669482283464566
20
-4.5397092913385828
11
5.7669694881889759
21
-4.5397077559055115
0
LINE
8
BLACK
6
CONTINUOUS
10
5.7669694881889759
20
-4.5397077559055115
11
5.7670120078740155
21
-4.539692598425197
0
LINE
8
BLACK
6
CONTINUOUS
10
5.7670120078740155
20
-4.539692598425197
11
5.7745110629921257
21
-4.5378178346456695
0
LINE
8
BLACK
6
CONTINUOUS
10
5.7745110629921257
20
-4.5378178346456695
11
5.7746109055118113
21
-4.5378030314960629
0
LINE
8
BLACK
6
CONTINUOUS
10
5.7746109055118113
20
-4.5378030314960629
11
5.7746511417322832
21
-4.5377864173228346
0
LINE
8
BLACK
6
CONTINUOUS
10
5.7746511417322832
20
-4.5377864173228346
11
5.7748681496062995
21
-4.537765039370079
0
LINE
8
BLACK
6
CONTINUOUS
10
5.7748681496062995
20
-4.537765039370079
11
5.7750836614173231
21
-4.5377331889763779
0
LINE
8
BLACK
6
CONTINUOUS
10
5.7750836614173231
20
-4.5377331889763779
11
5.7751266535433068
21
-4.537739566929134
0
LINE
8
BLACK
6
CONTINUOUS
10
5.7751266535433068
20
-4.537739566929134
11
5.7752272047244091
21
-4.5377296850393698
0
LINE
8
BLACK
6
CONTINUOUS
10
5.7752272047244091
20
-4.5377296850393698
11
5.7846010236220469
21
-4.5377296850393698
0
LINE
8
BLACK
6
CONTINUOUS
10
5.7846010236220469
20
-4.5377296850393698
11
5.7847015354330704
21
-4.537739566929134
0
LINE
8
BLACK
6
CONTINUOUS
10
5.7687587007874015
20
-4.5453431889763776
11
5.7657277165354328
21
-4.5468587007874017
0
LINE
8
BLACK
6
CONTINUOUS
10
5.7657277165354328
20
-4.5468587007874017
11
5.764530590551181
21
-4.5480558267716535
0
LINE
8
BLACK
6
CONTINUOUS
10
5.764530590551181
20
-4.5480558267716535
11
5.7631818503937007
21
-4.5507533070866142
0
LINE
8
BLACK
6
CONTINUOUS
10
5.7631818503937007
20
-4.5507533070866142
11
5.7631818503937007
21
-4.5531087401574801
0
LINE
8
BLACK
6
CONTINUOUS
10
5.7631818503937007
20
-4.5531087401574801
11
5.764530590551181
21
-4.5558062204724408
0
LINE
8
BLACK
6
CONTINUOUS
10
5.764530590551181
20
-4.5558062204724408
11
5.7657277165354328
21
-4.5570033464566926
0
LINE
8
BLACK
6
CONTINUOUS
10
5.7657277165354328
20
-4.5570033464566926
11
5.7687587007874015
21
-4.558518818897638
0
LINE
8
BLACK
6
CONTINUOUS
10
5.7687587007874015
20
-4.558518818897638
11
5.7755907480314956
21
-4.5602268503937005
0
LINE
8
BLACK
6
CONTINUOUS
10
5.7755907480314956
20
-4.5602268503937005
11
5.7842374803149603
21
-4.5602268503937005
0
LINE
8
BLACK
6
CONTINUOUS
10
5.7842374803149603
20
-4.5602268503937005
11
5.7910695275590554
21
-4.558518818897638
0
LINE
8
BLACK
6
CONTINUOUS
10
5.7910695275590554
20
-4.558518818897638
11
5.7941005118110231
21
-4.5570033070866138
0
LINE
8
BLACK
6
CONTINUOUS
10
5.7941005118110231
20
-4.5570033070866138
11
5.7952976771653546
21
-4.555806181102362
0
LINE
8
BLACK
6
CONTINUOUS
10
5.7952976771653546
20
-4.555806181102362
11
5.7966464173228349
21
-4.5531087401574801
0
LINE
8
BLACK
6
CONTINUOUS
10
5.7966464173228349
20
-4.5531087401574801
11
5.7966464173228349
21
-4.5507533070866142
0
LINE
8
BLACK
6
CONTINUOUS
10
5.7966464173228349
20
-4.5507533070866142
11
5.7952976771653546
21
-4.5480558267716535
0
LINE
8
BLACK
6
CONTINUOUS
10
5.7952976771653546
20
-4.5480558267716535
11
5.7941005118110231
21
-4.5468587007874017
0
LINE
8
BLACK
6
CONTINUOUS
10
5.7941005118110231
20
-4.5468587007874017
11
5.7910695275590554
21
-4.5453431889763776
0
LINE
8
BLACK
6
CONTINUOUS
10
5.7910695275590554
20
-4.5453431889763776
11
5.7842374803149603
21
-4.5436351968503939
0
LINE
8
BLACK
6
CONTINUOUS
10
5.7842374803149603
20
-4.5436351968503939
11
5.7755907480314956
21
-4.5436351968503939
0
LINE
8
BLACK
6
CONTINUOUS
10
5.7755907480314956
20
-4.5436351968503939
11
5.7687587007874015
21
-4.5453431889763776
0
LINE
8
BLACK
6
CONTINUOUS
10
5.8005161417322837
20
-4.5041298818897637
11
5.801520472440945
21
-4.5046944488188974
0
LINE
8
BLACK
6
CONTINUOUS
10
5.801520472440945
20
-4.5046944488188974
11
5.8022322834645665
21
-4.5056003937007869
0
LINE
8
BLACK
6
CONTINUOUS
10
5.8022322834645665
20
-4.5056003937007869
11
5.8025431889763777
21
-4.5067097637795275
0
LINE
8
BLACK
6
CONTINUOUS
10
5.8025431889763777
20
-4.5067097637795275
11
5.8024059448818894
21
-4.5078536220472438
0
LINE
8
BLACK
6
CONTINUOUS
10
5.8024059448818894
20
-4.5078536220472438
11
5.8018413779527558
21
-4.5088579527559052
0
LINE
8
BLACK
6
CONTINUOUS
10
5.8018413779527558
20
-4.5088579527559052
11
5.8014234645669287
21
-4.5092584645669289
0
LINE
8
BLACK
6
CONTINUOUS
10
5.8014234645669287
20
-4.5092584645669289
11
5.7912551181102359
21
-4.5172478346456693
0
LINE
8
BLACK
6
CONTINUOUS
10
5.7912551181102359
20
-4.5172478346456693
11
5.8014234645669287
21
-4.5252372440944884
0
LINE
8
BLACK
6
CONTINUOUS
10
5.8014234645669287
20
-4.5252372440944884
11
5.8018413779527558
21
-4.5256377559055121
0
LINE
8
BLACK
6
CONTINUOUS
10
5.8018413779527558
20
-4.5256377559055121
11
5.8024059448818894
21
-4.5266420866141734
0
LINE
8
BLACK
6
CONTINUOUS
10
5.8024059448818894
20
-4.5266420866141734
11
5.8025431889763777
21
-4.5277859448818898
0
LINE
8
BLACK
6
CONTINUOUS
10
5.8025431889763777
20
-4.5277859448818898
11
5.8022322834645665
21
-4.5288953149606295
0
LINE
8
BLACK
6
CONTINUOUS
10
5.8022322834645665
20
-4.5288953149606295
11
5.801520472440945
21
-4.5298012598425199
0
LINE
8
BLACK
6
CONTINUOUS
10
5.801520472440945
20
-4.5298012598425199
11
5.8005161417322837
21
-4.5303658267716536
0
LINE
8
BLACK
6
CONTINUOUS
10
5.8005161417322837
20
-4.5303658267716536
11
5.7993722834645665
21
-4.5305030708661418
0
LINE
8
BLACK
6
CONTINUOUS
10
5.7993722834645665
20
-4.5305030708661418
11
5.7982629133858268
21
-4.5301921653543307
0
LINE
8
BLACK
6
CONTINUOUS
10
5.7982629133858268
20
-4.5301921653543307
11
5.7977748818897634
21
-4.529880866141732
0
LINE
8
BLACK
6
CONTINUOUS
10
5.7977748818897634
20
-4.529880866141732
11
5.7864757874015744
21
-4.521003031496063
0
LINE
8
BLACK
6
CONTINUOUS
10
5.7864757874015744
20
-4.521003031496063
11
5.7751767322834642
21
-4.529880866141732
0
LINE
8
BLACK
6
CONTINUOUS
10
5.7751767322834642
20
-4.529880866141732
11
5.7746887007874017
21
-4.5301921653543307
0
LINE
8
BLACK
6
CONTINUOUS
10
5.7746887007874017
20
-4.5301921653543307
11
5.7735793307086611
21
-4.5305030708661418
0
LINE
8
BLACK
6
CONTINUOUS
10
5.7735793307086611
20
-4.5305030708661418
11
5.7724354724409448
21
-4.5303658267716536
0
LINE
8
BLACK
6
CONTINUOUS
10
5.7724354724409448
20
-4.5303658267716536
11
5.7714311417322834
21
-4.5298012598425199
0
LINE
8
BLACK
6
CONTINUOUS
10
5.7714311417322834
20
-4.5298012598425199
11
5.7707193307086611
21
-4.5288953149606295
0
LINE
8
BLACK
6
CONTINUOUS
10
5.7707193307086611
20
-4.5288953149606295
11
5.7704084251968499
21
-4.5277859448818898
0
LINE
8
BLACK
6
CONTINUOUS
10
5.7704084251968499
20
-4.5277859448818898
11
5.7705456692913382
21
-4.5266420866141734
0
LINE
8
BLACK
6
CONTINUOUS
10
5.7705456692913382
20
-4.5266420866141734
11
5.7711102362204727
21
-4.5256377559055121
0
LINE
8
BLACK
6
CONTINUOUS
10
5.7711102362204727
20
-4.5256377559055121
11
5.7715281496062989
21
-4.5252372440944884
0
LINE
8
BLACK
6
CONTINUOUS
10
5.7715281496062989
20
-4.5252372440944884
11
5.781696456692913
21
-4.5172478346456693
0
LINE
8
BLACK
6
CONTINUOUS
10
5.781696456692913
20
-4.5172478346456693
11
5.7715281496062989
21
-4.5092584645669289
0
LINE
8
BLACK
6
CONTINUOUS
10
5.7715281496062989
20
-4.5092584645669289
11
5.7711102362204727
21
-4.5088579527559052
0
LINE
8
BLACK
6
CONTINUOUS
10
5.7711102362204727
20
-4.5088579527559052
11
5.7705456692913382
21
-4.5078536220472438
0
LINE
8
BLACK
6
CONTINUOUS
10
5.7705456692913382
20
-4.5078536220472438
11
5.7704084251968499
21
-4.5067097637795275
0
LINE
8
BLACK
6
CONTINUOUS
10
5.7704084251968499
20
-4.5067097637795275
11
5.7707193307086611
21
-4.5056003937007869
0
LINE
8
BLACK
6
CONTINUOUS
10
5.7707193307086611
20
-4.5056003937007869
11
5.7714311417322834
21
-4.5046944488188974
0
LINE
8
BLACK
6
CONTINUOUS
10
5.7714311417322834
20
-4.5046944488188974
11
5.7724354724409448
21
-4.5041298818897637
0
LINE
8
BLACK
6
CONTINUOUS
10
5.7724354724409448
20
-4.5041298818897637
11
5.7735793307086611
21
-4.5039926377952755
0
LINE
8
BLACK
6
CONTINUOUS
10
5.7735793307086611
20
-4.5039926377952755
11
5.7746887007874017
21
-4.5043035433070866
0
LINE
8
BLACK
6
CONTINUOUS
10
5.7746887007874017
20
-4.5043035433070866
11
5.7751767322834642
21
-4.5046148425196852
0
LINE
8
BLACK
6
CONTINUOUS
10
5.7751767322834642
20
-4.5046148425196852
11
5.7864757874015744
21
-4.5134926377952755
0
LINE
8
BLACK
6
CONTINUOUS
10
5.7864757874015744
20
-4.5134926377952755
11
5.7977748818897634
21
-4.5046148425196852
0
LINE
8
BLACK
6
CONTINUOUS
10
5.7977748818897634
20
-4.5046148425196852
11
5.7982629133858268
21
-4.5043035433070866
0
LINE
8
BLACK
6
CONTINUOUS
10
5.7982629133858268
20
-4.5043035433070866
11
5.7993722834645665
21
-4.5039926377952755
0
LINE
8
BLACK
6
CONTINUOUS
10
5.7993722834645665
20
-4.5039926377952755
11
5.8005161417322837
21
-4.5041298818897637
0
LINE
8
BLACK
6
CONTINUOUS
10
5.7722575590551184
20
-4.4684681889763782
11
5.7732880708661414
21
-4.4689834645669286
0
LINE
8
BLACK
6
CONTINUOUS
10
5.7732880708661414
20
-4.4689834645669286
11
5.7740429133858262
21
-4.4698538188976373
0
LINE
8
BLACK
6
CONTINUOUS
10
5.7740429133858262
20
-4.4698538188976373
11
5.7744072440944878
21
-4.4709468110236221
0
LINE
8
BLACK
6
CONTINUOUS
10
5.7744072440944878
20
-4.4709468110236221
11
5.7743255905511806
21
-4.4720960236220471
0
LINE
8
BLACK
6
CONTINUOUS
10
5.7743255905511806
20
-4.4720960236220471
11
5.7741187007874011
21
-4.4726366141732283
0
LINE
8
BLACK
6
CONTINUOUS
10
5.7741187007874011
20
-4.4726366141732283
11
5.7722439370078735
21
-4.4763861417322834
0
LINE
8
BLACK
6
CONTINUOUS
10
5.7722439370078735
20
-4.4763861417322834
11
5.7720879133858265
21
-4.4766339370078736
0
LINE
8
BLACK
6
CONTINUOUS
10
5.7720879133858265
20
-4.4766339370078736
11
5.7720580708661418
21
-4.476706102362205
0
LINE
8
BLACK
6
CONTINUOUS
10
5.7720580708661418
20
-4.476706102362205
11
5.7719914566929136
21
-4.4767872440944885
0
LINE
8
BLACK
6
CONTINUOUS
10
5.7719914566929136
20
-4.4767872440944885
11
5.7719355905511813
21
-4.4768760236220473
0
LINE
8
BLACK
6
CONTINUOUS
10
5.7719355905511813
20
-4.4768760236220473
11
5.7718766535433073
21
-4.4769271259842522
0
LINE
8
BLACK
6
CONTINUOUS
10
5.7718766535433073
20
-4.4769271259842522
11
5.7716908267716533
21
-4.4771535433070868
0
LINE
8
BLACK
6
CONTINUOUS
10
5.7716908267716533
20
-4.4771535433070868
11
5.7692324409448821
21
-4.4796119291338581
0
LINE
8
BLACK
6
CONTINUOUS
10
5.7692324409448821
20
-4.4796119291338581
11
5.7966464173228349
21
-4.4796119291338581
0
LINE
8
BLACK
6
CONTINUOUS
10
5.7966464173228349
20
-4.4796119291338581
11
5.7966464173228349
21
-4.4713161023622048
0
LINE
8
BLACK
6
CONTINUOUS
10
5.7966464173228349
20
-4.4713161023622048
11
5.7967031496062988
21
-4.4707400393700789
0
LINE
8
BLACK
6
CONTINUOUS
10
5.7967031496062988
20
-4.4707400393700789
11
5.7971440551181104
21
-4.4696756299212597
0
LINE
8
BLACK
6
CONTINUOUS
10
5.7971440551181104
20
-4.4696756299212597
11
5.7979587007874018
21
-4.4688609842519682
0
LINE
8
BLACK
6
CONTINUOUS
10
5.7979587007874018
20
-4.4688609842519682
11
5.7990231102362202
21
-4.4684200787401576
0
LINE
8
BLACK
6
CONTINUOUS
10
5.7990231102362202
20
-4.4684200787401576
11
5.8001752362204719
21
-4.4684200787401576
0
LINE
8
BLACK
6
CONTINUOUS
10
5.8001752362204719
20
-4.4684200787401576
11
5.8012396456692912
21
-4.4688609842519682
0
LINE
8
BLACK
6
CONTINUOUS
10
5.8012396456692912
20
-4.4688609842519682
11
5.8020542913385826
21
-4.4696756299212597
0
LINE
8
BLACK
6
CONTINUOUS
10
5.8020542913385826
20
-4.4696756299212597
11
5.8024951968503933
21
-4.4707400393700789
0
LINE
8
BLACK
6
CONTINUOUS
10
5.8024951968503933
20
-4.4707400393700789
11
5.8025519291338581
21
-4.4713161023622048
0
LINE
8
BLACK
6
CONTINUOUS
10
5.8025519291338581
20
-4.4713161023622048
11
5.8025519291338581
21
-4.4938132677165354
0
LINE
8
BLACK
6
CONTINUOUS
10
5.8025519291338581
20
-4.4938132677165354
11
5.8024951968503933
21
-4.4943893307086613
0
LINE
8
BLACK
6
CONTINUOUS
10
5.8024951968503933
20
-4.4943893307086613
11
5.8020542913385826
21
-4.4954537401574806
0
LINE
8
BLACK
6
CONTINUOUS
10
5.8020542913385826
20
-4.4954537401574806
11
5.8012396456692912
21
-4.4962683858267711
0
LINE
8
BLACK
6
CONTINUOUS
10
5.8012396456692912
20
-4.4962683858267711
11
5.8001752362204719
21
-4.4967092913385827
0
LINE
8
BLACK
6
CONTINUOUS
10
5.8001752362204719
20
-4.4967092913385827
11
5.7990231102362202
21
-4.4967092913385827
0
LINE
8
BLACK
6
CONTINUOUS
10
5.7990231102362202
20
-4.4967092913385827
11
5.7979587007874018
21
-4.4962683858267711
0
LINE
8
BLACK
6
CONTINUOUS
10
5.7979587007874018
20
-4.4962683858267711
11
5.7971440551181104
21
-4.4954537401574806
0
LINE
8
BLACK
6
CONTINUOUS
10
5.7971440551181104
20
-4.4954537401574806
11
5.7967031496062988
21
-4.4943893307086613
0
LINE
8
BLACK
6
CONTINUOUS
10
5.7967031496062988
20
-4.4943893307086613
11
5.7966464173228349
21
-4.4938132677165354
0
LINE
8
BLACK
6
CONTINUOUS
10
5.7966464173228349
20
-4.4938132677165354
11
5.7966464173228349
21
-4.4855174409448821
0
LINE
8
BLACK
6
CONTINUOUS
10
5.7966464173228349
20
-4.4855174409448821
11
5.7602290944881887
21
-4.4855174409448821
0
LINE
8
BLACK
6
CONTINUOUS
10
5.7602290944881887
20
-4.4855174409448821
11
5.7602270078740156
21
-4.4855172047244096
0
LINE
8
BLACK
6
CONTINUOUS
10
5.7602270078740156
20
-4.4855172047244096
11
5.7602259842519681
21
-4.4855174409448821
0
LINE
8
BLACK
6
CONTINUOUS
10
5.7602259842519681
20
-4.4855174409448821
11
5.760222952755905
21
-4.4855168110236221
0
LINE
8
BLACK
6
CONTINUOUS
10
5.760222952755905
20
-4.4855168110236221
11
5.7596530314960628
21
-4.4854607086614173
0
LINE
8
BLACK
6
CONTINUOUS
10
5.7596530314960628
20
-4.4854607086614173
11
5.759382913385827
21
-4.4853488188976378
0
LINE
8
BLACK
6
CONTINUOUS
10
5.759382913385827
20
-4.4853488188976378
11
5.7590962992125982
21
-4.4852914960629917
0
LINE
8
BLACK
6
CONTINUOUS
10
5.7590962992125982
20
-4.4852914960629917
11
5.7588559055118109
21
-4.4851305118110236
0
LINE
8
BLACK
6
CONTINUOUS
10
5.7588559055118109
20
-4.4851305118110236
11
5.7585886220472435
21
-4.4850198031496058
0
LINE
8
BLACK
6
CONTINUOUS
10
5.7585886220472435
20
-4.4850198031496058
11
5.7583818897637791
21
-4.4848130708661413
0
LINE
8
BLACK
6
CONTINUOUS
10
5.7583818897637791
20
-4.4848130708661413
11
5.7581390157480312
21
-4.4846504330708656
0
LINE
8
BLACK
6
CONTINUOUS
10
5.7581390157480312
20
-4.4846504330708656
11
5.7579785039370082
21
-4.4844096850393695
0
LINE
8
BLACK
6
CONTINUOUS
10
5.7579785039370082
20
-4.4844096850393695
11
5.757773976377953
21
-4.4842051574803152
0
LINE
8
BLACK
6
CONTINUOUS
10
5.757773976377953
20
-4.4842051574803152
11
5.7576620866141734
21
-4.4839350393700785
0
LINE
8
BLACK
6
CONTINUOUS
10
5.7576620866141734
20
-4.4839350393700785
11
5.7574999212598428
21
-4.4836918110236219
0
LINE
8
BLACK
6
CONTINUOUS
10
5.7574999212598428
20
-4.4836918110236219
11
5.7574437795275593
21
-4.4834079921259837
0
LINE
8
BLACK
6
CONTINUOUS
10
5.7574437795275593
20
-4.4834079921259837
11
5.7573330708661414
21
-4.483140748031496
0
LINE
8
BLACK
6
CONTINUOUS
10
5.7573330708661414
20
-4.483140748031496
11
5.7573330708661414
21
-4.4828483464566924
0
LINE
8
BLACK
6
CONTINUOUS
10
5.7573330708661414
20
-4.4828483464566924
11
5.7572763385826766
21
-4.4825615748031495
0
LINE
8
BLACK
6
CONTINUOUS
10
5.7572763385826766
20
-4.4825615748031495
11
5.7573330708661414
21
-4.4822779133858264
0
LINE
8
BLACK
6
CONTINUOUS
10
5.7573330708661414
20
-4.4822779133858264
11
5.7573330708661414
21
-4.4819886220472442
0
LINE
8
BLACK
6
CONTINUOUS
10
5.7573330708661414
20
-4.4819886220472442
11
5.7574449212598422
21
-4.4817185039370075
0
LINE
8
BLACK
6
CONTINUOUS
10
5.7574449212598422
20
-4.4817185039370075
11
5.757502283464567
21
-4.4814318897637797
0
LINE
8
BLACK
6
CONTINUOUS
10
5.757502283464567
20
-4.4814318897637797
11
5.7576632283464564
21
-4.4811914960629924
0
LINE
8
BLACK
6
CONTINUOUS
10
5.7576632283464564
20
-4.4811914960629924
11
5.757773976377953
21
-4.480924212598425
0
LINE
8
BLACK
6
CONTINUOUS
10
5.757773976377953
20
-4.480924212598425
11
5.7579806692913387
21
-4.4807174803149605
0
LINE
8
BLACK
6
CONTINUOUS
10
5.7579806692913387
20
-4.4807174803149605
11
5.7581433464566931
21
-4.4804746062992127
0
LINE
8
BLACK
6
CONTINUOUS
10
5.7581433464566931
20
-4.4804746062992127
11
5.7585865748031493
21
-4.4801115748031499
0
LINE
8
BLACK
6
CONTINUOUS
10
5.7585865748031493
20
-4.4801115748031499
11
5.7585886220472435
21
-4.4801095669291335
0
LINE
8
BLACK
6
CONTINUOUS
10
5.7585886220472435
20
-4.4801095669291335
11
5.7585894881889761
21
-4.480109173228346
0
LINE
8
BLACK
6
CONTINUOUS
10
5.7585894881889761
20
-4.480109173228346
11
5.7585911811023625
21
-4.4801078346456693
0
LINE
8
BLACK
6
CONTINUOUS
10
5.7585911811023625
20
-4.4801078346456693
11
5.7639722047244097
21
-4.4765204724409449
0
LINE
8
BLACK
6
CONTINUOUS
10
5.7639722047244097
20
-4.4765204724409449
11
5.7671761811023616
21
-4.4733165354330708
0
LINE
8
BLACK
6
CONTINUOUS
10
5.7671761811023616
20
-4.4733165354330708
11
5.7688366535433069
21
-4.4699955905511812
0
LINE
8
BLACK
6
CONTINUOUS
10
5.7688366535433069
20
-4.4699955905511812
11
5.769145
21
-4.4695057086614174
0
LINE
8
BLACK
6
CONTINUOUS
10
5.769145
20
-4.4695057086614174
11
5.7700153937007874
21
-4.4687508661417326
0
LINE
8
BLACK
6
CONTINUOUS
10
5.7700153937007874
20
-4.4687508661417326
11
5.7711083464566926
21
-4.468386535433071
0
LINE
8
BLACK
6
CONTINUOUS
10
5.7711083464566926
20
-4.468386535433071
11
5.7722575590551184
21
-4.4684681889763782
0
LINE
8
BLACK
6
CONTINUOUS
10
5.9165959055118105
20
-4.4047740157480311
11
5.9166938976377947
21
-4.4048146062992126
0
LINE
8
BLACK
6
CONTINUOUS
10
5.9166938976377947
20
-4.4048146062992126
11
5.916799724409449
21
-4.4048221259842517
0
LINE
8
BLACK
6
CONTINUOUS
10
5.916799724409449
20
-4.4048221259842517
11
5.9173403543307082
21
-4.4050290157480312
0
LINE
8
BLACK
6
CONTINUOUS
10
5.9173403543307082
20
-4.4050290157480312
11
5.9210898818897633
21
-4.4069037795275587
0
LINE
8
BLACK
6
CONTINUOUS
10
5.9210898818897633
20
-4.4069037795275587
11
5.9213378740157481
21
-4.4070598425196845
0
LINE
8
BLACK
6
CONTINUOUS
10
5.9213378740157481
20
-4.4070598425196845
11
5.9214098425196848
21
-4.4070896850393702
0
LINE
8
BLACK
6
CONTINUOUS
10
5.9214098425196848
20
-4.4070896850393702
11
5.9214907874015745
21
-4.4071561417322833
0
LINE
8
BLACK
6
CONTINUOUS
10
5.9214907874015745
20
-4.4071561417322833
11
5.9215797637795271
21
-4.4072121259842518
0
LINE
8
BLACK
6
CONTINUOUS
10
5.9215797637795271
20
-4.4072121259842518
11
5.9216309055118108
21
-4.4072711023622047
0
LINE
8
BLACK
6
CONTINUOUS
10
5.9216309055118108
20
-4.4072711023622047
11
5.9218572834645666
21
-4.4074568897637798
0
LINE
8
BLACK
6
CONTINUOUS
10
5.9218572834645666
20
-4.4074568897637798
11
5.9237320472440942
21
-4.4093316535433074
0
LINE
8
BLACK
6
CONTINUOUS
10
5.9237320472440942
20
-4.4093316535433074
11
5.9240992519685038
21
-4.4097790944881892
0
LINE
8
BLACK
6
CONTINUOUS
10
5.9240992519685038
20
-4.4097790944881892
11
5.9245401574803145
21
-4.4108435039370075
0
LINE
8
BLACK
6
CONTINUOUS
10
5.9245401574803145
20
-4.4108435039370075
11
5.9245401574803145
21
-4.4119955905511814
0
LINE
8
BLACK
6
CONTINUOUS
10
5.9245401574803145
20
-4.4119955905511814
11
5.9240992519685038
21
-4.4130599999999998
0
LINE
8
BLACK
6
CONTINUOUS
10
5.9240992519685038
20
-4.4130599999999998
11
5.9232845669291336
21
-4.41387468503937
0
LINE
8
BLACK
6
CONTINUOUS
10
5.9232845669291336
20
-4.41387468503937
11
5.9222201574803144
21
-4.4143155905511806
0
LINE
8
BLACK
6
CONTINUOUS
10
5.9222201574803144
20
-4.4143155905511806
11
5.9210680708661414
21
-4.4143155905511806
0
LINE
8
BLACK
6
CONTINUOUS
10
5.9210680708661414
20
-4.4143155905511806
11
5.920003661417323
21
-4.41387468503937
0
LINE
8
BLACK
6
CONTINUOUS
10
5.920003661417323
20
-4.41387468503937
11
5.9195562204724412
21
-4.4135074803149603
0
LINE
8
BLACK
6
CONTINUOUS
10
5.9195562204724412
20
-4.4135074803149603
11
5.9180202755905507
21
-4.4119715354330706
0
LINE
8
BLACK
6
CONTINUOUS
10
5.9180202755905507
20
-4.4119715354330706
11
5.91532279527559
21
-4.4106227952755903
0
LINE
8
BLACK
6
CONTINUOUS
10
5.91532279527559
20
-4.4106227952755903
11
5.9073430708661414
21
-4.4106227952755903
0
LINE
8
BLACK
6
CONTINUOUS
10
5.9073430708661414
20
-4.4106227952755903
11
5.9046455905511808
21
-4.4119715354330706
0
LINE
8
BLACK
6
CONTINUOUS
10
5.9046455905511808
20
-4.4119715354330706
11
5.903448464566929
21
-4.4131686614173224
0
LINE
8
BLACK
6
CONTINUOUS
10
5.903448464566929
20
-4.4131686614173224
11
5.9020997244094486
21
-4.4158661417322831
0
LINE
8
BLACK
6
CONTINUOUS
10
5.9020997244094486
20
-4.4158661417322831
11
5.9020997244094486
21
-4.4184394488188978
0
LINE
8
BLACK
6
CONTINUOUS
10
5.9020997244094486
20
-4.4184394488188978
11
5.9036025196850392
21
-4.4229478740157475
0
LINE
8
BLACK
6
CONTINUOUS
10
5.9036025196850392
20
-4.4229478740157475
11
5.9256068110236217
21
-4.4449522047244097
0
LINE
8
BLACK
6
CONTINUOUS
10
5.9256068110236217
20
-4.4449522047244097
11
5.9259740551181102
21
-4.4453996456692915
0
LINE
8
BLACK
6
CONTINUOUS
10
5.9259740551181102
20
-4.4453996456692915
11
5.926414921259842
21
-4.4464640944881886
0
LINE
8
BLACK
6
CONTINUOUS
10
5.926414921259842
20
-4.4464640944881886
11
5.926414921259842
21
-4.4476161811023625
0
LINE
8
BLACK
6
CONTINUOUS
10
5.926414921259842
20
-4.4476161811023625
11
5.9259740157480314
21
-4.4486805905511808
0
LINE
8
BLACK
6
CONTINUOUS
10
5.9259740157480314
20
-4.4486805905511808
11
5.9251593700787399
21
-4.449495275590551
0
LINE
8
BLACK
6
CONTINUOUS
10
5.9251593700787399
20
-4.449495275590551
11
5.9244066929133856
21
-4.449807007874016
0
LINE
8
BLACK
6
CONTINUOUS
10
5.9244066929133856
20
-4.449807007874016
11
5.9240949606299207
21
-4.4499361417322838
0
LINE
8
BLACK
6
CONTINUOUS
10
5.9240949606299207
20
-4.4499361417322838
11
5.9235188976377948
21
-4.4499928740157477
0
LINE
8
BLACK
6
CONTINUOUS
10
5.9235188976377948
20
-4.4499928740157477
11
5.8991469685039366
21
-4.4499928740157477
0
LINE
8
BLACK
6
CONTINUOUS
10
5.8991469685039366
20
-4.4499928740157477
11
5.8985709055118107
21
-4.4499361417322838
0
LINE
8
BLACK
6
CONTINUOUS
10
5.8985709055118107
20
-4.4499361417322838
11
5.8975064960629924
21
-4.4494952362204723
0
LINE
8
BLACK
6
CONTINUOUS
10
5.8975064960629924
20
-4.4494952362204723
11
5.8966918503937009
21
-4.4486805905511808
0
LINE
8
BLACK
6
CONTINUOUS
10
5.8966918503937009
20
-4.4486805905511808
11
5.8962509448818894
21
-4.4476161811023625
0
LINE
8
BLACK
6
CONTINUOUS
10
5.8962509448818894
20
-4.4476161811023625
11
5.8962509448818894
21
-4.4464640551181098
0
LINE
8
BLACK
6
CONTINUOUS
10
5.8962509448818894
20
-4.4464640551181098
11
5.8966918503937009
21
-4.4453996456692915
0
LINE
8
BLACK
6
CONTINUOUS
10
5.8966918503937009
20
-4.4453996456692915
11
5.8975064960629924
21
-4.444585
0
LINE
8
BLACK
6
CONTINUOUS
10
5.8975064960629924
20
-4.444585
11
5.8985709055118107
21
-4.4441440944881885
0
LINE
8
BLACK
6
CONTINUOUS
10
5.8985709055118107
20
-4.4441440944881885
11
5.8991469685039366
21
-4.4440873622047246
0
LINE
8
BLACK
6
CONTINUOUS
10
5.8991469685039366
20
-4.4440873622047246
11
5.9163903149606298
21
-4.4440873622047246
0
LINE
8
BLACK
6
CONTINUOUS
10
5.9163903149606298
20
-4.4440873622047246
11
5.8989338188976372
21
-4.4266308267716532
0
LINE
8
BLACK
6
CONTINUOUS
10
5.8989338188976372
20
-4.4266308267716532
11
5.8985666141732285
21
-4.4261833858267714
0
LINE
8
BLACK
6
CONTINUOUS
10
5.8985666141732285
20
-4.4261833858267714
11
5.8985259842519682
21
-4.4260853149606296
0
LINE
8
BLACK
6
CONTINUOUS
10
5.8985259842519682
20
-4.4260853149606296
11
5.8984564960629919
21
-4.4260051968503937
0
LINE
8
BLACK
6
CONTINUOUS
10
5.8984564960629919
20
-4.4260051968503937
11
5.8982205118110231
21
-4.4254766535433072
0
LINE
8
BLACK
6
CONTINUOUS
10
5.8982205118110231
20
-4.4254766535433072
11
5.8963457480314956
21
-4.4198523622047245
0
LINE
8
BLACK
6
CONTINUOUS
10
5.8963457480314956
20
-4.4198523622047245
11
5.896280787401575
21
-4.4195667716535434
0
LINE
8
BLACK
6
CONTINUOUS
10
5.896280787401575
20
-4.4195667716535434
11
5.8962509448818894
21
-4.4194946850393704
0
LINE
8
BLACK
6
CONTINUOUS
10
5.8962509448818894
20
-4.4194946850393704
11
5.8962406299212597
21
-4.4193901574803149
0
LINE
8
BLACK
6
CONTINUOUS
10
5.8962406299212597
20
-4.4193901574803149
11
5.8962174015748028
21
-4.4192879133858263
0
LINE
8
BLACK
6
CONTINUOUS
10
5.8962174015748028
20
-4.4192879133858263
11
5.8962229133858264
21
-4.4192101574803146
0
LINE
8
BLACK
6
CONTINUOUS
10
5.8962229133858264
20
-4.4192101574803146
11
5.8961942125984255
21
-4.4189186220472436
0
LINE
8
BLACK
6
CONTINUOUS
10
5.8961942125984255
20
-4.4189186220472436
11
5.8961942125984255
21
-4.4151690944881885
0
LINE
8
BLACK
6
CONTINUOUS
10
5.8961942125984255
20
-4.4151690944881885
11
5.8962509448818894
21
-4.4145930314960626
0
LINE
8
BLACK
6
CONTINUOUS
10
5.8962509448818894
20
-4.4145930314960626
11
5.8962915354330709
21
-4.4144949999999996
0
LINE
8
BLACK
6
CONTINUOUS
10
5.8962915354330709
20
-4.4144949999999996
11
5.89629905511811
21
-4.414389212598425
0
LINE
8
BLACK
6
CONTINUOUS
10
5.89629905511811
20
-4.414389212598425
11
5.8965059448818895
21
-4.413848582677165
0
LINE
8
BLACK
6
CONTINUOUS
10
5.8965059448818895
20
-4.413848582677165
11
5.8983807086614171
21
-4.4100990551181098
0
LINE
8
BLACK
6
CONTINUOUS
10
5.8983807086614171
20
-4.4100990551181098
11
5.8985367716535428
21
-4.4098510236220472
0
LINE
8
BLACK
6
CONTINUOUS
10
5.8985367716535428
20
-4.4098510236220472
11
5.8985666141732285
21
-4.4097790944881892
0
LINE
8
BLACK
6
CONTINUOUS
10
5.8985666141732285
20
-4.4097790944881892
11
5.8986330708661416
21
-4.4096981102362207
0
LINE
8
BLACK
6
CONTINUOUS
10
5.8986330708661416
20
-4.4096981102362207
11
5.8986890551181101
21
-4.409609173228346
0
LINE
8
BLACK
6
CONTINUOUS
10
5.8986890551181101
20
-4.409609173228346
11
5.898748031496063
21
-4.4095579921259844
0
LINE
8
BLACK
6
CONTINUOUS
10
5.898748031496063
20
-4.4095579921259844
11
5.8989338188976372
21
-4.4093316535433074
0
LINE
8
BLACK
6
CONTINUOUS
10
5.8989338188976372
20
-4.4093316535433074
11
5.9008085826771648
21
-4.4074568897637798
0
LINE
8
BLACK
6
CONTINUOUS
10
5.9008085826771648
20
-4.4074568897637798
11
5.9010349212598427
21
-4.4072711023622047
0
LINE
8
BLACK
6
CONTINUOUS
10
5.9010349212598427
20
-4.4072711023622047
11
5.9010861023622043
21
-4.4072121259842518
0
LINE
8
BLACK
6
CONTINUOUS
10
5.9010861023622043
20
-4.4072121259842518
11
5.901175039370079
21
-4.4071561417322833
0
LINE
8
BLACK
6
CONTINUOUS
10
5.901175039370079
20
-4.4071561417322833
11
5.9012560236220475
21
-4.4070896850393702
0
LINE
8
BLACK
6
CONTINUOUS
10
5.9012560236220475
20
-4.4070896850393702
11
5.9013279527559055
21
-4.4070598425196845
0
LINE
8
BLACK
6
CONTINUOUS
10
5.9013279527559055
20
-4.4070598425196845
11
5.9015759842519682
21
-4.4069037795275587
0
LINE
8
BLACK
6
CONTINUOUS
10
5.9015759842519682
20
-4.4069037795275587
11
5.9053255118110233
21
-4.4050290157480312
0
LINE
8
BLACK
6
CONTINUOUS
10
5.9053255118110233
20
-4.4050290157480312
11
5.9058661023622046
21
-4.4048221259842517
0
LINE
8
BLACK
6
CONTINUOUS
10
5.9058661023622046
20
-4.4048221259842517
11
5.9059719685039367
21
-4.4048145669291339
0
LINE
8
BLACK
6
CONTINUOUS
10
5.9059719685039367
20
-4.4048145669291339
11
5.906069960629921
21
-4.4047740157480311
0
LINE
8
BLACK
6
CONTINUOUS
10
5.906069960629921
20
-4.4047740157480311
11
5.9066460236220468
21
-4.4047172834645671
0
LINE
8
BLACK
6
CONTINUOUS
10
5.9066460236220468
20
-4.4047172834645671
11
5.9160198425196846
21
-4.4047172834645671
0
LINE
8
BLACK
6
CONTINUOUS
10
5.9160198425196846
20
-4.4047172834645671
11
5.9165959055118105
21
-4.4047740157480311
0
LINE
8
BLACK
6
CONTINUOUS
10
5.9401575196850391
20
-4.4052149212598426
11
5.9409721653543306
21
-4.4060295669291341
0
LINE
8
BLACK
6
CONTINUOUS
10
5.9409721653543306
20
-4.4060295669291341
11
5.9414130708661412
21
-4.4070939763779524
0
LINE
8
BLACK
6
CONTINUOUS
10
5.9414130708661412
20
-4.4070939763779524
11
5.941469803149606
21
-4.4076700393700783
0
LINE
8
BLACK
6
CONTINUOUS
10
5.941469803149606
20
-4.4076700393700783
11
5.941469803149606
21
-4.4353123228346458
0
LINE
8
BLACK
6
CONTINUOUS
10
5.941469803149606
20
-4.4353123228346458
11
5.9429725984251967
21
-4.4398207480314964
0
LINE
8
BLACK
6
CONTINUOUS
10
5.9429725984251967
20
-4.4398207480314964
11
5.9457363779527554
21
-4.4425845669291339
0
LINE
8
BLACK
6
CONTINUOUS
10
5.9457363779527554
20
-4.4425845669291339
11
5.9502447637795273
21
-4.4440873622047246
0
LINE
8
BLACK
6
CONTINUOUS
10
5.9502447637795273
20
-4.4440873622047246
11
5.9535151574803145
21
-4.4440873622047246
0
LINE
8
BLACK
6
CONTINUOUS
10
5.9535151574803145
20
-4.4440873622047246
11
5.9540912204724412
21
-4.4441440944881885
0
LINE
8
BLACK
6
CONTINUOUS
10
5.9540912204724412
20
-4.4441440944881885
11
5.9551556299212596
21
-4.444585
0
LINE
8
BLACK
6
CONTINUOUS
10
5.9551556299212596
20
-4.444585
11
5.955970275590551
21
-4.4453996456692915
0
LINE
8
BLACK
6
CONTINUOUS
10
5.955970275590551
20
-4.4453996456692915
11
5.9564111811023617
21
-4.4464640551181098
0
LINE
8
BLACK
6
CONTINUOUS
10
5.9564111811023617
20
-4.4464640551181098
11
5.9564111811023617
21
-4.4476161811023625
0
LINE
8
BLACK
6
CONTINUOUS
10
5.9564111811023617
20
-4.4476161811023625
11
5.955970275590551
21
-4.4486805905511808
0
LINE
8
BLACK
6
CONTINUOUS
10
5.955970275590551
20
-4.4486805905511808
11
5.9551556299212596
21
-4.4494952362204723
0
LINE
8
BLACK
6
CONTINUOUS
10
5.9551556299212596
20
-4.4494952362204723
11
5.9540912204724412
21
-4.4499361417322838
0
LINE
8
BLACK
6
CONTINUOUS
10
5.9540912204724412
20
-4.4499361417322838
11
5.9535151574803145
21
-4.4499928740157477
0
LINE
8
BLACK
6
CONTINUOUS
10
5.9535151574803145
20
-4.4499928740157477
11
5.9497656299212593
21
-4.4499928740157477
0
LINE
8
BLACK
6
CONTINUOUS
10
5.9497656299212593
20
-4.4499928740157477
11
5.9494740157480317
21
-4.4499641338582681
0
LINE
8
BLACK
6
CONTINUOUS
10
5.9494740157480317
20
-4.4499641338582681
11
5.9493962992125979
21
-4.4499696850393704
0
LINE
8
BLACK
6
CONTINUOUS
10
5.9493962992125979
20
-4.4499696850393704
11
5.9492940157480314
21
-4.4499464173228347
0
LINE
8
BLACK
6
CONTINUOUS
10
5.9492940157480314
20
-4.4499464173228347
11
5.9491895669291335
21
-4.4499361417322838
0
LINE
8
BLACK
6
CONTINUOUS
10
5.9491895669291335
20
-4.4499361417322838
11
5.9491174803149605
21
-4.4499062598425194
0
LINE
8
BLACK
6
CONTINUOUS
10
5.9491174803149605
20
-4.4499062598425194
11
5.9488318503937005
21
-4.4498413385826767
0
LINE
8
BLACK
6
CONTINUOUS
10
5.9488318503937005
20
-4.4498413385826767
11
5.9432075984251966
21
-4.4479665748031492
0
LINE
8
BLACK
6
CONTINUOUS
10
5.9432075984251966
20
-4.4479665748031492
11
5.9426790157480314
21
-4.4477305905511813
0
LINE
8
BLACK
6
CONTINUOUS
10
5.9426790157480314
20
-4.4477305905511813
11
5.9425988976377955
21
-4.447661102362205
0
LINE
8
BLACK
6
CONTINUOUS
10
5.9425988976377955
20
-4.447661102362205
11
5.9425008661417325
21
-4.4476205118110235
0
LINE
8
BLACK
6
CONTINUOUS
10
5.9425008661417325
20
-4.4476205118110235
11
5.9420534251968506
21
-4.4472532677165351
0
LINE
8
BLACK
6
CONTINUOUS
10
5.9420534251968506
20
-4.4472532677165351
11
5.9383038976377955
21
-4.4435037007874012
0
LINE
8
BLACK
6
CONTINUOUS
10
5.9383038976377955
20
-4.4435037007874012
11
5.9379366535433071
21
-4.4430562204724406
0
LINE
8
BLACK
6
CONTINUOUS
10
5.9379366535433071
20
-4.4430562204724406
11
5.9378960236220468
21
-4.4429581496062989
0
LINE
8
BLACK
6
CONTINUOUS
10
5.9378960236220468
20
-4.4429581496062989
11
5.9378265748031493
21
-4.4428780708661417
0
LINE
8
BLACK
6
CONTINUOUS
10
5.9378265748031493
20
-4.4428780708661417
11
5.9375905905511805
21
-4.4423495275590552
0
LINE
8
BLACK
6
CONTINUOUS
10
5.9375905905511805
20
-4.4423495275590552
11
5.935715826771653
21
-4.4367252362204725
0
LINE
8
BLACK
6
CONTINUOUS
10
5.935715826771653
20
-4.4367252362204725
11
5.9356508661417324
21
-4.4364396456692914
0
LINE
8
BLACK
6
CONTINUOUS
10
5.9356508661417324
20
-4.4364396456692914
11
5.9356210236220468
21
-4.4363675590551184
0
LINE
8
BLACK
6
CONTINUOUS
10
5.9356210236220468
20
-4.4363675590551184
11
5.9356107086614172
21
-4.4362630314960629
0
LINE
8
BLACK
6
CONTINUOUS
10
5.9356107086614172
20
-4.4362630314960629
11
5.9355874803149602
21
-4.4361607874015743
0
LINE
8
BLACK
6
CONTINUOUS
10
5.9355874803149602
20
-4.4361607874015743
11
5.9355929921259838
21
-4.4360830314960626
0
LINE
8
BLACK
6
CONTINUOUS
10
5.9355929921259838
20
-4.4360830314960626
11
5.9355642913385829
21
-4.4357914960629916
0
LINE
8
BLACK
6
CONTINUOUS
10
5.9355642913385829
20
-4.4357914960629916
11
5.9355642913385829
21
-4.4076700393700783
0
LINE
8
BLACK
6
CONTINUOUS
10
5.9355642913385829
20
-4.4076700393700783
11
5.9356210236220468
21
-4.4070939763779524
0
LINE
8
BLACK
6
CONTINUOUS
10
5.9356210236220468
20
-4.4070939763779524
11
5.9360619291338583
21
-4.4060295669291341
0
LINE
8
BLACK
6
CONTINUOUS
10
5.9360619291338583
20
-4.4060295669291341
11
5.9368765748031498
21
-4.4052149212598426
0
LINE
8
BLACK
6
CONTINUOUS
10
5.9368765748031498
20
-4.4052149212598426
11
5.9379409842519681
21
-4.4047740157480311
0
LINE
8
BLACK
6
CONTINUOUS
10
5.9379409842519681
20
-4.4047740157480311
11
5.9390931102362208
21
-4.4047740157480311
0
LINE
8
BLACK
6
CONTINUOUS
10
5.9390931102362208
20
-4.4047740157480311
11
5.9401575196850391
21
-4.4052149212598426
0
LINE
8
BLACK
6
CONTINUOUS
10
6.026147007874016
20
-4.3773151968503932
11
6.0272123622047244
21
-4.3783805511811025
0
LINE
8
BLACK
6
CONTINUOUS
10
6.0272123622047244
20
-4.3783805511811025
11
6.0273622047244091
21
-4.3791338582677168
0
LINE
8
BLACK
6
CONTINUOUS
10
6.0273622047244091
20
-4.3791338582677168
11
6.0273622047244091
21
-4.4541338582677161
0
LINE
8
BLACK
6
CONTINUOUS
10
6.0273622047244091
20
-4.4541338582677161
11
6.0272123622047244
21
-4.4548871653543305
0
LINE
8
BLACK
6
CONTINUOUS
10
6.0272123622047244
20
-4.4548871653543305
11
6.0267856692913382
21
-4.4555257874015748
0
LINE
8
BLACK
6
CONTINUOUS
10
6.0267856692913382
20
-4.4555257874015748
11
6.00178562992126
21
-4.4805257874015751
0
LINE
8
BLACK
6
CONTINUOUS
10
6.00178562992126
20
-4.4805257874015751
11
6.0011470078740157
21
-4.4809525196850393
0
LINE
8
BLACK
6
CONTINUOUS
10
6.0011470078740157
20
-4.4809525196850393
11
6.0003937007874013
21
-4.4811023622047239
0
LINE
8
BLACK
6
CONTINUOUS
10
6.0003937007874013
20
-4.4811023622047239
11
5.8253937007874015
21
-4.4811023622047239
0
LINE
8
BLACK
6
CONTINUOUS
10
5.8253937007874015
20
-4.4811023622047239
11
5.8246403937007871
21
-4.4809525196850393
0
LINE
8
BLACK
6
CONTINUOUS
10
5.8246403937007871
20
-4.4809525196850393
11
5.8235750393700787
21
-4.4798871653543308
0
LINE
8
BLACK
6
CONTINUOUS
10
5.8235750393700787
20
-4.4798871653543308
11
5.8234251968503932
21
-4.4791338582677165
0
LINE
8
BLACK
6
CONTINUOUS
10
5.8234251968503932
20
-4.4791338582677165
11
5.8234251968503932
21
-4.3791338582677168
0
LINE
8
BLACK
6
CONTINUOUS
10
5.8234251968503932
20
-4.3791338582677168
11
5.8235750393700787
21
-4.3783805511811025
0
LINE
8
BLACK
6
CONTINUOUS
10
5.8235750393700787
20
-4.3783805511811025
11
5.8246403937007871
21
-4.3773151968503932
0
LINE
8
BLACK
6
CONTINUOUS
10
5.8246403937007871
20
-4.3773151968503932
11
5.8253937007874015
21
-4.3771653543307085
0
LINE
8
BLACK
6
CONTINUOUS
10
5.8253937007874015
20
-4.3771653543307085
11
6.0253937007874017
21
-4.3771653543307085
0
LINE
8
BLACK
6
CONTINUOUS
10
6.0253937007874017
20
-4.3771653543307085
11
6.026147007874016
21
-4.3773151968503932
0
LINE
8
BLACK
6
CONTINUOUS
10
5.8273622047244089
20
-4.3811023622047243
11
5.8273622047244089
21
-4.4771653543307082
0
LINE
8
BLACK
6
CONTINUOUS
10
5.8273622047244089
20
-4.4771653543307082
11
5.9995783464566932
21
-4.4771653543307082
0
LINE
8
BLACK
6
CONTINUOUS
10
5.9995783464566932
20
-4.4771653543307082
11
6.0234251968503933
21
-4.4533184645669293
0
LINE
8
BLACK
6
CONTINUOUS
10
6.0234251968503933
20
-4.4533184645669293
11
6.0234251968503933
21
-4.3811023622047243
0
LINE
8
BLACK
6
CONTINUOUS
10
6.0234251968503933
20
-4.3811023622047243
11
5.8273622047244089
21
-4.3811023622047243
0
LINE
8
BLACK
6
CONTINUOUS
10
5.7847015354330704
20
-4.4308779133858263
11
5.7847445669291337
21
-4.430871535433071
0
LINE
8
BLACK
6
CONTINUOUS
10
5.7847445669291337
20
-4.430871535433071
11
5.7849600393700786
21
-4.4309033858267712
0
LINE
8
BLACK
6
CONTINUOUS
10
5.7849600393700786
20
-4.4309033858267712
11
5.7851770866141727
21
-4.4309247637795277
0
LINE
8
BLACK
6
CONTINUOUS
10
5.7851770866141727
20
-4.4309247637795277
11
5.7852172834645668
21
-4.430941377952756
0
LINE
8
BLACK
6
CONTINUOUS
10
5.7852172834645668
20
-4.430941377952756
11
5.7853171653543303
21
-4.4309561811023617
0
LINE
8
BLACK
6
CONTINUOUS
10
5.7853171653543303
20
-4.4309561811023617
11
5.7928162204724405
21
-4.4328309448818892
0
LINE
8
BLACK
6
CONTINUOUS
10
5.7928162204724405
20
-4.4328309448818892
11
5.7928587007874013
21
-4.4328461023622046
0
LINE
8
BLACK
6
CONTINUOUS
10
5.7928587007874013
20
-4.4328461023622046
11
5.7928799606299215
21
-4.4328476377952759
0
LINE
8
BLACK
6
CONTINUOUS
10
5.7928799606299215
20
-4.4328476377952759
11
5.79311937007874
21
-4.432939251968504
0
LINE
8
BLACK
6
CONTINUOUS
10
5.79311937007874
20
-4.432939251968504
11
5.7933613385826774
21
-4.4330257086614173
0
LINE
8
BLACK
6
CONTINUOUS
10
5.7933613385826774
20
-4.4330257086614173
11
5.7933784645669286
21
-4.4330383858267712
0
LINE
8
BLACK
6
CONTINUOUS
10
5.7933784645669286
20
-4.4330383858267712
11
5.7934205905511806
21
-4.4330545275590554
0
LINE
8
BLACK
6
CONTINUOUS
10
5.7934205905511806
20
-4.4330545275590554
11
5.7971701181102357
21
-4.4349292913385829
0
LINE
8
BLACK
6
CONTINUOUS
10
5.7971701181102357
20
-4.4349292913385829
11
5.7974179921259843
21
-4.43508531496063
0
LINE
8
BLACK
6
CONTINUOUS
10
5.7974179921259843
20
-4.43508531496063
11
5.7974900393700786
21
-4.4351151574803147
0
LINE
8
BLACK
6
CONTINUOUS
10
5.7974900393700786
20
-4.4351151574803147
11
5.7975710629921258
21
-4.4351816535433066
0
LINE
8
BLACK
6
CONTINUOUS
10
5.7975710629921258
20
-4.4351816535433066
11
5.7976599999999996
21
-4.4352376377952751
0
LINE
8
BLACK
6
CONTINUOUS
10
5.7976599999999996
20
-4.4352376377952751
11
5.7977111417322833
21
-4.435296614173228
0
LINE
8
BLACK
6
CONTINUOUS
10
5.7977111417322833
20
-4.435296614173228
11
5.7979374803149604
21
-4.4354823622047244
0
LINE
8
BLACK
6
CONTINUOUS
10
5.7979374803149604
20
-4.4354823622047244
11
5.7998122834645667
21
-4.4373571259842519
0
LINE
8
BLACK
6
CONTINUOUS
10
5.7998122834645667
20
-4.4373571259842519
11
5.7999980314960631
21
-4.437583464566929
0
LINE
8
BLACK
6
CONTINUOUS
10
5.7999980314960631
20
-4.437583464566929
11
5.8000570866141734
21
-4.4376346850393702
0
LINE
8
BLACK
6
CONTINUOUS
10
5.8000570866141734
20
-4.4376346850393702
11
5.8001130708661419
21
-4.437723622047244
0
LINE
8
BLACK
6
CONTINUOUS
10
5.8001130708661419
20
-4.437723622047244
11
5.8001795275590551
21
-4.4378046062992125
0
LINE
8
BLACK
6
CONTINUOUS
10
5.8001795275590551
20
-4.4378046062992125
11
5.8002093307086611
21
-4.4378765354330705
0
LINE
8
BLACK
6
CONTINUOUS
10
5.8002093307086611
20
-4.4378765354330705
11
5.8003654330708656
21
-4.438124566929134
0
LINE
8
BLACK
6
CONTINUOUS
10
5.8003654330708656
20
-4.438124566929134
11
5.8022401968503932
21
-4.4418740944881892
0
LINE
8
BLACK
6
CONTINUOUS
10
5.8022401968503932
20
-4.4418740944881892
11
5.8024470866141735
21
-4.4424146850393695
0
LINE
8
BLACK
6
CONTINUOUS
10
5.8024470866141735
20
-4.4424146850393695
11
5.8024546062992126
21
-4.4425205511811026
0
LINE
8
BLACK
6
CONTINUOUS
10
5.8024546062992126
20
-4.4425205511811026
11
5.8024951968503933
21
-4.4426185433070868
0
LINE
8
BLACK
6
CONTINUOUS
10
5.8024951968503933
20
-4.4426185433070868
11
5.8025519291338581
21
-4.4431946062992127
0
LINE
8
BLACK
6
CONTINUOUS
10
5.8025519291338581
20
-4.4431946062992127
11
5.8025519291338581
21
-4.4469441338582678
0
LINE
8
BLACK
6
CONTINUOUS
10
5.8025519291338581
20
-4.4469441338582678
11
5.8024951968503933
21
-4.4475201968503937
0
LINE
8
BLACK
6
CONTINUOUS
10
5.8024951968503933
20
-4.4475201968503937
11
5.8024546062992126
21
-4.4476181496062992
0
LINE
8
BLACK
6
CONTINUOUS
10
5.8024546062992126
20
-4.4476181496062992
11
5.8024470866141735
21
-4.4477240551181101
0
LINE
8
BLACK
6
CONTINUOUS
10
5.8024470866141735
20
-4.4477240551181101
11
5.8022401968503932
21
-4.4482646456692914
0
LINE
8
BLACK
6
CONTINUOUS
10
5.8022401968503932
20
-4.4482646456692914
11
5.8003654330708656
21
-4.4520141732283465
0
LINE
8
BLACK
6
CONTINUOUS
10
5.8003654330708656
20
-4.4520141732283465
11
5.8002093307086611
21
-4.4522621653543304
0
LINE
8
BLACK
6
CONTINUOUS
10
5.8002093307086611
20
-4.4522621653543304
11
5.8001795275590551
21
-4.452334133858268
0
LINE
8
BLACK
6
CONTINUOUS
10
5.8001795275590551
20
-4.452334133858268
11
5.8001130708661419
21
-4.4524150787401577
0
LINE
8
BLACK
6
CONTINUOUS
10
5.8001130708661419
20
-4.4524150787401577
11
5.8000570866141734
21
-4.4525040551181103
0
LINE
8
BLACK
6
CONTINUOUS
10
5.8000570866141734
20
-4.4525040551181103
11
5.7999980314960631
21
-4.4525552362204728
0
LINE
8
BLACK
6
CONTINUOUS
10
5.7999980314960631
20
-4.4525552362204728
11
5.7998122834645667
21
-4.4527816141732286
0
LINE
8
BLACK
6
CONTINUOUS
10
5.7998122834645667
20
-4.4527816141732286
11
5.7979374803149604
21
-4.4546563779527562
0
LINE
8
BLACK
6
CONTINUOUS
10
5.7979374803149604
20
-4.4546563779527562
11
5.7977111417322833
21
-4.4548420866141729
0
LINE
8
BLACK
6
CONTINUOUS
10
5.7977111417322833
20
-4.4548420866141729
11
5.7976599999999996
21
-4.4549011023622045
0
LINE
8
BLACK
6
CONTINUOUS
10
5.7976599999999996
20
-4.4549011023622045
11
5.7975710629921258
21
-4.4549570472440942
0
LINE
8
BLACK
6
CONTINUOUS
10
5.7975710629921258
20
-4.4549570472440942
11
5.7974900393700786
21
-4.4550235826771649
0
LINE
8
BLACK
6
CONTINUOUS
10
5.7974900393700786
20
-4.4550235826771649
11
5.7974179921259843
21
-4.4550533858267718
0
LINE
8
BLACK
6
CONTINUOUS
10
5.7974179921259843
20
-4.4550533858267718
11
5.7971701181102357
21
-4.4552094488188976
0
LINE
8
BLACK
6
CONTINUOUS
10
5.7971701181102357
20
-4.4552094488188976
11
5.7934205905511806
21
-4.4570842125984251
0
LINE
8
BLACK
6
CONTINUOUS
10
5.7934205905511806
20
-4.4570842125984251
11
5.7933784645669286
21
-4.4571003149606296
0
LINE
8
BLACK
6
CONTINUOUS
10
5.7933784645669286
20
-4.4571003149606296
11
5.7933613385826774
21
-4.4571130314960632
0
LINE
8
BLACK
6
CONTINUOUS
10
5.7933613385826774
20
-4.4571130314960632
11
5.79311937007874
21
-4.4571994488188977
0
LINE
8
BLACK
6
CONTINUOUS
10
5.79311937007874
20
-4.4571994488188977
11
5.7928799606299215
21
-4.4572911023622046
0
LINE
8
BLACK
6
CONTINUOUS
10
5.7928799606299215
20
-4.4572911023622046
11
5.7928587007874013
21
-4.4572925984251963
0
LINE
8
BLACK
6
CONTINUOUS
10
5.7928587007874013
20
-4.4572925984251963
11
5.7928162204724405
21
-4.4573077952755904
0
LINE
8
BLACK
6
CONTINUOUS
10
5.7928162204724405
20
-4.4573077952755904
11
5.7853171653543303
21
-4.459182559055118
0
LINE
8
BLACK
6
CONTINUOUS
10
5.7853171653543303
20
-4.459182559055118
11
5.7852172834645668
21
-4.4591973228346458
0
LINE
8
BLACK
6
CONTINUOUS
10
5.7852172834645668
20
-4.4591973228346458
11
5.7851770866141727
21
-4.4592139763779528
0
LINE
8
BLACK
6
CONTINUOUS
10
5.7851770866141727
20
-4.4592139763779528
11
5.7849600393700786
21
-4.4592353149606296
0
LINE
8
BLACK
6
CONTINUOUS
10
5.7849600393700786
20
-4.4592353149606296
11
5.7847445669291337
21
-4.4592672047244095
0
LINE
8
BLACK
6
CONTINUOUS
10
5.7847445669291337
20
-4.4592672047244095
11
5.7847015354330704
21
-4.4592607874015746
0
LINE
8
BLACK
6
CONTINUOUS
10
5.7847015354330704
20
-4.4592607874015746
11
5.7846010236220469
21
-4.4592707086614176
0
LINE
8
BLACK
6
CONTINUOUS
10
5.7846010236220469
20
-4.4592707086614176
11
5.7752272047244091
21
-4.4592707086614176
0
LINE
8
BLACK
6
CONTINUOUS
10
5.7752272047244091
20
-4.4592707086614176
11
5.7751266535433068
21
-4.4592607874015746
0
LINE
8
BLACK
6
CONTINUOUS
10
5.7751266535433068
20
-4.4592607874015746
11
5.7750836614173231
21
-4.4592672047244095
0
LINE
8
BLACK
6
CONTINUOUS
10
5.7750836614173231
20
-4.4592672047244095
11
5.7748681496062995
21
-4.4592353149606296
0
LINE
8
BLACK
6
CONTINUOUS
10
5.7748681496062995
20
-4.4592353149606296
11
5.7746511417322832
21
-4.4592139763779528
0
LINE
8
BLACK
6
CONTINUOUS
10
5.7746511417322832
20
-4.4592139763779528
11
5.7746109055118113
21
-4.4591973228346458
0
LINE
8
BLACK
6
CONTINUOUS
10
5.7746109055118113
20
-4.4591973228346458
11
5.7745110629921257
21
-4.459182559055118
0
LINE
8
BLACK
6
CONTINUOUS
10
5.7745110629921257
20
-4.459182559055118
11
5.7670120078740155
21
-4.4573077952755904
0
LINE
8
BLACK
6
CONTINUOUS
10
5.7670120078740155
20
-4.4573077952755904
11
5.7669694881889759
21
-4.4572925984251963
0
LINE
8
BLACK
6
CONTINUOUS
10
5.7669694881889759
20
-4.4572925984251963
11
5.7669482283464566
21
-4.4572911023622046
0
LINE
8
BLACK
6
CONTINUOUS
10
5.7669482283464566
20
-4.4572911023622046
11
5.7667084645669293
21
-4.4571993307086615
0
LINE
8
BLACK
6
CONTINUOUS
10
5.7667084645669293
20
-4.4571993307086615
11
5.7664668897637794
21
-4.4571130314960632
0
LINE
8
BLACK
6
CONTINUOUS
10
5.7664668897637794
20
-4.4571130314960632
11
5.7664497244094486
21
-4.4571003149606296
0
LINE
8
BLACK
6
CONTINUOUS
10
5.7664497244094486
20
-4.4571003149606296
11
5.7664076377952753
21
-4.4570842125984251
0
LINE
8
BLACK
6
CONTINUOUS
10
5.7664076377952753
20
-4.4570842125984251
11
5.7626581102362202
21
-4.4552094488188976
0
LINE
8
BLACK
6
CONTINUOUS
10
5.7626581102362202
20
-4.4552094488188976
11
5.7624100787401575
21
-4.455053346456693
0
LINE
8
BLACK
6
CONTINUOUS
10
5.7624100787401575
20
-4.455053346456693
11
5.7623381496062986
21
-4.4550235433070862
0
LINE
8
BLACK
6
CONTINUOUS
10
5.7623381496062986
20
-4.4550235433070862
11
5.7622571653543302
21
-4.4549570472440942
0
LINE
8
BLACK
6
CONTINUOUS
10
5.7622571653543302
20
-4.4549570472440942
11
5.7621682283464564
21
-4.4549011023622045
0
LINE
8
BLACK
6
CONTINUOUS
10
5.7621682283464564
20
-4.4549011023622045
11
5.7621170472440948
21
-4.4548420866141729
0
LINE
8
BLACK
6
CONTINUOUS
10
5.7621170472440948
20
-4.4548420866141729
11
5.7618907086614168
21
-4.4546563385826774
0
LINE
8
BLACK
6
CONTINUOUS
10
5.7618907086614168
20
-4.4546563385826774
11
5.7600159448818893
21
-4.4527815748031498
0
LINE
8
BLACK
6
CONTINUOUS
10
5.7600159448818893
20
-4.4527815748031498
11
5.759830157480315
21
-4.452555196850394
0
LINE
8
BLACK
6
CONTINUOUS
10
5.759830157480315
20
-4.452555196850394
11
5.7597711811023622
21
-4.4525040551181103
0
LINE
8
BLACK
6
CONTINUOUS
10
5.7597711811023622
20
-4.4525040551181103
11
5.7597151968503937
21
-4.4524150787401577
0
LINE
8
BLACK
6
CONTINUOUS
10
5.7597151968503937
20
-4.4524150787401577
11
5.7596487401574805
21
-4.452334133858268
0
LINE
8
BLACK
6
CONTINUOUS
10
5.7596487401574805
20
-4.452334133858268
11
5.7596188976377949
21
-4.4522621653543304
0
LINE
8
BLACK
6
CONTINUOUS
10
5.7596188976377949
20
-4.4522621653543304
11
5.7594628346456691
21
-4.4520141732283465
0
LINE
8
BLACK
6
CONTINUOUS
10
5.7594628346456691
20
-4.4520141732283465
11
5.7575880708661415
21
-4.4482646456692914
0
LINE
8
BLACK
6
CONTINUOUS
10
5.7575880708661415
20
-4.4482646456692914
11
5.7573811811023621
21
-4.4477240157480313
0
LINE
8
BLACK
6
CONTINUOUS
10
5.7573811811023621
20
-4.4477240157480313
11
5.757373661417323
21
-4.447618188976378
0
LINE
8
BLACK
6
CONTINUOUS
10
5.757373661417323
20
-4.447618188976378
11
5.7573330708661414
21
-4.4475201968503937
0
LINE
8
BLACK
6
CONTINUOUS
10
5.7573330708661414
20
-4.4475201968503937
11
5.7572763385826766
21
-4.4469441338582678
0
LINE
8
BLACK
6
CONTINUOUS
10
5.7572763385826766
20
-4.4469441338582678
11
5.7572763385826766
21
-4.4431946062992127
0
LINE
8
BLACK
6
CONTINUOUS
10
5.7572763385826766
20
-4.4431946062992127
11
5.7573330708661414
21
-4.4426185433070868
0
LINE
8
BLACK
6
CONTINUOUS
10
5.7573330708661414
20
-4.4426185433070868
11
5.757373661417323
21
-4.4425205118110238
0
LINE
8
BLACK
6
CONTINUOUS
10
5.757373661417323
20
-4.4425205118110238
11
5.7573811811023621
21
-4.4424147244094483
0
LINE
8
BLACK
6
CONTINUOUS
10
5.7573811811023621
20
-4.4424147244094483
11
5.7575880708661415
21
-4.4418740944881892
0
LINE
8
BLACK
6
CONTINUOUS
10
5.7575880708661415
20
-4.4418740944881892
11
5.7594628346456691
21
-4.438124566929134
0
LINE
8
BLACK
6
CONTINUOUS
10
5.7594628346456691
20
-4.438124566929134
11
5.7596188976377949
21
-4.4378765354330705
0
LINE
8
BLACK
6
CONTINUOUS
10
5.7596188976377949
20
-4.4378765354330705
11
5.7596487401574805
21
-4.4378046062992125
0
LINE
8
BLACK
6
CONTINUOUS
10
5.7596487401574805
20
-4.4378046062992125
11
5.7597151968503937
21
-4.437723622047244
0
LINE
8
BLACK
6
CONTINUOUS
10
5.7597151968503937
20
-4.437723622047244
11
5.7597711811023622
21
-4.4376346850393702
0
LINE
8
BLACK
6
CONTINUOUS
10
5.7597711811023622
20
-4.4376346850393702
11
5.759830157480315
21
-4.4375835039370077
0
LINE
8
BLACK
6
CONTINUOUS
10
5.759830157480315
20
-4.4375835039370077
11
5.7600159448818893
21
-4.4373571653543307
0
LINE
8
BLACK
6
CONTINUOUS
10
5.7600159448818893
20
-4.4373571653543307
11
5.7618907086614168
21
-4.4354824015748031
0
LINE
8
BLACK
6
CONTINUOUS
10
5.7618907086614168
20
-4.4354824015748031
11
5.7621170472440948
21
-4.435296614173228
0
LINE
8
BLACK
6
CONTINUOUS
10
5.7621170472440948
20
-4.435296614173228
11
5.7621682283464564
21
-4.4352376377952751
0
LINE
8
BLACK
6
CONTINUOUS
10
5.7621682283464564
20
-4.4352376377952751
11
5.7622571653543302
21
-4.4351816535433066
0
LINE
8
BLACK
6
CONTINUOUS
10
5.7622571653543302
20
-4.4351816535433066
11
5.7623381496062986
21
-4.4351151968503935
0
LINE
8
BLACK
6
CONTINUOUS
10
5.7623381496062986
20
-4.4351151968503935
11
5.7624100787401575
21
-4.4350853543307087
0
LINE
8
BLACK
6
CONTINUOUS
10
5.7624100787401575
20
-4.4350853543307087
11
5.7626581102362202
21
-4.4349292913385829
0
LINE
8
BLACK
6
CONTINUOUS
10
5.7626581102362202
20
-4.4349292913385829
11
5.7664076377952753
21
-4.4330545275590554
0
LINE
8
BLACK
6
CONTINUOUS
10
5.7664076377952753
20
-4.4330545275590554
11
5.7664497244094486
21
-4.4330383858267712
0
LINE
8
BLACK
6
CONTINUOUS
10
5.7664497244094486
20
-4.4330383858267712
11
5.7664668897637794
21
-4.4330257086614173
0
LINE
8
BLACK
6
CONTINUOUS
10
5.7664668897637794
20
-4.4330257086614173
11
5.7667084645669293
21
-4.4329393700787403
0
LINE
8
BLACK
6
CONTINUOUS
10
5.7667084645669293
20
-4.4329393700787403
11
5.7669482283464566
21
-4.4328476377952759
0
LINE
8
BLACK
6
CONTINUOUS
10
5.7669482283464566
20
-4.4328476377952759
11
5.7669694881889759
21
-4.4328461023622046
0
LINE
8
BLACK
6
CONTINUOUS
10
5.7669694881889759
20
-4.4328461023622046
11
5.7670120078740155
21
-4.4328309448818892
0
LINE
8
BLACK
6
CONTINUOUS
10
5.7670120078740155
20
-4.4328309448818892
11
5.7745110629921257
21
-4.4309561811023617
0
LINE
8
BLACK
6
CONTINUOUS
10
5.7745110629921257
20
-4.4309561811023617
11
5.7746109055118113
21
-4.430941377952756
0
LINE
8
BLACK
6
CONTINUOUS
10
5.7746109055118113
20
-4.430941377952756
11
5.7746511417322832
21
-4.4309247637795277
0
LINE
8
BLACK
6
CONTINUOUS
10
5.7746511417322832
20
-4.4309247637795277
11
5.7748681496062995
21
-4.4309033858267712
0
LINE
8
BLACK
6
CONTINUOUS
10
5.7748681496062995
20
-4.4309033858267712
11
5.7750836614173231
21
-4.430871535433071
0
LINE
8
BLACK
6
CONTINUOUS
10
5.7750836614173231
20
-4.430871535433071
11
5.7751266535433068
21
-4.4308779133858263
0
LINE
8
BLACK
6
CONTINUOUS
10
5.7751266535433068
20
-4.4308779133858263
11
5.7752272047244091
21
-4.4308680314960629
0
LINE
8
BLACK
6
CONTINUOUS
10
5.7752272047244091
20
-4.4308680314960629
11
5.7846010236220469
21
-4.4308680314960629
0
LINE
8
BLACK
6
CONTINUOUS
10
5.7846010236220469
20
-4.4308680314960629
11
5.7847015354330704
21
-4.4308779133858263
0
LINE
8
BLACK
6
CONTINUOUS
10
5.7687587007874015
20
-4.4384815354330707
11
5.7657277165354328
21
-4.4399970472440948
0
LINE
8
BLACK
6
CONTINUOUS
10
5.7657277165354328
20
-4.4399970472440948
11
5.764530590551181
21
-4.4411941732283466
0
LINE
8
BLACK
6
CONTINUOUS
10
5.764530590551181
20
-4.4411941732283466
11
5.7631818503937007
21
-4.4438916535433073
0
LINE
8
BLACK
6
CONTINUOUS
10
5.7631818503937007
20
-4.4438916535433073
11
5.7631818503937007
21
-4.4462470866141732
0
LINE
8
BLACK
6
CONTINUOUS
10
5.7631818503937007
20
-4.4462470866141732
11
5.764530590551181
21
-4.4489445669291339
0
LINE
8
BLACK
6
CONTINUOUS
10
5.764530590551181
20
-4.4489445669291339
11
5.7657277165354328
21
-4.4501416929133857
0
LINE
8
BLACK
6
CONTINUOUS
10
5.7657277165354328
20
-4.4501416929133857
11
5.7687587007874015
21
-4.4516571653543302
0
LINE
8
BLACK
6
CONTINUOUS
10
5.7687587007874015
20
-4.4516571653543302
11
5.7755907480314956
21
-4.4533651968503936
0
LINE
8
BLACK
6
CONTINUOUS
10
5.7755907480314956
20
-4.4533651968503936
11
5.7842374803149603
21
-4.4533651968503936
0
LINE
8
BLACK
6
CONTINUOUS
10
5.7842374803149603
20
-4.4533651968503936
11
5.7910695275590554
21
-4.4516571653543302
0
LINE
8
BLACK
6
CONTINUOUS
10
5.7910695275590554
20
-4.4516571653543302
11
5.7941005118110231
21
-4.4501416535433069
0
LINE
8
BLACK
6
CONTINUOUS
10
5.7941005118110231
20
-4.4501416535433069
11
5.7952976771653546
21
-4.4489445275590551
0
LINE
8
BLACK
6
CONTINUOUS
10
5.7952976771653546
20
-4.4489445275590551
11
5.7966464173228349
21
-4.4462470866141732
0
LINE
8
BLACK
6
CONTINUOUS
10
5.7966464173228349
20
-4.4462470866141732
11
5.7966464173228349
21
-4.4438916535433073
0
LINE
8
BLACK
6
CONTINUOUS
10
5.7966464173228349
20
-4.4438916535433073
11
5.7952976771653546
21
-4.4411941732283466
0
LINE
8
BLACK
6
CONTINUOUS
10
5.7952976771653546
20
-4.4411941732283466
11
5.7941005118110231
21
-4.4399970472440948
0
LINE
8
BLACK
6
CONTINUOUS
10
5.7941005118110231
20
-4.4399970472440948
11
5.7910695275590554
21
-4.4384815354330707
0
LINE
8
BLACK
6
CONTINUOUS
10
5.7910695275590554
20
-4.4384815354330707
11
5.7842374803149603
21
-4.436773543307087
0
LINE
8
BLACK
6
CONTINUOUS
10
5.7842374803149603
20
-4.436773543307087
11
5.7755907480314956
21
-4.436773543307087
0
LINE
8
BLACK
6
CONTINUOUS
10
5.7755907480314956
20
-4.436773543307087
11
5.7687587007874015
21
-4.4384815354330707
0
LINE
8
BLACK
6
CONTINUOUS
10
5.8049891732283463
20
-4.3938703543307085
11
5.8058038188976377
21
-4.394685
0
LINE
8
BLACK
6
CONTINUOUS
10
5.8058038188976377
20
-4.394685
11
5.8062447244094484
21
-4.3957494094488192
0
LINE
8
BLACK
6
CONTINUOUS
10
5.8062447244094484
20
-4.3957494094488192
11
5.8063014566929132
21
-4.3963254724409451
0
LINE
8
BLACK
6
CONTINUOUS
10
5.8063014566929132
20
-4.3963254724409451
11
5.8063014566929132
21
-4.426321692913386
0
LINE
8
BLACK
6
CONTINUOUS
10
5.8063014566929132
20
-4.426321692913386
11
5.8062447244094484
21
-4.4268977559055118
0
LINE
8
BLACK
6
CONTINUOUS
10
5.8062447244094484
20
-4.4268977559055118
11
5.8058038188976377
21
-4.4279621653543302
0
LINE
8
BLACK
6
CONTINUOUS
10
5.8058038188976377
20
-4.4279621653543302
11
5.8049891732283463
21
-4.4287768110236216
0
LINE
8
BLACK
6
CONTINUOUS
10
5.8049891732283463
20
-4.4287768110236216
11
5.803924763779527
21
-4.4292177165354332
0
LINE
8
BLACK
6
CONTINUOUS
10
5.803924763779527
20
-4.4292177165354332
11
5.8027726377952753
21
-4.4292177165354332
0
LINE
8
BLACK
6
CONTINUOUS
10
5.8027726377952753
20
-4.4292177165354332
11
5.8017082283464569
21
-4.4287768110236216
0
LINE
8
BLACK
6
CONTINUOUS
10
5.8017082283464569
20
-4.4287768110236216
11
5.8008935826771655
21
-4.4279621653543302
0
LINE
8
BLACK
6
CONTINUOUS
10
5.8008935826771655
20
-4.4279621653543302
11
5.800452677165354
21
-4.4268977559055118
0
LINE
8
BLACK
6
CONTINUOUS
10
5.800452677165354
20
-4.4268977559055118
11
5.80039594488189
21
-4.426321692913386
0
LINE
8
BLACK
6
CONTINUOUS
10
5.80039594488189
20
-4.426321692913386
11
5.80039594488189
21
-4.3963254724409451
0
LINE
8
BLACK
6
CONTINUOUS
10
5.80039594488189
20
-4.3963254724409451
11
5.800452677165354
21
-4.3957494094488192
0
LINE
8
BLACK
6
CONTINUOUS
10
5.800452677165354
20
-4.3957494094488192
11
5.8008935826771655
21
-4.394685
0
LINE
8
BLACK
6
CONTINUOUS
10
5.8008935826771655
20
-4.394685
11
5.8017082283464569
21
-4.3938703543307085
0
LINE
8
BLACK
6
CONTINUOUS
10
5.8017082283464569
20
-4.3938703543307085
11
5.8027726377952753
21
-4.3934294488188979
0
LINE
8
BLACK
6
CONTINUOUS
10
5.8027726377952753
20
-4.3934294488188979
11
5.803924763779527
21
-4.3934294488188979
0
LINE
8
BLACK
6
CONTINUOUS
10
5.803924763779527
20
-4.3934294488188979
11
5.8049891732283463
21
-4.3938703543307085
0
LINE
8
BLACK
6
CONTINUOUS
10
5.8001752362204719
20
-4.3671827165354333
11
5.8012396456692912
21
-4.367623622047244
0
LINE
8
BLACK
6
CONTINUOUS
10
5.8012396456692912
20
-4.367623622047244
11
5.8020542913385826
21
-4.3684382677165354
0
LINE
8
BLACK
6
CONTINUOUS
10
5.8020542913385826
20
-4.3684382677165354
11
5.8024951968503933
21
-4.3695026771653538
0
LINE
8
BLACK
6
CONTINUOUS
10
5.8024951968503933
20
-4.3695026771653538
11
5.8024951968503933
21
-4.3706548031496064
0
LINE
8
BLACK
6
CONTINUOUS
10
5.8024951968503933
20
-4.3706548031496064
11
5.8020542913385826
21
-4.3717192125984248
0
LINE
8
BLACK
6
CONTINUOUS
10
5.8020542913385826
20
-4.3717192125984248
11
5.8012396456692912
21
-4.3725338582677162
0
LINE
8
BLACK
6
CONTINUOUS
10
5.8012396456692912
20
-4.3725338582677162
11
5.8001752362204719
21
-4.3729747637795278
0
LINE
8
BLACK
6
CONTINUOUS
10
5.8001752362204719
20
-4.3729747637795278
11
5.7995991732283461
21
-4.3730314960629917
0
LINE
8
BLACK
6
CONTINUOUS
10
5.7995991732283461
20
-4.3730314960629917
11
5.7783250393700785
21
-4.3730314960629917
0
LINE
8
BLACK
6
CONTINUOUS
10
5.7783250393700785
20
-4.3730314960629917
11
5.7776539370078739
21
-4.3737025984251972
0
LINE
8
BLACK
6
CONTINUOUS
10
5.7776539370078739
20
-4.3737025984251972
11
5.7763051968503936
21
-4.3764000787401578
0
LINE
8
BLACK
6
CONTINUOUS
10
5.7763051968503936
20
-4.3764000787401578
11
5.7763051968503936
21
-4.3806302755905513
0
LINE
8
BLACK
6
CONTINUOUS
10
5.7763051968503936
20
-4.3806302755905513
11
5.7774280314960631
21
-4.3828759842519682
0
LINE
8
BLACK
6
CONTINUOUS
10
5.7774280314960631
20
-4.3828759842519682
11
5.7796737795275588
21
-4.3839988582677165
0
LINE
8
BLACK
6
CONTINUOUS
10
5.7796737795275588
20
-4.3839988582677165
11
5.7995991732283461
21
-4.3839988582677165
0
LINE
8
BLACK
6
CONTINUOUS
10
5.7995991732283461
20
-4.3839988582677165
11
5.8001752362204719
21
-4.3840555905511813
0
LINE
8
BLACK
6
CONTINUOUS
10
5.8001752362204719
20
-4.3840555905511813
11
5.8012396456692912
21
-4.384496496062992
0
LINE
8
BLACK
6
CONTINUOUS
10
5.8012396456692912
20
-4.384496496062992
11
5.8020542913385826
21
-4.3853111417322834
0
LINE
8
BLACK
6
CONTINUOUS
10
5.8020542913385826
20
-4.3853111417322834
11
5.8024951968503933
21
-4.3863755511811027
0
LINE
8
BLACK
6
CONTINUOUS
10
5.8024951968503933
20
-4.3863755511811027
11
5.8024951968503933
21
-4.3875276771653544
0
LINE
8
BLACK
6
CONTINUOUS
10
5.8024951968503933
20
-4.3875276771653544
11
5.8020542913385826
21
-4.3885920866141728
0
LINE
8
BLACK
6
CONTINUOUS
10
5.8020542913385826
20
-4.3885920866141728
11
5.8012396456692912
21
-4.3894067322834642
0
LINE
8
BLACK
6
CONTINUOUS
10
5.8012396456692912
20
-4.3894067322834642
11
5.8001752362204719
21
-4.3898476377952758
0
LINE
8
BLACK
6
CONTINUOUS
10
5.8001752362204719
20
-4.3898476377952758
11
5.7995991732283461
21
-4.3899043700787397
0
LINE
8
BLACK
6
CONTINUOUS
10
5.7995991732283461
20
-4.3899043700787397
11
5.7789767322834642
21
-4.3899043700787397
0
LINE
8
BLACK
6
CONTINUOUS
10
5.7789767322834642
20
-4.3899043700787397
11
5.7784006692913383
21
-4.3898476377952758
0
LINE
8
BLACK
6
CONTINUOUS
10
5.7784006692913383
20
-4.3898476377952758
11
5.7783026771653541
21
-4.3898070472440942
0
LINE
8
BLACK
6
CONTINUOUS
10
5.7783026771653541
20
-4.3898070472440942
11
5.7781968110236219
21
-4.3897995275590551
0
LINE
8
BLACK
6
CONTINUOUS
10
5.7781968110236219
20
-4.3897995275590551
11
5.7776562204724407
21
-4.3895926377952756
0
LINE
8
BLACK
6
CONTINUOUS
10
5.7776562204724407
20
-4.3895926377952756
11
5.7739066929133855
21
-4.3877178740157481
0
LINE
8
BLACK
6
CONTINUOUS
10
5.7739066929133855
20
-4.3877178740157481
11
5.7738103149606301
21
-4.3876572047244098
0
LINE
8
BLACK
6
CONTINUOUS
10
5.7738103149606301
20
-4.3876572047244098
11
5.7737649212598425
21
-4.3876420866141732
0
LINE
8
BLACK
6
CONTINUOUS
10
5.7737649212598425
20
-4.3876420866141732
11
5.7737083464566927
21
-4.3875930314960625
0
LINE
8
BLACK
6
CONTINUOUS
10
5.7737083464566927
20
-4.3875930314960625
11
5.7734168110236217
21
-4.387409527559055
0
LINE
8
BLACK
6
CONTINUOUS
10
5.7734168110236217
20
-4.387409527559055
11
5.7731742125984251
21
-4.3871298031496062
0
LINE
8
BLACK
6
CONTINUOUS
10
5.7731742125984251
20
-4.3871298031496062
11
5.7728945275590551
21
-4.3868872440944884
0
LINE
8
BLACK
6
CONTINUOUS
10
5.7728945275590551
20
-4.3868872440944884
11
5.7727109842519679
21
-4.3865956692913386
0
LINE
8
BLACK
6
CONTINUOUS
10
5.7727109842519679
20
-4.3865956692913386
11
5.7726619685039369
21
-4.3865391338582675
0
LINE
8
BLACK
6
CONTINUOUS
10
5.7726619685039369
20
-4.3865391338582675
11
5.7726468110236215
21
-4.3864937007874012
0
LINE
8
BLACK
6
CONTINUOUS
10
5.7726468110236215
20
-4.3864937007874012
11
5.772586181102362
21
-4.3863973622047245
0
LINE
8
BLACK
6
CONTINUOUS
10
5.772586181102362
20
-4.3863973622047245
11
5.7707114173228344
21
-4.3826478346456694
0
LINE
8
BLACK
6
CONTINUOUS
10
5.7707114173228344
20
-4.3826478346456694
11
5.770504527559055
21
-4.3821072047244094
0
LINE
8
BLACK
6
CONTINUOUS
10
5.770504527559055
20
-4.3821072047244094
11
5.7704970078740159
21
-4.382001377952756
0
LINE
8
BLACK
6
CONTINUOUS
10
5.7704970078740159
20
-4.382001377952756
11
5.7704564173228343
21
-4.3819033858267717
0
LINE
8
BLACK
6
CONTINUOUS
10
5.7704564173228343
20
-4.3819033858267717
11
5.7703996850393695
21
-4.3813273228346459
0
LINE
8
BLACK
6
CONTINUOUS
10
5.7703996850393695
20
-4.3813273228346459
11
5.7703996850393695
21
-4.3757030314960632
0
LINE
8
BLACK
6
CONTINUOUS
10
5.7703996850393695
20
-4.3757030314960632
11
5.7704564173228343
21
-4.3751269685039373
0
LINE
8
BLACK
6
CONTINUOUS
10
5.7704564173228343
20
-4.3751269685039373
11
5.7704970078740159
21
-4.3750289370078743
0
LINE
8
BLACK
6
CONTINUOUS
10
5.7704970078740159
20
-4.3750289370078743
11
5.770504527559055
21
-4.3749231496062988
0
LINE
8
BLACK
6
CONTINUOUS
10
5.770504527559055
20
-4.3749231496062988
11
5.7707114173228344
21
-4.3743825196850397
0
LINE
8
BLACK
6
CONTINUOUS
10
5.7707114173228344
20
-4.3743825196850397
11
5.7716611417322836
21
-4.3724830314960625
0
LINE
8
BLACK
6
CONTINUOUS
10
5.7716611417322836
20
-4.3724830314960625
11
5.7708973228346458
21
-4.3717192125984248
0
LINE
8
BLACK
6
CONTINUOUS
10
5.7708973228346458
20
-4.3717192125984248
11
5.7704564173228343
21
-4.3706548031496064
0
LINE
8
BLACK
6
CONTINUOUS
10
5.7704564173228343
20
-4.3706548031496064
11
5.7704564173228343
21
-4.3695026771653538
0
LINE
8
BLACK
6
CONTINUOUS
10
5.7704564173228343
20
-4.3695026771653538
11
5.7708973228346458
21
-4.3684382677165354
0
LINE
8
BLACK
6
CONTINUOUS
10
5.7708973228346458
20
-4.3684382677165354
11
5.7717119685039373
21
-4.367623622047244
0
LINE
8
BLACK
6
CONTINUOUS
10
5.7717119685039373
20
-4.367623622047244
11
5.7727763779527557
21
-4.3671827165354333
0
LINE
8
BLACK
6
CONTINUOUS
10
5.7727763779527557
20
-4.3671827165354333
11
5.7733524409448815
21
-4.3671259842519685
0
LINE
8
BLACK
6
CONTINUOUS
10
5.7733524409448815
20
-4.3671259842519685
11
5.7995991732283461
21
-4.3671259842519685
0
LINE
8
BLACK
6
CONTINUOUS
10
5.7995991732283461
20
-4.3671259842519685
11
5.8001752362204719
21
-4.3671827165354333
0
LINE
8
BLACK
6
CONTINUOUS
10
5.8001752362204719
20
-4.331562165354331
11
5.8012396456692912
21
-4.3320030708661417
0
LINE
8
BLACK
6
CONTINUOUS
10
5.8012396456692912
20
-4.3320030708661417
11
5.8020542913385826
21
-4.3328177165354331
0
LINE
8
BLACK
6
CONTINUOUS
10
5.8020542913385826
20
-4.3328177165354331
11
5.8024951968503933
21
-4.3338821259842515
0
LINE
8
BLACK
6
CONTINUOUS
10
5.8024951968503933
20
-4.3338821259842515
11
5.8024951968503933
21
-4.3350342519685041
0
LINE
8
BLACK
6
CONTINUOUS
10
5.8024951968503933
20
-4.3350342519685041
11
5.8020542913385826
21
-4.3360986614173225
0
LINE
8
BLACK
6
CONTINUOUS
10
5.8020542913385826
20
-4.3360986614173225
11
5.8012396456692912
21
-4.3369133070866139
0
LINE
8
BLACK
6
CONTINUOUS
10
5.8012396456692912
20
-4.3369133070866139
11
5.8001752362204719
21
-4.3373542125984255
0
LINE
8
BLACK
6
CONTINUOUS
10
5.8001752362204719
20
-4.3373542125984255
11
5.7995991732283461
21
-4.3374109448818894
0
LINE
8
BLACK
6
CONTINUOUS
10
5.7995991732283461
20
-4.3374109448818894
11
5.7783250393700785
21
-4.3374109448818894
0
LINE
8
BLACK
6
CONTINUOUS
10
5.7783250393700785
20
-4.3374109448818894
11
5.7776539370078739
21
-4.338082047244094
0
LINE
8
BLACK
6
CONTINUOUS
10
5.7776539370078739
20
-4.338082047244094
11
5.7763051968503936
21
-4.3407795275590546
0
LINE
8
BLACK
6
CONTINUOUS
10
5.7763051968503936
20
-4.3407795275590546
11
5.7763051968503936
21
-4.345009724409449
0
LINE
8
BLACK
6
CONTINUOUS
10
5.7763051968503936
20
-4.345009724409449
11
5.7774280314960631
21
-4.3472554330708659
0
LINE
8
BLACK
6
CONTINUOUS
10
5.7774280314960631
20
-4.3472554330708659
11
5.7796737795275588
21
-4.3483783070866142
0
LINE
8
BLACK
6
CONTINUOUS
10
5.7796737795275588
20
-4.3483783070866142
11
5.7995991732283461
21
-4.3483783070866142
0
LINE
8
BLACK
6
CONTINUOUS
10
5.7995991732283461
20
-4.3483783070866142
11
5.8001752362204719
21
-4.348435039370079
0
LINE
8
BLACK
6
CONTINUOUS
10
5.8001752362204719
20
-4.348435039370079
11
5.8012396456692912
21
-4.3488759448818897
0
LINE
8
BLACK
6
CONTINUOUS
10
5.8012396456692912
20
-4.3488759448818897
11
5.8020542913385826
21
-4.3496905905511811
0
LINE
8
BLACK
6
CONTINUOUS
10
5.8020542913385826
20
-4.3496905905511811
11
5.8024951968503933
21
-4.3507549999999995
0
LINE
8
BLACK
6
CONTINUOUS
10
5.8024951968503933
20
-4.3507549999999995
11
5.8024951968503933
21
-4.3519071259842521
0
LINE
8
BLACK
6
CONTINUOUS
10
5.8024951968503933
20
-4.3519071259842521
11
5.8020542913385826
21
-4.3529715354330705
0
LINE
8
BLACK
6
CONTINUOUS
10
5.8020542913385826
20
-4.3529715354330705
11
5.8012396456692912
21
-4.3537861811023619
0
LINE
8
BLACK
6
CONTINUOUS
10
5.8012396456692912
20
-4.3537861811023619
11
5.8001752362204719
21
-4.3542270866141735
0
LINE
8
BLACK
6
CONTINUOUS
10
5.8001752362204719
20
-4.3542270866141735
11
5.7995991732283461
21
-4.3542838188976374
0
LINE
8
BLACK
6
CONTINUOUS
10
5.7995991732283461
20
-4.3542838188976374
11
5.7789767322834642
21
-4.3542838188976374
0
LINE
8
BLACK
6
CONTINUOUS
10
5.7789767322834642
20
-4.3542838188976374
11
5.7784006692913383
21
-4.3542270866141735
0
LINE
8
BLACK
6
CONTINUOUS
10
5.7784006692913383
20
-4.3542270866141735
11
5.7783026771653541
21
-4.3541864960629919
0
LINE
8
BLACK
6
CONTINUOUS
10
5.7783026771653541
20
-4.3541864960629919
11
5.7781968110236219
21
-4.3541789763779528
0
LINE
8
BLACK
6
CONTINUOUS
10
5.7781968110236219
20
-4.3541789763779528
11
5.7776562204724407
21
-4.3539720866141733
0
LINE
8
BLACK
6
CONTINUOUS
10
5.7776562204724407
20
-4.3539720866141733
11
5.7739066929133855
21
-4.3520973228346458
0
LINE
8
BLACK
6
CONTINUOUS
10
5.7739066929133855
20
-4.3520973228346458
11
5.7738103149606301
21
-4.3520366535433066
0
LINE
8
BLACK
6
CONTINUOUS
10
5.7738103149606301
20
-4.3520366535433066
11
5.7737649212598425
21
-4.3520215354330709
0
LINE
8
BLACK
6
CONTINUOUS
10
5.7737649212598425
20
-4.3520215354330709
11
5.7737083464566927
21
-4.3519724803149602
0
LINE
8
BLACK
6
CONTINUOUS
10
5.7737083464566927
20
-4.3519724803149602
11
5.7734168110236217
21
-4.3517889763779527
0
LINE
8
BLACK
6
CONTINUOUS
10
5.7734168110236217
20
-4.3517889763779527
11
5.7731742125984251
21
-4.3515092519685039
0
LINE
8
BLACK
6
CONTINUOUS
10
5.7731742125984251
20
-4.3515092519685039
11
5.7728945275590551
21
-4.3512666929133861
0
LINE
8
BLACK
6
CONTINUOUS
10
5.7728945275590551
20
-4.3512666929133861
11
5.7727109842519679
21
-4.3509751181102363
0
LINE
8
BLACK
6
CONTINUOUS
10
5.7727109842519679
20
-4.3509751181102363
11
5.7726619685039369
21
-4.3509185826771652
0
LINE
8
BLACK
6
CONTINUOUS
10
5.7726619685039369
20
-4.3509185826771652
11
5.7726468110236215
21
-4.3508731496062989
0
LINE
8
BLACK
6
CONTINUOUS
10
5.7726468110236215
20
-4.3508731496062989
11
5.772586181102362
21
-4.3507768110236222
0
LINE
8
BLACK
6
CONTINUOUS
10
5.772586181102362
20
-4.3507768110236222
11
5.7707114173228344
21
-4.3470272834645671
0
LINE
8
BLACK
6
CONTINUOUS
10
5.7707114173228344
20
-4.3470272834645671
11
5.770504527559055
21
-4.3464866535433071
0
LINE
8
BLACK
6
CONTINUOUS
10
5.770504527559055
20
-4.3464866535433071
11
5.7704970078740159
21
-4.3463808267716537
0
LINE
8
BLACK
6
CONTINUOUS
10
5.7704970078740159
20
-4.3463808267716537
11
5.7704564173228343
21
-4.3462828346456694
0
LINE
8
BLACK
6
CONTINUOUS
10
5.7704564173228343
20
-4.3462828346456694
11
5.7703996850393695
21
-4.3457067716535436
0
LINE
8
BLACK
6
CONTINUOUS
10
5.7703996850393695
20
-4.3457067716535436
11
5.7703996850393695
21
-4.3400824803149609
0
LINE
8
BLACK
6
CONTINUOUS
10
5.7703996850393695
20
-4.3400824803149609
11
5.7704564173228343
21
-4.3395064173228342
0
LINE
8
BLACK
6
CONTINUOUS
10
5.7704564173228343
20
-4.3395064173228342
11
5.7704970078740159
21
-4.3394083858267711
0
LINE
8
BLACK
6
CONTINUOUS
10
5.7704970078740159
20
-4.3394083858267711
11
5.770504527559055
21
-4.3393025984251965
0
LINE
8
BLACK
6
CONTINUOUS
10
5.770504527559055
20
-4.3393025984251965
11
5.7707114173228344
21
-4.3387619685039365
0
LINE
8
BLACK
6
CONTINUOUS
10
5.7707114173228344
20
-4.3387619685039365
11
5.7716611417322836
21
-4.3368624803149602
0
LINE
8
BLACK
6
CONTINUOUS
10
5.7716611417322836
20
-4.3368624803149602
11
5.7708973228346458
21
-4.3360986614173225
0
LINE
8
BLACK
6
CONTINUOUS
10
5.7708973228346458
20
-4.3360986614173225
11
5.7704564173228343
21
-4.3350342519685041
0
LINE
8
BLACK
6
CONTINUOUS
10
5.7704564173228343
20
-4.3350342519685041
11
5.7704564173228343
21
-4.3338821259842515
0
LINE
8
BLACK
6
CONTINUOUS
10
5.7704564173228343
20
-4.3338821259842515
11
5.7708973228346458
21
-4.3328177165354331
0
LINE
8
BLACK
6
CONTINUOUS
10
5.7708973228346458
20
-4.3328177165354331
11
5.7717119685039373
21
-4.3320030708661417
0
LINE
8
BLACK
6
CONTINUOUS
10
5.7717119685039373
20
-4.3320030708661417
11
5.7727763779527557
21
-4.331562165354331
0
LINE
8
BLACK
6
CONTINUOUS
10
5.7727763779527557
20
-4.331562165354331
11
5.7733524409448815
21
-4.3315054330708662
0
LINE
8
BLACK
6
CONTINUOUS
10
5.7733524409448815
20
-4.3315054330708662
11
5.7995991732283461
21
-4.3315054330708662
0
LINE
8
BLACK
6
CONTINUOUS
10
5.7995991732283461
20
-4.3315054330708662
11
5.8001752362204719
21
-4.331562165354331
0
LINE
8
BLACK
6
CONTINUOUS
10
5.792676141732283
20
-4.2940668503937003
11
5.7927741338582672
21
-4.2941074409448818
0
LINE
8
BLACK
6
CONTINUOUS
10
5.7927741338582672
20
-4.2941074409448818
11
5.7928799606299215
21
-4.2941149606299209
0
LINE
8
BLACK
6
CONTINUOUS
10
5.7928799606299215
20
-4.2941149606299209
11
5.7934205905511806
21
-4.2943218503937004
0
LINE
8
BLACK
6
CONTINUOUS
10
5.7934205905511806
20
-4.2943218503937004
11
5.7971701181102357
21
-4.296196614173228
0
LINE
8
BLACK
6
CONTINUOUS
10
5.7971701181102357
20
-4.296196614173228
11
5.7974179921259843
21
-4.2963526377952759
0
LINE
8
BLACK
6
CONTINUOUS
10
5.7974179921259843
20
-4.2963526377952759
11
5.7974900393700786
21
-4.2963824803149606
0
LINE
8
BLACK
6
CONTINUOUS
10
5.7974900393700786
20
-4.2963824803149606
11
5.7975710629921258
21
-4.2964489763779525
0
LINE
8
BLACK
6
CONTINUOUS
10
5.7975710629921258
20
-4.2964489763779525
11
5.7976599999999996
21
-4.296504960629921
0
LINE
8
BLACK
6
CONTINUOUS
10
5.7976599999999996
20
-4.296504960629921
11
5.7977111417322833
21
-4.2965639370078739
0
LINE
8
BLACK
6
CONTINUOUS
10
5.7977111417322833
20
-4.2965639370078739
11
5.7979374803149604
21
-4.2967496850393703
0
LINE
8
BLACK
6
CONTINUOUS
10
5.7979374803149604
20
-4.2967496850393703
11
5.7998122834645667
21
-4.2986244488188978
0
LINE
8
BLACK
6
CONTINUOUS
10
5.7998122834645667
20
-4.2986244488188978
11
5.7999980314960631
21
-4.2988507874015749
0
LINE
8
BLACK
6
CONTINUOUS
10
5.7999980314960631
20
-4.2988507874015749
11
5.8000570866141734
21
-4.2989020078740152
0
LINE
8
BLACK
6
CONTINUOUS
10
5.8000570866141734
20
-4.2989020078740152
11
5.8001130708661419
21
-4.2989909448818899
0
LINE
8
BLACK
6
CONTINUOUS
10
5.8001130708661419
20
-4.2989909448818899
11
5.8001795275590551
21
-4.2990719291338584
0
LINE
8
BLACK
6
CONTINUOUS
10
5.8001795275590551
20
-4.2990719291338584
11
5.8002093307086611
21
-4.2991438582677164
0
LINE
8
BLACK
6
CONTINUOUS
10
5.8002093307086611
20
-4.2991438582677164
11
5.8003654330708656
21
-4.2993918897637791
0
LINE
8
BLACK
6
CONTINUOUS
10
5.8003654330708656
20
-4.2993918897637791
11
5.8022401968503932
21
-4.3031414173228342
0
LINE
8
BLACK
6
CONTINUOUS
10
5.8022401968503932
20
-4.3031414173228342
11
5.8024470866141735
21
-4.3036820078740154
0
LINE
8
BLACK
6
CONTINUOUS
10
5.8024470866141735
20
-4.3036820078740154
11
5.8024546062992126
21
-4.3037878740157476
0
LINE
8
BLACK
6
CONTINUOUS
10
5.8024546062992126
20
-4.3037878740157476
11
5.8024951968503933
21
-4.3038858661417319
0
LINE
8
BLACK
6
CONTINUOUS
10
5.8024951968503933
20
-4.3038858661417319
11
5.8025519291338581
21
-4.3044619291338586
0
LINE
8
BLACK
6
CONTINUOUS
10
5.8025519291338581
20
-4.3044619291338586
11
5.8025519291338581
21
-4.3100862204724413
0
LINE
8
BLACK
6
CONTINUOUS
10
5.8025519291338581
20
-4.3100862204724413
11
5.8024951968503933
21
-4.3106622834645671
0
LINE
8
BLACK
6
CONTINUOUS
10
5.8024951968503933
20
-4.3106622834645671
11
5.8024546062992126
21
-4.3107602362204727
0
LINE
8
BLACK
6
CONTINUOUS
10
5.8024546062992126
20
-4.3107602362204727
11
5.8024470866141735
21
-4.3108661417322836
0
LINE
8
BLACK
6
CONTINUOUS
10
5.8024470866141735
20
-4.3108661417322836
11
5.8022401968503932
21
-4.3114067322834648
0
LINE
8
BLACK
6
CONTINUOUS
10
5.8022401968503932
20
-4.3114067322834648
11
5.8003654330708656
21
-4.3151562598425199
0
LINE
8
BLACK
6
CONTINUOUS
10
5.8003654330708656
20
-4.3151562598425199
11
5.8002093307086611
21
-4.3154042519685039
0
LINE
8
BLACK
6
CONTINUOUS
10
5.8002093307086611
20
-4.3154042519685039
11
5.8001795275590551
21
-4.3154762204724406
0
LINE
8
BLACK
6
CONTINUOUS
10
5.8001795275590551
20
-4.3154762204724406
11
5.8001130708661419
21
-4.3155571653543303
0
LINE
8
BLACK
6
CONTINUOUS
10
5.8001130708661419
20
-4.3155571653543303
11
5.8000570866141734
21
-4.3156461417322838
0
LINE
8
BLACK
6
CONTINUOUS
10
5.8000570866141734
20
-4.3156461417322838
11
5.7999980314960631
21
-4.3156973228346454
0
LINE
8
BLACK
6
CONTINUOUS
10
5.7999980314960631
20
-4.3156973228346454
11
5.7998122834645667
21
-4.3159237007874012
0
LINE
8
BLACK
6
CONTINUOUS
10
5.7998122834645667
20
-4.3159237007874012
11
5.7979374803149604
21
-4.3177984645669287
0
LINE
8
BLACK
6
CONTINUOUS
10
5.7979374803149604
20
-4.3177984645669287
11
5.7977111417322833
21
-4.3179841732283464
0
LINE
8
BLACK
6
CONTINUOUS
10
5.7977111417322833
20
-4.3179841732283464
11
5.7976599999999996
21
-4.318043188976378
0
LINE
8
BLACK
6
CONTINUOUS
10
5.7976599999999996
20
-4.318043188976378
11
5.7975710629921258
21
-4.3180991338582677
0
LINE
8
BLACK
6
CONTINUOUS
10
5.7975710629921258
20
-4.3180991338582677
11
5.7974900393700786
21
-4.3181656692913384
0
LINE
8
BLACK
6
CONTINUOUS
10
5.7974900393700786
20
-4.3181656692913384
11
5.7974179921259843
21
-4.3181954724409444
0
LINE
8
BLACK
6
CONTINUOUS
10
5.7974179921259843
20
-4.3181954724409444
11
5.7971701181102357
21
-4.318351535433071
0
LINE
8
BLACK
6
CONTINUOUS
10
5.7971701181102357
20
-4.318351535433071
11
5.7934205905511806
21
-4.3202262992125986
0
LINE
8
BLACK
6
CONTINUOUS
10
5.7934205905511806
20
-4.3202262992125986
11
5.7928799606299215
21
-4.3204331889763781
0
LINE
8
BLACK
6
CONTINUOUS
10
5.7928799606299215
20
-4.3204331889763781
11
5.7927741338582672
21
-4.3204406692913384
0
LINE
8
BLACK
6
CONTINUOUS
10
5.7927741338582672
20
-4.3204406692913384
11
5.792676141732283
21
-4.3204812992125987
0
LINE
8
BLACK
6
CONTINUOUS
10
5.792676141732283
20
-4.3204812992125987
11
5.7921000787401571
21
-4.3205380314960626
0
LINE
8
BLACK
6
CONTINUOUS
10
5.7921000787401571
20
-4.3205380314960626
11
5.7808514960629918
21
-4.3205380314960626
0
LINE
8
BLACK
6
CONTINUOUS
10
5.7808514960629918
20
-4.3205380314960626
11
5.7802754330708659
21
-4.3204812992125987
0
LINE
8
BLACK
6
CONTINUOUS
10
5.7802754330708659
20
-4.3204812992125987
11
5.7801774409448816
21
-4.3204407086614172
0
LINE
8
BLACK
6
CONTINUOUS
10
5.7801774409448816
20
-4.3204407086614172
11
5.7800715748031495
21
-4.3204331889763781
0
LINE
8
BLACK
6
CONTINUOUS
10
5.7800715748031495
20
-4.3204331889763781
11
5.7795309842519682
21
-4.3202262992125986
0
LINE
8
BLACK
6
CONTINUOUS
10
5.7795309842519682
20
-4.3202262992125986
11
5.7757814566929131
21
-4.318351535433071
0
LINE
8
BLACK
6
CONTINUOUS
10
5.7757814566929131
20
-4.318351535433071
11
5.7755334251968504
21
-4.3181954330708656
0
LINE
8
BLACK
6
CONTINUOUS
10
5.7755334251968504
20
-4.3181954330708656
11
5.7754614960629924
21
-4.3181656299212596
0
LINE
8
BLACK
6
CONTINUOUS
10
5.7754614960629924
20
-4.3181656299212596
11
5.7753805118110231
21
-4.3180991338582677
0
LINE
8
BLACK
6
CONTINUOUS
10
5.7753805118110231
20
-4.3180991338582677
11
5.7752915748031493
21
-4.318043188976378
0
LINE
8
BLACK
6
CONTINUOUS
10
5.7752915748031493
20
-4.318043188976378
11
5.7752403937007877
21
-4.3179841732283464
0
LINE
8
BLACK
6
CONTINUOUS
10
5.7752403937007877
20
-4.3179841732283464
11
5.7750140551181097
21
-4.31779842519685
0
LINE
8
BLACK
6
CONTINUOUS
10
5.7750140551181097
20
-4.31779842519685
11
5.7731392913385822
21
-4.3159236614173224
0
LINE
8
BLACK
6
CONTINUOUS
10
5.7731392913385822
20
-4.3159236614173224
11
5.7729535039370079
21
-4.3156972834645666
0
LINE
8
BLACK
6
CONTINUOUS
10
5.7729535039370079
20
-4.3156972834645666
11
5.7728945275590551
21
-4.3156461417322838
0
LINE
8
BLACK
6
CONTINUOUS
10
5.7728945275590551
20
-4.3156461417322838
11
5.7728385433070866
21
-4.3155571653543303
0
LINE
8
BLACK
6
CONTINUOUS
10
5.7728385433070866
20
-4.3155571653543303
11
5.7727720866141734
21
-4.3154762204724406
0
LINE
8
BLACK
6
CONTINUOUS
10
5.7727720866141734
20
-4.3154762204724406
11
5.7727422440944878
21
-4.3154042519685039
0
LINE
8
BLACK
6
CONTINUOUS
10
5.7727422440944878
20
-4.3154042519685039
11
5.772586181102362
21
-4.3151562598425199
0
LINE
8
BLACK
6
CONTINUOUS
10
5.772586181102362
20
-4.3151562598425199
11
5.7707114173228344
21
-4.3114067322834648
0
LINE
8
BLACK
6
CONTINUOUS
10
5.7707114173228344
20
-4.3114067322834648
11
5.770504527559055
21
-4.3108661023622048
0
LINE
8
BLACK
6
CONTINUOUS
10
5.770504527559055
20
-4.3108661023622048
11
5.7704970078740159
21
-4.3107602755905514
0
LINE
8
BLACK
6
CONTINUOUS
10
5.7704970078740159
20
-4.3107602755905514
11
5.7704564173228343
21
-4.3106622834645671
0
LINE
8
BLACK
6
CONTINUOUS
10
5.7704564173228343
20
-4.3106622834645671
11
5.7703996850393695
21
-4.3100862204724413
0
LINE
8
BLACK
6
CONTINUOUS
10
5.7703996850393695
20
-4.3100862204724413
11
5.7703996850393695
21
-4.3044619291338586
0
LINE
8
BLACK
6
CONTINUOUS
10
5.7703996850393695
20
-4.3044619291338586
11
5.7704564173228343
21
-4.3038858661417319
0
LINE
8
BLACK
6
CONTINUOUS
10
5.7704564173228343
20
-4.3038858661417319
11
5.7704970078740159
21
-4.3037878346456688
0
LINE
8
BLACK
6
CONTINUOUS
10
5.7704970078740159
20
-4.3037878346456688
11
5.770504527559055
21
-4.3036820472440942
0
LINE
8
BLACK
6
CONTINUOUS
10
5.770504527559055
20
-4.3036820472440942
11
5.7707114173228344
21
-4.3031414173228342
0
LINE
8
BLACK
6
CONTINUOUS
10
5.7707114173228344
20
-4.3031414173228342
11
5.772586181102362
21
-4.2993918897637791
0
LINE
8
BLACK
6
CONTINUOUS
10
5.772586181102362
20
-4.2993918897637791
11
5.7727422440944878
21
-4.2991438582677164
0
LINE
8
BLACK
6
CONTINUOUS
10
5.7727422440944878
20
-4.2991438582677164
11
5.7727720866141734
21
-4.2990719291338584
0
LINE
8
BLACK
6
CONTINUOUS
10
5.7727720866141734
20
-4.2990719291338584
11
5.7728385433070866
21
-4.2989909448818899
0
LINE
8
BLACK
6
CONTINUOUS
10
5.7728385433070866
20
-4.2989909448818899
11
5.7728945275590551
21
-4.2989020078740152
0
LINE
8
BLACK
6
CONTINUOUS
10
5.7728945275590551
20
-4.2989020078740152
11
5.7729535039370079
21
-4.2988508267716536
0
LINE
8
BLACK
6
CONTINUOUS
10
5.7729535039370079
20
-4.2988508267716536
11
5.7731392913385822
21
-4.2986244881889766
0
LINE
8
BLACK
6
CONTINUOUS
10
5.7731392913385822
20
-4.2986244881889766
11
5.7750140551181097
21
-4.296749724409449
0
LINE
8
BLACK
6
CONTINUOUS
10
5.7750140551181097
20
-4.296749724409449
11
5.7752403937007877
21
-4.2965639370078739
0
LINE
8
BLACK
6
CONTINUOUS
10
5.7752403937007877
20
-4.2965639370078739
11
5.7752915748031493
21
-4.296504960629921
0
LINE
8
BLACK
6
CONTINUOUS
10
5.7752915748031493
20
-4.296504960629921
11
5.7753805118110231
21
-4.2964489763779525
0
LINE
8
BLACK
6
CONTINUOUS
10
5.7753805118110231
20
-4.2964489763779525
11
5.7754614960629924
21
-4.2963825196850394
0
LINE
8
BLACK
6
CONTINUOUS
10
5.7754614960629924
20
-4.2963825196850394
11
5.7755334251968504
21
-4.2963526771653546
0
LINE
8
BLACK
6
CONTINUOUS
10
5.7755334251968504
20
-4.2963526771653546
11
5.7757814566929131
21
-4.296196614173228
0
LINE
8
BLACK
6
CONTINUOUS
10
5.7757814566929131
20
-4.296196614173228
11
5.7795309842519682
21
-4.2943218503937004
0
LINE
8
BLACK
6
CONTINUOUS
10
5.7795309842519682
20
-4.2943218503937004
11
5.7800715748031495
21
-4.2941149606299209
0
LINE
8
BLACK
6
CONTINUOUS
10
5.7800715748031495
20
-4.2941149606299209
11
5.7801774409448816
21
-4.2941074015748031
0
LINE
8
BLACK
6
CONTINUOUS
10
5.7801774409448816
20
-4.2941074015748031
11
5.7802754330708659
21
-4.2940668503937003
0
LINE
8
BLACK
6
CONTINUOUS
10
5.7802754330708659
20
-4.2940668503937003
11
5.7808514960629918
21
-4.2940101181102364
0
LINE
8
BLACK
6
CONTINUOUS
10
5.7808514960629918
20
-4.2940101181102364
11
5.7921000787401571
21
-4.2940101181102364
0
LINE
8
BLACK
6
CONTINUOUS
10
5.7921000787401571
20
-4.2940101181102364
11
5.792676141732283
21
-4.2940668503937003
0
LINE
8
BLACK
6
CONTINUOUS
10
5.7788510629921257
20
-4.3012643700787399
11
5.7776539370078739
21
-4.3024614960629917
0
LINE
8
BLACK
6
CONTINUOUS
10
5.7776539370078739
20
-4.3024614960629917
11
5.7763051968503936
21
-4.3051589763779523
0
LINE
8
BLACK
6
CONTINUOUS
10
5.7763051968503936
20
-4.3051589763779523
11
5.7763051968503936
21
-4.3093891732283467
0
LINE
8
BLACK
6
CONTINUOUS
10
5.7763051968503936
20
-4.3093891732283467
11
5.7776539370078739
21
-4.3120866535433073
0
LINE
8
BLACK
6
CONTINUOUS
10
5.7776539370078739
20
-4.3120866535433073
11
5.7788510629921257
21
-4.3132837795275591
0
LINE
8
BLACK
6
CONTINUOUS
10
5.7788510629921257
20
-4.3132837795275591
11
5.7815485433070863
21
-4.3146325196850395
0
LINE
8
BLACK
6
CONTINUOUS
10
5.7815485433070863
20
-4.3146325196850395
11
5.7914030314960625
21
-4.3146325196850395
0
LINE
8
BLACK
6
CONTINUOUS
10
5.7914030314960625
20
-4.3146325196850395
11
5.7941005118110231
21
-4.3132837401574804
0
LINE
8
BLACK
6
CONTINUOUS
10
5.7941005118110231
20
-4.3132837401574804
11
5.7952976771653546
21
-4.3120866141732286
0
LINE
8
BLACK
6
CONTINUOUS
10
5.7952976771653546
20
-4.3120866141732286
11
5.7966464173228349
21
-4.3093891732283467
0
LINE
8
BLACK
6
CONTINUOUS
10
5.7966464173228349
20
-4.3093891732283467
11
5.7966464173228349
21
-4.3051589763779523
0
LINE
8
BLACK
6
CONTINUOUS
10
5.7966464173228349
20
-4.3051589763779523
11
5.7952976771653546
21
-4.3024614960629917
0
LINE
8
BLACK
6
CONTINUOUS
10
5.7952976771653546
20
-4.3024614960629917
11
5.7941005118110231
21
-4.3012643700787399
0
LINE
8
BLACK
6
CONTINUOUS
10
5.7941005118110231
20
-4.3012643700787399
11
5.7914030314960625
21
-4.2999156299212595
0
LINE
8
BLACK
6
CONTINUOUS
10
5.7914030314960625
20
-4.2999156299212595
11
5.7815485433070863
21
-4.2999156299212595
0
LINE
8
BLACK
6
CONTINUOUS
10
5.7815485433070863
20
-4.2999156299212595
11
5.7788510629921257
21
-4.3012643700787399
0
LINE
8
BLACK
6
CONTINUOUS
10
5.7828267716535429
20
-4.2546499212598423
11
5.7828698031496062
21
-4.2546435433070862
0
LINE
8
BLACK
6
CONTINUOUS
10
5.7828698031496062
20
-4.2546435433070862
11
5.7830852755905511
21
-4.2546753937007873
0
LINE
8
BLACK
6
CONTINUOUS
10
5.7830852755905511
20
-4.2546753937007873
11
5.7833023228346452
21
-4.2546967716535429
0
LINE
8
BLACK
6
CONTINUOUS
10
5.7833023228346452
20
-4.2546967716535429
11
5.7833425196850392
21
-4.2547133858267712
0
LINE
8
BLACK
6
CONTINUOUS
10
5.7833425196850392
20
-4.2547133858267712
11
5.7834424015748027
21
-4.2547281889763777
0
LINE
8
BLACK
6
CONTINUOUS
10
5.7834424015748027
20
-4.2547281889763777
11
5.7909414566929129
21
-4.2566029527559053
0
LINE
8
BLACK
6
CONTINUOUS
10
5.7909414566929129
20
-4.2566029527559053
11
5.7909839370078737
21
-4.2566181102362206
0
LINE
8
BLACK
6
CONTINUOUS
10
5.7909839370078737
20
-4.2566181102362206
11
5.7910051968503939
21
-4.2566196456692911
0
LINE
8
BLACK
6
CONTINUOUS
10
5.7910051968503939
20
-4.2566196456692911
11
5.7912446062992124
21
-4.2567112598425192
0
LINE
8
BLACK
6
CONTINUOUS
10
5.7912446062992124
20
-4.2567112598425192
11
5.7914865748031499
21
-4.2567977165354334
0
LINE
8
BLACK
6
CONTINUOUS
10
5.7914865748031499
20
-4.2567977165354334
11
5.7915037007874011
21
-4.2568103937007873
0
LINE
8
BLACK
6
CONTINUOUS
10
5.7915037007874011
20
-4.2568103937007873
11
5.7915458267716531
21
-4.2568265354330705
0
LINE
8
BLACK
6
CONTINUOUS
10
5.7915458267716531
20
-4.2568265354330705
11
5.7952953543307082
21
-4.2587012992125981
0
LINE
8
BLACK
6
CONTINUOUS
10
5.7952953543307082
20
-4.2587012992125981
11
5.7955432283464567
21
-4.2588573228346451
0
LINE
8
BLACK
6
CONTINUOUS
10
5.7955432283464567
20
-4.2588573228346451
11
5.795615275590551
21
-4.2588871653543308
0
LINE
8
BLACK
6
CONTINUOUS
10
5.795615275590551
20
-4.2588871653543308
11
5.7956962992125982
21
-4.2589536614173227
0
LINE
8
BLACK
6
CONTINUOUS
10
5.7956962992125982
20
-4.2589536614173227
11
5.795785236220472
21
-4.2590096456692912
0
LINE
8
BLACK
6
CONTINUOUS
10
5.795785236220472
20
-4.2590096456692912
11
5.7958363779527557
21
-4.259068622047244
0
LINE
8
BLACK
6
CONTINUOUS
10
5.7958363779527557
20
-4.259068622047244
11
5.7960627559055116
21
-4.2592544094488192
0
LINE
8
BLACK
6
CONTINUOUS
10
5.7960627559055116
20
-4.2592544094488192
11
5.7998123228346454
21
-4.2630039370078743
0
LINE
8
BLACK
6
CONTINUOUS
10
5.7998123228346454
20
-4.2630039370078743
11
5.8001795669291338
21
-4.2634513779527561
0
LINE
8
BLACK
6
CONTINUOUS
10
5.8001795669291338
20
-4.2634513779527561
11
5.8002201574803145
21
-4.2635494094488191
0
LINE
8
BLACK
6
CONTINUOUS
10
5.8002201574803145
20
-4.2635494094488191
11
5.8002896456692916
21
-4.263629527559055
0
LINE
8
BLACK
6
CONTINUOUS
10
5.8002896456692916
20
-4.263629527559055
11
5.8005256299212595
21
-4.2641581102362203
0
LINE
8
BLACK
6
CONTINUOUS
10
5.8005256299212595
20
-4.2641581102362203
11
5.8024003937007871
21
-4.2697823622047242
0
LINE
8
BLACK
6
CONTINUOUS
10
5.8024003937007871
20
-4.2697823622047242
11
5.8024653149606298
21
-4.2700679921259841
0
LINE
8
BLACK
6
CONTINUOUS
10
5.8024653149606298
20
-4.2700679921259841
11
5.8024951968503933
21
-4.2701400787401571
0
LINE
8
BLACK
6
CONTINUOUS
10
5.8024951968503933
20
-4.2701400787401571
11
5.8025054724409451
21
-4.270244527559055
0
LINE
8
BLACK
6
CONTINUOUS
10
5.8025054724409451
20
-4.270244527559055
11
5.8025287401574799
21
-4.2703468110236216
0
LINE
8
BLACK
6
CONTINUOUS
10
5.8025287401574799
20
-4.2703468110236216
11
5.8025231889763775
21
-4.2704245275590553
0
LINE
8
BLACK
6
CONTINUOUS
10
5.8025231889763775
20
-4.2704245275590553
11
5.8025519291338581
21
-4.270716141732283
0
LINE
8
BLACK
6
CONTINUOUS
10
5.8025519291338581
20
-4.270716141732283
11
5.8025519291338581
21
-4.2744656692913381
0
LINE
8
BLACK
6
CONTINUOUS
10
5.8025519291338581
20
-4.2744656692913381
11
5.8025231889763775
21
-4.2747572440944879
0
LINE
8
BLACK
6
CONTINUOUS
10
5.8025231889763775
20
-4.2747572440944879
11
5.8025287401574799
21
-4.2748349999999995
0
LINE
8
BLACK
6
CONTINUOUS
10
5.8025287401574799
20
-4.2748349999999995
11
5.8025054724409451
21
-4.2749372440944882
0
LINE
8
BLACK
6
CONTINUOUS
10
5.8025054724409451
20
-4.2749372440944882
11
5.8024951968503933
21
-4.2750417322834648
0
LINE
8
BLACK
6
CONTINUOUS
10
5.8024951968503933
20
-4.2750417322834648
11
5.8024653149606298
21
-4.2751137795275591
0
LINE
8
BLACK
6
CONTINUOUS
10
5.8024653149606298
20
-4.2751137795275591
11
5.8024003937007871
21
-4.2753994488188978
0
LINE
8
BLACK
6
CONTINUOUS
10
5.8024003937007871
20
-4.2753994488188978
11
5.8005256299212595
21
-4.2810237007874017
0
LINE
8
BLACK
6
CONTINUOUS
10
5.8005256299212595
20
-4.2810237007874017
11
5.8002896456692916
21
-4.281552283464567
0
LINE
8
BLACK
6
CONTINUOUS
10
5.8002896456692916
20
-4.281552283464567
11
5.800220078740157
21
-4.2816324409448816
0
LINE
8
BLACK
6
CONTINUOUS
10
5.800220078740157
20
-4.2816324409448816
11
5.8001795275590551
21
-4.2817304330708659
0
LINE
8
BLACK
6
CONTINUOUS
10
5.8001795275590551
20
-4.2817304330708659
11
5.7998122834645667
21
-4.2821779133858264
0
LINE
8
BLACK
6
CONTINUOUS
10
5.7998122834645667
20
-4.2821779133858264
11
5.7979374803149604
21
-4.284052677165354
0
LINE
8
BLACK
6
CONTINUOUS
10
5.7979374803149604
20
-4.284052677165354
11
5.7974900393700786
21
-4.2844198818897636
0
LINE
8
BLACK
6
CONTINUOUS
10
5.7974900393700786
20
-4.2844198818897636
11
5.7964256299212593
21
-4.2848607480314955
0
LINE
8
BLACK
6
CONTINUOUS
10
5.7964256299212593
20
-4.2848607480314955
11
5.7952735433070863
21
-4.2848607480314955
0
LINE
8
BLACK
6
CONTINUOUS
10
5.7952735433070863
20
-4.2848607480314955
11
5.794209133858268
21
-4.2844198425196849
0
LINE
8
BLACK
6
CONTINUOUS
10
5.794209133858268
20
-4.2844198425196849
11
5.7933944488188978
21
-4.2836051574803147
0
LINE
8
BLACK
6
CONTINUOUS
10
5.7933944488188978
20
-4.2836051574803147
11
5.792953582677165
21
-4.2825407480314963
0
LINE
8
BLACK
6
CONTINUOUS
10
5.792953582677165
20
-4.2825407480314963
11
5.792953582677165
21
-4.2813886614173224
0
LINE
8
BLACK
6
CONTINUOUS
10
5.792953582677165
20
-4.2813886614173224
11
5.7933944881889765
21
-4.2803242519685041
0
LINE
8
BLACK
6
CONTINUOUS
10
5.7933944881889765
20
-4.2803242519685041
11
5.793761732283464
21
-4.2798767716535435
0
LINE
8
BLACK
6
CONTINUOUS
10
5.793761732283464
20
-4.2798767716535435
11
5.7951436220472443
21
-4.2784948818897641
0
LINE
8
BLACK
6
CONTINUOUS
10
5.7951436220472443
20
-4.2784948818897641
11
5.7966464173228349
21
-4.2739865354330711
0
LINE
8
BLACK
6
CONTINUOUS
10
5.7966464173228349
20
-4.2739865354330711
11
5.7966464173228349
21
-4.2711952755905509
0
LINE
8
BLACK
6
CONTINUOUS
10
5.7966464173228349
20
-4.2711952755905509
11
5.7951436220472443
21
-4.2666868897637791
0
LINE
8
BLACK
6
CONTINUOUS
10
5.7951436220472443
20
-4.2666868897637791
11
5.7922257480314956
21
-4.26376905511811
0
LINE
8
BLACK
6
CONTINUOUS
10
5.7922257480314956
20
-4.26376905511811
11
5.7891947637795278
21
-4.2622535433070867
0
LINE
8
BLACK
6
CONTINUOUS
10
5.7891947637795278
20
-4.2622535433070867
11
5.7823627165354328
21
-4.2605455511811021
0
LINE
8
BLACK
6
CONTINUOUS
10
5.7823627165354328
20
-4.2605455511811021
11
5.7774655118110232
21
-4.2605455511811021
0
LINE
8
BLACK
6
CONTINUOUS
10
5.7774655118110232
20
-4.2605455511811021
11
5.770633464566929
21
-4.2622535433070867
0
LINE
8
BLACK
6
CONTINUOUS
10
5.770633464566929
20
-4.2622535433070867
11
5.7676024803149604
21
-4.26376905511811
0
LINE
8
BLACK
6
CONTINUOUS
10
5.7676024803149604
20
-4.26376905511811
11
5.7646846456692913
21
-4.2666868503937003
0
LINE
8
BLACK
6
CONTINUOUS
10
5.7646846456692913
20
-4.2666868503937003
11
5.7631818503937007
21
-4.2711952755905509
0
LINE
8
BLACK
6
CONTINUOUS
10
5.7631818503937007
20
-4.2711952755905509
11
5.7631818503937007
21
-4.2739864960629923
0
LINE
8
BLACK
6
CONTINUOUS
10
5.7631818503937007
20
-4.2739864960629923
11
5.7646846456692913
21
-4.278494921259842
0
LINE
8
BLACK
6
CONTINUOUS
10
5.7646846456692913
20
-4.278494921259842
11
5.7660665354330707
21
-4.2798768110236223
0
LINE
8
BLACK
6
CONTINUOUS
10
5.7660665354330707
20
-4.2798768110236223
11
5.7664337401574803
21
-4.2803242519685041
0
LINE
8
BLACK
6
CONTINUOUS
10
5.7664337401574803
20
-4.2803242519685041
11
5.766874645669291
21
-4.2813886614173224
0
LINE
8
BLACK
6
CONTINUOUS
10
5.766874645669291
20
-4.2813886614173224
11
5.766874645669291
21
-4.2825407480314963
0
LINE
8
BLACK
6
CONTINUOUS
10
5.766874645669291
20
-4.2825407480314963
11
5.7664337401574803
21
-4.2836051574803147
0
LINE
8
BLACK
6
CONTINUOUS
10
5.7664337401574803
20
-4.2836051574803147
11
5.7656190551181101
21
-4.2844198425196849
0
LINE
8
BLACK
6
CONTINUOUS
10
5.7656190551181101
20
-4.2844198425196849
11
5.7645546456692909
21
-4.2848607480314955
0
LINE
8
BLACK
6
CONTINUOUS
10
5.7645546456692909
20
-4.2848607480314955
11
5.7634025590551179
21
-4.2848607480314955
0
LINE
8
BLACK
6
CONTINUOUS
10
5.7634025590551179
20
-4.2848607480314955
11
5.7623381496062986
21
-4.2844198425196849
0
LINE
8
BLACK
6
CONTINUOUS
10
5.7623381496062986
20
-4.2844198425196849
11
5.7618907086614168
21
-4.2840526377952752
0
LINE
8
BLACK
6
CONTINUOUS
10
5.7618907086614168
20
-4.2840526377952752
11
5.7600159448818893
21
-4.2821778740157477
0
LINE
8
BLACK
6
CONTINUOUS
10
5.7600159448818893
20
-4.2821778740157477
11
5.7596487401574805
21
-4.2817304330708659
0
LINE
8
BLACK
6
CONTINUOUS
10
5.7596487401574805
20
-4.2817304330708659
11
5.7596081102362202
21
-4.2816323622047241
0
LINE
8
BLACK
6
CONTINUOUS
10
5.7596081102362202
20
-4.2816323622047241
11
5.759538622047244
21
-4.2815522440944882
0
LINE
8
BLACK
6
CONTINUOUS
10
5.759538622047244
20
-4.2815522440944882
11
5.7593026377952752
21
-4.2810237007874017
0
LINE
8
BLACK
6
CONTINUOUS
10
5.7593026377952752
20
-4.2810237007874017
11
5.7574278740157476
21
-4.275399409448819
0
LINE
8
BLACK
6
CONTINUOUS
10
5.7574278740157476
20
-4.275399409448819
11
5.7573629133858271
21
-4.2751138188976379
0
LINE
8
BLACK
6
CONTINUOUS
10
5.7573629133858271
20
-4.2751138188976379
11
5.7573330708661414
21
-4.2750417322834648
0
LINE
8
BLACK
6
CONTINUOUS
10
5.7573330708661414
20
-4.2750417322834648
11
5.7573227559055118
21
-4.2749372047244094
0
LINE
8
BLACK
6
CONTINUOUS
10
5.7573227559055118
20
-4.2749372047244094
11
5.7572995275590548
21
-4.2748349606299207
0
LINE
8
BLACK
6
CONTINUOUS
10
5.7572995275590548
20
-4.2748349606299207
11
5.7573050393700784
21
-4.2747572047244091
0
LINE
8
BLACK
6
CONTINUOUS
10
5.7573050393700784
20
-4.2747572047244091
11
5.7572763385826766
21
-4.2744656692913381
0
LINE
8
BLACK
6
CONTINUOUS
10
5.7572763385826766
20
-4.2744656692913381
11
5.7572763385826766
21
-4.270716141732283
0
LINE
8
BLACK
6
CONTINUOUS
10
5.7572763385826766
20
-4.270716141732283
11
5.7573050393700784
21
-4.2704245669291341
0
LINE
8
BLACK
6
CONTINUOUS
10
5.7573050393700784
20
-4.2704245669291341
11
5.7572995275590548
21
-4.2703468503937003
0
LINE
8
BLACK
6
CONTINUOUS
10
5.7572995275590548
20
-4.2703468503937003
11
5.7573227559055118
21
-4.2702445669291338
0
LINE
8
BLACK
6
CONTINUOUS
10
5.7573227559055118
20
-4.2702445669291338
11
5.7573330708661414
21
-4.2701400787401571
0
LINE
8
BLACK
6
CONTINUOUS
10
5.7573330708661414
20
-4.2701400787401571
11
5.7573629133858271
21
-4.2700679527559053
0
LINE
8
BLACK
6
CONTINUOUS
10
5.7573629133858271
20
-4.2700679527559053
11
5.7574278740157476
21
-4.2697824015748029
0
LINE
8
BLACK
6
CONTINUOUS
10
5.7574278740157476
20
-4.2697824015748029
11
5.7593026377952752
21
-4.2641581102362203
0
LINE
8
BLACK
6
CONTINUOUS
10
5.7593026377952752
20
-4.2641581102362203
11
5.759538622047244
21
-4.2636295669291338
0
LINE
8
BLACK
6
CONTINUOUS
10
5.759538622047244
20
-4.2636295669291338
11
5.7596081102362202
21
-4.2635494094488191
0
LINE
8
BLACK
6
CONTINUOUS
10
5.7596081102362202
20
-4.2635494094488191
11
5.7596487401574805
21
-4.2634513779527561
0
LINE
8
BLACK
6
CONTINUOUS
10
5.7596487401574805
20
-4.2634513779527561
11
5.7600159448818893
21
-4.2630039370078743
0
LINE
8
BLACK
6
CONTINUOUS
10
5.7600159448818893
20
-4.2630039370078743
11
5.7637654724409444
21
-4.2592544094488192
0
LINE
8
BLACK
6
CONTINUOUS
10
5.7637654724409444
20
-4.2592544094488192
11
5.7639918503937011
21
-4.2590685433070865
0
LINE
8
BLACK
6
CONTINUOUS
10
5.7639918503937011
20
-4.2590685433070865
11
5.7640429921259839
21
-4.2590096456692912
0
LINE
8
BLACK
6
CONTINUOUS
10
5.7640429921259839
20
-4.2590096456692912
11
5.7641317322834649
21
-4.2589537401574802
0
LINE
8
BLACK
6
CONTINUOUS
10
5.7641317322834649
20
-4.2589537401574802
11
5.7642129133858262
21
-4.2588871653543308
0
LINE
8
BLACK
6
CONTINUOUS
10
5.7642129133858262
20
-4.2588871653543308
11
5.7642850393700789
21
-4.2588572834645673
0
LINE
8
BLACK
6
CONTINUOUS
10
5.7642850393700789
20
-4.2588572834645673
11
5.7645328740157478
21
-4.2587012992125981
0
LINE
8
BLACK
6
CONTINUOUS
10
5.7645328740157478
20
-4.2587012992125981
11
5.7682824015748029
21
-4.2568265354330705
0
LINE
8
BLACK
6
CONTINUOUS
10
5.7682824015748029
20
-4.2568265354330705
11
5.7683244881889761
21
-4.2568103937007873
0
LINE
8
BLACK
6
CONTINUOUS
10
5.7683244881889761
20
-4.2568103937007873
11
5.768341653543307
21
-4.2567977165354334
0
LINE
8
BLACK
6
CONTINUOUS
10
5.768341653543307
20
-4.2567977165354334
11
5.7685832283464569
21
-4.2567113779527554
0
LINE
8
BLACK
6
CONTINUOUS
10
5.7685832283464569
20
-4.2567113779527554
11
5.7688229921259842
21
-4.2566196456692911
0
LINE
8
BLACK
6
CONTINUOUS
10
5.7688229921259842
20
-4.2566196456692911
11
5.7688442519685035
21
-4.2566181102362206
0
LINE
8
BLACK
6
CONTINUOUS
10
5.7688442519685035
20
-4.2566181102362206
11
5.768886771653543
21
-4.2566029527559053
0
LINE
8
BLACK
6
CONTINUOUS
10
5.768886771653543
20
-4.2566029527559053
11
5.7763858267716532
21
-4.2547281889763777
0
LINE
8
BLACK
6
CONTINUOUS
10
5.7763858267716532
20
-4.2547281889763777
11
5.7764856692913389
21
-4.2547133858267712
0
LINE
8
BLACK
6
CONTINUOUS
10
5.7764856692913389
20
-4.2547133858267712
11
5.7765259055118108
21
-4.2546967716535429
0
LINE
8
BLACK
6
CONTINUOUS
10
5.7765259055118108
20
-4.2546967716535429
11
5.776742913385827
21
-4.2546753937007873
0
LINE
8
BLACK
6
CONTINUOUS
10
5.776742913385827
20
-4.2546753937007873
11
5.7769584251968507
21
-4.2546435433070862
0
LINE
8
BLACK
6
CONTINUOUS
10
5.7769584251968507
20
-4.2546435433070862
11
5.7770014173228343
21
-4.2546499212598423
0
LINE
8
BLACK
6
CONTINUOUS
10
5.7770014173228343
20
-4.2546499212598423
11
5.7771019685039366
21
-4.254640039370079
0
LINE
8
BLACK
6
CONTINUOUS
10
5.7771019685039366
20
-4.254640039370079
11
5.7827262598425193
21
-4.254640039370079
0
LINE
8
BLACK
6
CONTINUOUS
10
5.7827262598425193
20
-4.254640039370079
11
5.7828267716535429
21
-4.2546499212598423
0
CIRCLE
8
BLACK
10
5.3346456692913389
20
-2.3228346456692912
40
0.0068897637795276
0
CIRCLE
8
BLACK
10
5.3346456692913389
20
-2.2736220472440944
40
0.0068897637795276
0
CIRCLE
8
BLACK
10
5.3346456692913389
20
-2.2244094488188977
40
0.0068897637795276
0
CIRCLE
8
BLACK
10
5.3346456692913389
20
-2.1751968503937009
40
0.0068897637795276
0
CIRCLE
8
BLACK
10
5.3346456692913389
20
-2.1259842519685037
40
0.0068897637795276
0
CIRCLE
8
BLACK
10
5.9753937007874018
20
-4.4291338582677167
40
0.0068897637795276
0
CIRCLE
8
BLACK
10
5.8753937007874013
20
-4.4291338582677167
40
0.0068897637795276
0
CIRCLE
8
BLACK
10
5.4921259842519685
20
-4.8196850393700785
40
0.0068897637795276
0
CIRCLE
8
BLACK
10
5.392125984251968
20
-4.8196850393700785
40
0.0068897637795276
0
CIRCLE
8
BLACK
10
5.4921259842519685
20
-4.9196850393700791
40
0.0068897637795276
0
CIRCLE
8
BLACK
10
5.392125984251968
20
-4.9196850393700791
40
0.0068897637795276
0
CIRCLE
8
BLACK
10
5.4921259842519685
20
-5.0196850393700787
40
0.0068897637795276
0
CIRCLE
8
BLACK
10
5.392125984251968
20
-5.0196850393700787
40
0.0068897637795276
0
CIRCLE
8
BLACK
10
5.4921259842519685
20
-5.1196850393700783
40
0.0068897637795276
0
CIRCLE
8
BLACK
10
5.392125984251968
20
-5.1196850393700783
40
0.0068897637795276
0
CIRCLE
8
BLACK
10
5.4921259842519685
20
-5.2196850393700789
40
0.0068897637795276
0
CIRCLE
8
BLACK
10
5.392125984251968
20
-5.2196850393700789
40
0.0068897637795276
0
CIRCLE
8
BLACK
10
5.3346456692913389
20
-2.3228346456692912
40
0.0068897637795276
0
CIRCLE
8
BLACK
10
5.3346456692913389
20
-2.2736220472440944
40
0.0068897637795276
0
CIRCLE
8
BLACK
10
5.3346456692913389
20
-2.2244094488188977
40
0.0068897637795276
0
CIRCLE
8
BLACK
10
5.3346456692913389
20
-2.1751968503937009
40
0.0068897637795276
0
CIRCLE
8
BLACK
10
5.3346456692913389
20
-2.1259842519685037
40
0.0068897637795276
0
CIRCLE
8
BLACK
10
5.9753937007874018
20
-4.4291338582677167
40
0.0068897637795276
0
CIRCLE
8
BLACK
10
5.8753937007874013
20
-4.4291338582677167
40
0.0068897637795276
0
CIRCLE
8
BLACK
10
5.4921259842519685
20
-4.8196850393700785
40
0.0068897637795276
0
CIRCLE
8
BLACK
10
5.392125984251968
20
-4.8196850393700785
40
0.0068897637795276
0
CIRCLE
8
BLACK
10
5.4921259842519685
20
-4.9196850393700791
40
0.0068897637795276
0
CIRCLE
8
BLACK
10
5.392125984251968
20
-4.9196850393700791
40
0.0068897637795276
0
CIRCLE
8
BLACK
10
5.4921259842519685
20
-5.0196850393700787
40
0.0068897637795276
0
CIRCLE
8
BLACK
10
5.392125984251968
20
-5.0196850393700787
40
0.0068897637795276
0
CIRCLE
8
BLACK
10
5.4921259842519685
20
-5.1196850393700783
40
0.0068897637795276
0
CIRCLE
8
BLACK
10
5.392125984251968
20
-5.1196850393700783
40
0.0068897637795276
0
CIRCLE
8
BLACK
10
5.4921259842519685
20
-5.2196850393700789
40
0.0068897637795276
0
CIRCLE
8
BLACK
10
5.392125984251968
20
-5.2196850393700789
40
0.0068897637795276
  0
ENDSEC
  0
EOF
