  0
SECTION
  2
HEADER
  9
$ANGBASE
  50
0.0
  9
$ANGDIR
  70
1
  9
$MEASUREMENT
  70
0
  0
ENDSEC
  0
SECTION
  2
TABLES
  0
TABLE
  2
LTYPE
  70
4
  0
LTYPE
  5
40F
  2
CONTINUOUS
  70
0
  3
Solid line
  72
65
  73
0
  40
0.0
  0
LTYPE
  5
410
  2
DASHDOT
 70
0
  3
Dash Dot ____ _ ____ _
 72
65
 73
4
 40
2.0
 49
1.25
 49
-0.25
 49
0.25
 49
-0.25
  0
LTYPE
  5
411
  2
DASHED
 70
0
  3
Dashed __ __ __ __ __
 72
65
 73
2
 40
0.75
 49
0.5
 49
-0.25
  0
LTYPE
  5
43B
  2
DOTTED
 70
0
  3
Dotted .  .  .  .
 72
65
 73
2
 40
0.2
 49
0.0
 49
-0.2
  0
ENDTAB
  0
TABLE
  2
STYLE
  70
4
  0
STYLE
  2
KICAD
  70
0
  40
0
  41
1
  42
1
  50
0
  71
0
  3
isocp.shx
  0
STYLE
  2
KICADB
  70
0
  40
0
  41
1
  42
1
  50
0
  71
0
  3
isocp.shx
  0
STYLE
  2
KICADI
  70
0
  40
0
  41
1
  42
1
  50
15
  71
0
  3
isocp.shx
  0
STYLE
  2
KICADBI
  70
0
  40
0
  41
1
  42
1
  50
15
  71
0
  3
isocp.shx
  0
ENDTAB
  0
TABLE
  2
LAYER
  70
1
  0
LAYER
  2
BLACK
  70
0
  62
7
  6
CONTINUOUS
  0
ENDTAB
  0
ENDSEC
  0
SECTION
  2
ENTITIES
0
LINE
8
BLACK
6
CONTINUOUS
10
6.7244915748031495
20
-5.8255247637795273
11
6.9312309842519682
21
-6.0251707086614168
0
LINE
8
BLACK
6
CONTINUOUS
10
6.9312309842519682
20
-6.0251707086614168
11
6.9314498818897636
21
-6.0254862204724411
0
LINE
8
BLACK
6
CONTINUOUS
10
6.9314498818897636
20
-6.0254862204724411
11
6.9314630314960626
21
-6.0262394488188971
0
LINE
8
BLACK
6
CONTINUOUS
10
6.9314630314960626
20
-6.0262394488188971
11
6.9312552755905514
21
-6.0265624015748029
0
LINE
8
BLACK
6
CONTINUOUS
10
6.9312552755905514
20
-6.0265624015748029
11
6.7808371259842515
21
-6.1823249606299209
0
LINE
8
BLACK
6
CONTINUOUS
10
6.7808371259842515
20
-6.1823249606299209
11
6.7805216141732281
21
-6.1825438582677164
0
LINE
8
BLACK
6
CONTINUOUS
10
6.7805216141732281
20
-6.1825438582677164
11
6.7797683858267712
21
-6.1825570078740153
0
LINE
8
BLACK
6
CONTINUOUS
10
6.7797683858267712
20
-6.1825570078740153
11
6.7794454330708662
21
-6.1823492913385829
0
LINE
8
BLACK
6
CONTINUOUS
10
6.7794454330708662
20
-6.1823492913385829
11
6.5727060236220467
21
-5.9827033070866138
0
LINE
8
BLACK
6
CONTINUOUS
10
6.5727060236220467
20
-5.9827033070866138
11
6.5724871259842521
21
-5.9823877952755904
0
LINE
8
BLACK
6
CONTINUOUS
10
6.5724871259842521
20
-5.9823877952755904
11
6.5724739763779523
21
-5.9816345669291335
0
LINE
8
BLACK
6
CONTINUOUS
10
6.5724739763779523
20
-5.9816345669291335
11
6.5726817322834643
21
-5.9813116141732285
0
LINE
8
BLACK
6
CONTINUOUS
10
6.5726817322834643
20
-5.9813116141732285
11
6.7230998425196846
21
-5.8255490551181097
0
LINE
8
BLACK
6
CONTINUOUS
10
6.7230998425196846
20
-5.8255490551181097
11
6.7234153937007877
21
-5.8253301574803151
0
LINE
8
BLACK
6
CONTINUOUS
10
6.7234153937007877
20
-5.8253301574803151
11
6.7241686220472436
21
-5.8253170078740153
0
LINE
8
BLACK
6
CONTINUOUS
10
6.7241686220472436
20
-5.8253170078740153
11
6.7244915748031495
21
-5.8255247637795273
0
LINE
8
BLACK
6
CONTINUOUS
10
6.574781377952756
20
-5.9819709842519684
11
6.7801048031496061
21
-6.180249527559055
0
LINE
8
BLACK
6
CONTINUOUS
10
6.7801048031496061
20
-6.180249527559055
11
6.9291555118110235
21
-6.0259029921259843
0
LINE
8
BLACK
6
CONTINUOUS
10
6.9291555118110235
20
-6.0259029921259843
11
6.7238321653543309
21
-5.8276244488188977
0
LINE
8
BLACK
6
CONTINUOUS
10
6.7238321653543309
20
-5.8276244488188977
11
6.574781377952756
21
-5.9819709842519684
0
LINE
8
BLACK
6
CONTINUOUS
10
4.7543136614173225
20
-5.7018465748031497
11
4.7548463385826771
21
-5.7023792519685035
0
LINE
8
BLACK
6
CONTINUOUS
10
4.7548463385826771
20
-5.7023792519685035
11
4.7549212598425195
21
-5.7027559055118111
0
LINE
8
BLACK
6
CONTINUOUS
10
4.7549212598425195
20
-5.7027559055118111
11
4.7549212598425195
21
-5.9901574803149602
0
LINE
8
BLACK
6
CONTINUOUS
10
4.7549212598425195
20
-5.9901574803149602
11
4.7548463385826771
21
-5.9905341338582678
0
LINE
8
BLACK
6
CONTINUOUS
10
4.7548463385826771
20
-5.9905341338582678
11
4.7543136614173225
21
-5.9910668110236216
0
LINE
8
BLACK
6
CONTINUOUS
10
4.7543136614173225
20
-5.9910668110236216
11
4.7539370078740157
21
-5.9911417322834648
0
LINE
8
BLACK
6
CONTINUOUS
10
4.7539370078740157
20
-5.9911417322834648
11
4.5374015748031491
21
-5.9911417322834648
0
LINE
8
BLACK
6
CONTINUOUS
10
4.5374015748031491
20
-5.9911417322834648
11
4.5370249212598424
21
-5.9910668110236216
0
LINE
8
BLACK
6
CONTINUOUS
10
4.5370249212598424
20
-5.9910668110236216
11
4.5364922440944877
21
-5.9905341338582678
0
LINE
8
BLACK
6
CONTINUOUS
10
4.5364922440944877
20
-5.9905341338582678
11
4.5364173228346454
21
-5.9901574803149602
0
LINE
8
BLACK
6
CONTINUOUS
10
4.5364173228346454
20
-5.9901574803149602
11
4.5364173228346454
21
-5.7027559055118111
0
LINE
8
BLACK
6
CONTINUOUS
10
4.5364173228346454
20
-5.7027559055118111
11
4.5364922440944877
21
-5.7023792519685035
0
LINE
8
BLACK
6
CONTINUOUS
10
4.5364922440944877
20
-5.7023792519685035
11
4.5370249212598424
21
-5.7018465748031497
0
LINE
8
BLACK
6
CONTINUOUS
10
4.5370249212598424
20
-5.7018465748031497
11
4.5374015748031491
21
-5.7017716535433074
0
LINE
8
BLACK
6
CONTINUOUS
10
4.5374015748031491
20
-5.7017716535433074
11
4.7539370078740157
21
-5.7017716535433074
0
LINE
8
BLACK
6
CONTINUOUS
10
4.7539370078740157
20
-5.7017716535433074
11
4.7543136614173225
21
-5.7018465748031497
0
LINE
8
BLACK
6
CONTINUOUS
10
4.5383858267716537
20
-5.7037401574803148
11
4.5383858267716537
21
-5.9891732283464565
0
LINE
8
BLACK
6
CONTINUOUS
10
4.5383858267716537
20
-5.9891732283464565
11
4.752952755905512
21
-5.9891732283464565
0
LINE
8
BLACK
6
CONTINUOUS
10
4.752952755905512
20
-5.9891732283464565
11
4.752952755905512
21
-5.7037401574803148
0
LINE
8
BLACK
6
CONTINUOUS
10
4.752952755905512
20
-5.7037401574803148
11
4.5383858267716537
21
-5.7037401574803148
0
LINE
8
BLACK
6
CONTINUOUS
10
5.2661246850393697
20
-5.7018465748031497
11
5.2666573622047244
21
-5.7023792519685035
0
LINE
8
BLACK
6
CONTINUOUS
10
5.2666573622047244
20
-5.7023792519685035
11
5.2667322834645667
21
-5.7027559055118111
0
LINE
8
BLACK
6
CONTINUOUS
10
5.2667322834645667
20
-5.7027559055118111
11
5.2667322834645667
21
-5.9901574803149602
0
LINE
8
BLACK
6
CONTINUOUS
10
5.2667322834645667
20
-5.9901574803149602
11
5.2666573622047244
21
-5.9905341338582678
0
LINE
8
BLACK
6
CONTINUOUS
10
5.2666573622047244
20
-5.9905341338582678
11
5.2661246850393697
21
-5.9910668110236216
0
LINE
8
BLACK
6
CONTINUOUS
10
5.2661246850393697
20
-5.9910668110236216
11
5.265748031496063
21
-5.9911417322834648
0
LINE
8
BLACK
6
CONTINUOUS
10
5.265748031496063
20
-5.9911417322834648
11
5.0492125984251963
21
-5.9911417322834648
0
LINE
8
BLACK
6
CONTINUOUS
10
5.0492125984251963
20
-5.9911417322834648
11
5.0488359448818896
21
-5.9910668110236216
0
LINE
8
BLACK
6
CONTINUOUS
10
5.0488359448818896
20
-5.9910668110236216
11
5.0483032677165349
21
-5.9905341338582678
0
LINE
8
BLACK
6
CONTINUOUS
10
5.0483032677165349
20
-5.9905341338582678
11
5.0482283464566926
21
-5.9901574803149602
0
LINE
8
BLACK
6
CONTINUOUS
10
5.0482283464566926
20
-5.9901574803149602
11
5.0482283464566926
21
-5.7027559055118111
0
LINE
8
BLACK
6
CONTINUOUS
10
5.0482283464566926
20
-5.7027559055118111
11
5.0483032677165349
21
-5.7023792519685035
0
LINE
8
BLACK
6
CONTINUOUS
10
5.0483032677165349
20
-5.7023792519685035
11
5.0488359448818896
21
-5.7018465748031497
0
LINE
8
BLACK
6
CONTINUOUS
10
5.0488359448818896
20
-5.7018465748031497
11
5.0492125984251963
21
-5.7017716535433074
0
LINE
8
BLACK
6
CONTINUOUS
10
5.0492125984251963
20
-5.7017716535433074
11
5.265748031496063
21
-5.7017716535433074
0
LINE
8
BLACK
6
CONTINUOUS
10
5.265748031496063
20
-5.7017716535433074
11
5.2661246850393697
21
-5.7018465748031497
0
LINE
8
BLACK
6
CONTINUOUS
10
5.0501968503937009
20
-5.7037401574803148
11
5.0501968503937009
21
-5.9891732283464565
0
LINE
8
BLACK
6
CONTINUOUS
10
5.0501968503937009
20
-5.9891732283464565
11
5.2647637795275593
21
-5.9891732283464565
0
LINE
8
BLACK
6
CONTINUOUS
10
5.2647637795275593
20
-5.9891732283464565
11
5.2647637795275593
21
-5.7037401574803148
0
LINE
8
BLACK
6
CONTINUOUS
10
5.2647637795275593
20
-5.7037401574803148
11
5.0501968503937009
21
-5.7037401574803148
0
LINE
8
BLACK
6
CONTINUOUS
10
5.7976207480314956
20
-5.7018465748031497
11
5.7981534251968503
21
-5.7023792519685035
0
LINE
8
BLACK
6
CONTINUOUS
10
5.7981534251968503
20
-5.7023792519685035
11
5.7982283464566926
21
-5.7027559055118111
0
LINE
8
BLACK
6
CONTINUOUS
10
5.7982283464566926
20
-5.7027559055118111
11
5.7982283464566926
21
-5.9901574803149602
0
LINE
8
BLACK
6
CONTINUOUS
10
5.7982283464566926
20
-5.9901574803149602
11
5.7981534251968503
21
-5.9905341338582678
0
LINE
8
BLACK
6
CONTINUOUS
10
5.7981534251968503
20
-5.9905341338582678
11
5.7976207480314956
21
-5.9910668110236216
0
LINE
8
BLACK
6
CONTINUOUS
10
5.7976207480314956
20
-5.9910668110236216
11
5.7972440944881889
21
-5.9911417322834648
0
LINE
8
BLACK
6
CONTINUOUS
10
5.7972440944881889
20
-5.9911417322834648
11
5.5807086614173231
21
-5.9911417322834648
0
LINE
8
BLACK
6
CONTINUOUS
10
5.5807086614173231
20
-5.9911417322834648
11
5.5803320078740155
21
-5.9910668110236216
0
LINE
8
BLACK
6
CONTINUOUS
10
5.5803320078740155
20
-5.9910668110236216
11
5.5797993307086609
21
-5.9905341338582678
0
LINE
8
BLACK
6
CONTINUOUS
10
5.5797993307086609
20
-5.9905341338582678
11
5.5797244094488185
21
-5.9901574803149602
0
LINE
8
BLACK
6
CONTINUOUS
10
5.5797244094488185
20
-5.9901574803149602
11
5.5797244094488185
21
-5.7027559055118111
0
LINE
8
BLACK
6
CONTINUOUS
10
5.5797244094488185
20
-5.7027559055118111
11
5.5797993307086609
21
-5.7023792519685035
0
LINE
8
BLACK
6
CONTINUOUS
10
5.5797993307086609
20
-5.7023792519685035
11
5.5803320078740155
21
-5.7018465748031497
0
LINE
8
BLACK
6
CONTINUOUS
10
5.5803320078740155
20
-5.7018465748031497
11
5.5807086614173231
21
-5.7017716535433074
0
LINE
8
BLACK
6
CONTINUOUS
10
5.5807086614173231
20
-5.7017716535433074
11
5.7972440944881889
21
-5.7017716535433074
0
LINE
8
BLACK
6
CONTINUOUS
10
5.7972440944881889
20
-5.7017716535433074
11
5.7976207480314956
21
-5.7018465748031497
0
LINE
8
BLACK
6
CONTINUOUS
10
5.5816929133858268
20
-5.7037401574803148
11
5.5816929133858268
21
-5.9891732283464565
0
LINE
8
BLACK
6
CONTINUOUS
10
5.5816929133858268
20
-5.9891732283464565
11
5.7962598425196852
21
-5.9891732283464565
0
LINE
8
BLACK
6
CONTINUOUS
10
5.7962598425196852
20
-5.9891732283464565
11
5.7962598425196852
21
-5.7037401574803148
0
LINE
8
BLACK
6
CONTINUOUS
10
5.7962598425196852
20
-5.7037401574803148
11
5.5816929133858268
21
-5.7037401574803148
0
LINE
8
BLACK
6
CONTINUOUS
10
6.3094317716535429
20
-5.7018465748031497
11
6.3099644488188975
21
-5.7023792519685035
0
LINE
8
BLACK
6
CONTINUOUS
10
6.3099644488188975
20
-5.7023792519685035
11
6.3100393700787398
21
-5.7027559055118111
0
LINE
8
BLACK
6
CONTINUOUS
10
6.3100393700787398
20
-5.7027559055118111
11
6.3100393700787398
21
-5.9901574803149602
0
LINE
8
BLACK
6
CONTINUOUS
10
6.3100393700787398
20
-5.9901574803149602
11
6.3099644488188975
21
-5.9905341338582678
0
LINE
8
BLACK
6
CONTINUOUS
10
6.3099644488188975
20
-5.9905341338582678
11
6.3094317716535429
21
-5.9910668110236216
0
LINE
8
BLACK
6
CONTINUOUS
10
6.3094317716535429
20
-5.9910668110236216
11
6.3090551181102361
21
-5.9911417322834648
0
LINE
8
BLACK
6
CONTINUOUS
10
6.3090551181102361
20
-5.9911417322834648
11
6.0925196850393704
21
-5.9911417322834648
0
LINE
8
BLACK
6
CONTINUOUS
10
6.0925196850393704
20
-5.9911417322834648
11
6.0921430314960627
21
-5.9910668110236216
0
LINE
8
BLACK
6
CONTINUOUS
10
6.0921430314960627
20
-5.9910668110236216
11
6.091610354330709
21
-5.9905341338582678
0
LINE
8
BLACK
6
CONTINUOUS
10
6.091610354330709
20
-5.9905341338582678
11
6.0915354330708658
21
-5.9901574803149602
0
LINE
8
BLACK
6
CONTINUOUS
10
6.0915354330708658
20
-5.9901574803149602
11
6.0915354330708658
21
-5.7027559055118111
0
LINE
8
BLACK
6
CONTINUOUS
10
6.0915354330708658
20
-5.7027559055118111
11
6.091610354330709
21
-5.7023792519685035
0
LINE
8
BLACK
6
CONTINUOUS
10
6.091610354330709
20
-5.7023792519685035
11
6.0921430314960627
21
-5.7018465748031497
0
LINE
8
BLACK
6
CONTINUOUS
10
6.0921430314960627
20
-5.7018465748031497
11
6.0925196850393704
21
-5.7017716535433074
0
LINE
8
BLACK
6
CONTINUOUS
10
6.0925196850393704
20
-5.7017716535433074
11
6.3090551181102361
21
-5.7017716535433074
0
LINE
8
BLACK
6
CONTINUOUS
10
6.3090551181102361
20
-5.7017716535433074
11
6.3094317716535429
21
-5.7018465748031497
0
LINE
8
BLACK
6
CONTINUOUS
10
6.0935039370078741
20
-5.7037401574803148
11
6.0935039370078741
21
-5.9891732283464565
0
LINE
8
BLACK
6
CONTINUOUS
10
6.0935039370078741
20
-5.9891732283464565
11
6.3080708661417324
21
-5.9891732283464565
0
LINE
8
BLACK
6
CONTINUOUS
10
6.3080708661417324
20
-5.9891732283464565
11
6.3080708661417324
21
-5.7037401574803148
0
LINE
8
BLACK
6
CONTINUOUS
10
6.3080708661417324
20
-5.7037401574803148
11
6.0935039370078741
21
-5.7037401574803148
0
LINE
8
BLACK
6
CONTINUOUS
10
6.0724238976377949
20
-5.7860001181102358
11
6.0729565748031495
21
-5.7865327952755905
0
LINE
8
BLACK
6
CONTINUOUS
10
6.0729565748031495
20
-5.7865327952755905
11
6.0730314960629919
21
-5.7869094488188972
0
LINE
8
BLACK
6
CONTINUOUS
10
6.0730314960629919
20
-5.7869094488188972
11
6.0730314960629919
21
-5.9168307086614176
0
LINE
8
BLACK
6
CONTINUOUS
10
6.0730314960629919
20
-5.9168307086614176
11
6.0729565748031495
21
-5.9172073622047243
0
LINE
8
BLACK
6
CONTINUOUS
10
6.0729565748031495
20
-5.9172073622047243
11
6.0724238976377949
21
-5.917740039370079
0
LINE
8
BLACK
6
CONTINUOUS
10
6.0724238976377949
20
-5.917740039370079
11
6.0720472440944881
21
-5.9178149606299213
0
LINE
8
BLACK
6
CONTINUOUS
10
6.0720472440944881
20
-5.9178149606299213
11
6.0145669291338582
21
-5.9178149606299213
0
LINE
8
BLACK
6
CONTINUOUS
10
6.0145669291338582
20
-5.9178149606299213
11
6.0141902755905514
21
-5.917740039370079
0
LINE
8
BLACK
6
CONTINUOUS
10
6.0141902755905514
20
-5.917740039370079
11
6.0136575984251968
21
-5.9172073622047243
0
LINE
8
BLACK
6
CONTINUOUS
10
6.0136575984251968
20
-5.9172073622047243
11
6.0135826771653544
21
-5.9168307086614176
0
LINE
8
BLACK
6
CONTINUOUS
10
6.0135826771653544
20
-5.9168307086614176
11
6.0135826771653544
21
-5.7869094488188972
0
LINE
8
BLACK
6
CONTINUOUS
10
6.0135826771653544
20
-5.7869094488188972
11
6.0136575984251968
21
-5.7865327952755905
0
LINE
8
BLACK
6
CONTINUOUS
10
6.0136575984251968
20
-5.7865327952755905
11
6.0141902755905514
21
-5.7860001181102358
0
LINE
8
BLACK
6
CONTINUOUS
10
6.0141902755905514
20
-5.7860001181102358
11
6.0145669291338582
21
-5.7859251968503935
0
LINE
8
BLACK
6
CONTINUOUS
10
6.0145669291338582
20
-5.7859251968503935
11
6.0720472440944881
21
-5.7859251968503935
0
LINE
8
BLACK
6
CONTINUOUS
10
6.0720472440944881
20
-5.7859251968503935
11
6.0724238976377949
21
-5.7860001181102358
0
LINE
8
BLACK
6
CONTINUOUS
10
6.0155511811023619
20
-5.7878937007874018
11
6.0155511811023619
21
-5.915846456692913
0
LINE
8
BLACK
6
CONTINUOUS
10
6.0155511811023619
20
-5.915846456692913
11
6.0710629921259844
21
-5.915846456692913
0
LINE
8
BLACK
6
CONTINUOUS
10
6.0710629921259844
20
-5.915846456692913
11
6.0710629921259844
21
-5.7878937007874018
0
LINE
8
BLACK
6
CONTINUOUS
10
6.0710629921259844
20
-5.7878937007874018
11
6.0155511811023619
21
-5.7878937007874018
0
LINE
8
BLACK
6
CONTINUOUS
10
4.8322664173228347
20
-5.7018465748031497
11
4.8327990944881885
21
-5.7023792519685035
0
LINE
8
BLACK
6
CONTINUOUS
10
4.8327990944881885
20
-5.7023792519685035
11
4.8328740157480317
21
-5.7027559055118111
0
LINE
8
BLACK
6
CONTINUOUS
10
4.8328740157480317
20
-5.7027559055118111
11
4.8328740157480317
21
-5.8326771653543306
0
LINE
8
BLACK
6
CONTINUOUS
10
4.8328740157480317
20
-5.8326771653543306
11
4.8327990944881885
21
-5.8330538188976373
0
LINE
8
BLACK
6
CONTINUOUS
10
4.8327990944881885
20
-5.8330538188976373
11
4.8322664173228347
21
-5.833586496062992
0
LINE
8
BLACK
6
CONTINUOUS
10
4.8322664173228347
20
-5.833586496062992
11
4.8318897637795271
21
-5.8336614173228343
0
LINE
8
BLACK
6
CONTINUOUS
10
4.8318897637795271
20
-5.8336614173228343
11
4.7744094488188979
21
-5.8336614173228343
0
LINE
8
BLACK
6
CONTINUOUS
10
4.7744094488188979
20
-5.8336614173228343
11
4.7740327952755903
21
-5.833586496062992
0
LINE
8
BLACK
6
CONTINUOUS
10
4.7740327952755903
20
-5.833586496062992
11
4.7735001181102357
21
-5.8330538188976373
0
LINE
8
BLACK
6
CONTINUOUS
10
4.7735001181102357
20
-5.8330538188976373
11
4.7734251968503933
21
-5.8326771653543306
0
LINE
8
BLACK
6
CONTINUOUS
10
4.7734251968503933
20
-5.8326771653543306
11
4.7734251968503933
21
-5.7027559055118111
0
LINE
8
BLACK
6
CONTINUOUS
10
4.7734251968503933
20
-5.7027559055118111
11
4.7735001181102357
21
-5.7023792519685035
0
LINE
8
BLACK
6
CONTINUOUS
10
4.7735001181102357
20
-5.7023792519685035
11
4.7740327952755903
21
-5.7018465748031497
0
LINE
8
BLACK
6
CONTINUOUS
10
4.7740327952755903
20
-5.7018465748031497
11
4.7744094488188979
21
-5.7017716535433074
0
LINE
8
BLACK
6
CONTINUOUS
10
4.7744094488188979
20
-5.7017716535433074
11
4.8318897637795271
21
-5.7017716535433074
0
LINE
8
BLACK
6
CONTINUOUS
10
4.8318897637795271
20
-5.7017716535433074
11
4.8322664173228347
21
-5.7018465748031497
0
LINE
8
BLACK
6
CONTINUOUS
10
4.7753937007874017
20
-5.7037401574803148
11
4.7753937007874017
21
-5.8316929133858268
0
LINE
8
BLACK
6
CONTINUOUS
10
4.7753937007874017
20
-5.8316929133858268
11
4.8309055118110233
21
-5.8316929133858268
0
LINE
8
BLACK
6
CONTINUOUS
10
4.8309055118110233
20
-5.8316929133858268
11
4.8309055118110233
21
-5.7037401574803148
0
LINE
8
BLACK
6
CONTINUOUS
10
4.8309055118110233
20
-5.7037401574803148
11
4.7753937007874017
21
-5.7037401574803148
0
LINE
8
BLACK
6
CONTINUOUS
10
5.8755735039370078
20
-5.7018465748031497
11
5.8761061811023625
21
-5.7023792519685035
0
LINE
8
BLACK
6
CONTINUOUS
10
5.8761061811023625
20
-5.7023792519685035
11
5.8761811023622048
21
-5.7027559055118111
0
LINE
8
BLACK
6
CONTINUOUS
10
5.8761811023622048
20
-5.7027559055118111
11
5.8761811023622048
21
-5.8326771653543306
0
LINE
8
BLACK
6
CONTINUOUS
10
5.8761811023622048
20
-5.8326771653543306
11
5.8761061811023625
21
-5.8330538188976373
0
LINE
8
BLACK
6
CONTINUOUS
10
5.8761061811023625
20
-5.8330538188976373
11
5.8755735039370078
21
-5.833586496062992
0
LINE
8
BLACK
6
CONTINUOUS
10
5.8755735039370078
20
-5.833586496062992
11
5.8751968503937002
21
-5.8336614173228343
0
LINE
8
BLACK
6
CONTINUOUS
10
5.8751968503937002
20
-5.8336614173228343
11
5.8177165354330711
21
-5.8336614173228343
0
LINE
8
BLACK
6
CONTINUOUS
10
5.8177165354330711
20
-5.8336614173228343
11
5.8173398818897635
21
-5.833586496062992
0
LINE
8
BLACK
6
CONTINUOUS
10
5.8173398818897635
20
-5.833586496062992
11
5.8168072047244097
21
-5.8330538188976373
0
LINE
8
BLACK
6
CONTINUOUS
10
5.8168072047244097
20
-5.8330538188976373
11
5.8167322834645665
21
-5.8326771653543306
0
LINE
8
BLACK
6
CONTINUOUS
10
5.8167322834645665
20
-5.8326771653543306
11
5.8167322834645665
21
-5.7027559055118111
0
LINE
8
BLACK
6
CONTINUOUS
10
5.8167322834645665
20
-5.7027559055118111
11
5.8168072047244097
21
-5.7023792519685035
0
LINE
8
BLACK
6
CONTINUOUS
10
5.8168072047244097
20
-5.7023792519685035
11
5.8173398818897635
21
-5.7018465748031497
0
LINE
8
BLACK
6
CONTINUOUS
10
5.8173398818897635
20
-5.7018465748031497
11
5.8177165354330711
21
-5.7017716535433074
0
LINE
8
BLACK
6
CONTINUOUS
10
5.8177165354330711
20
-5.7017716535433074
11
5.8751968503937002
21
-5.7017716535433074
0
LINE
8
BLACK
6
CONTINUOUS
10
5.8751968503937002
20
-5.7017716535433074
11
5.8755735039370078
21
-5.7018465748031497
0
LINE
8
BLACK
6
CONTINUOUS
10
5.8187007874015748
20
-5.7037401574803148
11
5.8187007874015748
21
-5.8316929133858268
0
LINE
8
BLACK
6
CONTINUOUS
10
5.8187007874015748
20
-5.8316929133858268
11
5.8742125984251965
21
-5.8316929133858268
0
LINE
8
BLACK
6
CONTINUOUS
10
5.8742125984251965
20
-5.8316929133858268
11
5.8742125984251965
21
-5.7037401574803148
0
LINE
8
BLACK
6
CONTINUOUS
10
5.8742125984251965
20
-5.7037401574803148
11
5.8187007874015748
21
-5.7037401574803148
0
LINE
8
BLACK
6
CONTINUOUS
10
5.3440774409448819
20
-5.6964331889763775
11
5.3446101181102357
21
-5.6969658661417322
0
LINE
8
BLACK
6
CONTINUOUS
10
5.3446101181102357
20
-5.6969658661417322
11
5.3446850393700789
21
-5.6973425196850389
0
LINE
8
BLACK
6
CONTINUOUS
10
5.3446850393700789
20
-5.6973425196850389
11
5.3446850393700789
21
-5.8272637795275593
0
LINE
8
BLACK
6
CONTINUOUS
10
5.3446850393700789
20
-5.8272637795275593
11
5.3446101181102357
21
-5.827640433070866
0
LINE
8
BLACK
6
CONTINUOUS
10
5.3446101181102357
20
-5.827640433070866
11
5.3440774409448819
21
-5.8281731102362206
0
LINE
8
BLACK
6
CONTINUOUS
10
5.3440774409448819
20
-5.8281731102362206
11
5.3437007874015743
21
-5.828248031496063
0
LINE
8
BLACK
6
CONTINUOUS
10
5.3437007874015743
20
-5.828248031496063
11
5.2862204724409452
21
-5.828248031496063
0
LINE
8
BLACK
6
CONTINUOUS
10
5.2862204724409452
20
-5.828248031496063
11
5.2858438188976375
21
-5.8281731102362206
0
LINE
8
BLACK
6
CONTINUOUS
10
5.2858438188976375
20
-5.8281731102362206
11
5.2853111417322838
21
-5.827640433070866
0
LINE
8
BLACK
6
CONTINUOUS
10
5.2853111417322838
20
-5.827640433070866
11
5.2852362204724406
21
-5.8272637795275593
0
LINE
8
BLACK
6
CONTINUOUS
10
5.2852362204724406
20
-5.8272637795275593
11
5.2852362204724406
21
-5.6973425196850389
0
LINE
8
BLACK
6
CONTINUOUS
10
5.2852362204724406
20
-5.6973425196850389
11
5.2853111417322838
21
-5.6969658661417322
0
LINE
8
BLACK
6
CONTINUOUS
10
5.2853111417322838
20
-5.6969658661417322
11
5.2858438188976375
21
-5.6964331889763775
0
LINE
8
BLACK
6
CONTINUOUS
10
5.2858438188976375
20
-5.6964331889763775
11
5.2862204724409452
21
-5.6963582677165352
0
LINE
8
BLACK
6
CONTINUOUS
10
5.2862204724409452
20
-5.6963582677165352
11
5.3437007874015743
21
-5.6963582677165352
0
LINE
8
BLACK
6
CONTINUOUS
10
5.3437007874015743
20
-5.6963582677165352
11
5.3440774409448819
21
-5.6964331889763775
0
LINE
8
BLACK
6
CONTINUOUS
10
5.2872047244094489
20
-5.6983267716535435
11
5.2872047244094489
21
-5.8262795275590546
0
LINE
8
BLACK
6
CONTINUOUS
10
5.2872047244094489
20
-5.8262795275590546
11
5.3427165354330706
21
-5.8262795275590546
0
LINE
8
BLACK
6
CONTINUOUS
10
5.3427165354330706
20
-5.8262795275590546
11
5.3427165354330706
21
-5.6983267716535435
0
LINE
8
BLACK
6
CONTINUOUS
10
5.3427165354330706
20
-5.6983267716535435
11
5.2872047244094489
21
-5.6983267716535435
0
LINE
8
BLACK
6
CONTINUOUS
10
4.4354160236220475
20
-5.6396418503937005
11
4.4359487007874012
21
-5.6401745275590551
0
LINE
8
BLACK
6
CONTINUOUS
10
4.4359487007874012
20
-5.6401745275590551
11
4.4360236220472444
21
-5.6405511811023619
0
LINE
8
BLACK
6
CONTINUOUS
10
4.4360236220472444
20
-5.6405511811023619
11
4.4360236220472444
21
-5.6980314960629919
0
LINE
8
BLACK
6
CONTINUOUS
10
4.4360236220472444
20
-5.6980314960629919
11
4.4359487007874012
21
-5.6984081496062995
0
LINE
8
BLACK
6
CONTINUOUS
10
4.4359487007874012
20
-5.6984081496062995
11
4.4354160236220475
21
-5.6989408267716533
0
LINE
8
BLACK
6
CONTINUOUS
10
4.4354160236220475
20
-5.6989408267716533
11
4.4350393700787398
21
-5.6990157480314956
0
LINE
8
BLACK
6
CONTINUOUS
10
4.4350393700787398
20
-5.6990157480314956
11
4.3051181102362204
21
-5.6990157480314956
0
LINE
8
BLACK
6
CONTINUOUS
10
4.3051181102362204
20
-5.6990157480314956
11
4.3047414566929136
21
-5.6989408267716533
0
LINE
8
BLACK
6
CONTINUOUS
10
4.3047414566929136
20
-5.6989408267716533
11
4.304208779527559
21
-5.6984081496062995
0
LINE
8
BLACK
6
CONTINUOUS
10
4.304208779527559
20
-5.6984081496062995
11
4.3041338582677167
21
-5.6980314960629919
0
LINE
8
BLACK
6
CONTINUOUS
10
4.3041338582677167
20
-5.6980314960629919
11
4.3041338582677167
21
-5.6405511811023619
0
LINE
8
BLACK
6
CONTINUOUS
10
4.3041338582677167
20
-5.6405511811023619
11
4.304208779527559
21
-5.6401745275590551
0
LINE
8
BLACK
6
CONTINUOUS
10
4.304208779527559
20
-5.6401745275590551
11
4.3047414566929136
21
-5.6396418503937005
0
LINE
8
BLACK
6
CONTINUOUS
10
4.3047414566929136
20
-5.6396418503937005
11
4.3051181102362204
21
-5.6395669291338582
0
LINE
8
BLACK
6
CONTINUOUS
10
4.3051181102362204
20
-5.6395669291338582
11
4.4350393700787398
21
-5.6395669291338582
0
LINE
8
BLACK
6
CONTINUOUS
10
4.4350393700787398
20
-5.6395669291338582
11
4.4354160236220475
21
-5.6396418503937005
0
LINE
8
BLACK
6
CONTINUOUS
10
4.3061023622047241
20
-5.6415354330708656
11
4.3061023622047241
21
-5.6970472440944881
0
LINE
8
BLACK
6
CONTINUOUS
10
4.3061023622047241
20
-5.6970472440944881
11
4.4340551181102361
21
-5.6970472440944881
0
LINE
8
BLACK
6
CONTINUOUS
10
4.4340551181102361
20
-5.6970472440944881
11
4.4340551181102361
21
-5.6415354330708656
0
LINE
8
BLACK
6
CONTINUOUS
10
4.4340551181102361
20
-5.6415354330708656
11
4.3061023622047241
21
-5.6415354330708656
0
LINE
8
BLACK
6
CONTINUOUS
10
6.5810853149606299
20
-5.6396418503937005
11
6.5816179921259845
21
-5.6401745275590551
0
LINE
8
BLACK
6
CONTINUOUS
10
6.5816179921259845
20
-5.6401745275590551
11
6.5816929133858268
21
-5.6405511811023619
0
LINE
8
BLACK
6
CONTINUOUS
10
6.5816929133858268
20
-5.6405511811023619
11
6.5816929133858268
21
-5.6980314960629919
0
LINE
8
BLACK
6
CONTINUOUS
10
6.5816929133858268
20
-5.6980314960629919
11
6.5816179921259845
21
-5.6984081496062995
0
LINE
8
BLACK
6
CONTINUOUS
10
6.5816179921259845
20
-5.6984081496062995
11
6.5810853149606299
21
-5.6989408267716533
0
LINE
8
BLACK
6
CONTINUOUS
10
6.5810853149606299
20
-5.6989408267716533
11
6.5807086614173222
21
-5.6990157480314956
0
LINE
8
BLACK
6
CONTINUOUS
10
6.5807086614173222
20
-5.6990157480314956
11
6.4507874015748028
21
-5.6990157480314956
0
LINE
8
BLACK
6
CONTINUOUS
10
6.4507874015748028
20
-5.6990157480314956
11
6.4504107480314961
21
-5.6989408267716533
0
LINE
8
BLACK
6
CONTINUOUS
10
6.4504107480314961
20
-5.6989408267716533
11
6.4498780708661414
21
-5.6984081496062995
0
LINE
8
BLACK
6
CONTINUOUS
10
6.4498780708661414
20
-5.6984081496062995
11
6.4498031496062991
21
-5.6980314960629919
0
LINE
8
BLACK
6
CONTINUOUS
10
6.4498031496062991
20
-5.6980314960629919
11
6.4498031496062991
21
-5.6405511811023619
0
LINE
8
BLACK
6
CONTINUOUS
10
6.4498031496062991
20
-5.6405511811023619
11
6.4498780708661414
21
-5.6401745275590551
0
LINE
8
BLACK
6
CONTINUOUS
10
6.4498780708661414
20
-5.6401745275590551
11
6.4504107480314961
21
-5.6396418503937005
0
LINE
8
BLACK
6
CONTINUOUS
10
6.4504107480314961
20
-5.6396418503937005
11
6.4507874015748028
21
-5.6395669291338582
0
LINE
8
BLACK
6
CONTINUOUS
10
6.4507874015748028
20
-5.6395669291338582
11
6.5807086614173222
21
-5.6395669291338582
0
LINE
8
BLACK
6
CONTINUOUS
10
6.5807086614173222
20
-5.6395669291338582
11
6.5810853149606299
21
-5.6396418503937005
0
LINE
8
BLACK
6
CONTINUOUS
10
6.4517716535433065
20
-5.6415354330708656
11
6.4517716535433065
21
-5.6970472440944881
0
LINE
8
BLACK
6
CONTINUOUS
10
6.4517716535433065
20
-5.6970472440944881
11
6.5797244094488185
21
-5.6970472440944881
0
LINE
8
BLACK
6
CONTINUOUS
10
6.5797244094488185
20
-5.6970472440944881
11
6.5797244094488185
21
-5.6415354330708656
0
LINE
8
BLACK
6
CONTINUOUS
10
6.5797244094488185
20
-5.6415354330708656
11
6.4517716535433065
21
-5.6415354330708656
0
LINE
8
BLACK
6
CONTINUOUS
10
4.4747861023622049
20
-5.4026339763779525
11
4.4753187795275586
21
-5.4031666535433072
0
LINE
8
BLACK
6
CONTINUOUS
10
4.4753187795275586
20
-5.4031666535433072
11
4.4753937007874018
21
-5.4035433070866139
0
LINE
8
BLACK
6
CONTINUOUS
10
4.4753937007874018
20
-5.4035433070866139
11
4.4753937007874018
21
-5.6200787401574805
0
LINE
8
BLACK
6
CONTINUOUS
10
4.4753937007874018
20
-5.6200787401574805
11
4.4753187795275586
21
-5.6204553937007873
0
LINE
8
BLACK
6
CONTINUOUS
10
4.4753187795275586
20
-5.6204553937007873
11
4.4747861023622049
21
-5.6209880708661419
0
LINE
8
BLACK
6
CONTINUOUS
10
4.4747861023622049
20
-5.6209880708661419
11
4.4744094488188972
21
-5.6210629921259843
0
LINE
8
BLACK
6
CONTINUOUS
10
4.4744094488188972
20
-5.6210629921259843
11
4.1870078740157481
21
-5.6210629921259843
0
LINE
8
BLACK
6
CONTINUOUS
10
4.1870078740157481
20
-5.6210629921259843
11
4.1866312204724405
21
-5.6209880708661419
0
LINE
8
BLACK
6
CONTINUOUS
10
4.1866312204724405
20
-5.6209880708661419
11
4.1860985433070868
21
-5.6204553937007873
0
LINE
8
BLACK
6
CONTINUOUS
10
4.1860985433070868
20
-5.6204553937007873
11
4.1860236220472444
21
-5.6200787401574805
0
LINE
8
BLACK
6
CONTINUOUS
10
4.1860236220472444
20
-5.6200787401574805
11
4.1860236220472444
21
-5.4035433070866139
0
LINE
8
BLACK
6
CONTINUOUS
10
4.1860236220472444
20
-5.4035433070866139
11
4.1860985433070868
21
-5.4031666535433072
0
LINE
8
BLACK
6
CONTINUOUS
10
4.1860985433070868
20
-5.4031666535433072
11
4.1866312204724405
21
-5.4026339763779525
0
LINE
8
BLACK
6
CONTINUOUS
10
4.1866312204724405
20
-5.4026339763779525
11
4.1870078740157481
21
-5.4025590551181102
0
LINE
8
BLACK
6
CONTINUOUS
10
4.1870078740157481
20
-5.4025590551181102
11
4.4744094488188972
21
-5.4025590551181102
0
LINE
8
BLACK
6
CONTINUOUS
10
4.4744094488188972
20
-5.4025590551181102
11
4.4747861023622049
21
-5.4026339763779525
0
LINE
8
BLACK
6
CONTINUOUS
10
4.1879921259842519
20
-5.4045275590551176
11
4.1879921259842519
21
-5.6190944881889759
0
LINE
8
BLACK
6
CONTINUOUS
10
4.1879921259842519
20
-5.6190944881889759
11
4.4734251968503935
21
-5.6190944881889759
0
LINE
8
BLACK
6
CONTINUOUS
10
4.4734251968503935
20
-5.6190944881889759
11
4.4734251968503935
21
-5.4045275590551176
0
LINE
8
BLACK
6
CONTINUOUS
10
4.4734251968503935
20
-5.4045275590551176
11
4.1879921259842519
21
-5.4045275590551176
0
LINE
8
BLACK
6
CONTINUOUS
10
6.6795105118110234
20
-5.4026339763779525
11
6.6800431889763781
21
-5.4031666535433072
0
LINE
8
BLACK
6
CONTINUOUS
10
6.6800431889763781
20
-5.4031666535433072
11
6.6801181102362204
21
-5.4035433070866139
0
LINE
8
BLACK
6
CONTINUOUS
10
6.6801181102362204
20
-5.4035433070866139
11
6.6801181102362204
21
-5.6200787401574805
0
LINE
8
BLACK
6
CONTINUOUS
10
6.6801181102362204
20
-5.6200787401574805
11
6.6800431889763781
21
-5.6204553937007873
0
LINE
8
BLACK
6
CONTINUOUS
10
6.6800431889763781
20
-5.6204553937007873
11
6.6795105118110234
21
-5.6209880708661419
0
LINE
8
BLACK
6
CONTINUOUS
10
6.6795105118110234
20
-5.6209880708661419
11
6.6791338582677167
21
-5.6210629921259843
0
LINE
8
BLACK
6
CONTINUOUS
10
6.6791338582677167
20
-5.6210629921259843
11
6.3917322834645667
21
-5.6210629921259843
0
LINE
8
BLACK
6
CONTINUOUS
10
6.3917322834645667
20
-5.6210629921259843
11
6.3913556299212599
21
-5.6209880708661419
0
LINE
8
BLACK
6
CONTINUOUS
10
6.3913556299212599
20
-5.6209880708661419
11
6.3908229527559053
21
-5.6204553937007873
0
LINE
8
BLACK
6
CONTINUOUS
10
6.3908229527559053
20
-5.6204553937007873
11
6.390748031496063
21
-5.6200787401574805
0
LINE
8
BLACK
6
CONTINUOUS
10
6.390748031496063
20
-5.6200787401574805
11
6.390748031496063
21
-5.4035433070866139
0
LINE
8
BLACK
6
CONTINUOUS
10
6.390748031496063
20
-5.4035433070866139
11
6.3908229527559053
21
-5.4031666535433072
0
LINE
8
BLACK
6
CONTINUOUS
10
6.3908229527559053
20
-5.4031666535433072
11
6.3913556299212599
21
-5.4026339763779525
0
LINE
8
BLACK
6
CONTINUOUS
10
6.3913556299212599
20
-5.4026339763779525
11
6.3917322834645667
21
-5.4025590551181102
0
LINE
8
BLACK
6
CONTINUOUS
10
6.3917322834645667
20
-5.4025590551181102
11
6.6791338582677167
21
-5.4025590551181102
0
LINE
8
BLACK
6
CONTINUOUS
10
6.6791338582677167
20
-5.4025590551181102
11
6.6795105118110234
21
-5.4026339763779525
0
LINE
8
BLACK
6
CONTINUOUS
10
6.3927165354330704
20
-5.4045275590551176
11
6.3927165354330704
21
-5.6190944881889759
0
LINE
8
BLACK
6
CONTINUOUS
10
6.3927165354330704
20
-5.6190944881889759
11
6.6781496062992121
21
-5.6190944881889759
0
LINE
8
BLACK
6
CONTINUOUS
10
6.6781496062992121
20
-5.6190944881889759
11
6.6781496062992121
21
-5.4045275590551176
0
LINE
8
BLACK
6
CONTINUOUS
10
6.6781496062992121
20
-5.4045275590551176
11
6.3927165354330704
21
-5.4045275590551176
0
LINE
8
BLACK
6
CONTINUOUS
10
6.5220301968503938
20
-5.3246812204724412
11
6.5225628740157475
21
-5.325213897637795
0
LINE
8
BLACK
6
CONTINUOUS
10
6.5225628740157475
20
-5.325213897637795
11
6.5226377952755907
21
-5.3255905511811026
0
LINE
8
BLACK
6
CONTINUOUS
10
6.5226377952755907
20
-5.3255905511811026
11
6.5226377952755907
21
-5.3830708661417326
0
LINE
8
BLACK
6
CONTINUOUS
10
6.5226377952755907
20
-5.3830708661417326
11
6.5225628740157475
21
-5.3834475196850393
0
LINE
8
BLACK
6
CONTINUOUS
10
6.5225628740157475
20
-5.3834475196850393
11
6.5220301968503938
21
-5.383980196850394
0
LINE
8
BLACK
6
CONTINUOUS
10
6.5220301968503938
20
-5.383980196850394
11
6.5216535433070861
21
-5.3840551181102363
0
LINE
8
BLACK
6
CONTINUOUS
10
6.5216535433070861
20
-5.3840551181102363
11
6.3917322834645667
21
-5.3840551181102363
0
LINE
8
BLACK
6
CONTINUOUS
10
6.3917322834645667
20
-5.3840551181102363
11
6.3913556299212599
21
-5.383980196850394
0
LINE
8
BLACK
6
CONTINUOUS
10
6.3913556299212599
20
-5.383980196850394
11
6.3908229527559053
21
-5.3834475196850393
0
LINE
8
BLACK
6
CONTINUOUS
10
6.3908229527559053
20
-5.3834475196850393
11
6.390748031496063
21
-5.3830708661417326
0
LINE
8
BLACK
6
CONTINUOUS
10
6.390748031496063
20
-5.3830708661417326
11
6.390748031496063
21
-5.3255905511811026
0
LINE
8
BLACK
6
CONTINUOUS
10
6.390748031496063
20
-5.3255905511811026
11
6.3908229527559053
21
-5.325213897637795
0
LINE
8
BLACK
6
CONTINUOUS
10
6.3908229527559053
20
-5.325213897637795
11
6.3913556299212599
21
-5.3246812204724412
0
LINE
8
BLACK
6
CONTINUOUS
10
6.3913556299212599
20
-5.3246812204724412
11
6.3917322834645667
21
-5.324606299212598
0
LINE
8
BLACK
6
CONTINUOUS
10
6.3917322834645667
20
-5.324606299212598
11
6.5216535433070861
21
-5.324606299212598
0
LINE
8
BLACK
6
CONTINUOUS
10
6.5216535433070861
20
-5.324606299212598
11
6.5220301968503938
21
-5.3246812204724412
0
LINE
8
BLACK
6
CONTINUOUS
10
6.3927165354330704
20
-5.3265748031496063
11
6.3927165354330704
21
-5.382086614173228
0
LINE
8
BLACK
6
CONTINUOUS
10
6.3927165354330704
20
-5.382086614173228
11
6.5206692913385824
21
-5.382086614173228
0
LINE
8
BLACK
6
CONTINUOUS
10
6.5206692913385824
20
-5.382086614173228
11
6.5206692913385824
21
-5.3265748031496063
0
LINE
8
BLACK
6
CONTINUOUS
10
6.5206692913385824
20
-5.3265748031496063
11
6.3927165354330704
21
-5.3265748031496063
0
LINE
8
BLACK
6
CONTINUOUS
10
4.4747861023622049
20
-5.1278308267716532
11
4.4753187795275586
21
-5.1283635039370079
0
LINE
8
BLACK
6
CONTINUOUS
10
4.4753187795275586
20
-5.1283635039370079
11
4.4753937007874018
21
-5.1287401574803146
0
LINE
8
BLACK
6
CONTINUOUS
10
4.4753937007874018
20
-5.1287401574803146
11
4.4753937007874018
21
-5.1862204724409446
0
LINE
8
BLACK
6
CONTINUOUS
10
4.4753937007874018
20
-5.1862204724409446
11
4.4753187795275586
21
-5.1865971259842523
0
LINE
8
BLACK
6
CONTINUOUS
10
4.4753187795275586
20
-5.1865971259842523
11
4.4747861023622049
21
-5.187129803149606
0
LINE
8
BLACK
6
CONTINUOUS
10
4.4747861023622049
20
-5.187129803149606
11
4.4744094488188972
21
-5.1872047244094484
0
LINE
8
BLACK
6
CONTINUOUS
10
4.4744094488188972
20
-5.1872047244094484
11
4.3444881889763778
21
-5.1872047244094484
0
LINE
8
BLACK
6
CONTINUOUS
10
4.3444881889763778
20
-5.1872047244094484
11
4.344111535433071
21
-5.187129803149606
0
LINE
8
BLACK
6
CONTINUOUS
10
4.344111535433071
20
-5.187129803149606
11
4.3435788582677164
21
-5.1865971259842523
0
LINE
8
BLACK
6
CONTINUOUS
10
4.3435788582677164
20
-5.1865971259842523
11
4.3435039370078741
21
-5.1862204724409446
0
LINE
8
BLACK
6
CONTINUOUS
10
4.3435039370078741
20
-5.1862204724409446
11
4.3435039370078741
21
-5.1287401574803146
0
LINE
8
BLACK
6
CONTINUOUS
10
4.3435039370078741
20
-5.1287401574803146
11
4.3435788582677164
21
-5.1283635039370079
0
LINE
8
BLACK
6
CONTINUOUS
10
4.3435788582677164
20
-5.1283635039370079
11
4.344111535433071
21
-5.1278308267716532
0
LINE
8
BLACK
6
CONTINUOUS
10
4.344111535433071
20
-5.1278308267716532
11
4.3444881889763778
21
-5.1277559055118109
0
LINE
8
BLACK
6
CONTINUOUS
10
4.3444881889763778
20
-5.1277559055118109
11
4.4744094488188972
21
-5.1277559055118109
0
LINE
8
BLACK
6
CONTINUOUS
10
4.4744094488188972
20
-5.1277559055118109
11
4.4747861023622049
21
-5.1278308267716532
0
LINE
8
BLACK
6
CONTINUOUS
10
4.3454724409448815
20
-5.1297244094488184
11
4.3454724409448815
21
-5.1852362204724409
0
LINE
8
BLACK
6
CONTINUOUS
10
4.3454724409448815
20
-5.1852362204724409
11
4.4734251968503935
21
-5.1852362204724409
0
LINE
8
BLACK
6
CONTINUOUS
10
4.4734251968503935
20
-5.1852362204724409
11
4.4734251968503935
21
-5.1297244094488184
0
LINE
8
BLACK
6
CONTINUOUS
10
4.4734251968503935
20
-5.1297244094488184
11
4.3454724409448815
21
-5.1297244094488184
0
LINE
8
BLACK
6
CONTINUOUS
10
4.4747861023622049
20
-4.8908229527559053
11
4.4753187795275586
21
-4.8913556299212599
0
LINE
8
BLACK
6
CONTINUOUS
10
4.4753187795275586
20
-4.8913556299212599
11
4.4753937007874018
21
-4.8917322834645667
0
LINE
8
BLACK
6
CONTINUOUS
10
4.4753937007874018
20
-4.8917322834645667
11
4.4753937007874018
21
-5.1082677165354333
0
LINE
8
BLACK
6
CONTINUOUS
10
4.4753937007874018
20
-5.1082677165354333
11
4.4753187795275586
21
-5.1086443700787401
0
LINE
8
BLACK
6
CONTINUOUS
10
4.4753187795275586
20
-5.1086443700787401
11
4.4747861023622049
21
-5.1091770472440947
0
LINE
8
BLACK
6
CONTINUOUS
10
4.4747861023622049
20
-5.1091770472440947
11
4.4744094488188972
21
-5.109251968503937
0
LINE
8
BLACK
6
CONTINUOUS
10
4.4744094488188972
20
-5.109251968503937
11
4.1870078740157481
21
-5.109251968503937
0
LINE
8
BLACK
6
CONTINUOUS
10
4.1870078740157481
20
-5.109251968503937
11
4.1866312204724405
21
-5.1091770472440947
0
LINE
8
BLACK
6
CONTINUOUS
10
4.1866312204724405
20
-5.1091770472440947
11
4.1860985433070868
21
-5.1086443700787401
0
LINE
8
BLACK
6
CONTINUOUS
10
4.1860985433070868
20
-5.1086443700787401
11
4.1860236220472444
21
-5.1082677165354333
0
LINE
8
BLACK
6
CONTINUOUS
10
4.1860236220472444
20
-5.1082677165354333
11
4.1860236220472444
21
-4.8917322834645667
0
LINE
8
BLACK
6
CONTINUOUS
10
4.1860236220472444
20
-4.8917322834645667
11
4.1860985433070868
21
-4.8913556299212599
0
LINE
8
BLACK
6
CONTINUOUS
10
4.1860985433070868
20
-4.8913556299212599
11
4.1866312204724405
21
-4.8908229527559053
0
LINE
8
BLACK
6
CONTINUOUS
10
4.1866312204724405
20
-4.8908229527559053
11
4.1870078740157481
21
-4.890748031496063
0
LINE
8
BLACK
6
CONTINUOUS
10
4.1870078740157481
20
-4.890748031496063
11
4.4744094488188972
21
-4.890748031496063
0
LINE
8
BLACK
6
CONTINUOUS
10
4.4744094488188972
20
-4.890748031496063
11
4.4747861023622049
21
-4.8908229527559053
0
LINE
8
BLACK
6
CONTINUOUS
10
4.1879921259842519
20
-4.8927165354330704
11
4.1879921259842519
21
-5.1072834645669287
0
LINE
8
BLACK
6
CONTINUOUS
10
4.1879921259842519
20
-5.1072834645669287
11
4.4734251968503935
21
-5.1072834645669287
0
LINE
8
BLACK
6
CONTINUOUS
10
4.4734251968503935
20
-5.1072834645669287
11
4.4734251968503935
21
-4.8927165354330704
0
LINE
8
BLACK
6
CONTINUOUS
10
4.4734251968503935
20
-4.8927165354330704
11
4.1879921259842519
21
-4.8927165354330704
0
LINE
8
BLACK
6
CONTINUOUS
10
6.6795105118110234
20
-4.8908229527559053
11
6.6800431889763781
21
-4.8913556299212599
0
LINE
8
BLACK
6
CONTINUOUS
10
6.6800431889763781
20
-4.8913556299212599
11
6.6801181102362204
21
-4.8917322834645667
0
LINE
8
BLACK
6
CONTINUOUS
10
6.6801181102362204
20
-4.8917322834645667
11
6.6801181102362204
21
-5.1082677165354333
0
LINE
8
BLACK
6
CONTINUOUS
10
6.6801181102362204
20
-5.1082677165354333
11
6.6800431889763781
21
-5.1086443700787401
0
LINE
8
BLACK
6
CONTINUOUS
10
6.6800431889763781
20
-5.1086443700787401
11
6.6795105118110234
21
-5.1091770472440947
0
LINE
8
BLACK
6
CONTINUOUS
10
6.6795105118110234
20
-5.1091770472440947
11
6.6791338582677167
21
-5.109251968503937
0
LINE
8
BLACK
6
CONTINUOUS
10
6.6791338582677167
20
-5.109251968503937
11
6.3917322834645667
21
-5.109251968503937
0
LINE
8
BLACK
6
CONTINUOUS
10
6.3917322834645667
20
-5.109251968503937
11
6.3913556299212599
21
-5.1091770472440947
0
LINE
8
BLACK
6
CONTINUOUS
10
6.3913556299212599
20
-5.1091770472440947
11
6.3908229527559053
21
-5.1086443700787401
0
LINE
8
BLACK
6
CONTINUOUS
10
6.3908229527559053
20
-5.1086443700787401
11
6.390748031496063
21
-5.1082677165354333
0
LINE
8
BLACK
6
CONTINUOUS
10
6.390748031496063
20
-5.1082677165354333
11
6.390748031496063
21
-4.8917322834645667
0
LINE
8
BLACK
6
CONTINUOUS
10
6.390748031496063
20
-4.8917322834645667
11
6.3908229527559053
21
-4.8913556299212599
0
LINE
8
BLACK
6
CONTINUOUS
10
6.3908229527559053
20
-4.8913556299212599
11
6.3913556299212599
21
-4.8908229527559053
0
LINE
8
BLACK
6
CONTINUOUS
10
6.3913556299212599
20
-4.8908229527559053
11
6.3917322834645667
21
-4.890748031496063
0
LINE
8
BLACK
6
CONTINUOUS
10
6.3917322834645667
20
-4.890748031496063
11
6.6791338582677167
21
-4.890748031496063
0
LINE
8
BLACK
6
CONTINUOUS
10
6.6791338582677167
20
-4.890748031496063
11
6.6795105118110234
21
-4.8908229527559053
0
LINE
8
BLACK
6
CONTINUOUS
10
6.3927165354330704
20
-4.8927165354330704
11
6.3927165354330704
21
-5.1072834645669287
0
LINE
8
BLACK
6
CONTINUOUS
10
6.3927165354330704
20
-5.1072834645669287
11
6.6781496062992121
21
-5.1072834645669287
0
LINE
8
BLACK
6
CONTINUOUS
10
6.6781496062992121
20
-5.1072834645669287
11
6.6781496062992121
21
-4.8927165354330704
0
LINE
8
BLACK
6
CONTINUOUS
10
6.6781496062992121
20
-4.8927165354330704
11
6.3927165354330704
21
-4.8927165354330704
0
LINE
8
BLACK
6
CONTINUOUS
10
5.2208490944881891
20
-4.7864922440944877
11
5.2213817716535429
21
-4.7870249212598424
0
LINE
8
BLACK
6
CONTINUOUS
10
5.2213817716535429
20
-4.7870249212598424
11
5.2214566929133861
21
-4.7874015748031491
0
LINE
8
BLACK
6
CONTINUOUS
10
5.2214566929133861
20
-4.7874015748031491
11
5.2214566929133861
21
-5.0551181102362204
0
LINE
8
BLACK
6
CONTINUOUS
10
5.2214566929133861
20
-5.0551181102362204
11
5.2213817716535429
21
-5.0554947637795271
0
LINE
8
BLACK
6
CONTINUOUS
10
5.2213817716535429
20
-5.0554947637795271
11
5.2208490944881891
21
-5.0560274409448818
0
LINE
8
BLACK
6
CONTINUOUS
10
5.2208490944881891
20
-5.0560274409448818
11
5.2204724409448815
21
-5.0561023622047241
0
LINE
8
BLACK
6
CONTINUOUS
10
5.2204724409448815
20
-5.0561023622047241
11
5.0944881889763778
21
-5.0561023622047241
0
LINE
8
BLACK
6
CONTINUOUS
10
5.0944881889763778
20
-5.0561023622047241
11
5.094111535433071
21
-5.0560274409448818
0
LINE
8
BLACK
6
CONTINUOUS
10
5.094111535433071
20
-5.0560274409448818
11
5.0935788582677164
21
-5.0554947637795271
0
LINE
8
BLACK
6
CONTINUOUS
10
5.0935788582677164
20
-5.0554947637795271
11
5.0935039370078741
21
-5.0551181102362204
0
LINE
8
BLACK
6
CONTINUOUS
10
5.0935039370078741
20
-5.0551181102362204
11
5.0935039370078741
21
-4.7874015748031491
0
LINE
8
BLACK
6
CONTINUOUS
10
5.0935039370078741
20
-4.7874015748031491
11
5.0935788582677164
21
-4.7870249212598424
0
LINE
8
BLACK
6
CONTINUOUS
10
5.0935788582677164
20
-4.7870249212598424
11
5.094111535433071
21
-4.7864922440944877
0
LINE
8
BLACK
6
CONTINUOUS
10
5.094111535433071
20
-4.7864922440944877
11
5.0944881889763778
21
-4.7864173228346454
0
LINE
8
BLACK
6
CONTINUOUS
10
5.0944881889763778
20
-4.7864173228346454
11
5.2204724409448815
21
-4.7864173228346454
0
LINE
8
BLACK
6
CONTINUOUS
10
5.2204724409448815
20
-4.7864173228346454
11
5.2208490944881891
21
-4.7864922440944877
0
LINE
8
BLACK
6
CONTINUOUS
10
5.0954724409448815
20
-4.7883858267716537
11
5.0954724409448815
21
-5.0541338582677167
0
LINE
8
BLACK
6
CONTINUOUS
10
5.0954724409448815
20
-5.0541338582677167
11
5.2194881889763778
21
-5.0541338582677167
0
LINE
8
BLACK
6
CONTINUOUS
10
5.2194881889763778
20
-5.0541338582677167
11
5.2194881889763778
21
-4.7883858267716537
0
LINE
8
BLACK
6
CONTINUOUS
10
5.2194881889763778
20
-4.7883858267716537
11
5.0954724409448815
21
-4.7883858267716537
0
LINE
8
BLACK
6
CONTINUOUS
10
6.5220301968503938
20
-4.812870196850394
11
6.5225628740157475
21
-4.8134028740157477
0
LINE
8
BLACK
6
CONTINUOUS
10
6.5225628740157475
20
-4.8134028740157477
11
6.5226377952755907
21
-4.8137795275590554
0
LINE
8
BLACK
6
CONTINUOUS
10
6.5226377952755907
20
-4.8137795275590554
11
6.5226377952755907
21
-4.8712598425196854
0
LINE
8
BLACK
6
CONTINUOUS
10
6.5226377952755907
20
-4.8712598425196854
11
6.5225628740157475
21
-4.8716364960629921
0
LINE
8
BLACK
6
CONTINUOUS
10
6.5225628740157475
20
-4.8716364960629921
11
6.5220301968503938
21
-4.8721691732283468
0
LINE
8
BLACK
6
CONTINUOUS
10
6.5220301968503938
20
-4.8721691732283468
11
6.5216535433070861
21
-4.8722440944881891
0
LINE
8
BLACK
6
CONTINUOUS
10
6.5216535433070861
20
-4.8722440944881891
11
6.3917322834645667
21
-4.8722440944881891
0
LINE
8
BLACK
6
CONTINUOUS
10
6.3917322834645667
20
-4.8722440944881891
11
6.3913556299212599
21
-4.8721691732283468
0
LINE
8
BLACK
6
CONTINUOUS
10
6.3913556299212599
20
-4.8721691732283468
11
6.3908229527559053
21
-4.8716364960629921
0
LINE
8
BLACK
6
CONTINUOUS
10
6.3908229527559053
20
-4.8716364960629921
11
6.390748031496063
21
-4.8712598425196854
0
LINE
8
BLACK
6
CONTINUOUS
10
6.390748031496063
20
-4.8712598425196854
11
6.390748031496063
21
-4.8137795275590554
0
LINE
8
BLACK
6
CONTINUOUS
10
6.390748031496063
20
-4.8137795275590554
11
6.3908229527559053
21
-4.8134028740157477
0
LINE
8
BLACK
6
CONTINUOUS
10
6.3908229527559053
20
-4.8134028740157477
11
6.3913556299212599
21
-4.812870196850394
0
LINE
8
BLACK
6
CONTINUOUS
10
6.3913556299212599
20
-4.812870196850394
11
6.3917322834645667
21
-4.8127952755905508
0
LINE
8
BLACK
6
CONTINUOUS
10
6.3917322834645667
20
-4.8127952755905508
11
6.5216535433070861
21
-4.8127952755905508
0
LINE
8
BLACK
6
CONTINUOUS
10
6.5216535433070861
20
-4.8127952755905508
11
6.5220301968503938
21
-4.812870196850394
0
LINE
8
BLACK
6
CONTINUOUS
10
6.3927165354330704
20
-4.8147637795275591
11
6.3927165354330704
21
-4.8702755905511808
0
LINE
8
BLACK
6
CONTINUOUS
10
6.3927165354330704
20
-4.8702755905511808
11
6.5206692913385824
21
-4.8702755905511808
0
LINE
8
BLACK
6
CONTINUOUS
10
6.5206692913385824
20
-4.8702755905511808
11
6.5206692913385824
21
-4.8147637795275591
0
LINE
8
BLACK
6
CONTINUOUS
10
6.5206692913385824
20
-4.8147637795275591
11
6.3927165354330704
21
-4.8147637795275591
0
LINE
8
BLACK
6
CONTINUOUS
10
4.4747861023622049
20
-4.616019803149606
11
4.4753187795275586
21
-4.6165524803149607
0
LINE
8
BLACK
6
CONTINUOUS
10
4.4753187795275586
20
-4.6165524803149607
11
4.4753937007874018
21
-4.6169291338582674
0
LINE
8
BLACK
6
CONTINUOUS
10
4.4753937007874018
20
-4.6169291338582674
11
4.4753937007874018
21
-4.6744094488188974
0
LINE
8
BLACK
6
CONTINUOUS
10
4.4753937007874018
20
-4.6744094488188974
11
4.4753187795275586
21
-4.674786102362205
0
LINE
8
BLACK
6
CONTINUOUS
10
4.4753187795275586
20
-4.674786102362205
11
4.4747861023622049
21
-4.6753187795275588
0
LINE
8
BLACK
6
CONTINUOUS
10
4.4747861023622049
20
-4.6753187795275588
11
4.4744094488188972
21
-4.6753937007874011
0
LINE
8
BLACK
6
CONTINUOUS
10
4.4744094488188972
20
-4.6753937007874011
11
4.3444881889763778
21
-4.6753937007874011
0
LINE
8
BLACK
6
CONTINUOUS
10
4.3444881889763778
20
-4.6753937007874011
11
4.344111535433071
21
-4.6753187795275588
0
LINE
8
BLACK
6
CONTINUOUS
10
4.344111535433071
20
-4.6753187795275588
11
4.3435788582677164
21
-4.674786102362205
0
LINE
8
BLACK
6
CONTINUOUS
10
4.3435788582677164
20
-4.674786102362205
11
4.3435039370078741
21
-4.6744094488188974
0
LINE
8
BLACK
6
CONTINUOUS
10
4.3435039370078741
20
-4.6744094488188974
11
4.3435039370078741
21
-4.6169291338582674
0
LINE
8
BLACK
6
CONTINUOUS
10
4.3435039370078741
20
-4.6169291338582674
11
4.3435788582677164
21
-4.6165524803149607
0
LINE
8
BLACK
6
CONTINUOUS
10
4.3435788582677164
20
-4.6165524803149607
11
4.344111535433071
21
-4.616019803149606
0
LINE
8
BLACK
6
CONTINUOUS
10
4.344111535433071
20
-4.616019803149606
11
4.3444881889763778
21
-4.6159448818897637
0
LINE
8
BLACK
6
CONTINUOUS
10
4.3444881889763778
20
-4.6159448818897637
11
4.4744094488188972
21
-4.6159448818897637
0
LINE
8
BLACK
6
CONTINUOUS
10
4.4744094488188972
20
-4.6159448818897637
11
4.4747861023622049
21
-4.616019803149606
0
LINE
8
BLACK
6
CONTINUOUS
10
4.3454724409448815
20
-4.6179133858267711
11
4.3454724409448815
21
-4.6734251968503937
0
LINE
8
BLACK
6
CONTINUOUS
10
4.3454724409448815
20
-4.6734251968503937
11
4.4734251968503935
21
-4.6734251968503937
0
LINE
8
BLACK
6
CONTINUOUS
10
4.4734251968503935
20
-4.6734251968503937
11
4.4734251968503935
21
-4.6179133858267711
0
LINE
8
BLACK
6
CONTINUOUS
10
4.4734251968503935
20
-4.6179133858267711
11
4.3454724409448815
21
-4.6179133858267711
0
LINE
8
BLACK
6
CONTINUOUS
10
5.3251798031496058
20
-4.1959410629921257
11
5.3257124803149605
21
-4.1964737401574803
0
LINE
8
BLACK
6
CONTINUOUS
10
5.3257124803149605
20
-4.1964737401574803
11
5.3257874015748028
21
-4.1968503937007871
0
LINE
8
BLACK
6
CONTINUOUS
10
5.3257874015748028
20
-4.1968503937007871
11
5.3257874015748028
21
-4.3612204724409445
0
LINE
8
BLACK
6
CONTINUOUS
10
5.3257874015748028
20
-4.3612204724409445
11
5.3799212598425195
21
-4.3612204724409445
0
LINE
8
BLACK
6
CONTINUOUS
10
5.3799212598425195
20
-4.3612204724409445
11
5.3802979133858271
21
-4.3612953937007877
0
LINE
8
BLACK
6
CONTINUOUS
10
5.3802979133858271
20
-4.3612953937007877
11
5.3808305905511808
21
-4.3618280708661414
0
LINE
8
BLACK
6
CONTINUOUS
10
5.3808305905511808
20
-4.3618280708661414
11
5.3809055118110232
21
-4.3622047244094491
0
LINE
8
BLACK
6
CONTINUOUS
10
5.3809055118110232
20
-4.3622047244094491
11
5.3809055118110232
21
-4.4566929133858268
0
LINE
8
BLACK
6
CONTINUOUS
10
5.3809055118110232
20
-4.4566929133858268
11
5.3808305905511808
21
-4.4570695669291336
0
LINE
8
BLACK
6
CONTINUOUS
10
5.3808305905511808
20
-4.4570695669291336
11
5.3802979133858271
21
-4.4576022440944882
0
LINE
8
BLACK
6
CONTINUOUS
10
5.3802979133858271
20
-4.4576022440944882
11
5.3799212598425195
21
-4.4576771653543306
0
LINE
8
BLACK
6
CONTINUOUS
10
5.3799212598425195
20
-4.4576771653543306
11
5.3257874015748028
21
-4.4576771653543306
0
LINE
8
BLACK
6
CONTINUOUS
10
5.3257874015748028
20
-4.4576771653543306
11
5.3257874015748028
21
-4.622047244094488
0
LINE
8
BLACK
6
CONTINUOUS
10
5.3257874015748028
20
-4.622047244094488
11
5.3257124803149605
21
-4.6224238976377956
0
LINE
8
BLACK
6
CONTINUOUS
10
5.3257124803149605
20
-4.6224238976377956
11
5.3251798031496058
21
-4.6229565748031494
0
LINE
8
BLACK
6
CONTINUOUS
10
5.3251798031496058
20
-4.6229565748031494
11
5.3248031496062991
21
-4.6230314960629917
0
LINE
8
BLACK
6
CONTINUOUS
10
5.3248031496062991
20
-4.6230314960629917
11
4.9448818897637796
21
-4.6230314960629917
0
LINE
8
BLACK
6
CONTINUOUS
10
4.9448818897637796
20
-4.6230314960629917
11
4.944505236220472
21
-4.6229565748031494
0
LINE
8
BLACK
6
CONTINUOUS
10
4.944505236220472
20
-4.6229565748031494
11
4.9441859448818892
21
-4.6227432283464562
0
LINE
8
BLACK
6
CONTINUOUS
10
4.9441859448818892
20
-4.6227432283464562
11
4.8989103149606299
21
-4.5774676377952757
0
LINE
8
BLACK
6
CONTINUOUS
10
4.8989103149606299
20
-4.5774676377952757
11
4.8986969685039368
21
-4.5771483070866141
0
LINE
8
BLACK
6
CONTINUOUS
10
4.8986969685039368
20
-4.5771483070866141
11
4.8986220472440944
21
-4.5767716535433074
0
LINE
8
BLACK
6
CONTINUOUS
10
4.8986220472440944
20
-4.5767716535433074
11
4.8986220472440944
21
-4.4576771653543306
0
LINE
8
BLACK
6
CONTINUOUS
10
4.8986220472440944
20
-4.4576771653543306
11
4.8444881889763778
21
-4.4576771653543306
0
LINE
8
BLACK
6
CONTINUOUS
10
4.8444881889763778
20
-4.4576771653543306
11
4.844111535433071
21
-4.4576022440944882
0
LINE
8
BLACK
6
CONTINUOUS
10
4.844111535433071
20
-4.4576022440944882
11
4.8435788582677164
21
-4.4570695669291336
0
LINE
8
BLACK
6
CONTINUOUS
10
4.8435788582677164
20
-4.4570695669291336
11
4.8435039370078741
21
-4.4566929133858268
0
LINE
8
BLACK
6
CONTINUOUS
10
4.8435039370078741
20
-4.4566929133858268
11
4.8435039370078741
21
-4.3622047244094491
0
LINE
8
BLACK
6
CONTINUOUS
10
4.8435039370078741
20
-4.3622047244094491
11
4.8435788582677164
21
-4.3618280708661414
0
LINE
8
BLACK
6
CONTINUOUS
10
4.8435788582677164
20
-4.3618280708661414
11
4.844111535433071
21
-4.3612953937007877
0
LINE
8
BLACK
6
CONTINUOUS
10
4.844111535433071
20
-4.3612953937007877
11
4.8444881889763778
21
-4.3612204724409445
0
LINE
8
BLACK
6
CONTINUOUS
10
4.8444881889763778
20
-4.3612204724409445
11
4.8986220472440944
21
-4.3612204724409445
0
LINE
8
BLACK
6
CONTINUOUS
10
4.8986220472440944
20
-4.3612204724409445
11
4.8986220472440944
21
-4.2421259842519685
0
LINE
8
BLACK
6
CONTINUOUS
10
4.8986220472440944
20
-4.2421259842519685
11
4.8986969685039368
21
-4.2417493307086609
0
LINE
8
BLACK
6
CONTINUOUS
10
4.8986969685039368
20
-4.2417493307086609
11
4.8989103149606299
21
-4.2414300000000003
0
LINE
8
BLACK
6
CONTINUOUS
10
4.8989103149606299
20
-4.2414300000000003
11
4.9441859448818892
21
-4.1961544094488188
0
LINE
8
BLACK
6
CONTINUOUS
10
4.9441859448818892
20
-4.1961544094488188
11
4.944505236220472
21
-4.1959410629921257
0
LINE
8
BLACK
6
CONTINUOUS
10
4.944505236220472
20
-4.1959410629921257
11
4.9448818897637796
21
-4.1958661417322833
0
LINE
8
BLACK
6
CONTINUOUS
10
4.9448818897637796
20
-4.1958661417322833
11
5.3248031496062991
21
-4.1958661417322833
0
LINE
8
BLACK
6
CONTINUOUS
10
5.3248031496062991
20
-4.1958661417322833
11
5.3251798031496058
21
-4.1959410629921257
0
LINE
8
BLACK
6
CONTINUOUS
10
4.9452895669291337
20
-4.1978346456692917
11
4.9005905511811019
21
-4.2425336614173226
0
LINE
8
BLACK
6
CONTINUOUS
10
4.9005905511811019
20
-4.2425336614173226
11
4.9005905511811019
21
-4.3622047244094491
0
LINE
8
BLACK
6
CONTINUOUS
10
4.9005905511811019
20
-4.3622047244094491
11
4.9005156299212596
21
-4.3625813779527558
0
LINE
8
BLACK
6
CONTINUOUS
10
4.9005156299212596
20
-4.3625813779527558
11
4.8999829527559058
21
-4.3631140551181105
0
LINE
8
BLACK
6
CONTINUOUS
10
4.8999829527559058
20
-4.3631140551181105
11
4.8996062992125982
21
-4.3631889763779528
0
LINE
8
BLACK
6
CONTINUOUS
10
4.8996062992125982
20
-4.3631889763779528
11
4.8454724409448815
21
-4.3631889763779528
0
LINE
8
BLACK
6
CONTINUOUS
10
4.8454724409448815
20
-4.3631889763779528
11
4.8454724409448815
21
-4.4557086614173231
0
LINE
8
BLACK
6
CONTINUOUS
10
4.8454724409448815
20
-4.4557086614173231
11
4.8996062992125982
21
-4.4557086614173231
0
LINE
8
BLACK
6
CONTINUOUS
10
4.8996062992125982
20
-4.4557086614173231
11
4.8999829527559058
21
-4.4557835826771655
0
LINE
8
BLACK
6
CONTINUOUS
10
4.8999829527559058
20
-4.4557835826771655
11
4.9005156299212596
21
-4.4563162598425192
0
LINE
8
BLACK
6
CONTINUOUS
10
4.9005156299212596
20
-4.4563162598425192
11
4.9005905511811019
21
-4.4566929133858268
0
LINE
8
BLACK
6
CONTINUOUS
10
4.9005905511811019
20
-4.4566929133858268
11
4.9005905511811019
21
-4.5763639370078737
0
LINE
8
BLACK
6
CONTINUOUS
10
4.9005905511811019
20
-4.5763639370078737
11
4.9452895669291337
21
-4.6210629921259843
0
LINE
8
BLACK
6
CONTINUOUS
10
4.9452895669291337
20
-4.6210629921259843
11
5.3238188976377954
21
-4.6210629921259843
0
LINE
8
BLACK
6
CONTINUOUS
10
5.3238188976377954
20
-4.6210629921259843
11
5.3238188976377954
21
-4.4566929133858268
0
LINE
8
BLACK
6
CONTINUOUS
10
5.3238188976377954
20
-4.4566929133858268
11
5.3238938188976377
21
-4.4563162598425192
0
LINE
8
BLACK
6
CONTINUOUS
10
5.3238938188976377
20
-4.4563162598425192
11
5.3244264960629923
21
-4.4557835826771655
0
LINE
8
BLACK
6
CONTINUOUS
10
5.3244264960629923
20
-4.4557835826771655
11
5.3248031496062991
21
-4.4557086614173231
0
LINE
8
BLACK
6
CONTINUOUS
10
5.3248031496062991
20
-4.4557086614173231
11
5.3789370078740157
21
-4.4557086614173231
0
LINE
8
BLACK
6
CONTINUOUS
10
5.3789370078740157
20
-4.4557086614173231
11
5.3789370078740157
21
-4.3631889763779528
0
LINE
8
BLACK
6
CONTINUOUS
10
5.3789370078740157
20
-4.3631889763779528
11
5.3248031496062991
21
-4.3631889763779528
0
LINE
8
BLACK
6
CONTINUOUS
10
5.3248031496062991
20
-4.3631889763779528
11
5.3244264960629923
21
-4.3631140551181105
0
LINE
8
BLACK
6
CONTINUOUS
10
5.3244264960629923
20
-4.3631140551181105
11
5.3238938188976377
21
-4.3625813779527558
0
LINE
8
BLACK
6
CONTINUOUS
10
5.3238938188976377
20
-4.3625813779527558
11
5.3238188976377954
21
-4.3622047244094491
0
LINE
8
BLACK
6
CONTINUOUS
10
5.3238188976377954
20
-4.3622047244094491
11
5.3238188976377954
21
-4.1978346456692917
0
LINE
8
BLACK
6
CONTINUOUS
10
5.3238188976377954
20
-4.1978346456692917
11
4.9452895669291337
21
-4.1978346456692917
0
LINE
8
BLACK
6
CONTINUOUS
10
4.4747861023622049
20
-4.3790119291338581
11
4.4753187795275586
21
-4.3795446062992127
0
LINE
8
BLACK
6
CONTINUOUS
10
4.4753187795275586
20
-4.3795446062992127
11
4.4753937007874018
21
-4.3799212598425195
0
LINE
8
BLACK
6
CONTINUOUS
10
4.4753937007874018
20
-4.3799212598425195
11
4.4753937007874018
21
-4.5964566929133861
0
LINE
8
BLACK
6
CONTINUOUS
10
4.4753937007874018
20
-4.5964566929133861
11
4.4753187795275586
21
-4.5968333464566928
0
LINE
8
BLACK
6
CONTINUOUS
10
4.4753187795275586
20
-4.5968333464566928
11
4.4747861023622049
21
-4.5973660236220475
0
LINE
8
BLACK
6
CONTINUOUS
10
4.4747861023622049
20
-4.5973660236220475
11
4.4744094488188972
21
-4.5974409448818898
0
LINE
8
BLACK
6
CONTINUOUS
10
4.4744094488188972
20
-4.5974409448818898
11
4.1870078740157481
21
-4.5974409448818898
0
LINE
8
BLACK
6
CONTINUOUS
10
4.1870078740157481
20
-4.5974409448818898
11
4.1866312204724405
21
-4.5973660236220475
0
LINE
8
BLACK
6
CONTINUOUS
10
4.1866312204724405
20
-4.5973660236220475
11
4.1860985433070868
21
-4.5968333464566928
0
LINE
8
BLACK
6
CONTINUOUS
10
4.1860985433070868
20
-4.5968333464566928
11
4.1860236220472444
21
-4.5964566929133861
0
LINE
8
BLACK
6
CONTINUOUS
10
4.1860236220472444
20
-4.5964566929133861
11
4.1860236220472444
21
-4.3799212598425195
0
LINE
8
BLACK
6
CONTINUOUS
10
4.1860236220472444
20
-4.3799212598425195
11
4.1860985433070868
21
-4.3795446062992127
0
LINE
8
BLACK
6
CONTINUOUS
10
4.1860985433070868
20
-4.3795446062992127
11
4.1866312204724405
21
-4.3790119291338581
0
LINE
8
BLACK
6
CONTINUOUS
10
4.1866312204724405
20
-4.3790119291338581
11
4.1870078740157481
21
-4.3789370078740157
0
LINE
8
BLACK
6
CONTINUOUS
10
4.1870078740157481
20
-4.3789370078740157
11
4.4744094488188972
21
-4.3789370078740157
0
LINE
8
BLACK
6
CONTINUOUS
10
4.4744094488188972
20
-4.3789370078740157
11
4.4747861023622049
21
-4.3790119291338581
0
LINE
8
BLACK
6
CONTINUOUS
10
4.1879921259842519
20
-4.3809055118110232
11
4.1879921259842519
21
-4.5954724409448815
0
LINE
8
BLACK
6
CONTINUOUS
10
4.1879921259842519
20
-4.5954724409448815
11
4.4734251968503935
21
-4.5954724409448815
0
LINE
8
BLACK
6
CONTINUOUS
10
4.4734251968503935
20
-4.5954724409448815
11
4.4734251968503935
21
-4.3809055118110232
0
LINE
8
BLACK
6
CONTINUOUS
10
4.4734251968503935
20
-4.3809055118110232
11
4.1879921259842519
21
-4.3809055118110232
0
LINE
8
BLACK
6
CONTINUOUS
10
6.6795105118110234
20
-4.3790119291338581
11
6.6800431889763781
21
-4.3795446062992127
0
LINE
8
BLACK
6
CONTINUOUS
10
6.6800431889763781
20
-4.3795446062992127
11
6.6801181102362204
21
-4.3799212598425195
0
LINE
8
BLACK
6
CONTINUOUS
10
6.6801181102362204
20
-4.3799212598425195
11
6.6801181102362204
21
-4.5964566929133861
0
LINE
8
BLACK
6
CONTINUOUS
10
6.6801181102362204
20
-4.5964566929133861
11
6.6800431889763781
21
-4.5968333464566928
0
LINE
8
BLACK
6
CONTINUOUS
10
6.6800431889763781
20
-4.5968333464566928
11
6.6795105118110234
21
-4.5973660236220475
0
LINE
8
BLACK
6
CONTINUOUS
10
6.6795105118110234
20
-4.5973660236220475
11
6.6791338582677167
21
-4.5974409448818898
0
LINE
8
BLACK
6
CONTINUOUS
10
6.6791338582677167
20
-4.5974409448818898
11
6.3917322834645667
21
-4.5974409448818898
0
LINE
8
BLACK
6
CONTINUOUS
10
6.3917322834645667
20
-4.5974409448818898
11
6.3913556299212599
21
-4.5973660236220475
0
LINE
8
BLACK
6
CONTINUOUS
10
6.3913556299212599
20
-4.5973660236220475
11
6.3908229527559053
21
-4.5968333464566928
0
LINE
8
BLACK
6
CONTINUOUS
10
6.3908229527559053
20
-4.5968333464566928
11
6.390748031496063
21
-4.5964566929133861
0
LINE
8
BLACK
6
CONTINUOUS
10
6.390748031496063
20
-4.5964566929133861
11
6.390748031496063
21
-4.3799212598425195
0
LINE
8
BLACK
6
CONTINUOUS
10
6.390748031496063
20
-4.3799212598425195
11
6.3908229527559053
21
-4.3795446062992127
0
LINE
8
BLACK
6
CONTINUOUS
10
6.3908229527559053
20
-4.3795446062992127
11
6.3913556299212599
21
-4.3790119291338581
0
LINE
8
BLACK
6
CONTINUOUS
10
6.3913556299212599
20
-4.3790119291338581
11
6.3917322834645667
21
-4.3789370078740157
0
LINE
8
BLACK
6
CONTINUOUS
10
6.3917322834645667
20
-4.3789370078740157
11
6.6791338582677167
21
-4.3789370078740157
0
LINE
8
BLACK
6
CONTINUOUS
10
6.6791338582677167
20
-4.3789370078740157
11
6.6795105118110234
21
-4.3790119291338581
0
LINE
8
BLACK
6
CONTINUOUS
10
6.3927165354330704
20
-4.3809055118110232
11
6.3927165354330704
21
-4.5954724409448815
0
LINE
8
BLACK
6
CONTINUOUS
10
6.3927165354330704
20
-4.5954724409448815
11
6.6781496062992121
21
-4.5954724409448815
0
LINE
8
BLACK
6
CONTINUOUS
10
6.6781496062992121
20
-4.5954724409448815
11
6.6781496062992121
21
-4.3809055118110232
0
LINE
8
BLACK
6
CONTINUOUS
10
6.6781496062992121
20
-4.3809055118110232
11
6.3927165354330704
21
-4.3809055118110232
0
LINE
8
BLACK
6
CONTINUOUS
10
6.5166168110236216
20
-4.3010591732283467
11
6.5171494881889762
21
-4.3015918503937005
0
LINE
8
BLACK
6
CONTINUOUS
10
6.5171494881889762
20
-4.3015918503937005
11
6.5172244094488185
21
-4.3019685039370081
0
LINE
8
BLACK
6
CONTINUOUS
10
6.5172244094488185
20
-4.3019685039370081
11
6.5172244094488185
21
-4.3594488188976381
0
LINE
8
BLACK
6
CONTINUOUS
10
6.5172244094488185
20
-4.3594488188976381
11
6.5171494881889762
21
-4.3598254724409449
0
LINE
8
BLACK
6
CONTINUOUS
10
6.5171494881889762
20
-4.3598254724409449
11
6.5166168110236216
21
-4.3603581496062995
0
LINE
8
BLACK
6
CONTINUOUS
10
6.5166168110236216
20
-4.3603581496062995
11
6.5162401574803148
21
-4.3604330708661418
0
LINE
8
BLACK
6
CONTINUOUS
10
6.5162401574803148
20
-4.3604330708661418
11
6.3863188976377954
21
-4.3604330708661418
0
LINE
8
BLACK
6
CONTINUOUS
10
6.3863188976377954
20
-4.3604330708661418
11
6.3859422440944877
21
-4.3603581496062995
0
LINE
8
BLACK
6
CONTINUOUS
10
6.3859422440944877
20
-4.3603581496062995
11
6.385409566929134
21
-4.3598254724409449
0
LINE
8
BLACK
6
CONTINUOUS
10
6.385409566929134
20
-4.3598254724409449
11
6.3853346456692908
21
-4.3594488188976381
0
LINE
8
BLACK
6
CONTINUOUS
10
6.3853346456692908
20
-4.3594488188976381
11
6.3853346456692908
21
-4.3019685039370081
0
LINE
8
BLACK
6
CONTINUOUS
10
6.3853346456692908
20
-4.3019685039370081
11
6.385409566929134
21
-4.3015918503937005
0
LINE
8
BLACK
6
CONTINUOUS
10
6.385409566929134
20
-4.3015918503937005
11
6.3859422440944877
21
-4.3010591732283467
0
LINE
8
BLACK
6
CONTINUOUS
10
6.3859422440944877
20
-4.3010591732283467
11
6.3863188976377954
21
-4.3009842519685035
0
LINE
8
BLACK
6
CONTINUOUS
10
6.3863188976377954
20
-4.3009842519685035
11
6.5162401574803148
21
-4.3009842519685035
0
LINE
8
BLACK
6
CONTINUOUS
10
6.5162401574803148
20
-4.3009842519685035
11
6.5166168110236216
21
-4.3010591732283467
0
LINE
8
BLACK
6
CONTINUOUS
10
6.3873031496062991
20
-4.3029527559055119
11
6.3873031496062991
21
-4.3584645669291335
0
LINE
8
BLACK
6
CONTINUOUS
10
6.3873031496062991
20
-4.3584645669291335
11
6.5152559055118111
21
-4.3584645669291335
0
LINE
8
BLACK
6
CONTINUOUS
10
6.5152559055118111
20
-4.3584645669291335
11
6.5152559055118111
21
-4.3029527559055119
0
LINE
8
BLACK
6
CONTINUOUS
10
6.5152559055118111
20
-4.3029527559055119
11
6.3873031496062991
21
-4.3029527559055119
0
LINE
8
BLACK
6
CONTINUOUS
10
4.4747861023622049
20
-4.1042087795275588
11
4.4753187795275586
21
-4.1047414566929135
0
LINE
8
BLACK
6
CONTINUOUS
10
4.4753187795275586
20
-4.1047414566929135
11
4.4753937007874018
21
-4.1051181102362202
0
LINE
8
BLACK
6
CONTINUOUS
10
4.4753937007874018
20
-4.1051181102362202
11
4.4753937007874018
21
-4.1625984251968502
0
LINE
8
BLACK
6
CONTINUOUS
10
4.4753937007874018
20
-4.1625984251968502
11
4.4753187795275586
21
-4.1629750787401578
0
LINE
8
BLACK
6
CONTINUOUS
10
4.4753187795275586
20
-4.1629750787401578
11
4.4747861023622049
21
-4.1635077559055116
0
LINE
8
BLACK
6
CONTINUOUS
10
4.4747861023622049
20
-4.1635077559055116
11
4.4744094488188972
21
-4.1635826771653539
0
LINE
8
BLACK
6
CONTINUOUS
10
4.4744094488188972
20
-4.1635826771653539
11
4.3444881889763778
21
-4.1635826771653539
0
LINE
8
BLACK
6
CONTINUOUS
10
4.3444881889763778
20
-4.1635826771653539
11
4.344111535433071
21
-4.1635077559055116
0
LINE
8
BLACK
6
CONTINUOUS
10
4.344111535433071
20
-4.1635077559055116
11
4.3435788582677164
21
-4.1629750787401578
0
LINE
8
BLACK
6
CONTINUOUS
10
4.3435788582677164
20
-4.1629750787401578
11
4.3435039370078741
21
-4.1625984251968502
0
LINE
8
BLACK
6
CONTINUOUS
10
4.3435039370078741
20
-4.1625984251968502
11
4.3435039370078741
21
-4.1051181102362202
0
LINE
8
BLACK
6
CONTINUOUS
10
4.3435039370078741
20
-4.1051181102362202
11
4.3435788582677164
21
-4.1047414566929135
0
LINE
8
BLACK
6
CONTINUOUS
10
4.3435788582677164
20
-4.1047414566929135
11
4.344111535433071
21
-4.1042087795275588
0
LINE
8
BLACK
6
CONTINUOUS
10
4.344111535433071
20
-4.1042087795275588
11
4.3444881889763778
21
-4.1041338582677165
0
LINE
8
BLACK
6
CONTINUOUS
10
4.3444881889763778
20
-4.1041338582677165
11
4.4744094488188972
21
-4.1041338582677165
0
LINE
8
BLACK
6
CONTINUOUS
10
4.4744094488188972
20
-4.1041338582677165
11
4.4747861023622049
21
-4.1042087795275588
0
LINE
8
BLACK
6
CONTINUOUS
10
4.3454724409448815
20
-4.1061023622047239
11
4.3454724409448815
21
-4.1616141732283465
0
LINE
8
BLACK
6
CONTINUOUS
10
4.3454724409448815
20
-4.1616141732283465
11
4.4734251968503935
21
-4.1616141732283465
0
LINE
8
BLACK
6
CONTINUOUS
10
4.4734251968503935
20
-4.1616141732283465
11
4.4734251968503935
21
-4.1061023622047239
0
LINE
8
BLACK
6
CONTINUOUS
10
4.4734251968503935
20
-4.1061023622047239
11
4.3454724409448815
21
-4.1061023622047239
0
LINE
8
BLACK
6
CONTINUOUS
10
6.6007703543307086
20
-4.1042087795275588
11
6.6013030314960632
21
-4.1047414566929135
0
LINE
8
BLACK
6
CONTINUOUS
10
6.6013030314960632
20
-4.1047414566929135
11
6.6013779527559056
21
-4.1051181102362202
0
LINE
8
BLACK
6
CONTINUOUS
10
6.6013779527559056
20
-4.1051181102362202
11
6.6013779527559056
21
-4.1625984251968502
0
LINE
8
BLACK
6
CONTINUOUS
10
6.6013779527559056
20
-4.1625984251968502
11
6.6013030314960632
21
-4.1629750787401578
0
LINE
8
BLACK
6
CONTINUOUS
10
6.6013030314960632
20
-4.1629750787401578
11
6.6007703543307086
21
-4.1635077559055116
0
LINE
8
BLACK
6
CONTINUOUS
10
6.6007703543307086
20
-4.1635077559055116
11
6.6003937007874018
21
-4.1635826771653539
0
LINE
8
BLACK
6
CONTINUOUS
10
6.6003937007874018
20
-4.1635826771653539
11
6.4704724409448815
21
-4.1635826771653539
0
LINE
8
BLACK
6
CONTINUOUS
10
6.4704724409448815
20
-4.1635826771653539
11
6.4700957874015748
21
-4.1635077559055116
0
LINE
8
BLACK
6
CONTINUOUS
10
6.4700957874015748
20
-4.1635077559055116
11
6.4695631102362201
21
-4.1629750787401578
0
LINE
8
BLACK
6
CONTINUOUS
10
6.4695631102362201
20
-4.1629750787401578
11
6.4694881889763778
21
-4.1625984251968502
0
LINE
8
BLACK
6
CONTINUOUS
10
6.4694881889763778
20
-4.1625984251968502
11
6.4694881889763778
21
-4.1051181102362202
0
LINE
8
BLACK
6
CONTINUOUS
10
6.4694881889763778
20
-4.1051181102362202
11
6.4695631102362201
21
-4.1047414566929135
0
LINE
8
BLACK
6
CONTINUOUS
10
6.4695631102362201
20
-4.1047414566929135
11
6.4700957874015748
21
-4.1042087795275588
0
LINE
8
BLACK
6
CONTINUOUS
10
6.4700957874015748
20
-4.1042087795275588
11
6.4704724409448815
21
-4.1041338582677165
0
LINE
8
BLACK
6
CONTINUOUS
10
6.4704724409448815
20
-4.1041338582677165
11
6.6003937007874018
21
-4.1041338582677165
0
LINE
8
BLACK
6
CONTINUOUS
10
6.6003937007874018
20
-4.1041338582677165
11
6.6007703543307086
21
-4.1042087795275588
0
LINE
8
BLACK
6
CONTINUOUS
10
6.4714566929133861
20
-4.1061023622047239
11
6.4714566929133861
21
-4.1616141732283465
0
LINE
8
BLACK
6
CONTINUOUS
10
6.4714566929133861
20
-4.1616141732283465
11
6.5994094488188972
21
-4.1616141732283465
0
LINE
8
BLACK
6
CONTINUOUS
10
6.5994094488188972
20
-4.1616141732283465
11
6.5994094488188972
21
-4.1061023622047239
0
LINE
8
BLACK
6
CONTINUOUS
10
6.5994094488188972
20
-4.1061023622047239
11
6.4714566929133861
21
-4.1061023622047239
0
LINE
8
BLACK
6
CONTINUOUS
10
4.4747861023622049
20
-3.8672009055118108
11
4.4753187795275586
21
-3.867733582677165
0
LINE
8
BLACK
6
CONTINUOUS
10
4.4753187795275586
20
-3.867733582677165
11
4.4753937007874018
21
-3.8681102362204722
0
LINE
8
BLACK
6
CONTINUOUS
10
4.4753937007874018
20
-3.8681102362204722
11
4.4753937007874018
21
-4.0846456692913389
0
LINE
8
BLACK
6
CONTINUOUS
10
4.4753937007874018
20
-4.0846456692913389
11
4.4753187795275586
21
-4.0850223228346456
0
LINE
8
BLACK
6
CONTINUOUS
10
4.4753187795275586
20
-4.0850223228346456
11
4.4747861023622049
21
-4.0855550000000003
0
LINE
8
BLACK
6
CONTINUOUS
10
4.4747861023622049
20
-4.0855550000000003
11
4.4744094488188972
21
-4.0856299212598426
0
LINE
8
BLACK
6
CONTINUOUS
10
4.4744094488188972
20
-4.0856299212598426
11
4.1870078740157481
21
-4.0856299212598426
0
LINE
8
BLACK
6
CONTINUOUS
10
4.1870078740157481
20
-4.0856299212598426
11
4.1866312204724405
21
-4.0855550000000003
0
LINE
8
BLACK
6
CONTINUOUS
10
4.1866312204724405
20
-4.0855550000000003
11
4.1860985433070868
21
-4.0850223228346456
0
LINE
8
BLACK
6
CONTINUOUS
10
4.1860985433070868
20
-4.0850223228346456
11
4.1860236220472444
21
-4.0846456692913389
0
LINE
8
BLACK
6
CONTINUOUS
10
4.1860236220472444
20
-4.0846456692913389
11
4.1860236220472444
21
-3.8681102362204722
0
LINE
8
BLACK
6
CONTINUOUS
10
4.1860236220472444
20
-3.8681102362204722
11
4.1860985433070868
21
-3.867733582677165
0
LINE
8
BLACK
6
CONTINUOUS
10
4.1860985433070868
20
-3.867733582677165
11
4.1866312204724405
21
-3.8672009055118108
0
LINE
8
BLACK
6
CONTINUOUS
10
4.1866312204724405
20
-3.8672009055118108
11
4.1870078740157481
21
-3.8671259842519685
0
LINE
8
BLACK
6
CONTINUOUS
10
4.1870078740157481
20
-3.8671259842519685
11
4.4744094488188972
21
-3.8671259842519685
0
LINE
8
BLACK
6
CONTINUOUS
10
4.4744094488188972
20
-3.8671259842519685
11
4.4747861023622049
21
-3.8672009055118108
0
LINE
8
BLACK
6
CONTINUOUS
10
4.1879921259842519
20
-3.8690944881889764
11
4.1879921259842519
21
-4.0836614173228343
0
LINE
8
BLACK
6
CONTINUOUS
10
4.1879921259842519
20
-4.0836614173228343
11
4.4734251968503935
21
-4.0836614173228343
0
LINE
8
BLACK
6
CONTINUOUS
10
4.4734251968503935
20
-4.0836614173228343
11
4.4734251968503935
21
-3.8690944881889764
0
LINE
8
BLACK
6
CONTINUOUS
10
4.4734251968503935
20
-3.8690944881889764
11
4.1879921259842519
21
-3.8690944881889764
0
LINE
8
BLACK
6
CONTINUOUS
10
6.6795105118110234
20
-3.8672009055118108
11
6.6800431889763781
21
-3.867733582677165
0
LINE
8
BLACK
6
CONTINUOUS
10
6.6800431889763781
20
-3.867733582677165
11
6.6801181102362204
21
-3.8681102362204722
0
LINE
8
BLACK
6
CONTINUOUS
10
6.6801181102362204
20
-3.8681102362204722
11
6.6801181102362204
21
-4.0846456692913389
0
LINE
8
BLACK
6
CONTINUOUS
10
6.6801181102362204
20
-4.0846456692913389
11
6.6800431889763781
21
-4.0850223228346456
0
LINE
8
BLACK
6
CONTINUOUS
10
6.6800431889763781
20
-4.0850223228346456
11
6.6795105118110234
21
-4.0855550000000003
0
LINE
8
BLACK
6
CONTINUOUS
10
6.6795105118110234
20
-4.0855550000000003
11
6.6791338582677167
21
-4.0856299212598426
0
LINE
8
BLACK
6
CONTINUOUS
10
6.6791338582677167
20
-4.0856299212598426
11
6.3917322834645667
21
-4.0856299212598426
0
LINE
8
BLACK
6
CONTINUOUS
10
6.3917322834645667
20
-4.0856299212598426
11
6.3913556299212599
21
-4.0855550000000003
0
LINE
8
BLACK
6
CONTINUOUS
10
6.3913556299212599
20
-4.0855550000000003
11
6.3908229527559053
21
-4.0850223228346456
0
LINE
8
BLACK
6
CONTINUOUS
10
6.3908229527559053
20
-4.0850223228346456
11
6.390748031496063
21
-4.0846456692913389
0
LINE
8
BLACK
6
CONTINUOUS
10
6.390748031496063
20
-4.0846456692913389
11
6.390748031496063
21
-3.8681102362204722
0
LINE
8
BLACK
6
CONTINUOUS
10
6.390748031496063
20
-3.8681102362204722
11
6.3908229527559053
21
-3.867733582677165
0
LINE
8
BLACK
6
CONTINUOUS
10
6.3908229527559053
20
-3.867733582677165
11
6.3913556299212599
21
-3.8672009055118108
0
LINE
8
BLACK
6
CONTINUOUS
10
6.3913556299212599
20
-3.8672009055118108
11
6.3917322834645667
21
-3.8671259842519685
0
LINE
8
BLACK
6
CONTINUOUS
10
6.3917322834645667
20
-3.8671259842519685
11
6.6791338582677167
21
-3.8671259842519685
0
LINE
8
BLACK
6
CONTINUOUS
10
6.6791338582677167
20
-3.8671259842519685
11
6.6795105118110234
21
-3.8672009055118108
0
LINE
8
BLACK
6
CONTINUOUS
10
6.3927165354330704
20
-3.8690944881889764
11
6.3927165354330704
21
-4.0836614173228343
0
LINE
8
BLACK
6
CONTINUOUS
10
6.3927165354330704
20
-4.0836614173228343
11
6.6781496062992121
21
-4.0836614173228343
0
LINE
8
BLACK
6
CONTINUOUS
10
6.6781496062992121
20
-4.0836614173228343
11
6.6781496062992121
21
-3.8690944881889764
0
LINE
8
BLACK
6
CONTINUOUS
10
6.6781496062992121
20
-3.8690944881889764
11
6.3927165354330704
21
-3.8690944881889764
0
LINE
8
BLACK
6
CONTINUOUS
10
4.7543136614173225
20
-3.4971221653543307
11
4.7548463385826771
21
-3.4976548425196849
0
LINE
8
BLACK
6
CONTINUOUS
10
4.7548463385826771
20
-3.4976548425196849
11
4.7549212598425195
21
-3.4980314960629921
0
LINE
8
BLACK
6
CONTINUOUS
10
4.7549212598425195
20
-3.4980314960629921
11
4.7549212598425195
21
-3.7854330708661417
0
LINE
8
BLACK
6
CONTINUOUS
10
4.7549212598425195
20
-3.7854330708661417
11
4.7548463385826771
21
-3.7858097244094489
0
LINE
8
BLACK
6
CONTINUOUS
10
4.7548463385826771
20
-3.7858097244094489
11
4.7543136614173225
21
-3.7863424015748031
0
LINE
8
BLACK
6
CONTINUOUS
10
4.7543136614173225
20
-3.7863424015748031
11
4.7539370078740157
21
-3.7864173228346454
0
LINE
8
BLACK
6
CONTINUOUS
10
4.7539370078740157
20
-3.7864173228346454
11
4.5374015748031491
21
-3.7864173228346454
0
LINE
8
BLACK
6
CONTINUOUS
10
4.5374015748031491
20
-3.7864173228346454
11
4.5370249212598424
21
-3.7863424015748031
0
LINE
8
BLACK
6
CONTINUOUS
10
4.5370249212598424
20
-3.7863424015748031
11
4.5364922440944877
21
-3.7858097244094489
0
LINE
8
BLACK
6
CONTINUOUS
10
4.5364922440944877
20
-3.7858097244094489
11
4.5364173228346454
21
-3.7854330708661417
0
LINE
8
BLACK
6
CONTINUOUS
10
4.5364173228346454
20
-3.7854330708661417
11
4.5364173228346454
21
-3.4980314960629921
0
LINE
8
BLACK
6
CONTINUOUS
10
4.5364173228346454
20
-3.4980314960629921
11
4.5364922440944877
21
-3.4976548425196849
0
LINE
8
BLACK
6
CONTINUOUS
10
4.5364922440944877
20
-3.4976548425196849
11
4.5370249212598424
21
-3.4971221653543307
0
LINE
8
BLACK
6
CONTINUOUS
10
4.5370249212598424
20
-3.4971221653543307
11
4.5374015748031491
21
-3.497047244094488
0
LINE
8
BLACK
6
CONTINUOUS
10
4.5374015748031491
20
-3.497047244094488
11
4.7539370078740157
21
-3.497047244094488
0
LINE
8
BLACK
6
CONTINUOUS
10
4.7539370078740157
20
-3.497047244094488
11
4.7543136614173225
21
-3.4971221653543307
0
LINE
8
BLACK
6
CONTINUOUS
10
4.5383858267716537
20
-3.4990157480314958
11
4.5383858267716537
21
-3.7844488188976375
0
LINE
8
BLACK
6
CONTINUOUS
10
4.5383858267716537
20
-3.7844488188976375
11
4.752952755905512
21
-3.7844488188976375
0
LINE
8
BLACK
6
CONTINUOUS
10
4.752952755905512
20
-3.7844488188976375
11
4.752952755905512
21
-3.4990157480314958
0
LINE
8
BLACK
6
CONTINUOUS
10
4.752952755905512
20
-3.4990157480314958
11
4.5383858267716537
21
-3.4990157480314958
0
LINE
8
BLACK
6
CONTINUOUS
10
5.0291168110236217
20
-3.6546024803149604
11
5.0296494881889764
21
-3.655135157480315
0
LINE
8
BLACK
6
CONTINUOUS
10
5.0296494881889764
20
-3.655135157480315
11
5.0297244094488187
21
-3.6555118110236218
0
LINE
8
BLACK
6
CONTINUOUS
10
5.0297244094488187
20
-3.6555118110236218
11
5.0297244094488187
21
-3.7854330708661417
0
LINE
8
BLACK
6
CONTINUOUS
10
5.0297244094488187
20
-3.7854330708661417
11
5.0296494881889764
21
-3.7858097244094489
0
LINE
8
BLACK
6
CONTINUOUS
10
5.0296494881889764
20
-3.7858097244094489
11
5.0291168110236217
21
-3.7863424015748031
0
LINE
8
BLACK
6
CONTINUOUS
10
5.0291168110236217
20
-3.7863424015748031
11
5.028740157480315
21
-3.7864173228346454
0
LINE
8
BLACK
6
CONTINUOUS
10
5.028740157480315
20
-3.7864173228346454
11
4.971259842519685
21
-3.7864173228346454
0
LINE
8
BLACK
6
CONTINUOUS
10
4.971259842519685
20
-3.7864173228346454
11
4.9708831889763783
21
-3.7863424015748031
0
LINE
8
BLACK
6
CONTINUOUS
10
4.9708831889763783
20
-3.7863424015748031
11
4.9703505118110236
21
-3.7858097244094489
0
LINE
8
BLACK
6
CONTINUOUS
10
4.9703505118110236
20
-3.7858097244094489
11
4.9702755905511813
21
-3.7854330708661417
0
LINE
8
BLACK
6
CONTINUOUS
10
4.9702755905511813
20
-3.7854330708661417
11
4.9702755905511813
21
-3.6555118110236218
0
LINE
8
BLACK
6
CONTINUOUS
10
4.9702755905511813
20
-3.6555118110236218
11
4.9703505118110236
21
-3.655135157480315
0
LINE
8
BLACK
6
CONTINUOUS
10
4.9703505118110236
20
-3.655135157480315
11
4.9708831889763783
21
-3.6546024803149604
0
LINE
8
BLACK
6
CONTINUOUS
10
4.9708831889763783
20
-3.6546024803149604
11
4.971259842519685
21
-3.6545275590551181
0
LINE
8
BLACK
6
CONTINUOUS
10
4.971259842519685
20
-3.6545275590551181
11
5.028740157480315
21
-3.6545275590551181
0
LINE
8
BLACK
6
CONTINUOUS
10
5.028740157480315
20
-3.6545275590551181
11
5.0291168110236217
21
-3.6546024803149604
0
LINE
8
BLACK
6
CONTINUOUS
10
4.9722440944881887
20
-3.6564960629921259
11
4.9722440944881887
21
-3.7844488188976375
0
LINE
8
BLACK
6
CONTINUOUS
10
4.9722440944881887
20
-3.7844488188976375
11
5.0277559055118113
21
-3.7844488188976375
0
LINE
8
BLACK
6
CONTINUOUS
10
5.0277559055118113
20
-3.7844488188976375
11
5.0277559055118113
21
-3.6564960629921259
0
LINE
8
BLACK
6
CONTINUOUS
10
5.0277559055118113
20
-3.6564960629921259
11
4.9722440944881887
21
-3.6564960629921259
0
LINE
8
BLACK
6
CONTINUOUS
10
5.2661246850393697
20
-3.4971221653543307
11
5.2666573622047244
21
-3.4976548425196849
0
LINE
8
BLACK
6
CONTINUOUS
10
5.2666573622047244
20
-3.4976548425196849
11
5.2667322834645667
21
-3.4980314960629921
0
LINE
8
BLACK
6
CONTINUOUS
10
5.2667322834645667
20
-3.4980314960629921
11
5.2667322834645667
21
-3.7854330708661417
0
LINE
8
BLACK
6
CONTINUOUS
10
5.2667322834645667
20
-3.7854330708661417
11
5.2666573622047244
21
-3.7858097244094489
0
LINE
8
BLACK
6
CONTINUOUS
10
5.2666573622047244
20
-3.7858097244094489
11
5.2661246850393697
21
-3.7863424015748031
0
LINE
8
BLACK
6
CONTINUOUS
10
5.2661246850393697
20
-3.7863424015748031
11
5.265748031496063
21
-3.7864173228346454
0
LINE
8
BLACK
6
CONTINUOUS
10
5.265748031496063
20
-3.7864173228346454
11
5.0492125984251963
21
-3.7864173228346454
0
LINE
8
BLACK
6
CONTINUOUS
10
5.0492125984251963
20
-3.7864173228346454
11
5.0488359448818896
21
-3.7863424015748031
0
LINE
8
BLACK
6
CONTINUOUS
10
5.0488359448818896
20
-3.7863424015748031
11
5.0483032677165349
21
-3.7858097244094489
0
LINE
8
BLACK
6
CONTINUOUS
10
5.0483032677165349
20
-3.7858097244094489
11
5.0482283464566926
21
-3.7854330708661417
0
LINE
8
BLACK
6
CONTINUOUS
10
5.0482283464566926
20
-3.7854330708661417
11
5.0482283464566926
21
-3.4980314960629921
0
LINE
8
BLACK
6
CONTINUOUS
10
5.0482283464566926
20
-3.4980314960629921
11
5.0483032677165349
21
-3.4976548425196849
0
LINE
8
BLACK
6
CONTINUOUS
10
5.0483032677165349
20
-3.4976548425196849
11
5.0488359448818896
21
-3.4971221653543307
0
LINE
8
BLACK
6
CONTINUOUS
10
5.0488359448818896
20
-3.4971221653543307
11
5.0492125984251963
21
-3.497047244094488
0
LINE
8
BLACK
6
CONTINUOUS
10
5.0492125984251963
20
-3.497047244094488
11
5.265748031496063
21
-3.497047244094488
0
LINE
8
BLACK
6
CONTINUOUS
10
5.265748031496063
20
-3.497047244094488
11
5.2661246850393697
21
-3.4971221653543307
0
LINE
8
BLACK
6
CONTINUOUS
10
5.0501968503937009
20
-3.4990157480314958
11
5.0501968503937009
21
-3.7844488188976375
0
LINE
8
BLACK
6
CONTINUOUS
10
5.0501968503937009
20
-3.7844488188976375
11
5.2647637795275593
21
-3.7844488188976375
0
LINE
8
BLACK
6
CONTINUOUS
10
5.2647637795275593
20
-3.7844488188976375
11
5.2647637795275593
21
-3.4990157480314958
0
LINE
8
BLACK
6
CONTINUOUS
10
5.2647637795275593
20
-3.4990157480314958
11
5.0501968503937009
21
-3.4990157480314958
0
LINE
8
BLACK
6
CONTINUOUS
10
5.5606128740157477
20
-3.6546024803149604
11
5.5611455511811023
21
-3.655135157480315
0
LINE
8
BLACK
6
CONTINUOUS
10
5.5611455511811023
20
-3.655135157480315
11
5.5612204724409446
21
-3.6555118110236218
0
LINE
8
BLACK
6
CONTINUOUS
10
5.5612204724409446
20
-3.6555118110236218
11
5.5612204724409446
21
-3.7854330708661417
0
LINE
8
BLACK
6
CONTINUOUS
10
5.5612204724409446
20
-3.7854330708661417
11
5.5611455511811023
21
-3.7858097244094489
0
LINE
8
BLACK
6
CONTINUOUS
10
5.5611455511811023
20
-3.7858097244094489
11
5.5606128740157477
21
-3.7863424015748031
0
LINE
8
BLACK
6
CONTINUOUS
10
5.5606128740157477
20
-3.7863424015748031
11
5.5602362204724409
21
-3.7864173228346454
0
LINE
8
BLACK
6
CONTINUOUS
10
5.5602362204724409
20
-3.7864173228346454
11
5.5027559055118109
21
-3.7864173228346454
0
LINE
8
BLACK
6
CONTINUOUS
10
5.5027559055118109
20
-3.7864173228346454
11
5.5023792519685042
21
-3.7863424015748031
0
LINE
8
BLACK
6
CONTINUOUS
10
5.5023792519685042
20
-3.7863424015748031
11
5.5018465748031495
21
-3.7858097244094489
0
LINE
8
BLACK
6
CONTINUOUS
10
5.5018465748031495
20
-3.7858097244094489
11
5.5017716535433072
21
-3.7854330708661417
0
LINE
8
BLACK
6
CONTINUOUS
10
5.5017716535433072
20
-3.7854330708661417
11
5.5017716535433072
21
-3.6555118110236218
0
LINE
8
BLACK
6
CONTINUOUS
10
5.5017716535433072
20
-3.6555118110236218
11
5.5018465748031495
21
-3.655135157480315
0
LINE
8
BLACK
6
CONTINUOUS
10
5.5018465748031495
20
-3.655135157480315
11
5.5023792519685042
21
-3.6546024803149604
0
LINE
8
BLACK
6
CONTINUOUS
10
5.5023792519685042
20
-3.6546024803149604
11
5.5027559055118109
21
-3.6545275590551181
0
LINE
8
BLACK
6
CONTINUOUS
10
5.5027559055118109
20
-3.6545275590551181
11
5.5602362204724409
21
-3.6545275590551181
0
LINE
8
BLACK
6
CONTINUOUS
10
5.5602362204724409
20
-3.6545275590551181
11
5.5606128740157477
21
-3.6546024803149604
0
LINE
8
BLACK
6
CONTINUOUS
10
5.5037401574803146
20
-3.6564960629921259
11
5.5037401574803146
21
-3.7844488188976375
0
LINE
8
BLACK
6
CONTINUOUS
10
5.5037401574803146
20
-3.7844488188976375
11
5.5592519685039372
21
-3.7844488188976375
0
LINE
8
BLACK
6
CONTINUOUS
10
5.5592519685039372
20
-3.7844488188976375
11
5.5592519685039372
21
-3.6564960629921259
0
LINE
8
BLACK
6
CONTINUOUS
10
5.5592519685039372
20
-3.6564960629921259
11
5.5037401574803146
21
-3.6564960629921259
0
LINE
8
BLACK
6
CONTINUOUS
10
5.7976207480314956
20
-3.4971221653543307
11
5.7981534251968503
21
-3.4976548425196849
0
LINE
8
BLACK
6
CONTINUOUS
10
5.7981534251968503
20
-3.4976548425196849
11
5.7982283464566926
21
-3.4980314960629921
0
LINE
8
BLACK
6
CONTINUOUS
10
5.7982283464566926
20
-3.4980314960629921
11
5.7982283464566926
21
-3.7854330708661417
0
LINE
8
BLACK
6
CONTINUOUS
10
5.7982283464566926
20
-3.7854330708661417
11
5.7981534251968503
21
-3.7858097244094489
0
LINE
8
BLACK
6
CONTINUOUS
10
5.7981534251968503
20
-3.7858097244094489
11
5.7976207480314956
21
-3.7863424015748031
0
LINE
8
BLACK
6
CONTINUOUS
10
5.7976207480314956
20
-3.7863424015748031
11
5.7972440944881889
21
-3.7864173228346454
0
LINE
8
BLACK
6
CONTINUOUS
10
5.7972440944881889
20
-3.7864173228346454
11
5.5807086614173231
21
-3.7864173228346454
0
LINE
8
BLACK
6
CONTINUOUS
10
5.5807086614173231
20
-3.7864173228346454
11
5.5803320078740155
21
-3.7863424015748031
0
LINE
8
BLACK
6
CONTINUOUS
10
5.5803320078740155
20
-3.7863424015748031
11
5.5797993307086609
21
-3.7858097244094489
0
LINE
8
BLACK
6
CONTINUOUS
10
5.5797993307086609
20
-3.7858097244094489
11
5.5797244094488185
21
-3.7854330708661417
0
LINE
8
BLACK
6
CONTINUOUS
10
5.5797244094488185
20
-3.7854330708661417
11
5.5797244094488185
21
-3.4980314960629921
0
LINE
8
BLACK
6
CONTINUOUS
10
5.5797244094488185
20
-3.4980314960629921
11
5.5797993307086609
21
-3.4976548425196849
0
LINE
8
BLACK
6
CONTINUOUS
10
5.5797993307086609
20
-3.4976548425196849
11
5.5803320078740155
21
-3.4971221653543307
0
LINE
8
BLACK
6
CONTINUOUS
10
5.5803320078740155
20
-3.4971221653543307
11
5.5807086614173231
21
-3.497047244094488
0
LINE
8
BLACK
6
CONTINUOUS
10
5.5807086614173231
20
-3.497047244094488
11
5.7972440944881889
21
-3.497047244094488
0
LINE
8
BLACK
6
CONTINUOUS
10
5.7972440944881889
20
-3.497047244094488
11
5.7976207480314956
21
-3.4971221653543307
0
LINE
8
BLACK
6
CONTINUOUS
10
5.5816929133858268
20
-3.4990157480314958
11
5.5816929133858268
21
-3.7844488188976375
0
LINE
8
BLACK
6
CONTINUOUS
10
5.5816929133858268
20
-3.7844488188976375
11
5.7962598425196852
21
-3.7844488188976375
0
LINE
8
BLACK
6
CONTINUOUS
10
5.7962598425196852
20
-3.7844488188976375
11
5.7962598425196852
21
-3.4990157480314958
0
LINE
8
BLACK
6
CONTINUOUS
10
5.7962598425196852
20
-3.4990157480314958
11
5.5816929133858268
21
-3.4990157480314958
0
LINE
8
BLACK
6
CONTINUOUS
10
6.0724238976377949
20
-3.6546024803149604
11
6.0729565748031495
21
-3.655135157480315
0
LINE
8
BLACK
6
CONTINUOUS
10
6.0729565748031495
20
-3.655135157480315
11
6.0730314960629919
21
-3.6555118110236218
0
LINE
8
BLACK
6
CONTINUOUS
10
6.0730314960629919
20
-3.6555118110236218
11
6.0730314960629919
21
-3.7854330708661417
0
LINE
8
BLACK
6
CONTINUOUS
10
6.0730314960629919
20
-3.7854330708661417
11
6.0729565748031495
21
-3.7858097244094489
0
LINE
8
BLACK
6
CONTINUOUS
10
6.0729565748031495
20
-3.7858097244094489
11
6.0724238976377949
21
-3.7863424015748031
0
LINE
8
BLACK
6
CONTINUOUS
10
6.0724238976377949
20
-3.7863424015748031
11
6.0720472440944881
21
-3.7864173228346454
0
LINE
8
BLACK
6
CONTINUOUS
10
6.0720472440944881
20
-3.7864173228346454
11
6.0145669291338582
21
-3.7864173228346454
0
LINE
8
BLACK
6
CONTINUOUS
10
6.0145669291338582
20
-3.7864173228346454
11
6.0141902755905514
21
-3.7863424015748031
0
LINE
8
BLACK
6
CONTINUOUS
10
6.0141902755905514
20
-3.7863424015748031
11
6.0136575984251968
21
-3.7858097244094489
0
LINE
8
BLACK
6
CONTINUOUS
10
6.0136575984251968
20
-3.7858097244094489
11
6.0135826771653544
21
-3.7854330708661417
0
LINE
8
BLACK
6
CONTINUOUS
10
6.0135826771653544
20
-3.7854330708661417
11
6.0135826771653544
21
-3.6555118110236218
0
LINE
8
BLACK
6
CONTINUOUS
10
6.0135826771653544
20
-3.6555118110236218
11
6.0136575984251968
21
-3.655135157480315
0
LINE
8
BLACK
6
CONTINUOUS
10
6.0136575984251968
20
-3.655135157480315
11
6.0141902755905514
21
-3.6546024803149604
0
LINE
8
BLACK
6
CONTINUOUS
10
6.0141902755905514
20
-3.6546024803149604
11
6.0145669291338582
21
-3.6545275590551181
0
LINE
8
BLACK
6
CONTINUOUS
10
6.0145669291338582
20
-3.6545275590551181
11
6.0720472440944881
21
-3.6545275590551181
0
LINE
8
BLACK
6
CONTINUOUS
10
6.0720472440944881
20
-3.6545275590551181
11
6.0724238976377949
21
-3.6546024803149604
0
LINE
8
BLACK
6
CONTINUOUS
10
6.0155511811023619
20
-3.6564960629921259
11
6.0155511811023619
21
-3.7844488188976375
0
LINE
8
BLACK
6
CONTINUOUS
10
6.0155511811023619
20
-3.7844488188976375
11
6.0710629921259844
21
-3.7844488188976375
0
LINE
8
BLACK
6
CONTINUOUS
10
6.0710629921259844
20
-3.7844488188976375
11
6.0710629921259844
21
-3.6564960629921259
0
LINE
8
BLACK
6
CONTINUOUS
10
6.0710629921259844
20
-3.6564960629921259
11
6.0155511811023619
21
-3.6564960629921259
0
LINE
8
BLACK
6
CONTINUOUS
10
6.3094317716535429
20
-3.4971221653543307
11
6.3099644488188975
21
-3.4976548425196849
0
LINE
8
BLACK
6
CONTINUOUS
10
6.3099644488188975
20
-3.4976548425196849
11
6.3100393700787398
21
-3.4980314960629921
0
LINE
8
BLACK
6
CONTINUOUS
10
6.3100393700787398
20
-3.4980314960629921
11
6.3100393700787398
21
-3.7854330708661417
0
LINE
8
BLACK
6
CONTINUOUS
10
6.3100393700787398
20
-3.7854330708661417
11
6.3099644488188975
21
-3.7858097244094489
0
LINE
8
BLACK
6
CONTINUOUS
10
6.3099644488188975
20
-3.7858097244094489
11
6.3094317716535429
21
-3.7863424015748031
0
LINE
8
BLACK
6
CONTINUOUS
10
6.3094317716535429
20
-3.7863424015748031
11
6.3090551181102361
21
-3.7864173228346454
0
LINE
8
BLACK
6
CONTINUOUS
10
6.3090551181102361
20
-3.7864173228346454
11
6.0925196850393704
21
-3.7864173228346454
0
LINE
8
BLACK
6
CONTINUOUS
10
6.0925196850393704
20
-3.7864173228346454
11
6.0921430314960627
21
-3.7863424015748031
0
LINE
8
BLACK
6
CONTINUOUS
10
6.0921430314960627
20
-3.7863424015748031
11
6.091610354330709
21
-3.7858097244094489
0
LINE
8
BLACK
6
CONTINUOUS
10
6.091610354330709
20
-3.7858097244094489
11
6.0915354330708658
21
-3.7854330708661417
0
LINE
8
BLACK
6
CONTINUOUS
10
6.0915354330708658
20
-3.7854330708661417
11
6.0915354330708658
21
-3.4980314960629921
0
LINE
8
BLACK
6
CONTINUOUS
10
6.0915354330708658
20
-3.4980314960629921
11
6.091610354330709
21
-3.4976548425196849
0
LINE
8
BLACK
6
CONTINUOUS
10
6.091610354330709
20
-3.4976548425196849
11
6.0921430314960627
21
-3.4971221653543307
0
LINE
8
BLACK
6
CONTINUOUS
10
6.0921430314960627
20
-3.4971221653543307
11
6.0925196850393704
21
-3.497047244094488
0
LINE
8
BLACK
6
CONTINUOUS
10
6.0925196850393704
20
-3.497047244094488
11
6.3090551181102361
21
-3.497047244094488
0
LINE
8
BLACK
6
CONTINUOUS
10
6.3090551181102361
20
-3.497047244094488
11
6.3094317716535429
21
-3.4971221653543307
0
LINE
8
BLACK
6
CONTINUOUS
10
6.0935039370078741
20
-3.4990157480314958
11
6.0935039370078741
21
-3.7844488188976375
0
LINE
8
BLACK
6
CONTINUOUS
10
6.0935039370078741
20
-3.7844488188976375
11
6.3080708661417324
21
-3.7844488188976375
0
LINE
8
BLACK
6
CONTINUOUS
10
6.3080708661417324
20
-3.7844488188976375
11
6.3080708661417324
21
-3.4990157480314958
0
LINE
8
BLACK
6
CONTINUOUS
10
6.3080708661417324
20
-3.4990157480314958
11
6.0935039370078741
21
-3.4990157480314958
0
LINE
8
BLACK
6
CONTINUOUS
10
4.8322664173228347
20
-3.5758623228346456
11
4.8327990944881885
21
-3.5763949999999998
0
LINE
8
BLACK
6
CONTINUOUS
10
4.8327990944881885
20
-3.5763949999999998
11
4.8328740157480317
21
-3.576771653543307
0
LINE
8
BLACK
6
CONTINUOUS
10
4.8328740157480317
20
-3.576771653543307
11
4.8328740157480317
21
-3.7066929133858268
0
LINE
8
BLACK
6
CONTINUOUS
10
4.8328740157480317
20
-3.7066929133858268
11
4.8327990944881885
21
-3.7070695669291336
0
LINE
8
BLACK
6
CONTINUOUS
10
4.8327990944881885
20
-3.7070695669291336
11
4.8322664173228347
21
-3.7076022440944882
0
LINE
8
BLACK
6
CONTINUOUS
10
4.8322664173228347
20
-3.7076022440944882
11
4.8318897637795271
21
-3.7076771653543306
0
LINE
8
BLACK
6
CONTINUOUS
10
4.8318897637795271
20
-3.7076771653543306
11
4.7744094488188979
21
-3.7076771653543306
0
LINE
8
BLACK
6
CONTINUOUS
10
4.7744094488188979
20
-3.7076771653543306
11
4.7740327952755903
21
-3.7076022440944882
0
LINE
8
BLACK
6
CONTINUOUS
10
4.7740327952755903
20
-3.7076022440944882
11
4.7735001181102357
21
-3.7070695669291336
0
LINE
8
BLACK
6
CONTINUOUS
10
4.7735001181102357
20
-3.7070695669291336
11
4.7734251968503933
21
-3.7066929133858268
0
LINE
8
BLACK
6
CONTINUOUS
10
4.7734251968503933
20
-3.7066929133858268
11
4.7734251968503933
21
-3.576771653543307
0
LINE
8
BLACK
6
CONTINUOUS
10
4.7734251968503933
20
-3.576771653543307
11
4.7735001181102357
21
-3.5763949999999998
0
LINE
8
BLACK
6
CONTINUOUS
10
4.7735001181102357
20
-3.5763949999999998
11
4.7740327952755903
21
-3.5758623228346456
0
LINE
8
BLACK
6
CONTINUOUS
10
4.7740327952755903
20
-3.5758623228346456
11
4.7744094488188979
21
-3.5757874015748032
0
LINE
8
BLACK
6
CONTINUOUS
10
4.7744094488188979
20
-3.5757874015748032
11
4.8318897637795271
21
-3.5757874015748032
0
LINE
8
BLACK
6
CONTINUOUS
10
4.8318897637795271
20
-3.5757874015748032
11
4.8322664173228347
21
-3.5758623228346456
0
LINE
8
BLACK
6
CONTINUOUS
10
4.7753937007874017
20
-3.5777559055118111
11
4.7753937007874017
21
-3.7057086614173227
0
LINE
8
BLACK
6
CONTINUOUS
10
4.7753937007874017
20
-3.7057086614173227
11
4.8309055118110233
21
-3.7057086614173227
0
LINE
8
BLACK
6
CONTINUOUS
10
4.8309055118110233
20
-3.7057086614173227
11
4.8309055118110233
21
-3.5777559055118111
0
LINE
8
BLACK
6
CONTINUOUS
10
4.8309055118110233
20
-3.5777559055118111
11
4.7753937007874017
21
-3.5777559055118111
0
LINE
8
BLACK
6
CONTINUOUS
10
4.4747861023622049
20
-3.2175946062992127
11
4.4753187795275586
21
-3.2181272834645669
0
LINE
8
BLACK
6
CONTINUOUS
10
4.4753187795275586
20
-3.2181272834645669
11
4.4753937007874018
21
-3.2185039370078741
0
LINE
8
BLACK
6
CONTINUOUS
10
4.4753937007874018
20
-3.2185039370078741
11
4.4753937007874018
21
-3.4350393700787403
0
LINE
8
BLACK
6
CONTINUOUS
10
4.4753937007874018
20
-3.4350393700787403
11
4.4753187795275586
21
-3.435416023622047
0
LINE
8
BLACK
6
CONTINUOUS
10
4.4753187795275586
20
-3.435416023622047
11
4.4747861023622049
21
-3.4359487007874017
0
LINE
8
BLACK
6
CONTINUOUS
10
4.4747861023622049
20
-3.4359487007874017
11
4.4744094488188972
21
-3.436023622047244
0
LINE
8
BLACK
6
CONTINUOUS
10
4.4744094488188972
20
-3.436023622047244
11
4.1870078740157481
21
-3.436023622047244
0
LINE
8
BLACK
6
CONTINUOUS
10
4.1870078740157481
20
-3.436023622047244
11
4.1866312204724405
21
-3.4359487007874017
0
LINE
8
BLACK
6
CONTINUOUS
10
4.1866312204724405
20
-3.4359487007874017
11
4.1860985433070868
21
-3.435416023622047
0
LINE
8
BLACK
6
CONTINUOUS
10
4.1860985433070868
20
-3.435416023622047
11
4.1860236220472444
21
-3.4350393700787403
0
LINE
8
BLACK
6
CONTINUOUS
10
4.1860236220472444
20
-3.4350393700787403
11
4.1860236220472444
21
-3.2185039370078741
0
LINE
8
BLACK
6
CONTINUOUS
10
4.1860236220472444
20
-3.2185039370078741
11
4.1860985433070868
21
-3.2181272834645669
0
LINE
8
BLACK
6
CONTINUOUS
10
4.1860985433070868
20
-3.2181272834645669
11
4.1866312204724405
21
-3.2175946062992127
0
LINE
8
BLACK
6
CONTINUOUS
10
4.1866312204724405
20
-3.2175946062992127
11
4.1870078740157481
21
-3.2175196850393699
0
LINE
8
BLACK
6
CONTINUOUS
10
4.1870078740157481
20
-3.2175196850393699
11
4.4744094488188972
21
-3.2175196850393699
0
LINE
8
BLACK
6
CONTINUOUS
10
4.4744094488188972
20
-3.2175196850393699
11
4.4747861023622049
21
-3.2175946062992127
0
LINE
8
BLACK
6
CONTINUOUS
10
4.1879921259842519
20
-3.2194881889763778
11
4.1879921259842519
21
-3.4340551181102361
0
LINE
8
BLACK
6
CONTINUOUS
10
4.1879921259842519
20
-3.4340551181102361
11
4.4734251968503935
21
-3.4340551181102361
0
LINE
8
BLACK
6
CONTINUOUS
10
4.4734251968503935
20
-3.4340551181102361
11
4.4734251968503935
21
-3.2194881889763778
0
LINE
8
BLACK
6
CONTINUOUS
10
4.4734251968503935
20
-3.2194881889763778
11
4.1879921259842519
21
-3.2194881889763778
0
LINE
8
BLACK
6
CONTINUOUS
10
6.6795105118110234
20
-3.2175946062992127
11
6.6800431889763781
21
-3.2181272834645669
0
LINE
8
BLACK
6
CONTINUOUS
10
6.6800431889763781
20
-3.2181272834645669
11
6.6801181102362204
21
-3.2185039370078741
0
LINE
8
BLACK
6
CONTINUOUS
10
6.6801181102362204
20
-3.2185039370078741
11
6.6801181102362204
21
-3.4350393700787403
0
LINE
8
BLACK
6
CONTINUOUS
10
6.6801181102362204
20
-3.4350393700787403
11
6.6800431889763781
21
-3.435416023622047
0
LINE
8
BLACK
6
CONTINUOUS
10
6.6800431889763781
20
-3.435416023622047
11
6.6795105118110234
21
-3.4359487007874017
0
LINE
8
BLACK
6
CONTINUOUS
10
6.6795105118110234
20
-3.4359487007874017
11
6.6791338582677167
21
-3.436023622047244
0
LINE
8
BLACK
6
CONTINUOUS
10
6.6791338582677167
20
-3.436023622047244
11
6.3917322834645667
21
-3.436023622047244
0
LINE
8
BLACK
6
CONTINUOUS
10
6.3917322834645667
20
-3.436023622047244
11
6.3913556299212599
21
-3.4359487007874017
0
LINE
8
BLACK
6
CONTINUOUS
10
6.3913556299212599
20
-3.4359487007874017
11
6.3908229527559053
21
-3.435416023622047
0
LINE
8
BLACK
6
CONTINUOUS
10
6.3908229527559053
20
-3.435416023622047
11
6.390748031496063
21
-3.4350393700787403
0
LINE
8
BLACK
6
CONTINUOUS
10
6.390748031496063
20
-3.4350393700787403
11
6.390748031496063
21
-3.2185039370078741
0
LINE
8
BLACK
6
CONTINUOUS
10
6.390748031496063
20
-3.2185039370078741
11
6.3908229527559053
21
-3.2181272834645669
0
LINE
8
BLACK
6
CONTINUOUS
10
6.3908229527559053
20
-3.2181272834645669
11
6.3913556299212599
21
-3.2175946062992127
0
LINE
8
BLACK
6
CONTINUOUS
10
6.3913556299212599
20
-3.2175946062992127
11
6.3917322834645667
21
-3.2175196850393699
0
LINE
8
BLACK
6
CONTINUOUS
10
6.3917322834645667
20
-3.2175196850393699
11
6.6791338582677167
21
-3.2175196850393699
0
LINE
8
BLACK
6
CONTINUOUS
10
6.6791338582677167
20
-3.2175196850393699
11
6.6795105118110234
21
-3.2175946062992127
0
LINE
8
BLACK
6
CONTINUOUS
10
6.3927165354330704
20
-3.2194881889763778
11
6.3927165354330704
21
-3.4340551181102361
0
LINE
8
BLACK
6
CONTINUOUS
10
6.3927165354330704
20
-3.4340551181102361
11
6.6781496062992121
21
-3.4340551181102361
0
LINE
8
BLACK
6
CONTINUOUS
10
6.6781496062992121
20
-3.4340551181102361
11
6.6781496062992121
21
-3.2194881889763778
0
LINE
8
BLACK
6
CONTINUOUS
10
6.6781496062992121
20
-3.2194881889763778
11
6.3927165354330704
21
-3.2194881889763778
0
LINE
8
BLACK
6
CONTINUOUS
10
4.3173057874015743
20
-3.1396418503937009
11
4.317838464566929
21
-3.1401745275590551
0
LINE
8
BLACK
6
CONTINUOUS
10
4.317838464566929
20
-3.1401745275590551
11
4.3179133858267713
21
-3.1405511811023623
0
LINE
8
BLACK
6
CONTINUOUS
10
4.3179133858267713
20
-3.1405511811023623
11
4.3179133858267713
21
-3.1980314960629919
0
LINE
8
BLACK
6
CONTINUOUS
10
4.3179133858267713
20
-3.1980314960629919
11
4.317838464566929
21
-3.198408149606299
0
LINE
8
BLACK
6
CONTINUOUS
10
4.317838464566929
20
-3.198408149606299
11
4.3173057874015743
21
-3.1989408267716533
0
LINE
8
BLACK
6
CONTINUOUS
10
4.3173057874015743
20
-3.1989408267716533
11
4.3169291338582676
21
-3.199015748031496
0
LINE
8
BLACK
6
CONTINUOUS
10
4.3169291338582676
20
-3.199015748031496
11
4.1870078740157481
21
-3.199015748031496
0
LINE
8
BLACK
6
CONTINUOUS
10
4.1870078740157481
20
-3.199015748031496
11
4.1866312204724405
21
-3.1989408267716533
0
LINE
8
BLACK
6
CONTINUOUS
10
4.1866312204724405
20
-3.1989408267716533
11
4.1860985433070868
21
-3.198408149606299
0
LINE
8
BLACK
6
CONTINUOUS
10
4.1860985433070868
20
-3.198408149606299
11
4.1860236220472444
21
-3.1980314960629919
0
LINE
8
BLACK
6
CONTINUOUS
10
4.1860236220472444
20
-3.1980314960629919
11
4.1860236220472444
21
-3.1405511811023623
0
LINE
8
BLACK
6
CONTINUOUS
10
4.1860236220472444
20
-3.1405511811023623
11
4.1860985433070868
21
-3.1401745275590551
0
LINE
8
BLACK
6
CONTINUOUS
10
4.1860985433070868
20
-3.1401745275590551
11
4.1866312204724405
21
-3.1396418503937009
0
LINE
8
BLACK
6
CONTINUOUS
10
4.1866312204724405
20
-3.1396418503937009
11
4.1870078740157481
21
-3.1395669291338582
0
LINE
8
BLACK
6
CONTINUOUS
10
4.1870078740157481
20
-3.1395669291338582
11
4.3169291338582676
21
-3.1395669291338582
0
LINE
8
BLACK
6
CONTINUOUS
10
4.3169291338582676
20
-3.1395669291338582
11
4.3173057874015743
21
-3.1396418503937009
0
LINE
8
BLACK
6
CONTINUOUS
10
4.1879921259842519
20
-3.141535433070866
11
4.1879921259842519
21
-3.1970472440944881
0
LINE
8
BLACK
6
CONTINUOUS
10
4.1879921259842519
20
-3.1970472440944881
11
4.3159448818897639
21
-3.1970472440944881
0
LINE
8
BLACK
6
CONTINUOUS
10
4.3159448818897639
20
-3.1970472440944881
11
4.3159448818897639
21
-3.141535433070866
0
LINE
8
BLACK
6
CONTINUOUS
10
4.3159448818897639
20
-3.141535433070866
11
4.1879921259842519
21
-3.141535433070866
0
LINE
8
BLACK
6
CONTINUOUS
10
6.5220301968503938
20
-3.1396418503937009
11
6.5225628740157475
21
-3.1401745275590551
0
LINE
8
BLACK
6
CONTINUOUS
10
6.5225628740157475
20
-3.1401745275590551
11
6.5226377952755907
21
-3.1405511811023623
0
LINE
8
BLACK
6
CONTINUOUS
10
6.5226377952755907
20
-3.1405511811023623
11
6.5226377952755907
21
-3.1980314960629919
0
LINE
8
BLACK
6
CONTINUOUS
10
6.5226377952755907
20
-3.1980314960629919
11
6.5225628740157475
21
-3.198408149606299
0
LINE
8
BLACK
6
CONTINUOUS
10
6.5225628740157475
20
-3.198408149606299
11
6.5220301968503938
21
-3.1989408267716533
0
LINE
8
BLACK
6
CONTINUOUS
10
6.5220301968503938
20
-3.1989408267716533
11
6.5216535433070861
21
-3.199015748031496
0
LINE
8
BLACK
6
CONTINUOUS
10
6.5216535433070861
20
-3.199015748031496
11
6.3917322834645667
21
-3.199015748031496
0
LINE
8
BLACK
6
CONTINUOUS
10
6.3917322834645667
20
-3.199015748031496
11
6.3913556299212599
21
-3.1989408267716533
0
LINE
8
BLACK
6
CONTINUOUS
10
6.3913556299212599
20
-3.1989408267716533
11
6.3908229527559053
21
-3.198408149606299
0
LINE
8
BLACK
6
CONTINUOUS
10
6.3908229527559053
20
-3.198408149606299
11
6.390748031496063
21
-3.1980314960629919
0
LINE
8
BLACK
6
CONTINUOUS
10
6.390748031496063
20
-3.1980314960629919
11
6.390748031496063
21
-3.1405511811023623
0
LINE
8
BLACK
6
CONTINUOUS
10
6.390748031496063
20
-3.1405511811023623
11
6.3908229527559053
21
-3.1401745275590551
0
LINE
8
BLACK
6
CONTINUOUS
10
6.3908229527559053
20
-3.1401745275590551
11
6.3913556299212599
21
-3.1396418503937009
0
LINE
8
BLACK
6
CONTINUOUS
10
6.3913556299212599
20
-3.1396418503937009
11
6.3917322834645667
21
-3.1395669291338582
0
LINE
8
BLACK
6
CONTINUOUS
10
6.3917322834645667
20
-3.1395669291338582
11
6.5216535433070861
21
-3.1395669291338582
0
LINE
8
BLACK
6
CONTINUOUS
10
6.5216535433070861
20
-3.1395669291338582
11
6.5220301968503938
21
-3.1396418503937009
0
LINE
8
BLACK
6
CONTINUOUS
10
6.3927165354330704
20
-3.141535433070866
11
6.3927165354330704
21
-3.1970472440944881
0
LINE
8
BLACK
6
CONTINUOUS
10
6.3927165354330704
20
-3.1970472440944881
11
6.5206692913385824
21
-3.1970472440944881
0
LINE
8
BLACK
6
CONTINUOUS
10
6.5206692913385824
20
-3.1970472440944881
11
6.5206692913385824
21
-3.141535433070866
0
LINE
8
BLACK
6
CONTINUOUS
10
6.5206692913385824
20
-3.141535433070866
11
6.3927165354330704
21
-3.141535433070866
0
LINE
8
BLACK
6
CONTINUOUS
10
5.849293976377953
20
-3.1199568110236218
11
5.8498266535433068
21
-3.1204894881889764
0
LINE
8
BLACK
6
CONTINUOUS
10
5.8498266535433068
20
-3.1204894881889764
11
5.8499015748031491
21
-3.1208661417322836
0
LINE
8
BLACK
6
CONTINUOUS
10
5.8499015748031491
20
-3.1208661417322836
11
5.8499015748031491
21
-3.1783464566929132
0
LINE
8
BLACK
6
CONTINUOUS
10
5.8499015748031491
20
-3.1783464566929132
11
5.8498266535433068
21
-3.1787231102362203
0
LINE
8
BLACK
6
CONTINUOUS
10
5.8498266535433068
20
-3.1787231102362203
11
5.849293976377953
21
-3.1792557874015746
0
LINE
8
BLACK
6
CONTINUOUS
10
5.849293976377953
20
-3.1792557874015746
11
5.8489173228346454
21
-3.1793307086614173
0
LINE
8
BLACK
6
CONTINUOUS
10
5.8489173228346454
20
-3.1793307086614173
11
5.7189960629921259
21
-3.1793307086614173
0
LINE
8
BLACK
6
CONTINUOUS
10
5.7189960629921259
20
-3.1793307086614173
11
5.7186194094488192
21
-3.1792557874015746
0
LINE
8
BLACK
6
CONTINUOUS
10
5.7186194094488192
20
-3.1792557874015746
11
5.7180867322834645
21
-3.1787231102362203
0
LINE
8
BLACK
6
CONTINUOUS
10
5.7180867322834645
20
-3.1787231102362203
11
5.7180118110236222
21
-3.1783464566929132
0
LINE
8
BLACK
6
CONTINUOUS
10
5.7180118110236222
20
-3.1783464566929132
11
5.7180118110236222
21
-3.1208661417322836
0
LINE
8
BLACK
6
CONTINUOUS
10
5.7180118110236222
20
-3.1208661417322836
11
5.7180867322834645
21
-3.1204894881889764
0
LINE
8
BLACK
6
CONTINUOUS
10
5.7180867322834645
20
-3.1204894881889764
11
5.7186194094488192
21
-3.1199568110236218
0
LINE
8
BLACK
6
CONTINUOUS
10
5.7186194094488192
20
-3.1199568110236218
11
5.7189960629921259
21
-3.1198818897637794
0
LINE
8
BLACK
6
CONTINUOUS
10
5.7189960629921259
20
-3.1198818897637794
11
5.8489173228346454
21
-3.1198818897637794
0
LINE
8
BLACK
6
CONTINUOUS
10
5.8489173228346454
20
-3.1198818897637794
11
5.849293976377953
21
-3.1199568110236218
0
LINE
8
BLACK
6
CONTINUOUS
10
5.7199803149606296
20
-3.1218503937007873
11
5.7199803149606296
21
-3.1773622047244094
0
LINE
8
BLACK
6
CONTINUOUS
10
5.7199803149606296
20
-3.1773622047244094
11
5.8479330708661417
21
-3.1773622047244094
0
LINE
8
BLACK
6
CONTINUOUS
10
5.8479330708661417
20
-3.1773622047244094
11
5.8479330708661417
21
-3.1218503937007873
0
LINE
8
BLACK
6
CONTINUOUS
10
5.8479330708661417
20
-3.1218503937007873
11
5.7199803149606296
21
-3.1218503937007873
0
LINE
8
BLACK
6
CONTINUOUS
10
4.9464396456692912
20
-2.9735001181102363
11
4.9469723228346458
21
-2.9740327952755905
0
LINE
8
BLACK
6
CONTINUOUS
10
4.9469723228346458
20
-2.9740327952755905
11
4.9470472440944881
21
-2.9744094488188977
0
LINE
8
BLACK
6
CONTINUOUS
10
4.9470472440944881
20
-2.9744094488188977
11
4.9470472440944881
21
-3.1673228346456694
0
LINE
8
BLACK
6
CONTINUOUS
10
4.9470472440944881
20
-3.1673228346456694
11
4.9469723228346458
21
-3.1676994881889762
0
LINE
8
BLACK
6
CONTINUOUS
10
4.9469723228346458
20
-3.1676994881889762
11
4.9464396456692912
21
-3.1682321653543308
0
LINE
8
BLACK
6
CONTINUOUS
10
4.9464396456692912
20
-3.1682321653543308
11
4.9460629921259844
21
-3.1683070866141732
0
LINE
8
BLACK
6
CONTINUOUS
10
4.9460629921259844
20
-3.1683070866141732
11
4.8570866141732285
21
-3.1683070866141732
0
LINE
8
BLACK
6
CONTINUOUS
10
4.8570866141732285
20
-3.1683070866141732
11
4.8567099606299209
21
-3.1682321653543308
0
LINE
8
BLACK
6
CONTINUOUS
10
4.8567099606299209
20
-3.1682321653543308
11
4.8561772834645671
21
-3.1676994881889762
0
LINE
8
BLACK
6
CONTINUOUS
10
4.8561772834645671
20
-3.1676994881889762
11
4.8561023622047239
21
-3.1673228346456694
0
LINE
8
BLACK
6
CONTINUOUS
10
4.8561023622047239
20
-3.1673228346456694
11
4.8561023622047239
21
-2.9744094488188977
0
LINE
8
BLACK
6
CONTINUOUS
10
4.8561023622047239
20
-2.9744094488188977
11
4.8561772834645671
21
-2.9740327952755905
0
LINE
8
BLACK
6
CONTINUOUS
10
4.8561772834645671
20
-2.9740327952755905
11
4.8567099606299209
21
-2.9735001181102363
0
LINE
8
BLACK
6
CONTINUOUS
10
4.8567099606299209
20
-2.9735001181102363
11
4.8570866141732285
21
-2.9734251968503935
0
LINE
8
BLACK
6
CONTINUOUS
10
4.8570866141732285
20
-2.9734251968503935
11
4.9460629921259844
21
-2.9734251968503935
0
LINE
8
BLACK
6
CONTINUOUS
10
4.9460629921259844
20
-2.9734251968503935
11
4.9464396456692912
21
-2.9735001181102363
0
LINE
8
BLACK
6
CONTINUOUS
10
4.8580708661417322
20
-2.9753937007874014
11
4.8580708661417322
21
-3.1663385826771653
0
LINE
8
BLACK
6
CONTINUOUS
10
4.8580708661417322
20
-3.1663385826771653
11
4.9450787401574798
21
-3.1663385826771653
0
LINE
8
BLACK
6
CONTINUOUS
10
4.9450787401574798
20
-3.1663385826771653
11
4.9450787401574798
21
-2.9753937007874014
0
LINE
8
BLACK
6
CONTINUOUS
10
4.9450787401574798
20
-2.9753937007874014
11
4.8580708661417322
21
-2.9753937007874014
0
LINE
8
BLACK
6
CONTINUOUS
10
5.3999829527559058
20
-3.1002717716535431
11
5.4005156299212596
21
-3.1008044488188977
0
LINE
8
BLACK
6
CONTINUOUS
10
5.4005156299212596
20
-3.1008044488188977
11
5.4005905511811019
21
-3.1011811023622045
0
LINE
8
BLACK
6
CONTINUOUS
10
5.4005905511811019
20
-3.1011811023622045
11
5.4005905511811019
21
-3.1586614173228345
0
LINE
8
BLACK
6
CONTINUOUS
10
5.4005905511811019
20
-3.1586614173228345
11
5.4005156299212596
21
-3.1590380708661416
0
LINE
8
BLACK
6
CONTINUOUS
10
5.4005156299212596
20
-3.1590380708661416
11
5.3999829527559058
21
-3.1595707480314958
0
LINE
8
BLACK
6
CONTINUOUS
10
5.3999829527559058
20
-3.1595707480314958
11
5.3996062992125982
21
-3.1596456692913386
0
LINE
8
BLACK
6
CONTINUOUS
10
5.3996062992125982
20
-3.1596456692913386
11
5.2696850393700787
21
-3.1596456692913386
0
LINE
8
BLACK
6
CONTINUOUS
10
5.2696850393700787
20
-3.1596456692913386
11
5.269308385826772
21
-3.1595707480314958
0
LINE
8
BLACK
6
CONTINUOUS
10
5.269308385826772
20
-3.1595707480314958
11
5.2687757086614173
21
-3.1590380708661416
0
LINE
8
BLACK
6
CONTINUOUS
10
5.2687757086614173
20
-3.1590380708661416
11
5.268700787401575
21
-3.1586614173228345
0
LINE
8
BLACK
6
CONTINUOUS
10
5.268700787401575
20
-3.1586614173228345
11
5.268700787401575
21
-3.1011811023622045
0
LINE
8
BLACK
6
CONTINUOUS
10
5.268700787401575
20
-3.1011811023622045
11
5.2687757086614173
21
-3.1008044488188977
0
LINE
8
BLACK
6
CONTINUOUS
10
5.2687757086614173
20
-3.1008044488188977
11
5.269308385826772
21
-3.1002717716535431
0
LINE
8
BLACK
6
CONTINUOUS
10
5.269308385826772
20
-3.1002717716535431
11
5.2696850393700787
21
-3.1001968503937007
0
LINE
8
BLACK
6
CONTINUOUS
10
5.2696850393700787
20
-3.1001968503937007
11
5.3996062992125982
21
-3.1001968503937007
0
LINE
8
BLACK
6
CONTINUOUS
10
5.3996062992125982
20
-3.1001968503937007
11
5.3999829527559058
21
-3.1002717716535431
0
LINE
8
BLACK
6
CONTINUOUS
10
5.2706692913385824
20
-3.1021653543307086
11
5.2706692913385824
21
-3.1576771653543307
0
LINE
8
BLACK
6
CONTINUOUS
10
5.2706692913385824
20
-3.1576771653543307
11
5.3986220472440944
21
-3.1576771653543307
0
LINE
8
BLACK
6
CONTINUOUS
10
5.3986220472440944
20
-3.1576771653543307
11
5.3986220472440944
21
-3.1021653543307086
0
LINE
8
BLACK
6
CONTINUOUS
10
5.3986220472440944
20
-3.1021653543307086
11
5.2706692913385824
21
-3.1021653543307086
0
LINE
8
BLACK
6
CONTINUOUS
10
5.1598254724409447
20
-3.0227127165354331
11
5.1603581496062993
21
-3.0232453937007873
0
LINE
8
BLACK
6
CONTINUOUS
10
5.1603581496062993
20
-3.0232453937007873
11
5.1604330708661417
21
-3.0236220472440944
0
LINE
8
BLACK
6
CONTINUOUS
10
5.1604330708661417
20
-3.0236220472440944
11
5.1604330708661417
21
-3.0305118110236218
0
LINE
8
BLACK
6
CONTINUOUS
10
5.1604330708661417
20
-3.0305118110236218
11
5.1988188976377954
21
-3.0305118110236218
0
LINE
8
BLACK
6
CONTINUOUS
10
5.1988188976377954
20
-3.0305118110236218
11
5.1991955511811021
21
-3.0305867322834645
0
LINE
8
BLACK
6
CONTINUOUS
10
5.1991955511811021
20
-3.0305867322834645
11
5.1997282283464568
21
-3.0311194094488187
0
LINE
8
BLACK
6
CONTINUOUS
10
5.1997282283464568
20
-3.0311194094488187
11
5.1998031496062991
21
-3.0314960629921259
0
LINE
8
BLACK
6
CONTINUOUS
10
5.1998031496062991
20
-3.0314960629921259
11
5.1998031496062991
21
-3.1496062992125982
0
LINE
8
BLACK
6
CONTINUOUS
10
5.1998031496062991
20
-3.1496062992125982
11
5.1997282283464568
21
-3.1499829527559053
0
LINE
8
BLACK
6
CONTINUOUS
10
5.1997282283464568
20
-3.1499829527559053
11
5.1991955511811021
21
-3.1505156299212596
0
LINE
8
BLACK
6
CONTINUOUS
10
5.1991955511811021
20
-3.1505156299212596
11
5.1988188976377954
21
-3.1505905511811023
0
LINE
8
BLACK
6
CONTINUOUS
10
5.1988188976377954
20
-3.1505905511811023
11
5.1604330708661417
21
-3.1505905511811023
0
LINE
8
BLACK
6
CONTINUOUS
10
5.1604330708661417
20
-3.1505905511811023
11
5.1604330708661417
21
-3.1574803149606296
0
LINE
8
BLACK
6
CONTINUOUS
10
5.1604330708661417
20
-3.1574803149606296
11
5.1603581496062993
21
-3.1578569685039368
0
LINE
8
BLACK
6
CONTINUOUS
10
5.1603581496062993
20
-3.1578569685039368
11
5.1598254724409447
21
-3.1583896456692915
0
LINE
8
BLACK
6
CONTINUOUS
10
5.1598254724409447
20
-3.1583896456692915
11
5.159448818897638
21
-3.1584645669291338
0
LINE
8
BLACK
6
CONTINUOUS
10
5.159448818897638
20
-3.1584645669291338
11
5.0767716535433074
21
-3.1584645669291338
0
LINE
8
BLACK
6
CONTINUOUS
10
5.0767716535433074
20
-3.1584645669291338
11
5.0763949999999998
21
-3.1583896456692915
0
LINE
8
BLACK
6
CONTINUOUS
10
5.0763949999999998
20
-3.1583896456692915
11
5.0758623228346451
21
-3.1578569685039368
0
LINE
8
BLACK
6
CONTINUOUS
10
5.0758623228346451
20
-3.1578569685039368
11
5.0757874015748028
21
-3.1574803149606296
0
LINE
8
BLACK
6
CONTINUOUS
10
5.0757874015748028
20
-3.1574803149606296
11
5.0757874015748028
21
-3.1505905511811023
0
LINE
8
BLACK
6
CONTINUOUS
10
5.0757874015748028
20
-3.1505905511811023
11
5.0374015748031491
21
-3.1505905511811023
0
LINE
8
BLACK
6
CONTINUOUS
10
5.0374015748031491
20
-3.1505905511811023
11
5.0370249212598424
21
-3.1505156299212596
0
LINE
8
BLACK
6
CONTINUOUS
10
5.0370249212598424
20
-3.1505156299212596
11
5.0364922440944877
21
-3.1499829527559053
0
LINE
8
BLACK
6
CONTINUOUS
10
5.0364922440944877
20
-3.1499829527559053
11
5.0364173228346454
21
-3.1496062992125982
0
LINE
8
BLACK
6
CONTINUOUS
10
5.0364173228346454
20
-3.1496062992125982
11
5.0364173228346454
21
-3.0314960629921259
0
LINE
8
BLACK
6
CONTINUOUS
10
5.0364173228346454
20
-3.0314960629921259
11
5.0364922440944877
21
-3.0311194094488187
0
LINE
8
BLACK
6
CONTINUOUS
10
5.0364922440944877
20
-3.0311194094488187
11
5.0370249212598424
21
-3.0305867322834645
0
LINE
8
BLACK
6
CONTINUOUS
10
5.0370249212598424
20
-3.0305867322834645
11
5.0374015748031491
21
-3.0305118110236218
0
LINE
8
BLACK
6
CONTINUOUS
10
5.0374015748031491
20
-3.0305118110236218
11
5.0757874015748028
21
-3.0305118110236218
0
LINE
8
BLACK
6
CONTINUOUS
10
5.0757874015748028
20
-3.0305118110236218
11
5.0757874015748028
21
-3.0236220472440944
0
LINE
8
BLACK
6
CONTINUOUS
10
5.0757874015748028
20
-3.0236220472440944
11
5.0758623228346451
21
-3.0232453937007873
0
LINE
8
BLACK
6
CONTINUOUS
10
5.0758623228346451
20
-3.0232453937007873
11
5.0763949999999998
21
-3.0227127165354331
0
LINE
8
BLACK
6
CONTINUOUS
10
5.0763949999999998
20
-3.0227127165354331
11
5.0767716535433074
21
-3.0226377952755903
0
LINE
8
BLACK
6
CONTINUOUS
10
5.0767716535433074
20
-3.0226377952755903
11
5.159448818897638
21
-3.0226377952755903
0
LINE
8
BLACK
6
CONTINUOUS
10
5.159448818897638
20
-3.0226377952755903
11
5.1598254724409447
21
-3.0227127165354331
0
LINE
8
BLACK
6
CONTINUOUS
10
5.0777559055118111
20
-3.0246062992125982
11
5.0777559055118111
21
-3.0314960629921259
0
LINE
8
BLACK
6
CONTINUOUS
10
5.0777559055118111
20
-3.0314960629921259
11
5.0776809842519688
21
-3.0318727165354331
0
LINE
8
BLACK
6
CONTINUOUS
10
5.0776809842519688
20
-3.0318727165354331
11
5.0771483070866141
21
-3.0324053937007873
0
LINE
8
BLACK
6
CONTINUOUS
10
5.0771483070866141
20
-3.0324053937007873
11
5.0767716535433074
21
-3.0324803149606296
0
LINE
8
BLACK
6
CONTINUOUS
10
5.0767716535433074
20
-3.0324803149606296
11
5.0383858267716537
21
-3.0324803149606296
0
LINE
8
BLACK
6
CONTINUOUS
10
5.0383858267716537
20
-3.0324803149606296
11
5.0383858267716537
21
-3.1486220472440944
0
LINE
8
BLACK
6
CONTINUOUS
10
5.0383858267716537
20
-3.1486220472440944
11
5.0767716535433074
21
-3.1486220472440944
0
LINE
8
BLACK
6
CONTINUOUS
10
5.0767716535433074
20
-3.1486220472440944
11
5.0771483070866141
21
-3.1486969685039368
0
LINE
8
BLACK
6
CONTINUOUS
10
5.0771483070866141
20
-3.1486969685039368
11
5.0776809842519688
21
-3.1492296456692914
0
LINE
8
BLACK
6
CONTINUOUS
10
5.0776809842519688
20
-3.1492296456692914
11
5.0777559055118111
21
-3.1496062992125982
0
LINE
8
BLACK
6
CONTINUOUS
10
5.0777559055118111
20
-3.1496062992125982
11
5.0777559055118111
21
-3.1564960629921259
0
LINE
8
BLACK
6
CONTINUOUS
10
5.0777559055118111
20
-3.1564960629921259
11
5.1584645669291334
21
-3.1564960629921259
0
LINE
8
BLACK
6
CONTINUOUS
10
5.1584645669291334
20
-3.1564960629921259
11
5.1584645669291334
21
-3.1496062992125982
0
LINE
8
BLACK
6
CONTINUOUS
10
5.1584645669291334
20
-3.1496062992125982
11
5.1585394881889766
21
-3.1492296456692914
0
LINE
8
BLACK
6
CONTINUOUS
10
5.1585394881889766
20
-3.1492296456692914
11
5.1590721653543303
21
-3.1486969685039368
0
LINE
8
BLACK
6
CONTINUOUS
10
5.1590721653543303
20
-3.1486969685039368
11
5.159448818897638
21
-3.1486220472440944
0
LINE
8
BLACK
6
CONTINUOUS
10
5.159448818897638
20
-3.1486220472440944
11
5.1978346456692917
21
-3.1486220472440944
0
LINE
8
BLACK
6
CONTINUOUS
10
5.1978346456692917
20
-3.1486220472440944
11
5.1978346456692917
21
-3.0324803149606296
0
LINE
8
BLACK
6
CONTINUOUS
10
5.1978346456692917
20
-3.0324803149606296
11
5.159448818897638
21
-3.0324803149606296
0
LINE
8
BLACK
6
CONTINUOUS
10
5.159448818897638
20
-3.0324803149606296
11
5.1590721653543303
21
-3.0324053937007873
0
LINE
8
BLACK
6
CONTINUOUS
10
5.1590721653543303
20
-3.0324053937007873
11
5.1585394881889766
21
-3.0318727165354331
0
LINE
8
BLACK
6
CONTINUOUS
10
5.1585394881889766
20
-3.0318727165354331
11
5.1584645669291334
21
-3.0314960629921259
0
LINE
8
BLACK
6
CONTINUOUS
10
5.1584645669291334
20
-3.0314960629921259
11
5.1584645669291334
21
-3.0246062992125982
0
LINE
8
BLACK
6
CONTINUOUS
10
5.1584645669291334
20
-3.0246062992125982
11
5.0777559055118111
21
-3.0246062992125982
0
LINE
8
BLACK
6
CONTINUOUS
10
5.3047073622047245
20
-2.9262560236220474
11
5.3052400393700783
21
-2.9267887007874016
0
LINE
8
BLACK
6
CONTINUOUS
10
5.3052400393700783
20
-2.9267887007874016
11
5.3053149606299215
21
-2.9271653543307088
0
LINE
8
BLACK
6
CONTINUOUS
10
5.3053149606299215
20
-2.9271653543307088
11
5.3053149606299215
21
-3.0570866141732282
0
LINE
8
BLACK
6
CONTINUOUS
10
5.3053149606299215
20
-3.0570866141732282
11
5.3052400393700783
21
-3.0574632677165354
0
LINE
8
BLACK
6
CONTINUOUS
10
5.3052400393700783
20
-3.0574632677165354
11
5.3047073622047245
21
-3.0579959448818896
0
LINE
8
BLACK
6
CONTINUOUS
10
5.3047073622047245
20
-3.0579959448818896
11
5.3043307086614169
21
-3.0580708661417324
0
LINE
8
BLACK
6
CONTINUOUS
10
5.3043307086614169
20
-3.0580708661417324
11
5.2468503937007869
21
-3.0580708661417324
0
LINE
8
BLACK
6
CONTINUOUS
10
5.2468503937007869
20
-3.0580708661417324
11
5.2464737401574801
21
-3.0579959448818896
0
LINE
8
BLACK
6
CONTINUOUS
10
5.2464737401574801
20
-3.0579959448818896
11
5.2459410629921255
21
-3.0574632677165354
0
LINE
8
BLACK
6
CONTINUOUS
10
5.2459410629921255
20
-3.0574632677165354
11
5.2458661417322832
21
-3.0570866141732282
0
LINE
8
BLACK
6
CONTINUOUS
10
5.2458661417322832
20
-3.0570866141732282
11
5.2458661417322832
21
-2.9271653543307088
0
LINE
8
BLACK
6
CONTINUOUS
10
5.2458661417322832
20
-2.9271653543307088
11
5.2459410629921255
21
-2.9267887007874016
0
LINE
8
BLACK
6
CONTINUOUS
10
5.2459410629921255
20
-2.9267887007874016
11
5.2464737401574801
21
-2.9262560236220474
0
LINE
8
BLACK
6
CONTINUOUS
10
5.2464737401574801
20
-2.9262560236220474
11
5.2468503937007869
21
-2.9261811023622046
0
LINE
8
BLACK
6
CONTINUOUS
10
5.2468503937007869
20
-2.9261811023622046
11
5.3043307086614169
21
-2.9261811023622046
0
LINE
8
BLACK
6
CONTINUOUS
10
5.3043307086614169
20
-2.9261811023622046
11
5.3047073622047245
21
-2.9262560236220474
0
LINE
8
BLACK
6
CONTINUOUS
10
5.2478346456692915
20
-2.9281496062992125
11
5.2478346456692915
21
-3.0561023622047245
0
LINE
8
BLACK
6
CONTINUOUS
10
5.2478346456692915
20
-3.0561023622047245
11
5.3033464566929132
21
-3.0561023622047245
0
LINE
8
BLACK
6
CONTINUOUS
10
5.3033464566929132
20
-3.0561023622047245
11
5.3033464566929132
21
-2.9281496062992125
0
LINE
8
BLACK
6
CONTINUOUS
10
5.3033464566929132
20
-2.9281496062992125
11
5.2478346456692915
21
-2.9281496062992125
0
LINE
8
BLACK
6
CONTINUOUS
10
5.4228175984251967
20
-2.9262560236220474
11
5.4233502755905514
21
-2.9267887007874016
0
LINE
8
BLACK
6
CONTINUOUS
10
5.4233502755905514
20
-2.9267887007874016
11
5.4234251968503937
21
-2.9271653543307088
0
LINE
8
BLACK
6
CONTINUOUS
10
5.4234251968503937
20
-2.9271653543307088
11
5.4234251968503937
21
-3.0570866141732282
0
LINE
8
BLACK
6
CONTINUOUS
10
5.4234251968503937
20
-3.0570866141732282
11
5.4233502755905514
21
-3.0574632677165354
0
LINE
8
BLACK
6
CONTINUOUS
10
5.4233502755905514
20
-3.0574632677165354
11
5.4228175984251967
21
-3.0579959448818896
0
LINE
8
BLACK
6
CONTINUOUS
10
5.4228175984251967
20
-3.0579959448818896
11
5.42244094488189
21
-3.0580708661417324
0
LINE
8
BLACK
6
CONTINUOUS
10
5.42244094488189
20
-3.0580708661417324
11
5.36496062992126
21
-3.0580708661417324
0
LINE
8
BLACK
6
CONTINUOUS
10
5.36496062992126
20
-3.0580708661417324
11
5.3645839763779524
21
-3.0579959448818896
0
LINE
8
BLACK
6
CONTINUOUS
10
5.3645839763779524
20
-3.0579959448818896
11
5.3640512992125986
21
-3.0574632677165354
0
LINE
8
BLACK
6
CONTINUOUS
10
5.3640512992125986
20
-3.0574632677165354
11
5.3639763779527554
21
-3.0570866141732282
0
LINE
8
BLACK
6
CONTINUOUS
10
5.3639763779527554
20
-3.0570866141732282
11
5.3639763779527554
21
-2.9271653543307088
0
LINE
8
BLACK
6
CONTINUOUS
10
5.3639763779527554
20
-2.9271653543307088
11
5.3640512992125986
21
-2.9267887007874016
0
LINE
8
BLACK
6
CONTINUOUS
10
5.3640512992125986
20
-2.9267887007874016
11
5.3645839763779524
21
-2.9262560236220474
0
LINE
8
BLACK
6
CONTINUOUS
10
5.3645839763779524
20
-2.9262560236220474
11
5.36496062992126
21
-2.9261811023622046
0
LINE
8
BLACK
6
CONTINUOUS
10
5.36496062992126
20
-2.9261811023622046
11
5.42244094488189
21
-2.9261811023622046
0
LINE
8
BLACK
6
CONTINUOUS
10
5.42244094488189
20
-2.9261811023622046
11
5.4228175984251967
21
-2.9262560236220474
0
LINE
8
BLACK
6
CONTINUOUS
10
5.3659448818897637
20
-2.9281496062992125
11
5.3659448818897637
21
-3.0561023622047245
0
LINE
8
BLACK
6
CONTINUOUS
10
5.3659448818897637
20
-3.0561023622047245
11
5.4214566929133854
21
-3.0561023622047245
0
LINE
8
BLACK
6
CONTINUOUS
10
5.4214566929133854
20
-3.0561023622047245
11
5.4214566929133854
21
-2.9281496062992125
0
LINE
8
BLACK
6
CONTINUOUS
10
5.4214566929133854
20
-2.9281496062992125
11
5.3659448818897637
21
-2.9281496062992125
0
LINE
8
BLACK
6
CONTINUOUS
10
5.8074632677165354
20
-2.8980079921259843
11
5.8079959448818892
21
-2.8985406692913385
0
LINE
8
BLACK
6
CONTINUOUS
10
5.8079959448818892
20
-2.8985406692913385
11
5.8080708661417324
21
-2.8989173228346456
0
LINE
8
BLACK
6
CONTINUOUS
10
5.8080708661417324
20
-2.8989173228346456
11
5.8080708661417324
21
-2.9384842519685037
0
LINE
8
BLACK
6
CONTINUOUS
10
5.8080708661417324
20
-2.9384842519685037
11
5.8523622047244093
21
-2.9384842519685037
0
LINE
8
BLACK
6
CONTINUOUS
10
5.8523622047244093
20
-2.9384842519685037
11
5.852738858267716
21
-2.9385591732283465
0
LINE
8
BLACK
6
CONTINUOUS
10
5.852738858267716
20
-2.9385591732283465
11
5.8532715354330707
21
-2.9390918503937007
0
LINE
8
BLACK
6
CONTINUOUS
10
5.8532715354330707
20
-2.9390918503937007
11
5.853346456692913
21
-2.9394685039370079
0
LINE
8
BLACK
6
CONTINUOUS
10
5.853346456692913
20
-2.9394685039370079
11
5.853346456692913
21
-3.0103346456692912
0
LINE
8
BLACK
6
CONTINUOUS
10
5.853346456692913
20
-3.0103346456692912
11
5.8532715354330707
21
-3.0107112992125984
0
LINE
8
BLACK
6
CONTINUOUS
10
5.8532715354330707
20
-3.0107112992125984
11
5.852738858267716
21
-3.0112439763779526
0
LINE
8
BLACK
6
CONTINUOUS
10
5.852738858267716
20
-3.0112439763779526
11
5.8523622047244093
21
-3.0113188976377954
0
LINE
8
BLACK
6
CONTINUOUS
10
5.8523622047244093
20
-3.0113188976377954
11
5.8454724409448815
21
-3.0113188976377954
0
LINE
8
BLACK
6
CONTINUOUS
10
5.8454724409448815
20
-3.0113188976377954
11
5.8454724409448815
21
-3.0508858267716534
0
LINE
8
BLACK
6
CONTINUOUS
10
5.8454724409448815
20
-3.0508858267716534
11
5.8453975196850392
21
-3.0512624803149606
0
LINE
8
BLACK
6
CONTINUOUS
10
5.8453975196850392
20
-3.0512624803149606
11
5.8448648425196845
21
-3.0517951574803148
0
LINE
8
BLACK
6
CONTINUOUS
10
5.8448648425196845
20
-3.0517951574803148
11
5.8444881889763778
21
-3.0518700787401576
0
LINE
8
BLACK
6
CONTINUOUS
10
5.8444881889763778
20
-3.0518700787401576
11
5.7263779527559056
21
-3.0518700787401576
0
LINE
8
BLACK
6
CONTINUOUS
10
5.7263779527559056
20
-3.0518700787401576
11
5.7260012992125979
21
-3.0517951574803148
0
LINE
8
BLACK
6
CONTINUOUS
10
5.7260012992125979
20
-3.0517951574803148
11
5.7254686220472442
21
-3.0512624803149606
0
LINE
8
BLACK
6
CONTINUOUS
10
5.7254686220472442
20
-3.0512624803149606
11
5.7253937007874018
21
-3.0508858267716534
0
LINE
8
BLACK
6
CONTINUOUS
10
5.7253937007874018
20
-3.0508858267716534
11
5.7253937007874018
21
-3.0113188976377954
0
LINE
8
BLACK
6
CONTINUOUS
10
5.7253937007874018
20
-3.0113188976377954
11
5.7185039370078741
21
-3.0113188976377954
0
LINE
8
BLACK
6
CONTINUOUS
10
5.7185039370078741
20
-3.0113188976377954
11
5.7181272834645664
21
-3.0112439763779526
0
LINE
8
BLACK
6
CONTINUOUS
10
5.7181272834645664
20
-3.0112439763779526
11
5.7175946062992127
21
-3.0107112992125984
0
LINE
8
BLACK
6
CONTINUOUS
10
5.7175946062992127
20
-3.0107112992125984
11
5.7175196850393704
21
-3.0103346456692912
0
LINE
8
BLACK
6
CONTINUOUS
10
5.7175196850393704
20
-3.0103346456692912
11
5.7175196850393704
21
-2.9394685039370079
0
LINE
8
BLACK
6
CONTINUOUS
10
5.7175196850393704
20
-2.9394685039370079
11
5.7175946062992127
21
-2.9390918503937007
0
LINE
8
BLACK
6
CONTINUOUS
10
5.7175946062992127
20
-2.9390918503937007
11
5.7181272834645664
21
-2.9385591732283465
0
LINE
8
BLACK
6
CONTINUOUS
10
5.7181272834645664
20
-2.9385591732283465
11
5.7185039370078741
21
-2.9384842519685037
0
LINE
8
BLACK
6
CONTINUOUS
10
5.7185039370078741
20
-2.9384842519685037
11
5.7627952755905509
21
-2.9384842519685037
0
LINE
8
BLACK
6
CONTINUOUS
10
5.7627952755905509
20
-2.9384842519685037
11
5.7627952755905509
21
-2.8989173228346456
0
LINE
8
BLACK
6
CONTINUOUS
10
5.7627952755905509
20
-2.8989173228346456
11
5.7628701968503933
21
-2.8985406692913385
0
LINE
8
BLACK
6
CONTINUOUS
10
5.7628701968503933
20
-2.8985406692913385
11
5.7634028740157479
21
-2.8980079921259843
0
LINE
8
BLACK
6
CONTINUOUS
10
5.7634028740157479
20
-2.8980079921259843
11
5.7637795275590546
21
-2.8979330708661415
0
LINE
8
BLACK
6
CONTINUOUS
10
5.7637795275590546
20
-2.8979330708661415
11
5.8070866141732278
21
-2.8979330708661415
0
LINE
8
BLACK
6
CONTINUOUS
10
5.8070866141732278
20
-2.8979330708661415
11
5.8074632677165354
21
-2.8980079921259843
0
LINE
8
BLACK
6
CONTINUOUS
10
5.7647637795275593
20
-2.8999015748031494
11
5.7647637795275593
21
-2.9394685039370079
0
LINE
8
BLACK
6
CONTINUOUS
10
5.7647637795275593
20
-2.9394685039370079
11
5.764688858267716
21
-2.9398451574803151
0
LINE
8
BLACK
6
CONTINUOUS
10
5.764688858267716
20
-2.9398451574803151
11
5.7641561811023623
21
-2.9403778346456693
0
LINE
8
BLACK
6
CONTINUOUS
10
5.7641561811023623
20
-2.9403778346456693
11
5.7637795275590546
21
-2.9404527559055116
0
LINE
8
BLACK
6
CONTINUOUS
10
5.7637795275590546
20
-2.9404527559055116
11
5.7194881889763778
21
-2.9404527559055116
0
LINE
8
BLACK
6
CONTINUOUS
10
5.7194881889763778
20
-2.9404527559055116
11
5.7194881889763778
21
-3.0093503937007875
0
LINE
8
BLACK
6
CONTINUOUS
10
5.7194881889763778
20
-3.0093503937007875
11
5.7263779527559056
21
-3.0093503937007875
0
LINE
8
BLACK
6
CONTINUOUS
10
5.7263779527559056
20
-3.0093503937007875
11
5.7267546062992123
21
-3.0094253149606298
0
LINE
8
BLACK
6
CONTINUOUS
10
5.7267546062992123
20
-3.0094253149606298
11
5.7272872834645669
21
-3.009957992125984
0
LINE
8
BLACK
6
CONTINUOUS
10
5.7272872834645669
20
-3.009957992125984
11
5.7273622047244093
21
-3.0103346456692912
0
LINE
8
BLACK
6
CONTINUOUS
10
5.7273622047244093
20
-3.0103346456692912
11
5.7273622047244093
21
-3.0499015748031497
0
LINE
8
BLACK
6
CONTINUOUS
10
5.7273622047244093
20
-3.0499015748031497
11
5.8435039370078741
21
-3.0499015748031497
0
LINE
8
BLACK
6
CONTINUOUS
10
5.8435039370078741
20
-3.0499015748031497
11
5.8435039370078741
21
-3.0103346456692912
0
LINE
8
BLACK
6
CONTINUOUS
10
5.8435039370078741
20
-3.0103346456692912
11
5.8435788582677164
21
-3.009957992125984
0
LINE
8
BLACK
6
CONTINUOUS
10
5.8435788582677164
20
-3.009957992125984
11
5.844111535433071
21
-3.0094253149606298
0
LINE
8
BLACK
6
CONTINUOUS
10
5.844111535433071
20
-3.0094253149606298
11
5.8444881889763778
21
-3.0093503937007875
0
LINE
8
BLACK
6
CONTINUOUS
10
5.8444881889763778
20
-3.0093503937007875
11
5.8513779527559056
21
-3.0093503937007875
0
LINE
8
BLACK
6
CONTINUOUS
10
5.8513779527559056
20
-3.0093503937007875
11
5.8513779527559056
21
-2.9404527559055116
0
LINE
8
BLACK
6
CONTINUOUS
10
5.8513779527559056
20
-2.9404527559055116
11
5.8070866141732278
21
-2.9404527559055116
0
LINE
8
BLACK
6
CONTINUOUS
10
5.8070866141732278
20
-2.9404527559055116
11
5.8067099606299211
21
-2.9403778346456693
0
LINE
8
BLACK
6
CONTINUOUS
10
5.8067099606299211
20
-2.9403778346456693
11
5.8061772834645664
21
-2.9398451574803151
0
LINE
8
BLACK
6
CONTINUOUS
10
5.8061772834645664
20
-2.9398451574803151
11
5.8061023622047241
21
-2.9394685039370079
0
LINE
8
BLACK
6
CONTINUOUS
10
5.8061023622047241
20
-2.9394685039370079
11
5.8061023622047241
21
-2.8999015748031494
0
LINE
8
BLACK
6
CONTINUOUS
10
5.8061023622047241
20
-2.8999015748031494
11
5.7647637795275593
21
-2.8999015748031494
0
LINE
8
BLACK
6
CONTINUOUS
10
5.2110065748031493
20
-2.7235001181102363
11
5.211539251968504
21
-2.7240327952755905
0
LINE
8
BLACK
6
CONTINUOUS
10
5.211539251968504
20
-2.7240327952755905
11
5.2116141732283463
21
-2.7244094488188977
0
LINE
8
BLACK
6
CONTINUOUS
10
5.2116141732283463
20
-2.7244094488188977
11
5.2116141732283463
21
-2.7253937007874014
0
LINE
8
BLACK
6
CONTINUOUS
10
5.2116141732283463
20
-2.7253937007874014
11
5.2263779527559056
21
-2.7253937007874014
0
LINE
8
BLACK
6
CONTINUOUS
10
5.2263779527559056
20
-2.7253937007874014
11
5.2267546062992123
21
-2.7254686220472442
0
LINE
8
BLACK
6
CONTINUOUS
10
5.2267546062992123
20
-2.7254686220472442
11
5.2272872834645669
21
-2.7260012992125984
0
LINE
8
BLACK
6
CONTINUOUS
10
5.2272872834645669
20
-2.7260012992125984
11
5.2273622047244093
21
-2.7263779527559056
0
LINE
8
BLACK
6
CONTINUOUS
10
5.2273622047244093
20
-2.7263779527559056
11
5.2273622047244093
21
-2.9429133858267718
0
LINE
8
BLACK
6
CONTINUOUS
10
5.2273622047244093
20
-2.9429133858267718
11
5.2272872834645669
21
-2.9432900393700785
0
LINE
8
BLACK
6
CONTINUOUS
10
5.2272872834645669
20
-2.9432900393700785
11
5.2267546062992123
21
-2.9438227165354331
0
LINE
8
BLACK
6
CONTINUOUS
10
5.2267546062992123
20
-2.9438227165354331
11
5.2263779527559056
21
-2.9438976377952755
0
LINE
8
BLACK
6
CONTINUOUS
10
5.2263779527559056
20
-2.9438976377952755
11
5.2116141732283463
21
-2.9438976377952755
0
LINE
8
BLACK
6
CONTINUOUS
10
5.2116141732283463
20
-2.9438976377952755
11
5.2116141732283463
21
-2.9448818897637796
0
LINE
8
BLACK
6
CONTINUOUS
10
5.2116141732283463
20
-2.9448818897637796
11
5.211539251968504
21
-2.9452585433070864
0
LINE
8
BLACK
6
CONTINUOUS
10
5.211539251968504
20
-2.9452585433070864
11
5.2110065748031493
21
-2.945791220472441
0
LINE
8
BLACK
6
CONTINUOUS
10
5.2110065748031493
20
-2.945791220472441
11
5.2106299212598426
21
-2.9458661417322833
0
LINE
8
BLACK
6
CONTINUOUS
10
5.2106299212598426
20
-2.9458661417322833
11
5.0255905511811019
21
-2.9458661417322833
0
LINE
8
BLACK
6
CONTINUOUS
10
5.0255905511811019
20
-2.9458661417322833
11
5.0252138976377951
21
-2.945791220472441
0
LINE
8
BLACK
6
CONTINUOUS
10
5.0252138976377951
20
-2.945791220472441
11
5.0246812204724405
21
-2.9452585433070864
0
LINE
8
BLACK
6
CONTINUOUS
10
5.0246812204724405
20
-2.9452585433070864
11
5.0246062992125982
21
-2.9448818897637796
0
LINE
8
BLACK
6
CONTINUOUS
10
5.0246062992125982
20
-2.9448818897637796
11
5.0246062992125982
21
-2.9438976377952755
0
LINE
8
BLACK
6
CONTINUOUS
10
5.0246062992125982
20
-2.9438976377952755
11
5.0098425196850389
21
-2.9438976377952755
0
LINE
8
BLACK
6
CONTINUOUS
10
5.0098425196850389
20
-2.9438976377952755
11
5.0094658661417322
21
-2.9438227165354331
0
LINE
8
BLACK
6
CONTINUOUS
10
5.0094658661417322
20
-2.9438227165354331
11
5.0089331889763775
21
-2.9432900393700785
0
LINE
8
BLACK
6
CONTINUOUS
10
5.0089331889763775
20
-2.9432900393700785
11
5.0088582677165352
21
-2.9429133858267718
0
LINE
8
BLACK
6
CONTINUOUS
10
5.0088582677165352
20
-2.9429133858267718
11
5.0088582677165352
21
-2.7263779527559056
0
LINE
8
BLACK
6
CONTINUOUS
10
5.0088582677165352
20
-2.7263779527559056
11
5.0089331889763775
21
-2.7260012992125984
0
LINE
8
BLACK
6
CONTINUOUS
10
5.0089331889763775
20
-2.7260012992125984
11
5.0094658661417322
21
-2.7254686220472442
0
LINE
8
BLACK
6
CONTINUOUS
10
5.0094658661417322
20
-2.7254686220472442
11
5.0098425196850389
21
-2.7253937007874014
0
LINE
8
BLACK
6
CONTINUOUS
10
5.0098425196850389
20
-2.7253937007874014
11
5.0246062992125982
21
-2.7253937007874014
0
LINE
8
BLACK
6
CONTINUOUS
10
5.0246062992125982
20
-2.7253937007874014
11
5.0246062992125982
21
-2.7244094488188977
0
LINE
8
BLACK
6
CONTINUOUS
10
5.0246062992125982
20
-2.7244094488188977
11
5.0246812204724405
21
-2.7240327952755905
0
LINE
8
BLACK
6
CONTINUOUS
10
5.0246812204724405
20
-2.7240327952755905
11
5.0252138976377951
21
-2.7235001181102363
0
LINE
8
BLACK
6
CONTINUOUS
10
5.0252138976377951
20
-2.7235001181102363
11
5.0255905511811019
21
-2.7234251968503935
0
LINE
8
BLACK
6
CONTINUOUS
10
5.0255905511811019
20
-2.7234251968503935
11
5.2106299212598426
21
-2.7234251968503935
0
LINE
8
BLACK
6
CONTINUOUS
10
5.2106299212598426
20
-2.7234251968503935
11
5.2110065748031493
21
-2.7235001181102363
0
LINE
8
BLACK
6
CONTINUOUS
10
5.0265748031496065
20
-2.7253937007874014
11
5.0265748031496065
21
-2.7263779527559056
0
LINE
8
BLACK
6
CONTINUOUS
10
5.0265748031496065
20
-2.7263779527559056
11
5.0264998818897633
21
-2.7267546062992127
0
LINE
8
BLACK
6
CONTINUOUS
10
5.0264998818897633
20
-2.7267546062992127
11
5.0259672047244095
21
-2.7272872834645669
0
LINE
8
BLACK
6
CONTINUOUS
10
5.0259672047244095
20
-2.7272872834645669
11
5.0255905511811019
21
-2.7273622047244093
0
LINE
8
BLACK
6
CONTINUOUS
10
5.0255905511811019
20
-2.7273622047244093
11
5.0108267716535435
21
-2.7273622047244093
0
LINE
8
BLACK
6
CONTINUOUS
10
5.0108267716535435
20
-2.7273622047244093
11
5.0108267716535435
21
-2.9419291338582676
0
LINE
8
BLACK
6
CONTINUOUS
10
5.0108267716535435
20
-2.9419291338582676
11
5.0255905511811019
21
-2.9419291338582676
0
LINE
8
BLACK
6
CONTINUOUS
10
5.0255905511811019
20
-2.9419291338582676
11
5.0259672047244095
21
-2.9420040551181104
0
LINE
8
BLACK
6
CONTINUOUS
10
5.0259672047244095
20
-2.9420040551181104
11
5.0264998818897633
21
-2.9425367322834646
0
LINE
8
BLACK
6
CONTINUOUS
10
5.0264998818897633
20
-2.9425367322834646
11
5.0265748031496065
21
-2.9429133858267718
0
LINE
8
BLACK
6
CONTINUOUS
10
5.0265748031496065
20
-2.9429133858267718
11
5.0265748031496065
21
-2.9438976377952755
0
LINE
8
BLACK
6
CONTINUOUS
10
5.0265748031496065
20
-2.9438976377952755
11
5.2096456692913389
21
-2.9438976377952755
0
LINE
8
BLACK
6
CONTINUOUS
10
5.2096456692913389
20
-2.9438976377952755
11
5.2096456692913389
21
-2.9429133858267718
0
LINE
8
BLACK
6
CONTINUOUS
10
5.2096456692913389
20
-2.9429133858267718
11
5.2097205905511812
21
-2.9425367322834646
0
LINE
8
BLACK
6
CONTINUOUS
10
5.2097205905511812
20
-2.9425367322834646
11
5.210253267716535
21
-2.9420040551181104
0
LINE
8
BLACK
6
CONTINUOUS
10
5.210253267716535
20
-2.9420040551181104
11
5.2106299212598426
21
-2.9419291338582676
0
LINE
8
BLACK
6
CONTINUOUS
10
5.2106299212598426
20
-2.9419291338582676
11
5.2253937007874018
21
-2.9419291338582676
0
LINE
8
BLACK
6
CONTINUOUS
10
5.2253937007874018
20
-2.9419291338582676
11
5.2253937007874018
21
-2.7273622047244093
0
LINE
8
BLACK
6
CONTINUOUS
10
5.2253937007874018
20
-2.7273622047244093
11
5.2106299212598426
21
-2.7273622047244093
0
LINE
8
BLACK
6
CONTINUOUS
10
5.2106299212598426
20
-2.7273622047244093
11
5.210253267716535
21
-2.7272872834645669
0
LINE
8
BLACK
6
CONTINUOUS
10
5.210253267716535
20
-2.7272872834645669
11
5.2097205905511812
21
-2.7267546062992127
0
LINE
8
BLACK
6
CONTINUOUS
10
5.2097205905511812
20
-2.7267546062992127
11
5.2096456692913389
21
-2.7263779527559056
0
LINE
8
BLACK
6
CONTINUOUS
10
5.2096456692913389
20
-2.7263779527559056
11
5.2096456692913389
21
-2.7253937007874014
0
LINE
8
BLACK
6
CONTINUOUS
10
5.2096456692913389
20
-2.7253937007874014
11
5.0265748031496065
21
-2.7253937007874014
0
LINE
8
BLACK
6
CONTINUOUS
10
4.9306916141732282
20
-2.8081457874015747
11
4.9312242913385829
21
-2.8086784645669289
0
LINE
8
BLACK
6
CONTINUOUS
10
4.9312242913385829
20
-2.8086784645669289
11
4.9312992125984252
21
-2.8090551181102361
0
LINE
8
BLACK
6
CONTINUOUS
10
4.9312992125984252
20
-2.8090551181102361
11
4.9312992125984252
21
-2.938976377952756
0
LINE
8
BLACK
6
CONTINUOUS
10
4.9312992125984252
20
-2.938976377952756
11
4.9312242913385829
21
-2.9393530314960628
0
LINE
8
BLACK
6
CONTINUOUS
10
4.9312242913385829
20
-2.9393530314960628
11
4.9306916141732282
21
-2.9398857086614174
0
LINE
8
BLACK
6
CONTINUOUS
10
4.9306916141732282
20
-2.9398857086614174
11
4.9303149606299215
21
-2.9399606299212597
0
LINE
8
BLACK
6
CONTINUOUS
10
4.9303149606299215
20
-2.9399606299212597
11
4.8728346456692915
21
-2.9399606299212597
0
LINE
8
BLACK
6
CONTINUOUS
10
4.8728346456692915
20
-2.9399606299212597
11
4.8724579921259838
21
-2.9398857086614174
0
LINE
8
BLACK
6
CONTINUOUS
10
4.8724579921259838
20
-2.9398857086614174
11
4.8719253149606301
21
-2.9393530314960628
0
LINE
8
BLACK
6
CONTINUOUS
10
4.8719253149606301
20
-2.9393530314960628
11
4.8718503937007869
21
-2.938976377952756
0
LINE
8
BLACK
6
CONTINUOUS
10
4.8718503937007869
20
-2.938976377952756
11
4.8718503937007869
21
-2.8090551181102361
0
LINE
8
BLACK
6
CONTINUOUS
10
4.8718503937007869
20
-2.8090551181102361
11
4.8719253149606301
21
-2.8086784645669289
0
LINE
8
BLACK
6
CONTINUOUS
10
4.8719253149606301
20
-2.8086784645669289
11
4.8724579921259838
21
-2.8081457874015747
0
LINE
8
BLACK
6
CONTINUOUS
10
4.8724579921259838
20
-2.8081457874015747
11
4.8728346456692915
21
-2.8080708661417324
0
LINE
8
BLACK
6
CONTINUOUS
10
4.8728346456692915
20
-2.8080708661417324
11
4.9303149606299215
21
-2.8080708661417324
0
LINE
8
BLACK
6
CONTINUOUS
10
4.9303149606299215
20
-2.8080708661417324
11
4.9306916141732282
21
-2.8081457874015747
0
LINE
8
BLACK
6
CONTINUOUS
10
4.8738188976377952
20
-2.8100393700787403
11
4.8738188976377952
21
-2.9379921259842519
0
LINE
8
BLACK
6
CONTINUOUS
10
4.8738188976377952
20
-2.9379921259842519
11
4.9293307086614169
21
-2.9379921259842519
0
LINE
8
BLACK
6
CONTINUOUS
10
4.9293307086614169
20
-2.9379921259842519
11
4.9293307086614169
21
-2.8100393700787403
0
LINE
8
BLACK
6
CONTINUOUS
10
4.9293307086614169
20
-2.8100393700787403
11
4.8738188976377952
21
-2.8100393700787403
0
LINE
8
BLACK
6
CONTINUOUS
10
4.4747861023622049
20
-2.7057835826771655
11
4.4753187795275586
21
-2.7063162598425197
0
LINE
8
BLACK
6
CONTINUOUS
10
4.4753187795275586
20
-2.7063162598425197
11
4.4753937007874018
21
-2.7066929133858268
0
LINE
8
BLACK
6
CONTINUOUS
10
4.4753937007874018
20
-2.7066929133858268
11
4.4753937007874018
21
-2.923228346456693
0
LINE
8
BLACK
6
CONTINUOUS
10
4.4753937007874018
20
-2.923228346456693
11
4.4753187795275586
21
-2.9236049999999998
0
LINE
8
BLACK
6
CONTINUOUS
10
4.4753187795275586
20
-2.9236049999999998
11
4.4747861023622049
21
-2.9241376771653544
0
LINE
8
BLACK
6
CONTINUOUS
10
4.4747861023622049
20
-2.9241376771653544
11
4.4744094488188972
21
-2.9242125984251968
0
LINE
8
BLACK
6
CONTINUOUS
10
4.4744094488188972
20
-2.9242125984251968
11
4.1870078740157481
21
-2.9242125984251968
0
LINE
8
BLACK
6
CONTINUOUS
10
4.1870078740157481
20
-2.9242125984251968
11
4.1866312204724405
21
-2.9241376771653544
0
LINE
8
BLACK
6
CONTINUOUS
10
4.1866312204724405
20
-2.9241376771653544
11
4.1860985433070868
21
-2.9236049999999998
0
LINE
8
BLACK
6
CONTINUOUS
10
4.1860985433070868
20
-2.9236049999999998
11
4.1860236220472444
21
-2.923228346456693
0
LINE
8
BLACK
6
CONTINUOUS
10
4.1860236220472444
20
-2.923228346456693
11
4.1860236220472444
21
-2.7066929133858268
0
LINE
8
BLACK
6
CONTINUOUS
10
4.1860236220472444
20
-2.7066929133858268
11
4.1860985433070868
21
-2.7063162598425197
0
LINE
8
BLACK
6
CONTINUOUS
10
4.1860985433070868
20
-2.7063162598425197
11
4.1866312204724405
21
-2.7057835826771655
0
LINE
8
BLACK
6
CONTINUOUS
10
4.1866312204724405
20
-2.7057835826771655
11
4.1870078740157481
21
-2.7057086614173227
0
LINE
8
BLACK
6
CONTINUOUS
10
4.1870078740157481
20
-2.7057086614173227
11
4.4744094488188972
21
-2.7057086614173227
0
LINE
8
BLACK
6
CONTINUOUS
10
4.4744094488188972
20
-2.7057086614173227
11
4.4747861023622049
21
-2.7057835826771655
0
LINE
8
BLACK
6
CONTINUOUS
10
4.1879921259842519
20
-2.7076771653543306
11
4.1879921259842519
21
-2.9222440944881889
0
LINE
8
BLACK
6
CONTINUOUS
10
4.1879921259842519
20
-2.9222440944881889
11
4.4734251968503935
21
-2.9222440944881889
0
LINE
8
BLACK
6
CONTINUOUS
10
4.4734251968503935
20
-2.9222440944881889
11
4.4734251968503935
21
-2.7076771653543306
0
LINE
8
BLACK
6
CONTINUOUS
10
4.4734251968503935
20
-2.7076771653543306
11
4.1879921259842519
21
-2.7076771653543306
0
LINE
8
BLACK
6
CONTINUOUS
10
6.6795105118110234
20
-2.7057835826771655
11
6.6800431889763781
21
-2.7063162598425197
0
LINE
8
BLACK
6
CONTINUOUS
10
6.6800431889763781
20
-2.7063162598425197
11
6.6801181102362204
21
-2.7066929133858268
0
LINE
8
BLACK
6
CONTINUOUS
10
6.6801181102362204
20
-2.7066929133858268
11
6.6801181102362204
21
-2.923228346456693
0
LINE
8
BLACK
6
CONTINUOUS
10
6.6801181102362204
20
-2.923228346456693
11
6.6800431889763781
21
-2.9236049999999998
0
LINE
8
BLACK
6
CONTINUOUS
10
6.6800431889763781
20
-2.9236049999999998
11
6.6795105118110234
21
-2.9241376771653544
0
LINE
8
BLACK
6
CONTINUOUS
10
6.6795105118110234
20
-2.9241376771653544
11
6.6791338582677167
21
-2.9242125984251968
0
LINE
8
BLACK
6
CONTINUOUS
10
6.6791338582677167
20
-2.9242125984251968
11
6.3917322834645667
21
-2.9242125984251968
0
LINE
8
BLACK
6
CONTINUOUS
10
6.3917322834645667
20
-2.9242125984251968
11
6.3913556299212599
21
-2.9241376771653544
0
LINE
8
BLACK
6
CONTINUOUS
10
6.3913556299212599
20
-2.9241376771653544
11
6.3908229527559053
21
-2.9236049999999998
0
LINE
8
BLACK
6
CONTINUOUS
10
6.3908229527559053
20
-2.9236049999999998
11
6.390748031496063
21
-2.923228346456693
0
LINE
8
BLACK
6
CONTINUOUS
10
6.390748031496063
20
-2.923228346456693
11
6.390748031496063
21
-2.7066929133858268
0
LINE
8
BLACK
6
CONTINUOUS
10
6.390748031496063
20
-2.7066929133858268
11
6.3908229527559053
21
-2.7063162598425197
0
LINE
8
BLACK
6
CONTINUOUS
10
6.3908229527559053
20
-2.7063162598425197
11
6.3913556299212599
21
-2.7057835826771655
0
LINE
8
BLACK
6
CONTINUOUS
10
6.3913556299212599
20
-2.7057835826771655
11
6.3917322834645667
21
-2.7057086614173227
0
LINE
8
BLACK
6
CONTINUOUS
10
6.3917322834645667
20
-2.7057086614173227
11
6.6791338582677167
21
-2.7057086614173227
0
LINE
8
BLACK
6
CONTINUOUS
10
6.6791338582677167
20
-2.7057086614173227
11
6.6795105118110234
21
-2.7057835826771655
0
LINE
8
BLACK
6
CONTINUOUS
10
6.3927165354330704
20
-2.7076771653543306
11
6.3927165354330704
21
-2.9222440944881889
0
LINE
8
BLACK
6
CONTINUOUS
10
6.3927165354330704
20
-2.9222440944881889
11
6.6781496062992121
21
-2.9222440944881889
0
LINE
8
BLACK
6
CONTINUOUS
10
6.6781496062992121
20
-2.9222440944881889
11
6.6781496062992121
21
-2.7076771653543306
0
LINE
8
BLACK
6
CONTINUOUS
10
6.6781496062992121
20
-2.7076771653543306
11
6.3927165354330704
21
-2.7076771653543306
0
LINE
8
BLACK
6
CONTINUOUS
10
5.3440774409448819
20
-2.7294056299212599
11
5.3446101181102357
21
-2.7299383070866141
0
LINE
8
BLACK
6
CONTINUOUS
10
5.3446101181102357
20
-2.7299383070866141
11
5.3446850393700789
21
-2.7303149606299213
0
LINE
8
BLACK
6
CONTINUOUS
10
5.3446850393700789
20
-2.7303149606299213
11
5.3446850393700789
21
-2.8602362204724407
0
LINE
8
BLACK
6
CONTINUOUS
10
5.3446850393700789
20
-2.8602362204724407
11
5.3446101181102357
21
-2.8606128740157479
0
LINE
8
BLACK
6
CONTINUOUS
10
5.3446101181102357
20
-2.8606128740157479
11
5.3440774409448819
21
-2.8611455511811021
0
LINE
8
BLACK
6
CONTINUOUS
10
5.3440774409448819
20
-2.8611455511811021
11
5.3437007874015743
21
-2.8612204724409449
0
LINE
8
BLACK
6
CONTINUOUS
10
5.3437007874015743
20
-2.8612204724409449
11
5.2862204724409452
21
-2.8612204724409449
0
LINE
8
BLACK
6
CONTINUOUS
10
5.2862204724409452
20
-2.8612204724409449
11
5.2858438188976375
21
-2.8611455511811021
0
LINE
8
BLACK
6
CONTINUOUS
10
5.2858438188976375
20
-2.8611455511811021
11
5.2853111417322838
21
-2.8606128740157479
0
LINE
8
BLACK
6
CONTINUOUS
10
5.2853111417322838
20
-2.8606128740157479
11
5.2852362204724406
21
-2.8602362204724407
0
LINE
8
BLACK
6
CONTINUOUS
10
5.2852362204724406
20
-2.8602362204724407
11
5.2852362204724406
21
-2.7303149606299213
0
LINE
8
BLACK
6
CONTINUOUS
10
5.2852362204724406
20
-2.7303149606299213
11
5.2853111417322838
21
-2.7299383070866141
0
LINE
8
BLACK
6
CONTINUOUS
10
5.2853111417322838
20
-2.7299383070866141
11
5.2858438188976375
21
-2.7294056299212599
0
LINE
8
BLACK
6
CONTINUOUS
10
5.2858438188976375
20
-2.7294056299212599
11
5.2862204724409452
21
-2.7293307086614171
0
LINE
8
BLACK
6
CONTINUOUS
10
5.2862204724409452
20
-2.7293307086614171
11
5.3437007874015743
21
-2.7293307086614171
0
LINE
8
BLACK
6
CONTINUOUS
10
5.3437007874015743
20
-2.7293307086614171
11
5.3440774409448819
21
-2.7294056299212599
0
LINE
8
BLACK
6
CONTINUOUS
10
5.2872047244094489
20
-2.731299212598425
11
5.2872047244094489
21
-2.859251968503937
0
LINE
8
BLACK
6
CONTINUOUS
10
5.2872047244094489
20
-2.859251968503937
11
5.3427165354330706
21
-2.859251968503937
0
LINE
8
BLACK
6
CONTINUOUS
10
5.3427165354330706
20
-2.859251968503937
11
5.3427165354330706
21
-2.731299212598425
0
LINE
8
BLACK
6
CONTINUOUS
10
5.3427165354330706
20
-2.731299212598425
11
5.2872047244094489
21
-2.731299212598425
0
LINE
8
BLACK
6
CONTINUOUS
10
5.4228175984251967
20
-2.7294056299212599
11
5.4233502755905514
21
-2.7299383070866141
0
LINE
8
BLACK
6
CONTINUOUS
10
5.4233502755905514
20
-2.7299383070866141
11
5.4234251968503937
21
-2.7303149606299213
0
LINE
8
BLACK
6
CONTINUOUS
10
5.4234251968503937
20
-2.7303149606299213
11
5.4234251968503937
21
-2.8602362204724407
0
LINE
8
BLACK
6
CONTINUOUS
10
5.4234251968503937
20
-2.8602362204724407
11
5.4233502755905514
21
-2.8606128740157479
0
LINE
8
BLACK
6
CONTINUOUS
10
5.4233502755905514
20
-2.8606128740157479
11
5.4228175984251967
21
-2.8611455511811021
0
LINE
8
BLACK
6
CONTINUOUS
10
5.4228175984251967
20
-2.8611455511811021
11
5.42244094488189
21
-2.8612204724409449
0
LINE
8
BLACK
6
CONTINUOUS
10
5.42244094488189
20
-2.8612204724409449
11
5.36496062992126
21
-2.8612204724409449
0
LINE
8
BLACK
6
CONTINUOUS
10
5.36496062992126
20
-2.8612204724409449
11
5.3645839763779524
21
-2.8611455511811021
0
LINE
8
BLACK
6
CONTINUOUS
10
5.3645839763779524
20
-2.8611455511811021
11
5.3640512992125986
21
-2.8606128740157479
0
LINE
8
BLACK
6
CONTINUOUS
10
5.3640512992125986
20
-2.8606128740157479
11
5.3639763779527554
21
-2.8602362204724407
0
LINE
8
BLACK
6
CONTINUOUS
10
5.3639763779527554
20
-2.8602362204724407
11
5.3639763779527554
21
-2.7303149606299213
0
LINE
8
BLACK
6
CONTINUOUS
10
5.3639763779527554
20
-2.7303149606299213
11
5.3640512992125986
21
-2.7299383070866141
0
LINE
8
BLACK
6
CONTINUOUS
10
5.3640512992125986
20
-2.7299383070866141
11
5.3645839763779524
21
-2.7294056299212599
0
LINE
8
BLACK
6
CONTINUOUS
10
5.3645839763779524
20
-2.7294056299212599
11
5.36496062992126
21
-2.7293307086614171
0
LINE
8
BLACK
6
CONTINUOUS
10
5.36496062992126
20
-2.7293307086614171
11
5.42244094488189
21
-2.7293307086614171
0
LINE
8
BLACK
6
CONTINUOUS
10
5.42244094488189
20
-2.7293307086614171
11
5.4228175984251967
21
-2.7294056299212599
0
LINE
8
BLACK
6
CONTINUOUS
10
5.3659448818897637
20
-2.731299212598425
11
5.3659448818897637
21
-2.859251968503937
0
LINE
8
BLACK
6
CONTINUOUS
10
5.3659448818897637
20
-2.859251968503937
11
5.4214566929133854
21
-2.859251968503937
0
LINE
8
BLACK
6
CONTINUOUS
10
5.4214566929133854
20
-2.859251968503937
11
5.4214566929133854
21
-2.731299212598425
0
LINE
8
BLACK
6
CONTINUOUS
10
5.4214566929133854
20
-2.731299212598425
11
5.3659448818897637
21
-2.731299212598425
0
LINE
8
BLACK
6
CONTINUOUS
10
5.5015577559055115
20
-2.7294056299212599
11
5.5020904330708662
21
-2.7299383070866141
0
LINE
8
BLACK
6
CONTINUOUS
10
5.5020904330708662
20
-2.7299383070866141
11
5.5021653543307085
21
-2.7303149606299213
0
LINE
8
BLACK
6
CONTINUOUS
10
5.5021653543307085
20
-2.7303149606299213
11
5.5021653543307085
21
-2.8602362204724407
0
LINE
8
BLACK
6
CONTINUOUS
10
5.5021653543307085
20
-2.8602362204724407
11
5.5020904330708662
21
-2.8606128740157479
0
LINE
8
BLACK
6
CONTINUOUS
10
5.5020904330708662
20
-2.8606128740157479
11
5.5015577559055115
21
-2.8611455511811021
0
LINE
8
BLACK
6
CONTINUOUS
10
5.5015577559055115
20
-2.8611455511811021
11
5.5011811023622048
21
-2.8612204724409449
0
LINE
8
BLACK
6
CONTINUOUS
10
5.5011811023622048
20
-2.8612204724409449
11
5.4437007874015748
21
-2.8612204724409449
0
LINE
8
BLACK
6
CONTINUOUS
10
5.4437007874015748
20
-2.8612204724409449
11
5.4433241338582672
21
-2.8611455511811021
0
LINE
8
BLACK
6
CONTINUOUS
10
5.4433241338582672
20
-2.8611455511811021
11
5.4427914566929134
21
-2.8606128740157479
0
LINE
8
BLACK
6
CONTINUOUS
10
5.4427914566929134
20
-2.8606128740157479
11
5.4427165354330711
21
-2.8602362204724407
0
LINE
8
BLACK
6
CONTINUOUS
10
5.4427165354330711
20
-2.8602362204724407
11
5.4427165354330711
21
-2.7303149606299213
0
LINE
8
BLACK
6
CONTINUOUS
10
5.4427165354330711
20
-2.7303149606299213
11
5.4427914566929134
21
-2.7299383070866141
0
LINE
8
BLACK
6
CONTINUOUS
10
5.4427914566929134
20
-2.7299383070866141
11
5.4433241338582672
21
-2.7294056299212599
0
LINE
8
BLACK
6
CONTINUOUS
10
5.4433241338582672
20
-2.7294056299212599
11
5.4437007874015748
21
-2.7293307086614171
0
LINE
8
BLACK
6
CONTINUOUS
10
5.4437007874015748
20
-2.7293307086614171
11
5.5011811023622048
21
-2.7293307086614171
0
LINE
8
BLACK
6
CONTINUOUS
10
5.5011811023622048
20
-2.7293307086614171
11
5.5015577559055115
21
-2.7294056299212599
0
LINE
8
BLACK
6
CONTINUOUS
10
5.4446850393700785
20
-2.731299212598425
11
5.4446850393700785
21
-2.859251968503937
0
LINE
8
BLACK
6
CONTINUOUS
10
5.4446850393700785
20
-2.859251968503937
11
5.5001968503937011
21
-2.859251968503937
0
LINE
8
BLACK
6
CONTINUOUS
10
5.5001968503937011
20
-2.859251968503937
11
5.5001968503937011
21
-2.731299212598425
0
LINE
8
BLACK
6
CONTINUOUS
10
5.5001968503937011
20
-2.731299212598425
11
5.4446850393700785
21
-2.731299212598425
0
LINE
8
BLACK
6
CONTINUOUS
10
5.8702585433070862
20
-2.5296024803149604
11
5.8707912204724408
21
-2.530135157480315
0
LINE
8
BLACK
6
CONTINUOUS
10
5.8707912204724408
20
-2.530135157480315
11
5.8708661417322832
21
-2.5305118110236218
0
LINE
8
BLACK
6
CONTINUOUS
10
5.8708661417322832
20
-2.5305118110236218
11
5.8708661417322832
21
-2.5885826771653542
0
LINE
8
BLACK
6
CONTINUOUS
10
5.8708661417322832
20
-2.5885826771653542
11
5.879330708661417
21
-2.5885826771653542
0
LINE
8
BLACK
6
CONTINUOUS
10
5.879330708661417
20
-2.5885826771653542
11
5.8797073622047247
21
-2.5886575984251969
0
LINE
8
BLACK
6
CONTINUOUS
10
5.8797073622047247
20
-2.5886575984251969
11
5.8802400393700784
21
-2.5891902755905511
0
LINE
8
BLACK
6
CONTINUOUS
10
5.8802400393700784
20
-2.5891902755905511
11
5.8803149606299208
21
-2.5895669291338583
0
LINE
8
BLACK
6
CONTINUOUS
10
5.8803149606299208
20
-2.5895669291338583
11
5.8803149606299208
21
-2.7627952755905509
0
LINE
8
BLACK
6
CONTINUOUS
10
5.8803149606299208
20
-2.7627952755905509
11
5.8802400393700784
21
-2.7631719291338581
0
LINE
8
BLACK
6
CONTINUOUS
10
5.8802400393700784
20
-2.7631719291338581
11
5.8797073622047247
21
-2.7637046062992123
0
LINE
8
BLACK
6
CONTINUOUS
10
5.8797073622047247
20
-2.7637046062992123
11
5.879330708661417
21
-2.7637795275590551
0
LINE
8
BLACK
6
CONTINUOUS
10
5.879330708661417
20
-2.7637795275590551
11
5.8708661417322832
21
-2.7637795275590551
0
LINE
8
BLACK
6
CONTINUOUS
10
5.8708661417322832
20
-2.7637795275590551
11
5.8708661417322832
21
-2.8218503937007875
0
LINE
8
BLACK
6
CONTINUOUS
10
5.8708661417322832
20
-2.8218503937007875
11
5.8707912204724408
21
-2.8222270472440942
0
LINE
8
BLACK
6
CONTINUOUS
10
5.8707912204724408
20
-2.8222270472440942
11
5.8702585433070862
21
-2.8227597244094489
0
LINE
8
BLACK
6
CONTINUOUS
10
5.8702585433070862
20
-2.8227597244094489
11
5.8698818897637794
21
-2.8228346456692912
0
LINE
8
BLACK
6
CONTINUOUS
10
5.8698818897637794
20
-2.8228346456692912
11
5.6761811023622046
21
-2.8228346456692912
0
LINE
8
BLACK
6
CONTINUOUS
10
5.6761811023622046
20
-2.8228346456692912
11
5.6758044488188979
21
-2.8227597244094489
0
LINE
8
BLACK
6
CONTINUOUS
10
5.6758044488188979
20
-2.8227597244094489
11
5.6752717716535432
21
-2.8222270472440942
0
LINE
8
BLACK
6
CONTINUOUS
10
5.6752717716535432
20
-2.8222270472440942
11
5.6751968503937009
21
-2.8218503937007875
0
LINE
8
BLACK
6
CONTINUOUS
10
5.6751968503937009
20
-2.8218503937007875
11
5.6751968503937009
21
-2.7637795275590551
0
LINE
8
BLACK
6
CONTINUOUS
10
5.6751968503937009
20
-2.7637795275590551
11
5.666732283464567
21
-2.7637795275590551
0
LINE
8
BLACK
6
CONTINUOUS
10
5.666732283464567
20
-2.7637795275590551
11
5.6663556299212594
21
-2.7637046062992123
0
LINE
8
BLACK
6
CONTINUOUS
10
5.6663556299212594
20
-2.7637046062992123
11
5.6658229527559056
21
-2.7631719291338581
0
LINE
8
BLACK
6
CONTINUOUS
10
5.6658229527559056
20
-2.7631719291338581
11
5.6657480314960624
21
-2.7627952755905509
0
LINE
8
BLACK
6
CONTINUOUS
10
5.6657480314960624
20
-2.7627952755905509
11
5.6657480314960624
21
-2.5895669291338583
0
LINE
8
BLACK
6
CONTINUOUS
10
5.6657480314960624
20
-2.5895669291338583
11
5.6658229527559056
21
-2.5891902755905511
0
LINE
8
BLACK
6
CONTINUOUS
10
5.6658229527559056
20
-2.5891902755905511
11
5.6663556299212594
21
-2.5886575984251969
0
LINE
8
BLACK
6
CONTINUOUS
10
5.6663556299212594
20
-2.5886575984251969
11
5.666732283464567
21
-2.5885826771653542
0
LINE
8
BLACK
6
CONTINUOUS
10
5.666732283464567
20
-2.5885826771653542
11
5.6751968503937009
21
-2.5885826771653542
0
LINE
8
BLACK
6
CONTINUOUS
10
5.6751968503937009
20
-2.5885826771653542
11
5.6751968503937009
21
-2.5305118110236218
0
LINE
8
BLACK
6
CONTINUOUS
10
5.6751968503937009
20
-2.5305118110236218
11
5.6752717716535432
21
-2.530135157480315
0
LINE
8
BLACK
6
CONTINUOUS
10
5.6752717716535432
20
-2.530135157480315
11
5.6758044488188979
21
-2.5296024803149604
0
LINE
8
BLACK
6
CONTINUOUS
10
5.6758044488188979
20
-2.5296024803149604
11
5.6761811023622046
21
-2.5295275590551181
0
LINE
8
BLACK
6
CONTINUOUS
10
5.6761811023622046
20
-2.5295275590551181
11
5.8698818897637794
21
-2.5295275590551181
0
LINE
8
BLACK
6
CONTINUOUS
10
5.8698818897637794
20
-2.5295275590551181
11
5.8702585433070862
21
-2.5296024803149604
0
LINE
8
BLACK
6
CONTINUOUS
10
5.6771653543307083
20
-2.5314960629921259
11
5.6771653543307083
21
-2.5895669291338583
0
LINE
8
BLACK
6
CONTINUOUS
10
5.6771653543307083
20
-2.5895669291338583
11
5.677090433070866
21
-2.5899435826771655
0
LINE
8
BLACK
6
CONTINUOUS
10
5.677090433070866
20
-2.5899435826771655
11
5.6765577559055114
21
-2.5904762598425197
0
LINE
8
BLACK
6
CONTINUOUS
10
5.6765577559055114
20
-2.5904762598425197
11
5.6761811023622046
21
-2.590551181102362
0
LINE
8
BLACK
6
CONTINUOUS
10
5.6761811023622046
20
-2.590551181102362
11
5.6677165354330707
21
-2.590551181102362
0
LINE
8
BLACK
6
CONTINUOUS
10
5.6677165354330707
20
-2.590551181102362
11
5.6677165354330707
21
-2.7618110236220472
0
LINE
8
BLACK
6
CONTINUOUS
10
5.6677165354330707
20
-2.7618110236220472
11
5.6761811023622046
21
-2.7618110236220472
0
LINE
8
BLACK
6
CONTINUOUS
10
5.6761811023622046
20
-2.7618110236220472
11
5.6765577559055114
21
-2.7618859448818895
0
LINE
8
BLACK
6
CONTINUOUS
10
5.6765577559055114
20
-2.7618859448818895
11
5.677090433070866
21
-2.7624186220472442
0
LINE
8
BLACK
6
CONTINUOUS
10
5.677090433070866
20
-2.7624186220472442
11
5.6771653543307083
21
-2.7627952755905509
0
LINE
8
BLACK
6
CONTINUOUS
10
5.6771653543307083
20
-2.7627952755905509
11
5.6771653543307083
21
-2.8208661417322833
0
LINE
8
BLACK
6
CONTINUOUS
10
5.6771653543307083
20
-2.8208661417322833
11
5.8688976377952757
21
-2.8208661417322833
0
LINE
8
BLACK
6
CONTINUOUS
10
5.8688976377952757
20
-2.8208661417322833
11
5.8688976377952757
21
-2.7627952755905509
0
LINE
8
BLACK
6
CONTINUOUS
10
5.8688976377952757
20
-2.7627952755905509
11
5.8689725590551181
21
-2.7624186220472442
0
LINE
8
BLACK
6
CONTINUOUS
10
5.8689725590551181
20
-2.7624186220472442
11
5.8695052362204727
21
-2.7618859448818895
0
LINE
8
BLACK
6
CONTINUOUS
10
5.8695052362204727
20
-2.7618859448818895
11
5.8698818897637794
21
-2.7618110236220472
0
LINE
8
BLACK
6
CONTINUOUS
10
5.8698818897637794
20
-2.7618110236220472
11
5.8783464566929133
21
-2.7618110236220472
0
LINE
8
BLACK
6
CONTINUOUS
10
5.8783464566929133
20
-2.7618110236220472
11
5.8783464566929133
21
-2.590551181102362
0
LINE
8
BLACK
6
CONTINUOUS
10
5.8783464566929133
20
-2.590551181102362
11
5.8698818897637794
21
-2.590551181102362
0
LINE
8
BLACK
6
CONTINUOUS
10
5.8698818897637794
20
-2.590551181102362
11
5.8695052362204727
21
-2.5904762598425197
0
LINE
8
BLACK
6
CONTINUOUS
10
5.8695052362204727
20
-2.5904762598425197
11
5.8689725590551181
21
-2.5899435826771655
0
LINE
8
BLACK
6
CONTINUOUS
10
5.8689725590551181
20
-2.5899435826771655
11
5.8688976377952757
21
-2.5895669291338583
0
LINE
8
BLACK
6
CONTINUOUS
10
5.8688976377952757
20
-2.5895669291338583
11
5.8688976377952757
21
-2.5314960629921259
0
LINE
8
BLACK
6
CONTINUOUS
10
5.8688976377952757
20
-2.5314960629921259
11
5.6771653543307083
21
-2.5314960629921259
0
LINE
8
BLACK
6
CONTINUOUS
10
5.9739987007874014
20
-2.6112953937007872
11
5.974531377952756
21
-2.6118280708661419
0
LINE
8
BLACK
6
CONTINUOUS
10
5.974531377952756
20
-2.6118280708661419
11
5.9746062992125983
21
-2.6122047244094486
0
LINE
8
BLACK
6
CONTINUOUS
10
5.9746062992125983
20
-2.6122047244094486
11
5.9746062992125983
21
-2.7421259842519685
0
LINE
8
BLACK
6
CONTINUOUS
10
5.9746062992125983
20
-2.7421259842519685
11
5.974531377952756
21
-2.7425026377952757
0
LINE
8
BLACK
6
CONTINUOUS
10
5.974531377952756
20
-2.7425026377952757
11
5.9739987007874014
21
-2.7430353149606299
0
LINE
8
BLACK
6
CONTINUOUS
10
5.9739987007874014
20
-2.7430353149606299
11
5.9736220472440946
21
-2.7431102362204722
0
LINE
8
BLACK
6
CONTINUOUS
10
5.9736220472440946
20
-2.7431102362204722
11
5.9161417322834646
21
-2.7431102362204722
0
LINE
8
BLACK
6
CONTINUOUS
10
5.9161417322834646
20
-2.7431102362204722
11
5.915765078740157
21
-2.7430353149606299
0
LINE
8
BLACK
6
CONTINUOUS
10
5.915765078740157
20
-2.7430353149606299
11
5.9152324015748032
21
-2.7425026377952757
0
LINE
8
BLACK
6
CONTINUOUS
10
5.9152324015748032
20
-2.7425026377952757
11
5.9151574803149609
21
-2.7421259842519685
0
LINE
8
BLACK
6
CONTINUOUS
10
5.9151574803149609
20
-2.7421259842519685
11
5.9151574803149609
21
-2.6122047244094486
0
LINE
8
BLACK
6
CONTINUOUS
10
5.9151574803149609
20
-2.6122047244094486
11
5.9152324015748032
21
-2.6118280708661419
0
LINE
8
BLACK
6
CONTINUOUS
10
5.9152324015748032
20
-2.6118280708661419
11
5.915765078740157
21
-2.6112953937007872
0
LINE
8
BLACK
6
CONTINUOUS
10
5.915765078740157
20
-2.6112953937007872
11
5.9161417322834646
21
-2.6112204724409449
0
LINE
8
BLACK
6
CONTINUOUS
10
5.9161417322834646
20
-2.6112204724409449
11
5.9736220472440946
21
-2.6112204724409449
0
LINE
8
BLACK
6
CONTINUOUS
10
5.9736220472440946
20
-2.6112204724409449
11
5.9739987007874014
21
-2.6112953937007872
0
LINE
8
BLACK
6
CONTINUOUS
10
5.9171259842519683
20
-2.6131889763779528
11
5.9171259842519683
21
-2.7411417322834644
0
LINE
8
BLACK
6
CONTINUOUS
10
5.9171259842519683
20
-2.7411417322834644
11
5.97263779527559
21
-2.7411417322834644
0
LINE
8
BLACK
6
CONTINUOUS
10
5.97263779527559
20
-2.7411417322834644
11
5.97263779527559
21
-2.6131889763779528
0
LINE
8
BLACK
6
CONTINUOUS
10
5.97263779527559
20
-2.6131889763779528
11
5.9171259842519683
21
-2.6131889763779528
0
LINE
8
BLACK
6
CONTINUOUS
10
4.3173057874015743
20
-2.6278308267716537
11
4.317838464566929
21
-2.6283635039370079
0
LINE
8
BLACK
6
CONTINUOUS
10
4.317838464566929
20
-2.6283635039370079
11
4.3179133858267713
21
-2.6287401574803151
0
LINE
8
BLACK
6
CONTINUOUS
10
4.3179133858267713
20
-2.6287401574803151
11
4.3179133858267713
21
-2.6862204724409446
0
LINE
8
BLACK
6
CONTINUOUS
10
4.3179133858267713
20
-2.6862204724409446
11
4.317838464566929
21
-2.6865971259842518
0
LINE
8
BLACK
6
CONTINUOUS
10
4.317838464566929
20
-2.6865971259842518
11
4.3173057874015743
21
-2.687129803149606
0
LINE
8
BLACK
6
CONTINUOUS
10
4.3173057874015743
20
-2.687129803149606
11
4.3169291338582676
21
-2.6872047244094488
0
LINE
8
BLACK
6
CONTINUOUS
10
4.3169291338582676
20
-2.6872047244094488
11
4.1870078740157481
21
-2.6872047244094488
0
LINE
8
BLACK
6
CONTINUOUS
10
4.1870078740157481
20
-2.6872047244094488
11
4.1866312204724405
21
-2.687129803149606
0
LINE
8
BLACK
6
CONTINUOUS
10
4.1866312204724405
20
-2.687129803149606
11
4.1860985433070868
21
-2.6865971259842518
0
LINE
8
BLACK
6
CONTINUOUS
10
4.1860985433070868
20
-2.6865971259842518
11
4.1860236220472444
21
-2.6862204724409446
0
LINE
8
BLACK
6
CONTINUOUS
10
4.1860236220472444
20
-2.6862204724409446
11
4.1860236220472444
21
-2.6287401574803151
0
LINE
8
BLACK
6
CONTINUOUS
10
4.1860236220472444
20
-2.6287401574803151
11
4.1860985433070868
21
-2.6283635039370079
0
LINE
8
BLACK
6
CONTINUOUS
10
4.1860985433070868
20
-2.6283635039370079
11
4.1866312204724405
21
-2.6278308267716537
0
LINE
8
BLACK
6
CONTINUOUS
10
4.1866312204724405
20
-2.6278308267716537
11
4.1870078740157481
21
-2.6277559055118109
0
LINE
8
BLACK
6
CONTINUOUS
10
4.1870078740157481
20
-2.6277559055118109
11
4.3169291338582676
21
-2.6277559055118109
0
LINE
8
BLACK
6
CONTINUOUS
10
4.3169291338582676
20
-2.6277559055118109
11
4.3173057874015743
21
-2.6278308267716537
0
LINE
8
BLACK
6
CONTINUOUS
10
4.1879921259842519
20
-2.6297244094488188
11
4.1879921259842519
21
-2.6852362204724409
0
LINE
8
BLACK
6
CONTINUOUS
10
4.1879921259842519
20
-2.6852362204724409
11
4.3159448818897639
21
-2.6852362204724409
0
LINE
8
BLACK
6
CONTINUOUS
10
4.3159448818897639
20
-2.6852362204724409
11
4.3159448818897639
21
-2.6297244094488188
0
LINE
8
BLACK
6
CONTINUOUS
10
4.3159448818897639
20
-2.6297244094488188
11
4.1879921259842519
21
-2.6297244094488188
0
LINE
8
BLACK
6
CONTINUOUS
10
6.5220301968503938
20
-2.6278308267716537
11
6.5225628740157475
21
-2.6283635039370079
0
LINE
8
BLACK
6
CONTINUOUS
10
6.5225628740157475
20
-2.6283635039370079
11
6.5226377952755907
21
-2.6287401574803151
0
LINE
8
BLACK
6
CONTINUOUS
10
6.5226377952755907
20
-2.6287401574803151
11
6.5226377952755907
21
-2.6862204724409446
0
LINE
8
BLACK
6
CONTINUOUS
10
6.5226377952755907
20
-2.6862204724409446
11
6.5225628740157475
21
-2.6865971259842518
0
LINE
8
BLACK
6
CONTINUOUS
10
6.5225628740157475
20
-2.6865971259842518
11
6.5220301968503938
21
-2.687129803149606
0
LINE
8
BLACK
6
CONTINUOUS
10
6.5220301968503938
20
-2.687129803149606
11
6.5216535433070861
21
-2.6872047244094488
0
LINE
8
BLACK
6
CONTINUOUS
10
6.5216535433070861
20
-2.6872047244094488
11
6.3917322834645667
21
-2.6872047244094488
0
LINE
8
BLACK
6
CONTINUOUS
10
6.3917322834645667
20
-2.6872047244094488
11
6.3913556299212599
21
-2.687129803149606
0
LINE
8
BLACK
6
CONTINUOUS
10
6.3913556299212599
20
-2.687129803149606
11
6.3908229527559053
21
-2.6865971259842518
0
LINE
8
BLACK
6
CONTINUOUS
10
6.3908229527559053
20
-2.6865971259842518
11
6.390748031496063
21
-2.6862204724409446
0
LINE
8
BLACK
6
CONTINUOUS
10
6.390748031496063
20
-2.6862204724409446
11
6.390748031496063
21
-2.6287401574803151
0
LINE
8
BLACK
6
CONTINUOUS
10
6.390748031496063
20
-2.6287401574803151
11
6.3908229527559053
21
-2.6283635039370079
0
LINE
8
BLACK
6
CONTINUOUS
10
6.3908229527559053
20
-2.6283635039370079
11
6.3913556299212599
21
-2.6278308267716537
0
LINE
8
BLACK
6
CONTINUOUS
10
6.3913556299212599
20
-2.6278308267716537
11
6.3917322834645667
21
-2.6277559055118109
0
LINE
8
BLACK
6
CONTINUOUS
10
6.3917322834645667
20
-2.6277559055118109
11
6.5216535433070861
21
-2.6277559055118109
0
LINE
8
BLACK
6
CONTINUOUS
10
6.5216535433070861
20
-2.6277559055118109
11
6.5220301968503938
21
-2.6278308267716537
0
LINE
8
BLACK
6
CONTINUOUS
10
6.3927165354330704
20
-2.6297244094488188
11
6.3927165354330704
21
-2.6852362204724409
0
LINE
8
BLACK
6
CONTINUOUS
10
6.3927165354330704
20
-2.6852362204724409
11
6.5206692913385824
21
-2.6852362204724409
0
LINE
8
BLACK
6
CONTINUOUS
10
6.5206692913385824
20
-2.6852362204724409
11
6.5206692913385824
21
-2.6297244094488188
0
LINE
8
BLACK
6
CONTINUOUS
10
6.5206692913385824
20
-2.6297244094488188
11
6.3927165354330704
21
-2.6297244094488188
0
LINE
8
BLACK
6
CONTINUOUS
10
5.7936837401574799
20
-2.4112953937007875
11
5.7942164173228345
21
-2.4118280708661417
0
LINE
8
BLACK
6
CONTINUOUS
10
5.7942164173228345
20
-2.4118280708661417
11
5.7942913385826769
21
-2.4122047244094489
0
LINE
8
BLACK
6
CONTINUOUS
10
5.7942913385826769
20
-2.4122047244094489
11
5.7942913385826769
21
-2.4696850393700789
0
LINE
8
BLACK
6
CONTINUOUS
10
5.7942913385826769
20
-2.4696850393700789
11
5.7942164173228345
21
-2.4700616929133856
0
LINE
8
BLACK
6
CONTINUOUS
10
5.7942164173228345
20
-2.4700616929133856
11
5.7936837401574799
21
-2.4705943700787403
0
LINE
8
BLACK
6
CONTINUOUS
10
5.7936837401574799
20
-2.4705943700787403
11
5.7933070866141732
21
-2.4706692913385826
0
LINE
8
BLACK
6
CONTINUOUS
10
5.7933070866141732
20
-2.4706692913385826
11
5.6633858267716537
21
-2.4706692913385826
0
LINE
8
BLACK
6
CONTINUOUS
10
5.6633858267716537
20
-2.4706692913385826
11
5.6630091732283461
21
-2.4705943700787403
0
LINE
8
BLACK
6
CONTINUOUS
10
5.6630091732283461
20
-2.4705943700787403
11
5.6624764960629923
21
-2.4700616929133856
0
LINE
8
BLACK
6
CONTINUOUS
10
5.6624764960629923
20
-2.4700616929133856
11
5.6624015748031491
21
-2.4696850393700789
0
LINE
8
BLACK
6
CONTINUOUS
10
5.6624015748031491
20
-2.4696850393700789
11
5.6624015748031491
21
-2.4122047244094489
0
LINE
8
BLACK
6
CONTINUOUS
10
5.6624015748031491
20
-2.4122047244094489
11
5.6624764960629923
21
-2.4118280708661417
0
LINE
8
BLACK
6
CONTINUOUS
10
5.6624764960629923
20
-2.4118280708661417
11
5.6630091732283461
21
-2.4112953937007875
0
LINE
8
BLACK
6
CONTINUOUS
10
5.6630091732283461
20
-2.4112953937007875
11
5.6633858267716537
21
-2.4112204724409447
0
LINE
8
BLACK
6
CONTINUOUS
10
5.6633858267716537
20
-2.4112204724409447
11
5.7933070866141732
21
-2.4112204724409447
0
LINE
8
BLACK
6
CONTINUOUS
10
5.7933070866141732
20
-2.4112204724409447
11
5.7936837401574799
21
-2.4112953937007875
0
LINE
8
BLACK
6
CONTINUOUS
10
5.6643700787401574
20
-2.4131889763779526
11
5.6643700787401574
21
-2.4687007874015747
0
LINE
8
BLACK
6
CONTINUOUS
10
5.6643700787401574
20
-2.4687007874015747
11
5.7923228346456694
21
-2.4687007874015747
0
LINE
8
BLACK
6
CONTINUOUS
10
5.7923228346456694
20
-2.4687007874015747
11
5.7923228346456694
21
-2.4131889763779526
0
LINE
8
BLACK
6
CONTINUOUS
10
5.7923228346456694
20
-2.4131889763779526
11
5.6643700787401574
21
-2.4131889763779526
0
LINE
8
BLACK
6
CONTINUOUS
10
5.3999829527559058
20
-2.0463347637795275
11
5.4005156299212596
21
-2.0468674409448817
0
LINE
8
BLACK
6
CONTINUOUS
10
5.4005156299212596
20
-2.0468674409448817
11
5.4005905511811019
21
-2.0472440944881889
0
LINE
8
BLACK
6
CONTINUOUS
10
5.4005905511811019
20
-2.0472440944881889
11
5.4005905511811019
21
-2.401574803149606
0
LINE
8
BLACK
6
CONTINUOUS
10
5.4005905511811019
20
-2.401574803149606
11
5.4005156299212596
21
-2.4019514566929132
0
LINE
8
BLACK
6
CONTINUOUS
10
5.4005156299212596
20
-2.4019514566929132
11
5.3999829527559058
21
-2.4024841338582679
0
LINE
8
BLACK
6
CONTINUOUS
10
5.3999829527559058
20
-2.4024841338582679
11
5.3996062992125982
21
-2.4025590551181102
0
LINE
8
BLACK
6
CONTINUOUS
10
5.3996062992125982
20
-2.4025590551181102
11
5.2338582677165357
21
-2.4025590551181102
0
LINE
8
BLACK
6
CONTINUOUS
10
5.2338582677165357
20
-2.4025590551181102
11
5.2334816141732281
21
-2.4024841338582679
0
LINE
8
BLACK
6
CONTINUOUS
10
5.2334816141732281
20
-2.4024841338582679
11
5.2329489370078743
21
-2.4019514566929132
0
LINE
8
BLACK
6
CONTINUOUS
10
5.2329489370078743
20
-2.4019514566929132
11
5.2328740157480311
21
-2.401574803149606
0
LINE
8
BLACK
6
CONTINUOUS
10
5.2328740157480311
20
-2.401574803149606
11
5.2328740157480311
21
-2.0472440944881889
0
LINE
8
BLACK
6
CONTINUOUS
10
5.2328740157480311
20
-2.0472440944881889
11
5.2329489370078743
21
-2.0468674409448817
0
LINE
8
BLACK
6
CONTINUOUS
10
5.2329489370078743
20
-2.0468674409448817
11
5.2334816141732281
21
-2.0463347637795275
0
LINE
8
BLACK
6
CONTINUOUS
10
5.2334816141732281
20
-2.0463347637795275
11
5.2338582677165357
21
-2.0462598425196852
0
LINE
8
BLACK
6
CONTINUOUS
10
5.2338582677165357
20
-2.0462598425196852
11
5.3996062992125982
21
-2.0462598425196852
0
LINE
8
BLACK
6
CONTINUOUS
10
5.3996062992125982
20
-2.0462598425196852
11
5.3999829527559058
21
-2.0463347637795275
0
LINE
8
BLACK
6
CONTINUOUS
10
5.2348425196850394
20
-2.048228346456693
11
5.2348425196850394
21
-2.4005905511811023
0
LINE
8
BLACK
6
CONTINUOUS
10
5.2348425196850394
20
-2.4005905511811023
11
5.3986220472440944
21
-2.4005905511811023
0
LINE
8
BLACK
6
CONTINUOUS
10
5.3986220472440944
20
-2.4005905511811023
11
5.3986220472440944
21
-2.048228346456693
0
LINE
8
BLACK
6
CONTINUOUS
10
5.3986220472440944
20
-2.048228346456693
11
5.2348425196850394
21
-2.048228346456693
0
LINE
8
BLACK
6
CONTINUOUS
10
4.4747861023622049
20
-2.1742875196850395
11
4.4753187795275586
21
-2.1748201968503937
0
LINE
8
BLACK
6
CONTINUOUS
10
4.4753187795275586
20
-2.1748201968503937
11
4.4753937007874018
21
-2.1751968503937009
0
LINE
8
BLACK
6
CONTINUOUS
10
4.4753937007874018
20
-2.1751968503937009
11
4.4753937007874018
21
-2.3917322834645667
0
LINE
8
BLACK
6
CONTINUOUS
10
4.4753937007874018
20
-2.3917322834645667
11
4.4753187795275586
21
-2.3921089370078739
0
LINE
8
BLACK
6
CONTINUOUS
10
4.4753187795275586
20
-2.3921089370078739
11
4.4747861023622049
21
-2.3926416141732281
0
LINE
8
BLACK
6
CONTINUOUS
10
4.4747861023622049
20
-2.3926416141732281
11
4.4744094488188972
21
-2.3927165354330708
0
LINE
8
BLACK
6
CONTINUOUS
10
4.4744094488188972
20
-2.3927165354330708
11
4.1870078740157481
21
-2.3927165354330708
0
LINE
8
BLACK
6
CONTINUOUS
10
4.1870078740157481
20
-2.3927165354330708
11
4.1866312204724405
21
-2.3926416141732281
0
LINE
8
BLACK
6
CONTINUOUS
10
4.1866312204724405
20
-2.3926416141732281
11
4.1860985433070868
21
-2.3921089370078739
0
LINE
8
BLACK
6
CONTINUOUS
10
4.1860985433070868
20
-2.3921089370078739
11
4.1860236220472444
21
-2.3917322834645667
0
LINE
8
BLACK
6
CONTINUOUS
10
4.1860236220472444
20
-2.3917322834645667
11
4.1860236220472444
21
-2.1751968503937009
0
LINE
8
BLACK
6
CONTINUOUS
10
4.1860236220472444
20
-2.1751968503937009
11
4.1860985433070868
21
-2.1748201968503937
0
LINE
8
BLACK
6
CONTINUOUS
10
4.1860985433070868
20
-2.1748201968503937
11
4.1866312204724405
21
-2.1742875196850395
0
LINE
8
BLACK
6
CONTINUOUS
10
4.1866312204724405
20
-2.1742875196850395
11
4.1870078740157481
21
-2.1742125984251968
0
LINE
8
BLACK
6
CONTINUOUS
10
4.1870078740157481
20
-2.1742125984251968
11
4.4744094488188972
21
-2.1742125984251968
0
LINE
8
BLACK
6
CONTINUOUS
10
4.4744094488188972
20
-2.1742125984251968
11
4.4747861023622049
21
-2.1742875196850395
0
LINE
8
BLACK
6
CONTINUOUS
10
4.1879921259842519
20
-2.1761811023622046
11
4.1879921259842519
21
-2.390748031496063
0
LINE
8
BLACK
6
CONTINUOUS
10
4.1879921259842519
20
-2.390748031496063
11
4.4734251968503935
21
-2.390748031496063
0
LINE
8
BLACK
6
CONTINUOUS
10
4.4734251968503935
20
-2.390748031496063
11
4.4734251968503935
21
-2.1761811023622046
0
LINE
8
BLACK
6
CONTINUOUS
10
4.4734251968503935
20
-2.1761811023622046
11
4.1879921259842519
21
-2.1761811023622046
0
LINE
8
BLACK
6
CONTINUOUS
10
6.6795105118110234
20
-2.1742875196850395
11
6.6800431889763781
21
-2.1748201968503937
0
LINE
8
BLACK
6
CONTINUOUS
10
6.6800431889763781
20
-2.1748201968503937
11
6.6801181102362204
21
-2.1751968503937009
0
LINE
8
BLACK
6
CONTINUOUS
10
6.6801181102362204
20
-2.1751968503937009
11
6.6801181102362204
21
-2.3917322834645667
0
LINE
8
BLACK
6
CONTINUOUS
10
6.6801181102362204
20
-2.3917322834645667
11
6.6800431889763781
21
-2.3921089370078739
0
LINE
8
BLACK
6
CONTINUOUS
10
6.6800431889763781
20
-2.3921089370078739
11
6.6795105118110234
21
-2.3926416141732281
0
LINE
8
BLACK
6
CONTINUOUS
10
6.6795105118110234
20
-2.3926416141732281
11
6.6791338582677167
21
-2.3927165354330708
0
LINE
8
BLACK
6
CONTINUOUS
10
6.6791338582677167
20
-2.3927165354330708
11
6.3917322834645667
21
-2.3927165354330708
0
LINE
8
BLACK
6
CONTINUOUS
10
6.3917322834645667
20
-2.3927165354330708
11
6.3913556299212599
21
-2.3926416141732281
0
LINE
8
BLACK
6
CONTINUOUS
10
6.3913556299212599
20
-2.3926416141732281
11
6.3908229527559053
21
-2.3921089370078739
0
LINE
8
BLACK
6
CONTINUOUS
10
6.3908229527559053
20
-2.3921089370078739
11
6.390748031496063
21
-2.3917322834645667
0
LINE
8
BLACK
6
CONTINUOUS
10
6.390748031496063
20
-2.3917322834645667
11
6.390748031496063
21
-2.1751968503937009
0
LINE
8
BLACK
6
CONTINUOUS
10
6.390748031496063
20
-2.1751968503937009
11
6.3908229527559053
21
-2.1748201968503937
0
LINE
8
BLACK
6
CONTINUOUS
10
6.3908229527559053
20
-2.1748201968503937
11
6.3913556299212599
21
-2.1742875196850395
0
LINE
8
BLACK
6
CONTINUOUS
10
6.3913556299212599
20
-2.1742875196850395
11
6.3917322834645667
21
-2.1742125984251968
0
LINE
8
BLACK
6
CONTINUOUS
10
6.3917322834645667
20
-2.1742125984251968
11
6.6791338582677167
21
-2.1742125984251968
0
LINE
8
BLACK
6
CONTINUOUS
10
6.6791338582677167
20
-2.1742125984251968
11
6.6795105118110234
21
-2.1742875196850395
0
LINE
8
BLACK
6
CONTINUOUS
10
6.3927165354330704
20
-2.1761811023622046
11
6.3927165354330704
21
-2.390748031496063
0
LINE
8
BLACK
6
CONTINUOUS
10
6.3927165354330704
20
-2.390748031496063
11
6.6781496062992121
21
-2.390748031496063
0
LINE
8
BLACK
6
CONTINUOUS
10
6.6781496062992121
20
-2.390748031496063
11
6.6781496062992121
21
-2.1761811023622046
0
LINE
8
BLACK
6
CONTINUOUS
10
6.6781496062992121
20
-2.1761811023622046
11
6.3927165354330704
21
-2.1761811023622046
0
LINE
8
BLACK
6
CONTINUOUS
10
4.9939790157480317
20
-2.332948937007874
11
4.9945116929133855
21
-2.3334816141732282
0
LINE
8
BLACK
6
CONTINUOUS
10
4.9945116929133855
20
-2.3334816141732282
11
4.9945866141732278
21
-2.3338582677165354
0
LINE
8
BLACK
6
CONTINUOUS
10
4.9945866141732278
20
-2.3338582677165354
11
4.9945866141732278
21
-2.3913385826771654
0
LINE
8
BLACK
6
CONTINUOUS
10
4.9945866141732278
20
-2.3913385826771654
11
4.9945116929133855
21
-2.3917152362204726
0
LINE
8
BLACK
6
CONTINUOUS
10
4.9945116929133855
20
-2.3917152362204726
11
4.9939790157480317
21
-2.3922479133858268
0
LINE
8
BLACK
6
CONTINUOUS
10
4.9939790157480317
20
-2.3922479133858268
11
4.9936023622047241
21
-2.3923228346456691
0
LINE
8
BLACK
6
CONTINUOUS
10
4.9936023622047241
20
-2.3923228346456691
11
4.8636811023622046
21
-2.3923228346456691
0
LINE
8
BLACK
6
CONTINUOUS
10
4.8636811023622046
20
-2.3923228346456691
11
4.8633044488188979
21
-2.3922479133858268
0
LINE
8
BLACK
6
CONTINUOUS
10
4.8633044488188979
20
-2.3922479133858268
11
4.8627717716535432
21
-2.3917152362204726
0
LINE
8
BLACK
6
CONTINUOUS
10
4.8627717716535432
20
-2.3917152362204726
11
4.8626968503937009
21
-2.3913385826771654
0
LINE
8
BLACK
6
CONTINUOUS
10
4.8626968503937009
20
-2.3913385826771654
11
4.8626968503937009
21
-2.3338582677165354
0
LINE
8
BLACK
6
CONTINUOUS
10
4.8626968503937009
20
-2.3338582677165354
11
4.8627717716535432
21
-2.3334816141732282
0
LINE
8
BLACK
6
CONTINUOUS
10
4.8627717716535432
20
-2.3334816141732282
11
4.8633044488188979
21
-2.332948937007874
0
LINE
8
BLACK
6
CONTINUOUS
10
4.8633044488188979
20
-2.332948937007874
11
4.8636811023622046
21
-2.3328740157480317
0
LINE
8
BLACK
6
CONTINUOUS
10
4.8636811023622046
20
-2.3328740157480317
11
4.9936023622047241
21
-2.3328740157480317
0
LINE
8
BLACK
6
CONTINUOUS
10
4.9936023622047241
20
-2.3328740157480317
11
4.9939790157480317
21
-2.332948937007874
0
LINE
8
BLACK
6
CONTINUOUS
10
4.8646653543307083
20
-2.3348425196850395
11
4.8646653543307083
21
-2.3903543307086612
0
LINE
8
BLACK
6
CONTINUOUS
10
4.8646653543307083
20
-2.3903543307086612
11
4.9926181102362204
21
-2.3903543307086612
0
LINE
8
BLACK
6
CONTINUOUS
10
4.9926181102362204
20
-2.3903543307086612
11
4.9926181102362204
21
-2.3348425196850395
0
LINE
8
BLACK
6
CONTINUOUS
10
4.9926181102362204
20
-2.3348425196850395
11
4.8646653543307083
21
-2.3348425196850395
0
LINE
8
BLACK
6
CONTINUOUS
10
5.1800026377952753
20
-2.332948937007874
11
5.1805353149606299
21
-2.3334816141732282
0
LINE
8
BLACK
6
CONTINUOUS
10
5.1805353149606299
20
-2.3334816141732282
11
5.1806102362204722
21
-2.3338582677165354
0
LINE
8
BLACK
6
CONTINUOUS
10
5.1806102362204722
20
-2.3338582677165354
11
5.1806102362204722
21
-2.3913385826771654
0
LINE
8
BLACK
6
CONTINUOUS
10
5.1806102362204722
20
-2.3913385826771654
11
5.1805353149606299
21
-2.3917152362204726
0
LINE
8
BLACK
6
CONTINUOUS
10
5.1805353149606299
20
-2.3917152362204726
11
5.1800026377952753
21
-2.3922479133858268
0
LINE
8
BLACK
6
CONTINUOUS
10
5.1800026377952753
20
-2.3922479133858268
11
5.1796259842519685
21
-2.3923228346456691
0
LINE
8
BLACK
6
CONTINUOUS
10
5.1796259842519685
20
-2.3923228346456691
11
5.0497047244094491
21
-2.3923228346456691
0
LINE
8
BLACK
6
CONTINUOUS
10
5.0497047244094491
20
-2.3923228346456691
11
5.0493280708661414
21
-2.3922479133858268
0
LINE
8
BLACK
6
CONTINUOUS
10
5.0493280708661414
20
-2.3922479133858268
11
5.0487953937007877
21
-2.3917152362204726
0
LINE
8
BLACK
6
CONTINUOUS
10
5.0487953937007877
20
-2.3917152362204726
11
5.0487204724409445
21
-2.3913385826771654
0
LINE
8
BLACK
6
CONTINUOUS
10
5.0487204724409445
20
-2.3913385826771654
11
5.0487204724409445
21
-2.3338582677165354
0
LINE
8
BLACK
6
CONTINUOUS
10
5.0487204724409445
20
-2.3338582677165354
11
5.0487953937007877
21
-2.3334816141732282
0
LINE
8
BLACK
6
CONTINUOUS
10
5.0487953937007877
20
-2.3334816141732282
11
5.0493280708661414
21
-2.332948937007874
0
LINE
8
BLACK
6
CONTINUOUS
10
5.0493280708661414
20
-2.332948937007874
11
5.0497047244094491
21
-2.3328740157480317
0
LINE
8
BLACK
6
CONTINUOUS
10
5.0497047244094491
20
-2.3328740157480317
11
5.1796259842519685
21
-2.3328740157480317
0
LINE
8
BLACK
6
CONTINUOUS
10
5.1796259842519685
20
-2.3328740157480317
11
5.1800026377952753
21
-2.332948937007874
0
LINE
8
BLACK
6
CONTINUOUS
10
5.0506889763779528
20
-2.3348425196850395
11
5.0506889763779528
21
-2.3903543307086612
0
LINE
8
BLACK
6
CONTINUOUS
10
5.0506889763779528
20
-2.3903543307086612
11
5.1786417322834648
21
-2.3903543307086612
0
LINE
8
BLACK
6
CONTINUOUS
10
5.1786417322834648
20
-2.3903543307086612
11
5.1786417322834648
21
-2.3348425196850395
0
LINE
8
BLACK
6
CONTINUOUS
10
5.1786417322834648
20
-2.3348425196850395
11
5.0506889763779528
21
-2.3348425196850395
0
LINE
8
BLACK
6
CONTINUOUS
10
5.8903372834645671
20
-2.0665119291338581
11
5.8908699606299209
21
-2.0670446062992127
0
LINE
8
BLACK
6
CONTINUOUS
10
5.8908699606299209
20
-2.0670446062992127
11
5.8909448818897641
21
-2.0674212598425195
0
LINE
8
BLACK
6
CONTINUOUS
10
5.8909448818897641
20
-2.0674212598425195
11
5.8909448818897641
21
-2.1215551181102361
0
LINE
8
BLACK
6
CONTINUOUS
10
5.8909448818897641
20
-2.1215551181102361
11
5.8946850393700787
21
-2.1215551181102361
0
LINE
8
BLACK
6
CONTINUOUS
10
5.8946850393700787
20
-2.1215551181102361
11
5.8950616929133854
21
-2.1216300393700789
0
LINE
8
BLACK
6
CONTINUOUS
10
5.8950616929133854
20
-2.1216300393700789
11
5.8955943700787401
21
-2.1221627165354331
0
LINE
8
BLACK
6
CONTINUOUS
10
5.8955943700787401
20
-2.1221627165354331
11
5.8956692913385824
21
-2.1225393700787403
0
LINE
8
BLACK
6
CONTINUOUS
10
5.8956692913385824
20
-2.1225393700787403
11
5.8956692913385824
21
-2.3154527559055116
0
LINE
8
BLACK
6
CONTINUOUS
10
5.8956692913385824
20
-2.3154527559055116
11
5.8955943700787401
21
-2.3158294094488188
0
LINE
8
BLACK
6
CONTINUOUS
10
5.8955943700787401
20
-2.3158294094488188
11
5.8950616929133854
21
-2.316362086614173
0
LINE
8
BLACK
6
CONTINUOUS
10
5.8950616929133854
20
-2.316362086614173
11
5.8946850393700787
21
-2.3164370078740157
0
LINE
8
BLACK
6
CONTINUOUS
10
5.8946850393700787
20
-2.3164370078740157
11
5.8909448818897641
21
-2.3164370078740157
0
LINE
8
BLACK
6
CONTINUOUS
10
5.8909448818897641
20
-2.3164370078740157
11
5.8909448818897641
21
-2.3705708661417324
0
LINE
8
BLACK
6
CONTINUOUS
10
5.8909448818897641
20
-2.3705708661417324
11
5.8908699606299209
21
-2.3709475196850391
0
LINE
8
BLACK
6
CONTINUOUS
10
5.8908699606299209
20
-2.3709475196850391
11
5.8903372834645671
21
-2.3714801968503938
0
LINE
8
BLACK
6
CONTINUOUS
10
5.8903372834645671
20
-2.3714801968503938
11
5.8899606299212595
21
-2.3715551181102361
0
LINE
8
BLACK
6
CONTINUOUS
10
5.8899606299212595
20
-2.3715551181102361
11
5.6238188976377952
21
-2.3715551181102361
0
LINE
8
BLACK
6
CONTINUOUS
10
5.6238188976377952
20
-2.3715551181102361
11
5.6234422440944885
21
-2.3714801968503938
0
LINE
8
BLACK
6
CONTINUOUS
10
5.6234422440944885
20
-2.3714801968503938
11
5.6229095669291338
21
-2.3709475196850391
0
LINE
8
BLACK
6
CONTINUOUS
10
5.6229095669291338
20
-2.3709475196850391
11
5.6228346456692915
21
-2.3705708661417324
0
LINE
8
BLACK
6
CONTINUOUS
10
5.6228346456692915
20
-2.3705708661417324
11
5.6228346456692915
21
-2.3164370078740157
0
LINE
8
BLACK
6
CONTINUOUS
10
5.6228346456692915
20
-2.3164370078740157
11
5.6190944881889759
21
-2.3164370078740157
0
LINE
8
BLACK
6
CONTINUOUS
10
5.6190944881889759
20
-2.3164370078740157
11
5.6187178346456692
21
-2.316362086614173
0
LINE
8
BLACK
6
CONTINUOUS
10
5.6187178346456692
20
-2.316362086614173
11
5.6181851574803146
21
-2.3158294094488188
0
LINE
8
BLACK
6
CONTINUOUS
10
5.6181851574803146
20
-2.3158294094488188
11
5.6181102362204722
21
-2.3154527559055116
0
LINE
8
BLACK
6
CONTINUOUS
10
5.6181102362204722
20
-2.3154527559055116
11
5.6181102362204722
21
-2.1225393700787403
0
LINE
8
BLACK
6
CONTINUOUS
10
5.6181102362204722
20
-2.1225393700787403
11
5.6181851574803146
21
-2.1221627165354331
0
LINE
8
BLACK
6
CONTINUOUS
10
5.6181851574803146
20
-2.1221627165354331
11
5.6187178346456692
21
-2.1216300393700789
0
LINE
8
BLACK
6
CONTINUOUS
10
5.6187178346456692
20
-2.1216300393700789
11
5.6190944881889759
21
-2.1215551181102361
0
LINE
8
BLACK
6
CONTINUOUS
10
5.6190944881889759
20
-2.1215551181102361
11
5.6228346456692915
21
-2.1215551181102361
0
LINE
8
BLACK
6
CONTINUOUS
10
5.6228346456692915
20
-2.1215551181102361
11
5.6228346456692915
21
-2.0674212598425195
0
LINE
8
BLACK
6
CONTINUOUS
10
5.6228346456692915
20
-2.0674212598425195
11
5.6229095669291338
21
-2.0670446062992127
0
LINE
8
BLACK
6
CONTINUOUS
10
5.6229095669291338
20
-2.0670446062992127
11
5.6234422440944885
21
-2.0665119291338581
0
LINE
8
BLACK
6
CONTINUOUS
10
5.6234422440944885
20
-2.0665119291338581
11
5.6238188976377952
21
-2.0664370078740157
0
LINE
8
BLACK
6
CONTINUOUS
10
5.6238188976377952
20
-2.0664370078740157
11
5.8899606299212595
21
-2.0664370078740157
0
LINE
8
BLACK
6
CONTINUOUS
10
5.8899606299212595
20
-2.0664370078740157
11
5.8903372834645671
21
-2.0665119291338581
0
LINE
8
BLACK
6
CONTINUOUS
10
5.6248031496062989
20
-2.0684055118110236
11
5.6248031496062989
21
-2.1225393700787403
0
LINE
8
BLACK
6
CONTINUOUS
10
5.6248031496062989
20
-2.1225393700787403
11
5.6247282283464566
21
-2.122916023622047
0
LINE
8
BLACK
6
CONTINUOUS
10
5.6247282283464566
20
-2.122916023622047
11
5.6241955511811019
21
-2.1234487007874017
0
LINE
8
BLACK
6
CONTINUOUS
10
5.6241955511811019
20
-2.1234487007874017
11
5.6238188976377952
21
-2.123523622047244
0
LINE
8
BLACK
6
CONTINUOUS
10
5.6238188976377952
20
-2.123523622047244
11
5.6200787401574805
21
-2.123523622047244
0
LINE
8
BLACK
6
CONTINUOUS
10
5.6200787401574805
20
-2.123523622047244
11
5.6200787401574805
21
-2.3144685039370079
0
LINE
8
BLACK
6
CONTINUOUS
10
5.6200787401574805
20
-2.3144685039370079
11
5.6238188976377952
21
-2.3144685039370079
0
LINE
8
BLACK
6
CONTINUOUS
10
5.6238188976377952
20
-2.3144685039370079
11
5.6241955511811019
21
-2.3145434251968502
0
LINE
8
BLACK
6
CONTINUOUS
10
5.6241955511811019
20
-2.3145434251968502
11
5.6247282283464566
21
-2.3150761023622048
0
LINE
8
BLACK
6
CONTINUOUS
10
5.6247282283464566
20
-2.3150761023622048
11
5.6248031496062989
21
-2.3154527559055116
0
LINE
8
BLACK
6
CONTINUOUS
10
5.6248031496062989
20
-2.3154527559055116
11
5.6248031496062989
21
-2.3695866141732282
0
LINE
8
BLACK
6
CONTINUOUS
10
5.6248031496062989
20
-2.3695866141732282
11
5.8889763779527557
21
-2.3695866141732282
0
LINE
8
BLACK
6
CONTINUOUS
10
5.8889763779527557
20
-2.3695866141732282
11
5.8889763779527557
21
-2.3154527559055116
0
LINE
8
BLACK
6
CONTINUOUS
10
5.8889763779527557
20
-2.3154527559055116
11
5.8890512992125981
21
-2.3150761023622048
0
LINE
8
BLACK
6
CONTINUOUS
10
5.8890512992125981
20
-2.3150761023622048
11
5.8895839763779527
21
-2.3145434251968502
0
LINE
8
BLACK
6
CONTINUOUS
10
5.8895839763779527
20
-2.3145434251968502
11
5.8899606299212595
21
-2.3144685039370079
0
LINE
8
BLACK
6
CONTINUOUS
10
5.8899606299212595
20
-2.3144685039370079
11
5.893700787401575
21
-2.3144685039370079
0
LINE
8
BLACK
6
CONTINUOUS
10
5.893700787401575
20
-2.3144685039370079
11
5.893700787401575
21
-2.123523622047244
0
LINE
8
BLACK
6
CONTINUOUS
10
5.893700787401575
20
-2.123523622047244
11
5.8899606299212595
21
-2.123523622047244
0
LINE
8
BLACK
6
CONTINUOUS
10
5.8899606299212595
20
-2.123523622047244
11
5.8895839763779527
21
-2.1234487007874017
0
LINE
8
BLACK
6
CONTINUOUS
10
5.8895839763779527
20
-2.1234487007874017
11
5.8890512992125981
21
-2.122916023622047
0
LINE
8
BLACK
6
CONTINUOUS
10
5.8890512992125981
20
-2.122916023622047
11
5.8889763779527557
21
-2.1225393700787403
0
LINE
8
BLACK
6
CONTINUOUS
10
5.8889763779527557
20
-2.1225393700787403
11
5.8889763779527557
21
-2.0684055118110236
0
LINE
8
BLACK
6
CONTINUOUS
10
5.8889763779527557
20
-2.0684055118110236
11
5.6248031496062989
21
-2.0684055118110236
0
LINE
8
BLACK
6
CONTINUOUS
10
4.9939790157480317
20
-2.2341300393700787
11
4.9945116929133855
21
-2.2346627165354329
0
LINE
8
BLACK
6
CONTINUOUS
10
4.9945116929133855
20
-2.2346627165354329
11
4.9945866141732278
21
-2.2350393700787401
0
LINE
8
BLACK
6
CONTINUOUS
10
4.9945866141732278
20
-2.2350393700787401
11
4.9945866141732278
21
-2.2925196850393701
0
LINE
8
BLACK
6
CONTINUOUS
10
4.9945866141732278
20
-2.2925196850393701
11
4.9945116929133855
21
-2.2928963385826773
0
LINE
8
BLACK
6
CONTINUOUS
10
4.9945116929133855
20
-2.2928963385826773
11
4.9939790157480317
21
-2.2934290157480315
0
LINE
8
BLACK
6
CONTINUOUS
10
4.9939790157480317
20
-2.2934290157480315
11
4.9936023622047241
21
-2.2935039370078738
0
LINE
8
BLACK
6
CONTINUOUS
10
4.9936023622047241
20
-2.2935039370078738
11
4.8636811023622046
21
-2.2935039370078738
0
LINE
8
BLACK
6
CONTINUOUS
10
4.8636811023622046
20
-2.2935039370078738
11
4.8633044488188979
21
-2.2934290157480315
0
LINE
8
BLACK
6
CONTINUOUS
10
4.8633044488188979
20
-2.2934290157480315
11
4.8627717716535432
21
-2.2928963385826773
0
LINE
8
BLACK
6
CONTINUOUS
10
4.8627717716535432
20
-2.2928963385826773
11
4.8626968503937009
21
-2.2925196850393701
0
LINE
8
BLACK
6
CONTINUOUS
10
4.8626968503937009
20
-2.2925196850393701
11
4.8626968503937009
21
-2.2350393700787401
0
LINE
8
BLACK
6
CONTINUOUS
10
4.8626968503937009
20
-2.2350393700787401
11
4.8627717716535432
21
-2.2346627165354329
0
LINE
8
BLACK
6
CONTINUOUS
10
4.8627717716535432
20
-2.2346627165354329
11
4.8633044488188979
21
-2.2341300393700787
0
LINE
8
BLACK
6
CONTINUOUS
10
4.8633044488188979
20
-2.2341300393700787
11
4.8636811023622046
21
-2.2340551181102364
0
LINE
8
BLACK
6
CONTINUOUS
10
4.8636811023622046
20
-2.2340551181102364
11
4.9936023622047241
21
-2.2340551181102364
0
LINE
8
BLACK
6
CONTINUOUS
10
4.9936023622047241
20
-2.2340551181102364
11
4.9939790157480317
21
-2.2341300393700787
0
LINE
8
BLACK
6
CONTINUOUS
10
4.8646653543307083
20
-2.2360236220472443
11
4.8646653543307083
21
-2.2915354330708659
0
LINE
8
BLACK
6
CONTINUOUS
10
4.8646653543307083
20
-2.2915354330708659
11
4.9926181102362204
21
-2.2915354330708659
0
LINE
8
BLACK
6
CONTINUOUS
10
4.9926181102362204
20
-2.2915354330708659
11
4.9926181102362204
21
-2.2360236220472443
0
LINE
8
BLACK
6
CONTINUOUS
10
4.9926181102362204
20
-2.2360236220472443
11
4.8646653543307083
21
-2.2360236220472443
0
LINE
8
BLACK
6
CONTINUOUS
10
5.1800026377952753
20
-2.2341300393700787
11
5.1805353149606299
21
-2.2346627165354329
0
LINE
8
BLACK
6
CONTINUOUS
10
5.1805353149606299
20
-2.2346627165354329
11
5.1806102362204722
21
-2.2350393700787401
0
LINE
8
BLACK
6
CONTINUOUS
10
5.1806102362204722
20
-2.2350393700787401
11
5.1806102362204722
21
-2.2925196850393701
0
LINE
8
BLACK
6
CONTINUOUS
10
5.1806102362204722
20
-2.2925196850393701
11
5.1805353149606299
21
-2.2928963385826773
0
LINE
8
BLACK
6
CONTINUOUS
10
5.1805353149606299
20
-2.2928963385826773
11
5.1800026377952753
21
-2.2934290157480315
0
LINE
8
BLACK
6
CONTINUOUS
10
5.1800026377952753
20
-2.2934290157480315
11
5.1796259842519685
21
-2.2935039370078738
0
LINE
8
BLACK
6
CONTINUOUS
10
5.1796259842519685
20
-2.2935039370078738
11
5.0497047244094491
21
-2.2935039370078738
0
LINE
8
BLACK
6
CONTINUOUS
10
5.0497047244094491
20
-2.2935039370078738
11
5.0493280708661414
21
-2.2934290157480315
0
LINE
8
BLACK
6
CONTINUOUS
10
5.0493280708661414
20
-2.2934290157480315
11
5.0487953937007877
21
-2.2928963385826773
0
LINE
8
BLACK
6
CONTINUOUS
10
5.0487953937007877
20
-2.2928963385826773
11
5.0487204724409445
21
-2.2925196850393701
0
LINE
8
BLACK
6
CONTINUOUS
10
5.0487204724409445
20
-2.2925196850393701
11
5.0487204724409445
21
-2.2350393700787401
0
LINE
8
BLACK
6
CONTINUOUS
10
5.0487204724409445
20
-2.2350393700787401
11
5.0487953937007877
21
-2.2346627165354329
0
LINE
8
BLACK
6
CONTINUOUS
10
5.0487953937007877
20
-2.2346627165354329
11
5.0493280708661414
21
-2.2341300393700787
0
LINE
8
BLACK
6
CONTINUOUS
10
5.0493280708661414
20
-2.2341300393700787
11
5.0497047244094491
21
-2.2340551181102364
0
LINE
8
BLACK
6
CONTINUOUS
10
5.0497047244094491
20
-2.2340551181102364
11
5.1796259842519685
21
-2.2340551181102364
0
LINE
8
BLACK
6
CONTINUOUS
10
5.1796259842519685
20
-2.2340551181102364
11
5.1800026377952753
21
-2.2341300393700787
0
LINE
8
BLACK
6
CONTINUOUS
10
5.0506889763779528
20
-2.2360236220472443
11
5.0506889763779528
21
-2.2915354330708659
0
LINE
8
BLACK
6
CONTINUOUS
10
5.0506889763779528
20
-2.2915354330708659
11
5.1786417322834648
21
-2.2915354330708659
0
LINE
8
BLACK
6
CONTINUOUS
10
5.1786417322834648
20
-2.2915354330708659
11
5.1786417322834648
21
-2.2360236220472443
0
LINE
8
BLACK
6
CONTINUOUS
10
5.1786417322834648
20
-2.2360236220472443
11
5.0506889763779528
21
-2.2360236220472443
0
LINE
8
BLACK
6
CONTINUOUS
10
5.4818727165354328
20
-2.1388544488188974
11
5.4824053937007875
21
-2.1393871259842521
0
LINE
8
BLACK
6
CONTINUOUS
10
5.4824053937007875
20
-2.1393871259842521
11
5.4824803149606298
21
-2.1397637795275588
0
LINE
8
BLACK
6
CONTINUOUS
10
5.4824803149606298
20
-2.1397637795275588
11
5.4824803149606298
21
-2.2696850393700787
0
LINE
8
BLACK
6
CONTINUOUS
10
5.4824803149606298
20
-2.2696850393700787
11
5.4824053937007875
21
-2.2700616929133859
0
LINE
8
BLACK
6
CONTINUOUS
10
5.4824053937007875
20
-2.2700616929133859
11
5.4818727165354328
21
-2.2705943700787401
0
LINE
8
BLACK
6
CONTINUOUS
10
5.4818727165354328
20
-2.2705943700787401
11
5.4814960629921261
21
-2.2706692913385824
0
LINE
8
BLACK
6
CONTINUOUS
10
5.4814960629921261
20
-2.2706692913385824
11
5.4240157480314961
21
-2.2706692913385824
0
LINE
8
BLACK
6
CONTINUOUS
10
5.4240157480314961
20
-2.2706692913385824
11
5.4236390944881885
21
-2.2705943700787401
0
LINE
8
BLACK
6
CONTINUOUS
10
5.4236390944881885
20
-2.2705943700787401
11
5.4231064173228347
21
-2.2700616929133859
0
LINE
8
BLACK
6
CONTINUOUS
10
5.4231064173228347
20
-2.2700616929133859
11
5.4230314960629924
21
-2.2696850393700787
0
LINE
8
BLACK
6
CONTINUOUS
10
5.4230314960629924
20
-2.2696850393700787
11
5.4230314960629924
21
-2.1397637795275588
0
LINE
8
BLACK
6
CONTINUOUS
10
5.4230314960629924
20
-2.1397637795275588
11
5.4231064173228347
21
-2.1393871259842521
0
LINE
8
BLACK
6
CONTINUOUS
10
5.4231064173228347
20
-2.1393871259842521
11
5.4236390944881885
21
-2.1388544488188974
0
LINE
8
BLACK
6
CONTINUOUS
10
5.4236390944881885
20
-2.1388544488188974
11
5.4240157480314961
21
-2.1387795275590551
0
LINE
8
BLACK
6
CONTINUOUS
10
5.4240157480314961
20
-2.1387795275590551
11
5.4814960629921261
21
-2.1387795275590551
0
LINE
8
BLACK
6
CONTINUOUS
10
5.4814960629921261
20
-2.1387795275590551
11
5.4818727165354328
21
-2.1388544488188974
0
LINE
8
BLACK
6
CONTINUOUS
10
5.4249999999999998
20
-2.140748031496063
11
5.4249999999999998
21
-2.2687007874015745
0
LINE
8
BLACK
6
CONTINUOUS
10
5.4249999999999998
20
-2.2687007874015745
11
5.4805118110236215
21
-2.2687007874015745
0
LINE
8
BLACK
6
CONTINUOUS
10
5.4805118110236215
20
-2.2687007874015745
11
5.4805118110236215
21
-2.140748031496063
0
LINE
8
BLACK
6
CONTINUOUS
10
5.4805118110236215
20
-2.140748031496063
11
5.4249999999999998
21
-2.140748031496063
0
LINE
8
BLACK
6
CONTINUOUS
10
4.9939790157480317
20
-2.1353111417322834
11
4.9945116929133855
21
-2.1358438188976376
0
LINE
8
BLACK
6
CONTINUOUS
10
4.9945116929133855
20
-2.1358438188976376
11
4.9945866141732278
21
-2.1362204724409448
0
LINE
8
BLACK
6
CONTINUOUS
10
4.9945866141732278
20
-2.1362204724409448
11
4.9945866141732278
21
-2.1937007874015748
0
LINE
8
BLACK
6
CONTINUOUS
10
4.9945866141732278
20
-2.1937007874015748
11
4.9945116929133855
21
-2.194077440944882
0
LINE
8
BLACK
6
CONTINUOUS
10
4.9945116929133855
20
-2.194077440944882
11
4.9939790157480317
21
-2.1946101181102362
0
LINE
8
BLACK
6
CONTINUOUS
10
4.9939790157480317
20
-2.1946101181102362
11
4.9936023622047241
21
-2.1946850393700785
0
LINE
8
BLACK
6
CONTINUOUS
10
4.9936023622047241
20
-2.1946850393700785
11
4.8636811023622046
21
-2.1946850393700785
0
LINE
8
BLACK
6
CONTINUOUS
10
4.8636811023622046
20
-2.1946850393700785
11
4.8633044488188979
21
-2.1946101181102362
0
LINE
8
BLACK
6
CONTINUOUS
10
4.8633044488188979
20
-2.1946101181102362
11
4.8627717716535432
21
-2.194077440944882
0
LINE
8
BLACK
6
CONTINUOUS
10
4.8627717716535432
20
-2.194077440944882
11
4.8626968503937009
21
-2.1937007874015748
0
LINE
8
BLACK
6
CONTINUOUS
10
4.8626968503937009
20
-2.1937007874015748
11
4.8626968503937009
21
-2.1362204724409448
0
LINE
8
BLACK
6
CONTINUOUS
10
4.8626968503937009
20
-2.1362204724409448
11
4.8627717716535432
21
-2.1358438188976376
0
LINE
8
BLACK
6
CONTINUOUS
10
4.8627717716535432
20
-2.1358438188976376
11
4.8633044488188979
21
-2.1353111417322834
0
LINE
8
BLACK
6
CONTINUOUS
10
4.8633044488188979
20
-2.1353111417322834
11
4.8636811023622046
21
-2.1352362204724411
0
LINE
8
BLACK
6
CONTINUOUS
10
4.8636811023622046
20
-2.1352362204724411
11
4.9936023622047241
21
-2.1352362204724411
0
LINE
8
BLACK
6
CONTINUOUS
10
4.9936023622047241
20
-2.1352362204724411
11
4.9939790157480317
21
-2.1353111417322834
0
LINE
8
BLACK
6
CONTINUOUS
10
4.8646653543307083
20
-2.137204724409449
11
4.8646653543307083
21
-2.1927165354330707
0
LINE
8
BLACK
6
CONTINUOUS
10
4.8646653543307083
20
-2.1927165354330707
11
4.9926181102362204
21
-2.1927165354330707
0
LINE
8
BLACK
6
CONTINUOUS
10
4.9926181102362204
20
-2.1927165354330707
11
4.9926181102362204
21
-2.137204724409449
0
LINE
8
BLACK
6
CONTINUOUS
10
4.9926181102362204
20
-2.137204724409449
11
4.8646653543307083
21
-2.137204724409449
0
LINE
8
BLACK
6
CONTINUOUS
10
5.1800026377952753
20
-2.1353111417322834
11
5.1805353149606299
21
-2.1358438188976376
0
LINE
8
BLACK
6
CONTINUOUS
10
5.1805353149606299
20
-2.1358438188976376
11
5.1806102362204722
21
-2.1362204724409448
0
LINE
8
BLACK
6
CONTINUOUS
10
5.1806102362204722
20
-2.1362204724409448
11
5.1806102362204722
21
-2.1937007874015748
0
LINE
8
BLACK
6
CONTINUOUS
10
5.1806102362204722
20
-2.1937007874015748
11
5.1805353149606299
21
-2.194077440944882
0
LINE
8
BLACK
6
CONTINUOUS
10
5.1805353149606299
20
-2.194077440944882
11
5.1800026377952753
21
-2.1946101181102362
0
LINE
8
BLACK
6
CONTINUOUS
10
5.1800026377952753
20
-2.1946101181102362
11
5.1796259842519685
21
-2.1946850393700785
0
LINE
8
BLACK
6
CONTINUOUS
10
5.1796259842519685
20
-2.1946850393700785
11
5.0497047244094491
21
-2.1946850393700785
0
LINE
8
BLACK
6
CONTINUOUS
10
5.0497047244094491
20
-2.1946850393700785
11
5.0493280708661414
21
-2.1946101181102362
0
LINE
8
BLACK
6
CONTINUOUS
10
5.0493280708661414
20
-2.1946101181102362
11
5.0487953937007877
21
-2.194077440944882
0
LINE
8
BLACK
6
CONTINUOUS
10
5.0487953937007877
20
-2.194077440944882
11
5.0487204724409445
21
-2.1937007874015748
0
LINE
8
BLACK
6
CONTINUOUS
10
5.0487204724409445
20
-2.1937007874015748
11
5.0487204724409445
21
-2.1362204724409448
0
LINE
8
BLACK
6
CONTINUOUS
10
5.0487204724409445
20
-2.1362204724409448
11
5.0487953937007877
21
-2.1358438188976376
0
LINE
8
BLACK
6
CONTINUOUS
10
5.0487953937007877
20
-2.1358438188976376
11
5.0493280708661414
21
-2.1353111417322834
0
LINE
8
BLACK
6
CONTINUOUS
10
5.0493280708661414
20
-2.1353111417322834
11
5.0497047244094491
21
-2.1352362204724411
0
LINE
8
BLACK
6
CONTINUOUS
10
5.0497047244094491
20
-2.1352362204724411
11
5.1796259842519685
21
-2.1352362204724411
0
LINE
8
BLACK
6
CONTINUOUS
10
5.1796259842519685
20
-2.1352362204724411
11
5.1800026377952753
21
-2.1353111417322834
0
LINE
8
BLACK
6
CONTINUOUS
10
5.0506889763779528
20
-2.137204724409449
11
5.0506889763779528
21
-2.1927165354330707
0
LINE
8
BLACK
6
CONTINUOUS
10
5.0506889763779528
20
-2.1927165354330707
11
5.1786417322834648
21
-2.1927165354330707
0
LINE
8
BLACK
6
CONTINUOUS
10
5.1786417322834648
20
-2.1927165354330707
11
5.1786417322834648
21
-2.137204724409449
0
LINE
8
BLACK
6
CONTINUOUS
10
5.1786417322834648
20
-2.137204724409449
11
5.0506889763779528
21
-2.137204724409449
0
LINE
8
BLACK
6
CONTINUOUS
10
4.3173057874015743
20
-2.0963347637795273
11
4.317838464566929
21
-2.096867440944882
0
LINE
8
BLACK
6
CONTINUOUS
10
4.317838464566929
20
-2.096867440944882
11
4.3179133858267713
21
-2.0972440944881887
0
LINE
8
BLACK
6
CONTINUOUS
10
4.3179133858267713
20
-2.0972440944881887
11
4.3179133858267713
21
-2.1547244094488187
0
LINE
8
BLACK
6
CONTINUOUS
10
4.3179133858267713
20
-2.1547244094488187
11
4.317838464566929
21
-2.1551010629921259
0
LINE
8
BLACK
6
CONTINUOUS
10
4.317838464566929
20
-2.1551010629921259
11
4.3173057874015743
21
-2.1556337401574801
0
LINE
8
BLACK
6
CONTINUOUS
10
4.3173057874015743
20
-2.1556337401574801
11
4.3169291338582676
21
-2.1557086614173229
0
LINE
8
BLACK
6
CONTINUOUS
10
4.3169291338582676
20
-2.1557086614173229
11
4.1870078740157481
21
-2.1557086614173229
0
LINE
8
BLACK
6
CONTINUOUS
10
4.1870078740157481
20
-2.1557086614173229
11
4.1866312204724405
21
-2.1556337401574801
0
LINE
8
BLACK
6
CONTINUOUS
10
4.1866312204724405
20
-2.1556337401574801
11
4.1860985433070868
21
-2.1551010629921259
0
LINE
8
BLACK
6
CONTINUOUS
10
4.1860985433070868
20
-2.1551010629921259
11
4.1860236220472444
21
-2.1547244094488187
0
LINE
8
BLACK
6
CONTINUOUS
10
4.1860236220472444
20
-2.1547244094488187
11
4.1860236220472444
21
-2.0972440944881887
0
LINE
8
BLACK
6
CONTINUOUS
10
4.1860236220472444
20
-2.0972440944881887
11
4.1860985433070868
21
-2.096867440944882
0
LINE
8
BLACK
6
CONTINUOUS
10
4.1860985433070868
20
-2.096867440944882
11
4.1866312204724405
21
-2.0963347637795273
0
LINE
8
BLACK
6
CONTINUOUS
10
4.1866312204724405
20
-2.0963347637795273
11
4.1870078740157481
21
-2.096259842519685
0
LINE
8
BLACK
6
CONTINUOUS
10
4.1870078740157481
20
-2.096259842519685
11
4.3169291338582676
21
-2.096259842519685
0
LINE
8
BLACK
6
CONTINUOUS
10
4.3169291338582676
20
-2.096259842519685
11
4.3173057874015743
21
-2.0963347637795273
0
LINE
8
BLACK
6
CONTINUOUS
10
4.1879921259842519
20
-2.0982283464566929
11
4.1879921259842519
21
-2.153740157480315
0
LINE
8
BLACK
6
CONTINUOUS
10
4.1879921259842519
20
-2.153740157480315
11
4.3159448818897639
21
-2.153740157480315
0
LINE
8
BLACK
6
CONTINUOUS
10
4.3159448818897639
20
-2.153740157480315
11
4.3159448818897639
21
-2.0982283464566929
0
LINE
8
BLACK
6
CONTINUOUS
10
4.3159448818897639
20
-2.0982283464566929
11
4.1879921259842519
21
-2.0982283464566929
0
LINE
8
BLACK
6
CONTINUOUS
10
6.5166168110236216
20
-2.0963347637795273
11
6.5171494881889762
21
-2.096867440944882
0
LINE
8
BLACK
6
CONTINUOUS
10
6.5171494881889762
20
-2.096867440944882
11
6.5172244094488185
21
-2.0972440944881887
0
LINE
8
BLACK
6
CONTINUOUS
10
6.5172244094488185
20
-2.0972440944881887
11
6.5172244094488185
21
-2.1547244094488187
0
LINE
8
BLACK
6
CONTINUOUS
10
6.5172244094488185
20
-2.1547244094488187
11
6.5171494881889762
21
-2.1551010629921259
0
LINE
8
BLACK
6
CONTINUOUS
10
6.5171494881889762
20
-2.1551010629921259
11
6.5166168110236216
21
-2.1556337401574801
0
LINE
8
BLACK
6
CONTINUOUS
10
6.5166168110236216
20
-2.1556337401574801
11
6.5162401574803148
21
-2.1557086614173229
0
LINE
8
BLACK
6
CONTINUOUS
10
6.5162401574803148
20
-2.1557086614173229
11
6.3863188976377954
21
-2.1557086614173229
0
LINE
8
BLACK
6
CONTINUOUS
10
6.3863188976377954
20
-2.1557086614173229
11
6.3859422440944877
21
-2.1556337401574801
0
LINE
8
BLACK
6
CONTINUOUS
10
6.3859422440944877
20
-2.1556337401574801
11
6.385409566929134
21
-2.1551010629921259
0
LINE
8
BLACK
6
CONTINUOUS
10
6.385409566929134
20
-2.1551010629921259
11
6.3853346456692908
21
-2.1547244094488187
0
LINE
8
BLACK
6
CONTINUOUS
10
6.3853346456692908
20
-2.1547244094488187
11
6.3853346456692908
21
-2.0972440944881887
0
LINE
8
BLACK
6
CONTINUOUS
10
6.3853346456692908
20
-2.0972440944881887
11
6.385409566929134
21
-2.096867440944882
0
LINE
8
BLACK
6
CONTINUOUS
10
6.385409566929134
20
-2.096867440944882
11
6.3859422440944877
21
-2.0963347637795273
0
LINE
8
BLACK
6
CONTINUOUS
10
6.3859422440944877
20
-2.0963347637795273
11
6.3863188976377954
21
-2.096259842519685
0
LINE
8
BLACK
6
CONTINUOUS
10
6.3863188976377954
20
-2.096259842519685
11
6.5162401574803148
21
-2.096259842519685
0
LINE
8
BLACK
6
CONTINUOUS
10
6.5162401574803148
20
-2.096259842519685
11
6.5166168110236216
21
-2.0963347637795273
0
LINE
8
BLACK
6
CONTINUOUS
10
6.3873031496062991
20
-2.0982283464566929
11
6.3873031496062991
21
-2.153740157480315
0
LINE
8
BLACK
6
CONTINUOUS
10
6.3873031496062991
20
-2.153740157480315
11
6.5152559055118111
21
-2.153740157480315
0
LINE
8
BLACK
6
CONTINUOUS
10
6.5152559055118111
20
-2.153740157480315
11
6.5152559055118111
21
-2.0982283464566929
0
LINE
8
BLACK
6
CONTINUOUS
10
6.5152559055118111
20
-2.0982283464566929
11
6.3873031496062991
21
-2.0982283464566929
0
LINE
8
BLACK
6
CONTINUOUS
10
4.9939790157480317
20
-2.0364922440944881
11
4.9945116929133855
21
-2.0370249212598424
0
LINE
8
BLACK
6
CONTINUOUS
10
4.9945116929133855
20
-2.0370249212598424
11
4.9945866141732278
21
-2.0374015748031495
0
LINE
8
BLACK
6
CONTINUOUS
10
4.9945866141732278
20
-2.0374015748031495
11
4.9945866141732278
21
-2.0948818897637795
0
LINE
8
BLACK
6
CONTINUOUS
10
4.9945866141732278
20
-2.0948818897637795
11
4.9945116929133855
21
-2.0952585433070867
0
LINE
8
BLACK
6
CONTINUOUS
10
4.9945116929133855
20
-2.0952585433070867
11
4.9939790157480317
21
-2.0957912204724409
0
LINE
8
BLACK
6
CONTINUOUS
10
4.9939790157480317
20
-2.0957912204724409
11
4.9936023622047241
21
-2.0958661417322832
0
LINE
8
BLACK
6
CONTINUOUS
10
4.9936023622047241
20
-2.0958661417322832
11
4.8636811023622046
21
-2.0958661417322832
0
LINE
8
BLACK
6
CONTINUOUS
10
4.8636811023622046
20
-2.0958661417322832
11
4.8633044488188979
21
-2.0957912204724409
0
LINE
8
BLACK
6
CONTINUOUS
10
4.8633044488188979
20
-2.0957912204724409
11
4.8627717716535432
21
-2.0952585433070867
0
LINE
8
BLACK
6
CONTINUOUS
10
4.8627717716535432
20
-2.0952585433070867
11
4.8626968503937009
21
-2.0948818897637795
0
LINE
8
BLACK
6
CONTINUOUS
10
4.8626968503937009
20
-2.0948818897637795
11
4.8626968503937009
21
-2.0374015748031495
0
LINE
8
BLACK
6
CONTINUOUS
10
4.8626968503937009
20
-2.0374015748031495
11
4.8627717716535432
21
-2.0370249212598424
0
LINE
8
BLACK
6
CONTINUOUS
10
4.8627717716535432
20
-2.0370249212598424
11
4.8633044488188979
21
-2.0364922440944881
0
LINE
8
BLACK
6
CONTINUOUS
10
4.8633044488188979
20
-2.0364922440944881
11
4.8636811023622046
21
-2.0364173228346458
0
LINE
8
BLACK
6
CONTINUOUS
10
4.8636811023622046
20
-2.0364173228346458
11
4.9936023622047241
21
-2.0364173228346458
0
LINE
8
BLACK
6
CONTINUOUS
10
4.9936023622047241
20
-2.0364173228346458
11
4.9939790157480317
21
-2.0364922440944881
0
LINE
8
BLACK
6
CONTINUOUS
10
4.8646653543307083
20
-2.0383858267716537
11
4.8646653543307083
21
-2.0938976377952754
0
LINE
8
BLACK
6
CONTINUOUS
10
4.8646653543307083
20
-2.0938976377952754
11
4.9926181102362204
21
-2.0938976377952754
0
LINE
8
BLACK
6
CONTINUOUS
10
4.9926181102362204
20
-2.0938976377952754
11
4.9926181102362204
21
-2.0383858267716537
0
LINE
8
BLACK
6
CONTINUOUS
10
4.9926181102362204
20
-2.0383858267716537
11
4.8646653543307083
21
-2.0383858267716537
0
LINE
8
BLACK
6
CONTINUOUS
10
5.1800026377952753
20
-2.0364922440944881
11
5.1805353149606299
21
-2.0370249212598424
0
LINE
8
BLACK
6
CONTINUOUS
10
5.1805353149606299
20
-2.0370249212598424
11
5.1806102362204722
21
-2.0374015748031495
0
LINE
8
BLACK
6
CONTINUOUS
10
5.1806102362204722
20
-2.0374015748031495
11
5.1806102362204722
21
-2.0948818897637795
0
LINE
8
BLACK
6
CONTINUOUS
10
5.1806102362204722
20
-2.0948818897637795
11
5.1805353149606299
21
-2.0952585433070867
0
LINE
8
BLACK
6
CONTINUOUS
10
5.1805353149606299
20
-2.0952585433070867
11
5.1800026377952753
21
-2.0957912204724409
0
LINE
8
BLACK
6
CONTINUOUS
10
5.1800026377952753
20
-2.0957912204724409
11
5.1796259842519685
21
-2.0958661417322832
0
LINE
8
BLACK
6
CONTINUOUS
10
5.1796259842519685
20
-2.0958661417322832
11
5.0497047244094491
21
-2.0958661417322832
0
LINE
8
BLACK
6
CONTINUOUS
10
5.0497047244094491
20
-2.0958661417322832
11
5.0493280708661414
21
-2.0957912204724409
0
LINE
8
BLACK
6
CONTINUOUS
10
5.0493280708661414
20
-2.0957912204724409
11
5.0487953937007877
21
-2.0952585433070867
0
LINE
8
BLACK
6
CONTINUOUS
10
5.0487953937007877
20
-2.0952585433070867
11
5.0487204724409445
21
-2.0948818897637795
0
LINE
8
BLACK
6
CONTINUOUS
10
5.0487204724409445
20
-2.0948818897637795
11
5.0487204724409445
21
-2.0374015748031495
0
LINE
8
BLACK
6
CONTINUOUS
10
5.0487204724409445
20
-2.0374015748031495
11
5.0487953937007877
21
-2.0370249212598424
0
LINE
8
BLACK
6
CONTINUOUS
10
5.0487953937007877
20
-2.0370249212598424
11
5.0493280708661414
21
-2.0364922440944881
0
LINE
8
BLACK
6
CONTINUOUS
10
5.0493280708661414
20
-2.0364922440944881
11
5.0497047244094491
21
-2.0364173228346458
0
LINE
8
BLACK
6
CONTINUOUS
10
5.0497047244094491
20
-2.0364173228346458
11
5.1796259842519685
21
-2.0364173228346458
0
LINE
8
BLACK
6
CONTINUOUS
10
5.1796259842519685
20
-2.0364173228346458
11
5.1800026377952753
21
-2.0364922440944881
0
LINE
8
BLACK
6
CONTINUOUS
10
5.0506889763779528
20
-2.0383858267716537
11
5.0506889763779528
21
-2.0938976377952754
0
LINE
8
BLACK
6
CONTINUOUS
10
5.0506889763779528
20
-2.0938976377952754
11
5.1786417322834648
21
-2.0938976377952754
0
LINE
8
BLACK
6
CONTINUOUS
10
5.1786417322834648
20
-2.0938976377952754
11
5.1786417322834648
21
-2.0383858267716537
0
LINE
8
BLACK
6
CONTINUOUS
10
5.1786417322834648
20
-2.0383858267716537
11
5.0506889763779528
21
-2.0383858267716537
0
LINE
8
BLACK
6
CONTINUOUS
10
6.6007703543307086
20
-1.89948437007874
11
6.6013030314960632
21
-1.9000170472440945
0
LINE
8
BLACK
6
CONTINUOUS
10
6.6013030314960632
20
-1.9000170472440945
11
6.6013779527559056
21
-1.9003937007874014
0
LINE
8
BLACK
6
CONTINUOUS
10
6.6013779527559056
20
-1.9003937007874014
11
6.6013779527559056
21
-1.9578740157480314
0
LINE
8
BLACK
6
CONTINUOUS
10
6.6013779527559056
20
-1.9578740157480314
11
6.6013030314960632
21
-1.9582506692913386
0
LINE
8
BLACK
6
CONTINUOUS
10
6.6013030314960632
20
-1.9582506692913386
11
6.6007703543307086
21
-1.9587833464566928
0
LINE
8
BLACK
6
CONTINUOUS
10
6.6007703543307086
20
-1.9587833464566928
11
6.6003937007874018
21
-1.9588582677165354
0
LINE
8
BLACK
6
CONTINUOUS
10
6.6003937007874018
20
-1.9588582677165354
11
6.4704724409448815
21
-1.9588582677165354
0
LINE
8
BLACK
6
CONTINUOUS
10
6.4704724409448815
20
-1.9588582677165354
11
6.4700957874015748
21
-1.9587833464566928
0
LINE
8
BLACK
6
CONTINUOUS
10
6.4700957874015748
20
-1.9587833464566928
11
6.4695631102362201
21
-1.9582506692913386
0
LINE
8
BLACK
6
CONTINUOUS
10
6.4695631102362201
20
-1.9582506692913386
11
6.4694881889763778
21
-1.9578740157480314
0
LINE
8
BLACK
6
CONTINUOUS
10
6.4694881889763778
20
-1.9578740157480314
11
6.4694881889763778
21
-1.9003937007874014
0
LINE
8
BLACK
6
CONTINUOUS
10
6.4694881889763778
20
-1.9003937007874014
11
6.4695631102362201
21
-1.9000170472440945
0
LINE
8
BLACK
6
CONTINUOUS
10
6.4695631102362201
20
-1.9000170472440945
11
6.4700957874015748
21
-1.89948437007874
0
LINE
8
BLACK
6
CONTINUOUS
10
6.4700957874015748
20
-1.89948437007874
11
6.4704724409448815
21
-1.8994094488188975
0
LINE
8
BLACK
6
CONTINUOUS
10
6.4704724409448815
20
-1.8994094488188975
11
6.6003937007874018
21
-1.8994094488188975
0
LINE
8
BLACK
6
CONTINUOUS
10
6.6003937007874018
20
-1.8994094488188975
11
6.6007703543307086
21
-1.89948437007874
0
LINE
8
BLACK
6
CONTINUOUS
10
6.4714566929133861
20
-1.9013779527559054
11
6.4714566929133861
21
-1.9568897637795275
0
LINE
8
BLACK
6
CONTINUOUS
10
6.4714566929133861
20
-1.9568897637795275
11
6.5994094488188972
21
-1.9568897637795275
0
LINE
8
BLACK
6
CONTINUOUS
10
6.5994094488188972
20
-1.9568897637795275
11
6.5994094488188972
21
-1.9013779527559054
0
LINE
8
BLACK
6
CONTINUOUS
10
6.5994094488188972
20
-1.9013779527559054
11
6.4714566929133861
21
-1.9013779527559054
0
LINE
8
BLACK
6
CONTINUOUS
10
4.4747861023622049
20
-1.6624764960629921
11
4.4753187795275586
21
-1.6630091732283465
0
LINE
8
BLACK
6
CONTINUOUS
10
4.4753187795275586
20
-1.6630091732283465
11
4.4753937007874018
21
-1.6633858267716535
0
LINE
8
BLACK
6
CONTINUOUS
10
4.4753937007874018
20
-1.6633858267716535
11
4.4753937007874018
21
-1.8799212598425197
0
LINE
8
BLACK
6
CONTINUOUS
10
4.4753937007874018
20
-1.8799212598425197
11
4.4753187795275586
21
-1.8802979133858266
0
LINE
8
BLACK
6
CONTINUOUS
10
4.4753187795275586
20
-1.8802979133858266
11
4.4747861023622049
21
-1.8808305905511811
0
LINE
8
BLACK
6
CONTINUOUS
10
4.4747861023622049
20
-1.8808305905511811
11
4.4744094488188972
21
-1.8809055118110236
0
LINE
8
BLACK
6
CONTINUOUS
10
4.4744094488188972
20
-1.8809055118110236
11
4.1870078740157481
21
-1.8809055118110236
0
LINE
8
BLACK
6
CONTINUOUS
10
4.1870078740157481
20
-1.8809055118110236
11
4.1866312204724405
21
-1.8808305905511811
0
LINE
8
BLACK
6
CONTINUOUS
10
4.1866312204724405
20
-1.8808305905511811
11
4.1860985433070868
21
-1.8802979133858266
0
LINE
8
BLACK
6
CONTINUOUS
10
4.1860985433070868
20
-1.8802979133858266
11
4.1860236220472444
21
-1.8799212598425197
0
LINE
8
BLACK
6
CONTINUOUS
10
4.1860236220472444
20
-1.8799212598425197
11
4.1860236220472444
21
-1.6633858267716535
0
LINE
8
BLACK
6
CONTINUOUS
10
4.1860236220472444
20
-1.6633858267716535
11
4.1860985433070868
21
-1.6630091732283465
0
LINE
8
BLACK
6
CONTINUOUS
10
4.1860985433070868
20
-1.6630091732283465
11
4.1866312204724405
21
-1.6624764960629921
0
LINE
8
BLACK
6
CONTINUOUS
10
4.1866312204724405
20
-1.6624764960629921
11
4.1870078740157481
21
-1.6624015748031495
0
LINE
8
BLACK
6
CONTINUOUS
10
4.1870078740157481
20
-1.6624015748031495
11
4.4744094488188972
21
-1.6624015748031495
0
LINE
8
BLACK
6
CONTINUOUS
10
4.4744094488188972
20
-1.6624015748031495
11
4.4747861023622049
21
-1.6624764960629921
0
LINE
8
BLACK
6
CONTINUOUS
10
4.1879921259842519
20
-1.6643700787401574
11
4.1879921259842519
21
-1.8789370078740157
0
LINE
8
BLACK
6
CONTINUOUS
10
4.1879921259842519
20
-1.8789370078740157
11
4.4734251968503935
21
-1.8789370078740157
0
LINE
8
BLACK
6
CONTINUOUS
10
4.4734251968503935
20
-1.8789370078740157
11
4.4734251968503935
21
-1.6643700787401574
0
LINE
8
BLACK
6
CONTINUOUS
10
4.4734251968503935
20
-1.6643700787401574
11
4.1879921259842519
21
-1.6643700787401574
0
LINE
8
BLACK
6
CONTINUOUS
10
6.6795105118110234
20
-1.6624764960629921
11
6.6800431889763781
21
-1.6630091732283465
0
LINE
8
BLACK
6
CONTINUOUS
10
6.6800431889763781
20
-1.6630091732283465
11
6.6801181102362204
21
-1.6633858267716535
0
LINE
8
BLACK
6
CONTINUOUS
10
6.6801181102362204
20
-1.6633858267716535
11
6.6801181102362204
21
-1.8799212598425197
0
LINE
8
BLACK
6
CONTINUOUS
10
6.6801181102362204
20
-1.8799212598425197
11
6.6800431889763781
21
-1.8802979133858266
0
LINE
8
BLACK
6
CONTINUOUS
10
6.6800431889763781
20
-1.8802979133858266
11
6.6795105118110234
21
-1.8808305905511811
0
LINE
8
BLACK
6
CONTINUOUS
10
6.6795105118110234
20
-1.8808305905511811
11
6.6791338582677167
21
-1.8809055118110236
0
LINE
8
BLACK
6
CONTINUOUS
10
6.6791338582677167
20
-1.8809055118110236
11
6.3917322834645667
21
-1.8809055118110236
0
LINE
8
BLACK
6
CONTINUOUS
10
6.3917322834645667
20
-1.8809055118110236
11
6.3913556299212599
21
-1.8808305905511811
0
LINE
8
BLACK
6
CONTINUOUS
10
6.3913556299212599
20
-1.8808305905511811
11
6.3908229527559053
21
-1.8802979133858266
0
LINE
8
BLACK
6
CONTINUOUS
10
6.3908229527559053
20
-1.8802979133858266
11
6.390748031496063
21
-1.8799212598425197
0
LINE
8
BLACK
6
CONTINUOUS
10
6.390748031496063
20
-1.8799212598425197
11
6.390748031496063
21
-1.6633858267716535
0
LINE
8
BLACK
6
CONTINUOUS
10
6.390748031496063
20
-1.6633858267716535
11
6.3908229527559053
21
-1.6630091732283465
0
LINE
8
BLACK
6
CONTINUOUS
10
6.3908229527559053
20
-1.6630091732283465
11
6.3913556299212599
21
-1.6624764960629921
0
LINE
8
BLACK
6
CONTINUOUS
10
6.3913556299212599
20
-1.6624764960629921
11
6.3917322834645667
21
-1.6624015748031495
0
LINE
8
BLACK
6
CONTINUOUS
10
6.3917322834645667
20
-1.6624015748031495
11
6.6791338582677167
21
-1.6624015748031495
0
LINE
8
BLACK
6
CONTINUOUS
10
6.6791338582677167
20
-1.6624015748031495
11
6.6795105118110234
21
-1.6624764960629921
0
LINE
8
BLACK
6
CONTINUOUS
10
6.3927165354330704
20
-1.6643700787401574
11
6.3927165354330704
21
-1.8789370078740157
0
LINE
8
BLACK
6
CONTINUOUS
10
6.3927165354330704
20
-1.8789370078740157
11
6.6781496062992121
21
-1.8789370078740157
0
LINE
8
BLACK
6
CONTINUOUS
10
6.6781496062992121
20
-1.8789370078740157
11
6.6781496062992121
21
-1.6643700787401574
0
LINE
8
BLACK
6
CONTINUOUS
10
6.6781496062992121
20
-1.6643700787401574
11
6.3927165354330704
21
-1.6643700787401574
0
LINE
8
BLACK
6
CONTINUOUS
10
4.39604594488189
20
-1.5845237401574803
11
4.3965786220472438
21
-1.5850564173228345
0
LINE
8
BLACK
6
CONTINUOUS
10
4.3965786220472438
20
-1.5850564173228345
11
4.3966535433070861
21
-1.5854330708661417
0
LINE
8
BLACK
6
CONTINUOUS
10
4.3966535433070861
20
-1.5854330708661417
11
4.3966535433070861
21
-1.6429133858267717
0
LINE
8
BLACK
6
CONTINUOUS
10
4.3966535433070861
20
-1.6429133858267717
11
4.3965786220472438
21
-1.6432900393700787
0
LINE
8
BLACK
6
CONTINUOUS
10
4.3965786220472438
20
-1.6432900393700787
11
4.39604594488189
21
-1.6438227165354331
0
LINE
8
BLACK
6
CONTINUOUS
10
4.39604594488189
20
-1.6438227165354331
11
4.3956692913385824
21
-1.6438976377952756
0
LINE
8
BLACK
6
CONTINUOUS
10
4.3956692913385824
20
-1.6438976377952756
11
4.265748031496063
21
-1.6438976377952756
0
LINE
8
BLACK
6
CONTINUOUS
10
4.265748031496063
20
-1.6438976377952756
11
4.2653713779527562
21
-1.6438227165354331
0
LINE
8
BLACK
6
CONTINUOUS
10
4.2653713779527562
20
-1.6438227165354331
11
4.2648387007874016
21
-1.6432900393700787
0
LINE
8
BLACK
6
CONTINUOUS
10
4.2648387007874016
20
-1.6432900393700787
11
4.2647637795275593
21
-1.6429133858267717
0
LINE
8
BLACK
6
CONTINUOUS
10
4.2647637795275593
20
-1.6429133858267717
11
4.2647637795275593
21
-1.5854330708661417
0
LINE
8
BLACK
6
CONTINUOUS
10
4.2647637795275593
20
-1.5854330708661417
11
4.2648387007874016
21
-1.5850564173228345
0
LINE
8
BLACK
6
CONTINUOUS
10
4.2648387007874016
20
-1.5850564173228345
11
4.2653713779527562
21
-1.5845237401574803
0
LINE
8
BLACK
6
CONTINUOUS
10
4.2653713779527562
20
-1.5845237401574803
11
4.265748031496063
21
-1.5844488188976378
0
LINE
8
BLACK
6
CONTINUOUS
10
4.265748031496063
20
-1.5844488188976378
11
4.3956692913385824
21
-1.5844488188976378
0
LINE
8
BLACK
6
CONTINUOUS
10
4.3956692913385824
20
-1.5844488188976378
11
4.39604594488189
21
-1.5845237401574803
0
LINE
8
BLACK
6
CONTINUOUS
10
4.2667322834645667
20
-1.5864173228346456
11
4.2667322834645667
21
-1.6419291338582678
0
LINE
8
BLACK
6
CONTINUOUS
10
4.2667322834645667
20
-1.6419291338582678
11
4.3946850393700787
21
-1.6419291338582678
0
LINE
8
BLACK
6
CONTINUOUS
10
4.3946850393700787
20
-1.6419291338582678
11
4.3946850393700787
21
-1.5864173228346456
0
LINE
8
BLACK
6
CONTINUOUS
10
4.3946850393700787
20
-1.5864173228346456
11
4.2667322834645667
21
-1.5864173228346456
0
LINE
8
BLACK
6
CONTINUOUS
10
4.7543136614173225
20
-1.3120827952755905
11
4.7548463385826771
21
-1.3126154724409449
0
LINE
8
BLACK
6
CONTINUOUS
10
4.7548463385826771
20
-1.3126154724409449
11
4.7549212598425195
21
-1.3129921259842519
0
LINE
8
BLACK
6
CONTINUOUS
10
4.7549212598425195
20
-1.3129921259842519
11
4.7549212598425195
21
-1.6003937007874016
0
LINE
8
BLACK
6
CONTINUOUS
10
4.7549212598425195
20
-1.6003937007874016
11
4.7548463385826771
21
-1.6007703543307086
0
LINE
8
BLACK
6
CONTINUOUS
10
4.7548463385826771
20
-1.6007703543307086
11
4.7543136614173225
21
-1.601303031496063
0
LINE
8
BLACK
6
CONTINUOUS
10
4.7543136614173225
20
-1.601303031496063
11
4.7539370078740157
21
-1.6013779527559056
0
LINE
8
BLACK
6
CONTINUOUS
10
4.7539370078740157
20
-1.6013779527559056
11
4.5374015748031491
21
-1.6013779527559056
0
LINE
8
BLACK
6
CONTINUOUS
10
4.5374015748031491
20
-1.6013779527559056
11
4.5370249212598424
21
-1.601303031496063
0
LINE
8
BLACK
6
CONTINUOUS
10
4.5370249212598424
20
-1.601303031496063
11
4.5364922440944877
21
-1.6007703543307086
0
LINE
8
BLACK
6
CONTINUOUS
10
4.5364922440944877
20
-1.6007703543307086
11
4.5364173228346454
21
-1.6003937007874016
0
LINE
8
BLACK
6
CONTINUOUS
10
4.5364173228346454
20
-1.6003937007874016
11
4.5364173228346454
21
-1.3129921259842519
0
LINE
8
BLACK
6
CONTINUOUS
10
4.5364173228346454
20
-1.3129921259842519
11
4.5364922440944877
21
-1.3126154724409449
0
LINE
8
BLACK
6
CONTINUOUS
10
4.5364922440944877
20
-1.3126154724409449
11
4.5370249212598424
21
-1.3120827952755905
0
LINE
8
BLACK
6
CONTINUOUS
10
4.5370249212598424
20
-1.3120827952755905
11
4.5374015748031491
21
-1.3120078740157479
0
LINE
8
BLACK
6
CONTINUOUS
10
4.5374015748031491
20
-1.3120078740157479
11
4.7539370078740157
21
-1.3120078740157479
0
LINE
8
BLACK
6
CONTINUOUS
10
4.7539370078740157
20
-1.3120078740157479
11
4.7543136614173225
21
-1.3120827952755905
0
LINE
8
BLACK
6
CONTINUOUS
10
4.5383858267716537
20
-1.3139763779527558
11
4.5383858267716537
21
-1.5994094488188977
0
LINE
8
BLACK
6
CONTINUOUS
10
4.5383858267716537
20
-1.5994094488188977
11
4.752952755905512
21
-1.5994094488188977
0
LINE
8
BLACK
6
CONTINUOUS
10
4.752952755905512
20
-1.5994094488188977
11
4.752952755905512
21
-1.3139763779527558
0
LINE
8
BLACK
6
CONTINUOUS
10
4.752952755905512
20
-1.3139763779527558
11
4.5383858267716537
21
-1.3139763779527558
0
LINE
8
BLACK
6
CONTINUOUS
10
5.0291168110236217
20
-1.4695631102362205
11
5.0296494881889764
21
-1.4700957874015748
0
LINE
8
BLACK
6
CONTINUOUS
10
5.0296494881889764
20
-1.4700957874015748
11
5.0297244094488187
21
-1.4704724409448819
0
LINE
8
BLACK
6
CONTINUOUS
10
5.0297244094488187
20
-1.4704724409448819
11
5.0297244094488187
21
-1.6003937007874016
0
LINE
8
BLACK
6
CONTINUOUS
10
5.0297244094488187
20
-1.6003937007874016
11
5.0296494881889764
21
-1.6007703543307086
0
LINE
8
BLACK
6
CONTINUOUS
10
5.0296494881889764
20
-1.6007703543307086
11
5.0291168110236217
21
-1.601303031496063
0
LINE
8
BLACK
6
CONTINUOUS
10
5.0291168110236217
20
-1.601303031496063
11
5.028740157480315
21
-1.6013779527559056
0
LINE
8
BLACK
6
CONTINUOUS
10
5.028740157480315
20
-1.6013779527559056
11
4.971259842519685
21
-1.6013779527559056
0
LINE
8
BLACK
6
CONTINUOUS
10
4.971259842519685
20
-1.6013779527559056
11
4.9708831889763783
21
-1.601303031496063
0
LINE
8
BLACK
6
CONTINUOUS
10
4.9708831889763783
20
-1.601303031496063
11
4.9703505118110236
21
-1.6007703543307086
0
LINE
8
BLACK
6
CONTINUOUS
10
4.9703505118110236
20
-1.6007703543307086
11
4.9702755905511813
21
-1.6003937007874016
0
LINE
8
BLACK
6
CONTINUOUS
10
4.9702755905511813
20
-1.6003937007874016
11
4.9702755905511813
21
-1.4704724409448819
0
LINE
8
BLACK
6
CONTINUOUS
10
4.9702755905511813
20
-1.4704724409448819
11
4.9703505118110236
21
-1.4700957874015748
0
LINE
8
BLACK
6
CONTINUOUS
10
4.9703505118110236
20
-1.4700957874015748
11
4.9708831889763783
21
-1.4695631102362205
0
LINE
8
BLACK
6
CONTINUOUS
10
4.9708831889763783
20
-1.4695631102362205
11
4.971259842519685
21
-1.469488188976378
0
LINE
8
BLACK
6
CONTINUOUS
10
4.971259842519685
20
-1.469488188976378
11
5.028740157480315
21
-1.469488188976378
0
LINE
8
BLACK
6
CONTINUOUS
10
5.028740157480315
20
-1.469488188976378
11
5.0291168110236217
21
-1.4695631102362205
0
LINE
8
BLACK
6
CONTINUOUS
10
4.9722440944881887
20
-1.4714566929133859
11
4.9722440944881887
21
-1.5994094488188977
0
LINE
8
BLACK
6
CONTINUOUS
10
4.9722440944881887
20
-1.5994094488188977
11
5.0277559055118113
21
-1.5994094488188977
0
LINE
8
BLACK
6
CONTINUOUS
10
5.0277559055118113
20
-1.5994094488188977
11
5.0277559055118113
21
-1.4714566929133859
0
LINE
8
BLACK
6
CONTINUOUS
10
5.0277559055118113
20
-1.4714566929133859
11
4.9722440944881887
21
-1.4714566929133859
0
LINE
8
BLACK
6
CONTINUOUS
10
5.2661246850393697
20
-1.3120827952755905
11
5.2666573622047244
21
-1.3126154724409449
0
LINE
8
BLACK
6
CONTINUOUS
10
5.2666573622047244
20
-1.3126154724409449
11
5.2667322834645667
21
-1.3129921259842519
0
LINE
8
BLACK
6
CONTINUOUS
10
5.2667322834645667
20
-1.3129921259842519
11
5.2667322834645667
21
-1.6003937007874016
0
LINE
8
BLACK
6
CONTINUOUS
10
5.2667322834645667
20
-1.6003937007874016
11
5.2666573622047244
21
-1.6007703543307086
0
LINE
8
BLACK
6
CONTINUOUS
10
5.2666573622047244
20
-1.6007703543307086
11
5.2661246850393697
21
-1.601303031496063
0
LINE
8
BLACK
6
CONTINUOUS
10
5.2661246850393697
20
-1.601303031496063
11
5.265748031496063
21
-1.6013779527559056
0
LINE
8
BLACK
6
CONTINUOUS
10
5.265748031496063
20
-1.6013779527559056
11
5.0492125984251963
21
-1.6013779527559056
0
LINE
8
BLACK
6
CONTINUOUS
10
5.0492125984251963
20
-1.6013779527559056
11
5.0488359448818896
21
-1.601303031496063
0
LINE
8
BLACK
6
CONTINUOUS
10
5.0488359448818896
20
-1.601303031496063
11
5.0483032677165349
21
-1.6007703543307086
0
LINE
8
BLACK
6
CONTINUOUS
10
5.0483032677165349
20
-1.6007703543307086
11
5.0482283464566926
21
-1.6003937007874016
0
LINE
8
BLACK
6
CONTINUOUS
10
5.0482283464566926
20
-1.6003937007874016
11
5.0482283464566926
21
-1.3129921259842519
0
LINE
8
BLACK
6
CONTINUOUS
10
5.0482283464566926
20
-1.3129921259842519
11
5.0483032677165349
21
-1.3126154724409449
0
LINE
8
BLACK
6
CONTINUOUS
10
5.0483032677165349
20
-1.3126154724409449
11
5.0488359448818896
21
-1.3120827952755905
0
LINE
8
BLACK
6
CONTINUOUS
10
5.0488359448818896
20
-1.3120827952755905
11
5.0492125984251963
21
-1.3120078740157479
0
LINE
8
BLACK
6
CONTINUOUS
10
5.0492125984251963
20
-1.3120078740157479
11
5.265748031496063
21
-1.3120078740157479
0
LINE
8
BLACK
6
CONTINUOUS
10
5.265748031496063
20
-1.3120078740157479
11
5.2661246850393697
21
-1.3120827952755905
0
LINE
8
BLACK
6
CONTINUOUS
10
5.0501968503937009
20
-1.3139763779527558
11
5.0501968503937009
21
-1.5994094488188977
0
LINE
8
BLACK
6
CONTINUOUS
10
5.0501968503937009
20
-1.5994094488188977
11
5.2647637795275593
21
-1.5994094488188977
0
LINE
8
BLACK
6
CONTINUOUS
10
5.2647637795275593
20
-1.5994094488188977
11
5.2647637795275593
21
-1.3139763779527558
0
LINE
8
BLACK
6
CONTINUOUS
10
5.2647637795275593
20
-1.3139763779527558
11
5.0501968503937009
21
-1.3139763779527558
0
LINE
8
BLACK
6
CONTINUOUS
10
5.5606128740157477
20
-1.4695631102362205
11
5.5611455511811023
21
-1.4700957874015748
0
LINE
8
BLACK
6
CONTINUOUS
10
5.5611455511811023
20
-1.4700957874015748
11
5.5612204724409446
21
-1.4704724409448819
0
LINE
8
BLACK
6
CONTINUOUS
10
5.5612204724409446
20
-1.4704724409448819
11
5.5612204724409446
21
-1.6003937007874016
0
LINE
8
BLACK
6
CONTINUOUS
10
5.5612204724409446
20
-1.6003937007874016
11
5.5611455511811023
21
-1.6007703543307086
0
LINE
8
BLACK
6
CONTINUOUS
10
5.5611455511811023
20
-1.6007703543307086
11
5.5606128740157477
21
-1.601303031496063
0
LINE
8
BLACK
6
CONTINUOUS
10
5.5606128740157477
20
-1.601303031496063
11
5.5602362204724409
21
-1.6013779527559056
0
LINE
8
BLACK
6
CONTINUOUS
10
5.5602362204724409
20
-1.6013779527559056
11
5.5027559055118109
21
-1.6013779527559056
0
LINE
8
BLACK
6
CONTINUOUS
10
5.5027559055118109
20
-1.6013779527559056
11
5.5023792519685042
21
-1.601303031496063
0
LINE
8
BLACK
6
CONTINUOUS
10
5.5023792519685042
20
-1.601303031496063
11
5.5018465748031495
21
-1.6007703543307086
0
LINE
8
BLACK
6
CONTINUOUS
10
5.5018465748031495
20
-1.6007703543307086
11
5.5017716535433072
21
-1.6003937007874016
0
LINE
8
BLACK
6
CONTINUOUS
10
5.5017716535433072
20
-1.6003937007874016
11
5.5017716535433072
21
-1.4704724409448819
0
LINE
8
BLACK
6
CONTINUOUS
10
5.5017716535433072
20
-1.4704724409448819
11
5.5018465748031495
21
-1.4700957874015748
0
LINE
8
BLACK
6
CONTINUOUS
10
5.5018465748031495
20
-1.4700957874015748
11
5.5023792519685042
21
-1.4695631102362205
0
LINE
8
BLACK
6
CONTINUOUS
10
5.5023792519685042
20
-1.4695631102362205
11
5.5027559055118109
21
-1.469488188976378
0
LINE
8
BLACK
6
CONTINUOUS
10
5.5027559055118109
20
-1.469488188976378
11
5.5602362204724409
21
-1.469488188976378
0
LINE
8
BLACK
6
CONTINUOUS
10
5.5602362204724409
20
-1.469488188976378
11
5.5606128740157477
21
-1.4695631102362205
0
LINE
8
BLACK
6
CONTINUOUS
10
5.5037401574803146
20
-1.4714566929133859
11
5.5037401574803146
21
-1.5994094488188977
0
LINE
8
BLACK
6
CONTINUOUS
10
5.5037401574803146
20
-1.5994094488188977
11
5.5592519685039372
21
-1.5994094488188977
0
LINE
8
BLACK
6
CONTINUOUS
10
5.5592519685039372
20
-1.5994094488188977
11
5.5592519685039372
21
-1.4714566929133859
0
LINE
8
BLACK
6
CONTINUOUS
10
5.5592519685039372
20
-1.4714566929133859
11
5.5037401574803146
21
-1.4714566929133859
0
LINE
8
BLACK
6
CONTINUOUS
10
5.7976207480314956
20
-1.3120827952755905
11
5.7981534251968503
21
-1.3126154724409449
0
LINE
8
BLACK
6
CONTINUOUS
10
5.7981534251968503
20
-1.3126154724409449
11
5.7982283464566926
21
-1.3129921259842519
0
LINE
8
BLACK
6
CONTINUOUS
10
5.7982283464566926
20
-1.3129921259842519
11
5.7982283464566926
21
-1.6003937007874016
0
LINE
8
BLACK
6
CONTINUOUS
10
5.7982283464566926
20
-1.6003937007874016
11
5.7981534251968503
21
-1.6007703543307086
0
LINE
8
BLACK
6
CONTINUOUS
10
5.7981534251968503
20
-1.6007703543307086
11
5.7976207480314956
21
-1.601303031496063
0
LINE
8
BLACK
6
CONTINUOUS
10
5.7976207480314956
20
-1.601303031496063
11
5.7972440944881889
21
-1.6013779527559056
0
LINE
8
BLACK
6
CONTINUOUS
10
5.7972440944881889
20
-1.6013779527559056
11
5.5807086614173231
21
-1.6013779527559056
0
LINE
8
BLACK
6
CONTINUOUS
10
5.5807086614173231
20
-1.6013779527559056
11
5.5803320078740155
21
-1.601303031496063
0
LINE
8
BLACK
6
CONTINUOUS
10
5.5803320078740155
20
-1.601303031496063
11
5.5797993307086609
21
-1.6007703543307086
0
LINE
8
BLACK
6
CONTINUOUS
10
5.5797993307086609
20
-1.6007703543307086
11
5.5797244094488185
21
-1.6003937007874016
0
LINE
8
BLACK
6
CONTINUOUS
10
5.5797244094488185
20
-1.6003937007874016
11
5.5797244094488185
21
-1.3129921259842519
0
LINE
8
BLACK
6
CONTINUOUS
10
5.5797244094488185
20
-1.3129921259842519
11
5.5797993307086609
21
-1.3126154724409449
0
LINE
8
BLACK
6
CONTINUOUS
10
5.5797993307086609
20
-1.3126154724409449
11
5.5803320078740155
21
-1.3120827952755905
0
LINE
8
BLACK
6
CONTINUOUS
10
5.5803320078740155
20
-1.3120827952755905
11
5.5807086614173231
21
-1.3120078740157479
0
LINE
8
BLACK
6
CONTINUOUS
10
5.5807086614173231
20
-1.3120078740157479
11
5.7972440944881889
21
-1.3120078740157479
0
LINE
8
BLACK
6
CONTINUOUS
10
5.7972440944881889
20
-1.3120078740157479
11
5.7976207480314956
21
-1.3120827952755905
0
LINE
8
BLACK
6
CONTINUOUS
10
5.5816929133858268
20
-1.3139763779527558
11
5.5816929133858268
21
-1.5994094488188977
0
LINE
8
BLACK
6
CONTINUOUS
10
5.5816929133858268
20
-1.5994094488188977
11
5.7962598425196852
21
-1.5994094488188977
0
LINE
8
BLACK
6
CONTINUOUS
10
5.7962598425196852
20
-1.5994094488188977
11
5.7962598425196852
21
-1.3139763779527558
0
LINE
8
BLACK
6
CONTINUOUS
10
5.7962598425196852
20
-1.3139763779527558
11
5.5816929133858268
21
-1.3139763779527558
0
LINE
8
BLACK
6
CONTINUOUS
10
6.0724238976377949
20
-1.4695631102362205
11
6.0729565748031495
21
-1.4700957874015748
0
LINE
8
BLACK
6
CONTINUOUS
10
6.0729565748031495
20
-1.4700957874015748
11
6.0730314960629919
21
-1.4704724409448819
0
LINE
8
BLACK
6
CONTINUOUS
10
6.0730314960629919
20
-1.4704724409448819
11
6.0730314960629919
21
-1.6003937007874016
0
LINE
8
BLACK
6
CONTINUOUS
10
6.0730314960629919
20
-1.6003937007874016
11
6.0729565748031495
21
-1.6007703543307086
0
LINE
8
BLACK
6
CONTINUOUS
10
6.0729565748031495
20
-1.6007703543307086
11
6.0724238976377949
21
-1.601303031496063
0
LINE
8
BLACK
6
CONTINUOUS
10
6.0724238976377949
20
-1.601303031496063
11
6.0720472440944881
21
-1.6013779527559056
0
LINE
8
BLACK
6
CONTINUOUS
10
6.0720472440944881
20
-1.6013779527559056
11
6.0145669291338582
21
-1.6013779527559056
0
LINE
8
BLACK
6
CONTINUOUS
10
6.0145669291338582
20
-1.6013779527559056
11
6.0141902755905514
21
-1.601303031496063
0
LINE
8
BLACK
6
CONTINUOUS
10
6.0141902755905514
20
-1.601303031496063
11
6.0136575984251968
21
-1.6007703543307086
0
LINE
8
BLACK
6
CONTINUOUS
10
6.0136575984251968
20
-1.6007703543307086
11
6.0135826771653544
21
-1.6003937007874016
0
LINE
8
BLACK
6
CONTINUOUS
10
6.0135826771653544
20
-1.6003937007874016
11
6.0135826771653544
21
-1.4704724409448819
0
LINE
8
BLACK
6
CONTINUOUS
10
6.0135826771653544
20
-1.4704724409448819
11
6.0136575984251968
21
-1.4700957874015748
0
LINE
8
BLACK
6
CONTINUOUS
10
6.0136575984251968
20
-1.4700957874015748
11
6.0141902755905514
21
-1.4695631102362205
0
LINE
8
BLACK
6
CONTINUOUS
10
6.0141902755905514
20
-1.4695631102362205
11
6.0145669291338582
21
-1.469488188976378
0
LINE
8
BLACK
6
CONTINUOUS
10
6.0145669291338582
20
-1.469488188976378
11
6.0720472440944881
21
-1.469488188976378
0
LINE
8
BLACK
6
CONTINUOUS
10
6.0720472440944881
20
-1.469488188976378
11
6.0724238976377949
21
-1.4695631102362205
0
LINE
8
BLACK
6
CONTINUOUS
10
6.0155511811023619
20
-1.4714566929133859
11
6.0155511811023619
21
-1.5994094488188977
0
LINE
8
BLACK
6
CONTINUOUS
10
6.0155511811023619
20
-1.5994094488188977
11
6.0710629921259844
21
-1.5994094488188977
0
LINE
8
BLACK
6
CONTINUOUS
10
6.0710629921259844
20
-1.5994094488188977
11
6.0710629921259844
21
-1.4714566929133859
0
LINE
8
BLACK
6
CONTINUOUS
10
6.0710629921259844
20
-1.4714566929133859
11
6.0155511811023619
21
-1.4714566929133859
0
LINE
8
BLACK
6
CONTINUOUS
10
6.3094317716535429
20
-1.3120827952755905
11
6.3099644488188975
21
-1.3126154724409449
0
LINE
8
BLACK
6
CONTINUOUS
10
6.3099644488188975
20
-1.3126154724409449
11
6.3100393700787398
21
-1.3129921259842519
0
LINE
8
BLACK
6
CONTINUOUS
10
6.3100393700787398
20
-1.3129921259842519
11
6.3100393700787398
21
-1.6003937007874016
0
LINE
8
BLACK
6
CONTINUOUS
10
6.3100393700787398
20
-1.6003937007874016
11
6.3099644488188975
21
-1.6007703543307086
0
LINE
8
BLACK
6
CONTINUOUS
10
6.3099644488188975
20
-1.6007703543307086
11
6.3094317716535429
21
-1.601303031496063
0
LINE
8
BLACK
6
CONTINUOUS
10
6.3094317716535429
20
-1.601303031496063
11
6.3090551181102361
21
-1.6013779527559056
0
LINE
8
BLACK
6
CONTINUOUS
10
6.3090551181102361
20
-1.6013779527559056
11
6.0925196850393704
21
-1.6013779527559056
0
LINE
8
BLACK
6
CONTINUOUS
10
6.0925196850393704
20
-1.6013779527559056
11
6.0921430314960627
21
-1.601303031496063
0
LINE
8
BLACK
6
CONTINUOUS
10
6.0921430314960627
20
-1.601303031496063
11
6.091610354330709
21
-1.6007703543307086
0
LINE
8
BLACK
6
CONTINUOUS
10
6.091610354330709
20
-1.6007703543307086
11
6.0915354330708658
21
-1.6003937007874016
0
LINE
8
BLACK
6
CONTINUOUS
10
6.0915354330708658
20
-1.6003937007874016
11
6.0915354330708658
21
-1.3129921259842519
0
LINE
8
BLACK
6
CONTINUOUS
10
6.0915354330708658
20
-1.3129921259842519
11
6.091610354330709
21
-1.3126154724409449
0
LINE
8
BLACK
6
CONTINUOUS
10
6.091610354330709
20
-1.3126154724409449
11
6.0921430314960627
21
-1.3120827952755905
0
LINE
8
BLACK
6
CONTINUOUS
10
6.0921430314960627
20
-1.3120827952755905
11
6.0925196850393704
21
-1.3120078740157479
0
LINE
8
BLACK
6
CONTINUOUS
10
6.0925196850393704
20
-1.3120078740157479
11
6.3090551181102361
21
-1.3120078740157479
0
LINE
8
BLACK
6
CONTINUOUS
10
6.3090551181102361
20
-1.3120078740157479
11
6.3094317716535429
21
-1.3120827952755905
0
LINE
8
BLACK
6
CONTINUOUS
10
6.0935039370078741
20
-1.3139763779527558
11
6.0935039370078741
21
-1.5994094488188977
0
LINE
8
BLACK
6
CONTINUOUS
10
6.0935039370078741
20
-1.5994094488188977
11
6.3080708661417324
21
-1.5994094488188977
0
LINE
8
BLACK
6
CONTINUOUS
10
6.3080708661417324
20
-1.5994094488188977
11
6.3080708661417324
21
-1.3139763779527558
0
LINE
8
BLACK
6
CONTINUOUS
10
6.3080708661417324
20
-1.3139763779527558
11
6.0935039370078741
21
-1.3139763779527558
0
LINE
8
BLACK
6
CONTINUOUS
10
4.533841220472441
20
-1.4860985433070866
11
4.5343738976377947
21
-1.486631220472441
0
LINE
8
BLACK
6
CONTINUOUS
10
4.5343738976377947
20
-1.486631220472441
11
4.534448818897638
21
-1.487007874015748
0
LINE
8
BLACK
6
CONTINUOUS
10
4.534448818897638
20
-1.487007874015748
11
4.534448818897638
21
-1.544488188976378
0
LINE
8
BLACK
6
CONTINUOUS
10
4.534448818897638
20
-1.544488188976378
11
4.5343738976377947
21
-1.5448648425196849
0
LINE
8
BLACK
6
CONTINUOUS
10
4.5343738976377947
20
-1.5448648425196849
11
4.533841220472441
21
-1.5453975196850394
0
LINE
8
BLACK
6
CONTINUOUS
10
4.533841220472441
20
-1.5453975196850394
11
4.5334645669291334
21
-1.5454724409448819
0
LINE
8
BLACK
6
CONTINUOUS
10
4.5334645669291334
20
-1.5454724409448819
11
4.4035433070866139
21
-1.5454724409448819
0
LINE
8
BLACK
6
CONTINUOUS
10
4.4035433070866139
20
-1.5454724409448819
11
4.4031666535433072
21
-1.5453975196850394
0
LINE
8
BLACK
6
CONTINUOUS
10
4.4031666535433072
20
-1.5453975196850394
11
4.4026339763779525
21
-1.5448648425196849
0
LINE
8
BLACK
6
CONTINUOUS
10
4.4026339763779525
20
-1.5448648425196849
11
4.4025590551181102
21
-1.544488188976378
0
LINE
8
BLACK
6
CONTINUOUS
10
4.4025590551181102
20
-1.544488188976378
11
4.4025590551181102
21
-1.487007874015748
0
LINE
8
BLACK
6
CONTINUOUS
10
4.4025590551181102
20
-1.487007874015748
11
4.4026339763779525
21
-1.486631220472441
0
LINE
8
BLACK
6
CONTINUOUS
10
4.4026339763779525
20
-1.486631220472441
11
4.4031666535433072
21
-1.4860985433070866
0
LINE
8
BLACK
6
CONTINUOUS
10
4.4031666535433072
20
-1.4860985433070866
11
4.4035433070866139
21
-1.486023622047244
0
LINE
8
BLACK
6
CONTINUOUS
10
4.4035433070866139
20
-1.486023622047244
11
4.5334645669291334
21
-1.486023622047244
0
LINE
8
BLACK
6
CONTINUOUS
10
4.5334645669291334
20
-1.486023622047244
11
4.533841220472441
21
-1.4860985433070866
0
LINE
8
BLACK
6
CONTINUOUS
10
4.4045275590551176
20
-1.4879921259842519
11
4.4045275590551176
21
-1.543503937007874
0
LINE
8
BLACK
6
CONTINUOUS
10
4.4045275590551176
20
-1.543503937007874
11
4.5324803149606296
21
-1.543503937007874
0
LINE
8
BLACK
6
CONTINUOUS
10
4.5324803149606296
20
-1.543503937007874
11
4.5324803149606296
21
-1.4879921259842519
0
LINE
8
BLACK
6
CONTINUOUS
10
4.5324803149606296
20
-1.4879921259842519
11
4.4045275590551176
21
-1.4879921259842519
0
CIRCLE
8
BLACK
10
5.3346456692913389
20
-2.3228346456692912
40
0.0068897637795276
0
CIRCLE
8
BLACK
10
5.3346456692913389
20
-2.2736220472440944
40
0.0068897637795276
0
CIRCLE
8
BLACK
10
5.3346456692913389
20
-2.2244094488188977
40
0.0068897637795276
0
CIRCLE
8
BLACK
10
5.3346456692913389
20
-2.1751968503937009
40
0.0068897637795276
0
CIRCLE
8
BLACK
10
5.3346456692913389
20
-2.1259842519685037
40
0.0068897637795276
0
CIRCLE
8
BLACK
10
5.9753937007874018
20
-4.4291338582677167
40
0.0068897637795276
0
CIRCLE
8
BLACK
10
5.8753937007874013
20
-4.4291338582677167
40
0.0068897637795276
0
CIRCLE
8
BLACK
10
5.4921259842519685
20
-4.8196850393700785
40
0.0068897637795276
0
CIRCLE
8
BLACK
10
5.392125984251968
20
-4.8196850393700785
40
0.0068897637795276
0
CIRCLE
8
BLACK
10
5.4921259842519685
20
-4.9196850393700791
40
0.0068897637795276
0
CIRCLE
8
BLACK
10
5.392125984251968
20
-4.9196850393700791
40
0.0068897637795276
0
CIRCLE
8
BLACK
10
5.4921259842519685
20
-5.0196850393700787
40
0.0068897637795276
0
CIRCLE
8
BLACK
10
5.392125984251968
20
-5.0196850393700787
40
0.0068897637795276
0
CIRCLE
8
BLACK
10
5.4921259842519685
20
-5.1196850393700783
40
0.0068897637795276
0
CIRCLE
8
BLACK
10
5.392125984251968
20
-5.1196850393700783
40
0.0068897637795276
0
CIRCLE
8
BLACK
10
5.4921259842519685
20
-5.2196850393700789
40
0.0068897637795276
0
CIRCLE
8
BLACK
10
5.392125984251968
20
-5.2196850393700789
40
0.0068897637795276
0
CIRCLE
8
BLACK
10
5.3346456692913389
20
-2.3228346456692912
40
0.0068897637795276
0
CIRCLE
8
BLACK
10
5.3346456692913389
20
-2.2736220472440944
40
0.0068897637795276
0
CIRCLE
8
BLACK
10
5.3346456692913389
20
-2.2244094488188977
40
0.0068897637795276
0
CIRCLE
8
BLACK
10
5.3346456692913389
20
-2.1751968503937009
40
0.0068897637795276
0
CIRCLE
8
BLACK
10
5.3346456692913389
20
-2.1259842519685037
40
0.0068897637795276
0
CIRCLE
8
BLACK
10
5.9753937007874018
20
-4.4291338582677167
40
0.0068897637795276
0
CIRCLE
8
BLACK
10
5.8753937007874013
20
-4.4291338582677167
40
0.0068897637795276
0
CIRCLE
8
BLACK
10
5.4921259842519685
20
-4.8196850393700785
40
0.0068897637795276
0
CIRCLE
8
BLACK
10
5.392125984251968
20
-4.8196850393700785
40
0.0068897637795276
0
CIRCLE
8
BLACK
10
5.4921259842519685
20
-4.9196850393700791
40
0.0068897637795276
0
CIRCLE
8
BLACK
10
5.392125984251968
20
-4.9196850393700791
40
0.0068897637795276
0
CIRCLE
8
BLACK
10
5.4921259842519685
20
-5.0196850393700787
40
0.0068897637795276
0
CIRCLE
8
BLACK
10
5.392125984251968
20
-5.0196850393700787
40
0.0068897637795276
0
CIRCLE
8
BLACK
10
5.4921259842519685
20
-5.1196850393700783
40
0.0068897637795276
0
CIRCLE
8
BLACK
10
5.392125984251968
20
-5.1196850393700783
40
0.0068897637795276
0
CIRCLE
8
BLACK
10
5.4921259842519685
20
-5.2196850393700789
40
0.0068897637795276
0
CIRCLE
8
BLACK
10
5.392125984251968
20
-5.2196850393700789
40
0.0068897637795276
  0
ENDSEC
  0
EOF
