  0
SECTION
  2
HEADER
  9
$ANGBASE
  50
0.0
  9
$ANGDIR
  70
1
  9
$MEASUREMENT
  70
0
  0
ENDSEC
  0
SECTION
  2
TABLES
  0
TABLE
  2
LTYPE
  70
4
  0
LTYPE
  5
40F
  2
CONTINUOUS
  70
0
  3
Solid line
  72
65
  73
0
  40
0.0
  0
LTYPE
  5
410
  2
DASHDOT
 70
0
  3
Dash Dot ____ _ ____ _
 72
65
 73
4
 40
2.0
 49
1.25
 49
-0.25
 49
0.25
 49
-0.25
  0
LTYPE
  5
411
  2
DASHED
 70
0
  3
Dashed __ __ __ __ __
 72
65
 73
2
 40
0.75
 49
0.5
 49
-0.25
  0
LTYPE
  5
43B
  2
DOTTED
 70
0
  3
Dotted .  .  .  .
 72
65
 73
2
 40
0.2
 49
0.0
 49
-0.2
  0
ENDTAB
  0
TABLE
  2
STYLE
  70
4
  0
STYLE
  2
KICAD
  70
0
  40
0
  41
1
  42
1
  50
0
  71
0
  3
isocp.shx
  0
STYLE
  2
KICADB
  70
0
  40
0
  41
1
  42
1
  50
0
  71
0
  3
isocp.shx
  0
STYLE
  2
KICADI
  70
0
  40
0
  41
1
  42
1
  50
15
  71
0
  3
isocp.shx
  0
STYLE
  2
KICADBI
  70
0
  40
0
  41
1
  42
1
  50
15
  71
0
  3
isocp.shx
  0
ENDTAB
  0
TABLE
  2
LAYER
  70
1
  0
LAYER
  2
BLACK
  70
0
  62
7
  6
CONTINUOUS
  0
ENDTAB
  0
ENDSEC
  0
SECTION
  2
ENTITIES
0
LINE
8
BLACK
6
CONTINUOUS
10
6.0675120078740159
20
-3.4536549606299212
11
6.0701822047244089
21
-3.4551966141732282
0
LINE
8
BLACK
6
CONTINUOUS
10
6.0701822047244089
20
-3.4551966141732282
11
6.071678503937008
21
-3.4566929133858268
0
LINE
8
BLACK
6
CONTINUOUS
10
6.071678503937008
20
-3.4566929133858268
11
6.1023622047244093
21
-3.4566929133858268
0
LINE
8
BLACK
6
CONTINUOUS
10
6.1023622047244093
20
-3.4566929133858268
11
6.1038983464566927
21
-3.4568442125984253
0
LINE
8
BLACK
6
CONTINUOUS
10
6.1038983464566927
20
-3.4568442125984253
11
6.1067367716535434
21
-3.4580199212598424
0
LINE
8
BLACK
6
CONTINUOUS
10
6.1067367716535434
20
-3.4580199212598424
11
6.1079299606299209
21
-3.4589991732283463
0
LINE
8
BLACK
6
CONTINUOUS
10
6.1079299606299209
20
-3.4589991732283463
11
6.5410008267716533
21
-3.8920700393700787
0
LINE
8
BLACK
6
CONTINUOUS
10
6.5410008267716533
20
-3.8920700393700787
11
6.5419800787401572
21
-3.8932632283464566
0
LINE
8
BLACK
6
CONTINUOUS
10
6.5419800787401572
20
-3.8932632283464566
11
6.5431557874015747
21
-3.8961016535433068
0
LINE
8
BLACK
6
CONTINUOUS
10
6.5431557874015747
20
-3.8961016535433068
11
6.5433070866141732
21
-3.8976377952755903
0
LINE
8
BLACK
6
CONTINUOUS
10
6.5433070866141732
20
-3.8976377952755903
11
6.5433070866141732
21
-6.0400455511811026
0
LINE
8
BLACK
6
CONTINUOUS
10
6.5433070866141732
20
-6.0400455511811026
11
6.5545437007874012
21
-6.0512821653543307
0
LINE
8
BLACK
6
CONTINUOUS
10
6.5545437007874012
20
-6.0512821653543307
11
6.5566597637795274
21
-6.0512821653543307
0
LINE
8
BLACK
6
CONTINUOUS
10
6.5566597637795274
20
-6.0512821653543307
11
6.5596379921259844
21
-6.0520801574803151
0
LINE
8
BLACK
6
CONTINUOUS
10
6.5596379921259844
20
-6.0520801574803151
11
6.5623081889763775
21
-6.0536218110236222
0
LINE
8
BLACK
6
CONTINUOUS
10
6.5623081889763775
20
-6.0536218110236222
11
6.5644884251968501
21
-6.0558020472440948
0
LINE
8
BLACK
6
CONTINUOUS
10
6.5644884251968501
20
-6.0558020472440948
11
6.5660300787401571
21
-6.0584722440944878
0
LINE
8
BLACK
6
CONTINUOUS
10
6.5660300787401571
20
-6.0584722440944878
11
6.5668280708661415
21
-6.0614504724409448
0
LINE
8
BLACK
6
CONTINUOUS
10
6.5668280708661415
20
-6.0614504724409448
11
6.5668280708661415
21
-6.0645337795275589
0
LINE
8
BLACK
6
CONTINUOUS
10
6.5668280708661415
20
-6.0645337795275589
11
6.5660300787401571
21
-6.0675120078740159
0
LINE
8
BLACK
6
CONTINUOUS
10
6.5660300787401571
20
-6.0675120078740159
11
6.5644884251968501
21
-6.0701822047244089
0
LINE
8
BLACK
6
CONTINUOUS
10
6.5644884251968501
20
-6.0701822047244089
11
6.5623081889763775
21
-6.0723624409448815
0
LINE
8
BLACK
6
CONTINUOUS
10
6.5623081889763775
20
-6.0723624409448815
11
6.5596379921259844
21
-6.0739040944881886
0
LINE
8
BLACK
6
CONTINUOUS
10
6.5596379921259844
20
-6.0739040944881886
11
6.5566597637795274
21
-6.074702086614173
0
LINE
8
BLACK
6
CONTINUOUS
10
6.5566597637795274
20
-6.074702086614173
11
6.5535764566929133
21
-6.074702086614173
0
LINE
8
BLACK
6
CONTINUOUS
10
6.5535764566929133
20
-6.074702086614173
11
6.5505982283464563
21
-6.0739040944881886
0
LINE
8
BLACK
6
CONTINUOUS
10
6.5505982283464563
20
-6.0739040944881886
11
6.5479280314960633
21
-6.0723624409448815
0
LINE
8
BLACK
6
CONTINUOUS
10
6.5479280314960633
20
-6.0723624409448815
11
6.5457477952755907
21
-6.0701822047244089
0
LINE
8
BLACK
6
CONTINUOUS
10
6.5457477952755907
20
-6.0701822047244089
11
6.5442061417322837
21
-6.0675120078740159
0
LINE
8
BLACK
6
CONTINUOUS
10
6.5442061417322837
20
-6.0675120078740159
11
6.5434081496062992
21
-6.0645337795275589
0
LINE
8
BLACK
6
CONTINUOUS
10
6.5434081496062992
20
-6.0645337795275589
11
6.5434081496062992
21
-6.062417677165354
0
LINE
8
BLACK
6
CONTINUOUS
10
6.5434081496062992
20
-6.062417677165354
11
6.5298653149606301
21
-6.0488748425196848
0
LINE
8
BLACK
6
CONTINUOUS
10
6.5298653149606301
20
-6.0488748425196848
11
6.5288860629921261
21
-6.0476816535433073
0
LINE
8
BLACK
6
CONTINUOUS
10
6.5288860629921261
20
-6.0476816535433073
11
6.5277103543307087
21
-6.0448432283464566
0
LINE
8
BLACK
6
CONTINUOUS
10
6.5277103543307087
20
-6.0448432283464566
11
6.5275590551181102
21
-6.0433070866141732
0
LINE
8
BLACK
6
CONTINUOUS
10
6.5275590551181102
20
-6.0433070866141732
11
6.5275590551181102
21
-3.9008992913385825
0
LINE
8
BLACK
6
CONTINUOUS
10
6.5275590551181102
20
-3.9008992913385825
11
6.0991007086614175
21
-3.4724409448818898
0
LINE
8
BLACK
6
CONTINUOUS
10
6.0991007086614175
20
-3.4724409448818898
11
6.071678503937008
21
-3.4724409448818898
0
LINE
8
BLACK
6
CONTINUOUS
10
6.071678503937008
20
-3.4724409448818898
11
6.0701822047244089
21
-3.473937244094488
0
LINE
8
BLACK
6
CONTINUOUS
10
6.0701822047244089
20
-3.473937244094488
11
6.0675120078740159
21
-3.4754788976377951
0
LINE
8
BLACK
6
CONTINUOUS
10
6.0675120078740159
20
-3.4754788976377951
11
6.0645337795275589
21
-3.4762768897637795
0
LINE
8
BLACK
6
CONTINUOUS
10
6.0645337795275589
20
-3.4762768897637795
11
6.0614504724409448
21
-3.4762768897637795
0
LINE
8
BLACK
6
CONTINUOUS
10
6.0614504724409448
20
-3.4762768897637795
11
6.0584722440944878
21
-3.4754788976377951
0
LINE
8
BLACK
6
CONTINUOUS
10
6.0584722440944878
20
-3.4754788976377951
11
6.0558020472440948
21
-3.473937244094488
0
LINE
8
BLACK
6
CONTINUOUS
10
6.0558020472440948
20
-3.473937244094488
11
6.0536218110236222
21
-3.4717570078740159
0
LINE
8
BLACK
6
CONTINUOUS
10
6.0536218110236222
20
-3.4717570078740159
11
6.0520801574803151
21
-3.4690868110236219
0
LINE
8
BLACK
6
CONTINUOUS
10
6.0520801574803151
20
-3.4690868110236219
11
6.0512821653543307
21
-3.4661085826771654
0
LINE
8
BLACK
6
CONTINUOUS
10
6.0512821653543307
20
-3.4661085826771654
11
6.0512821653543307
21
-3.4630252755905513
0
LINE
8
BLACK
6
CONTINUOUS
10
6.0512821653543307
20
-3.4630252755905513
11
6.0520801574803151
21
-3.4600470472440943
0
LINE
8
BLACK
6
CONTINUOUS
10
6.0520801574803151
20
-3.4600470472440943
11
6.0536218110236222
21
-3.4573768503937008
0
LINE
8
BLACK
6
CONTINUOUS
10
6.0536218110236222
20
-3.4573768503937008
11
6.0558020472440948
21
-3.4551966141732282
0
LINE
8
BLACK
6
CONTINUOUS
10
6.0558020472440948
20
-3.4551966141732282
11
6.0584722440944878
21
-3.4536549606299212
0
LINE
8
BLACK
6
CONTINUOUS
10
6.0584722440944878
20
-3.4536549606299212
11
6.0614504724409448
21
-3.4528569685039368
0
LINE
8
BLACK
6
CONTINUOUS
10
6.0614504724409448
20
-3.4528569685039368
11
6.0645337795275589
21
-3.4528569685039368
0
LINE
8
BLACK
6
CONTINUOUS
10
6.0645337795275589
20
-3.4528569685039368
11
6.0675120078740159
21
-3.4536549606299212
0
LINE
8
BLACK
6
CONTINUOUS
10
6.2280055905511809
20
-5.5920496062992129
11
6.2324559448818899
21
-5.5946190157480311
0
LINE
8
BLACK
6
CONTINUOUS
10
6.2324559448818899
20
-5.5946190157480311
11
6.2324565354330703
21
-5.5946196062992124
0
LINE
8
BLACK
6
CONTINUOUS
10
6.2324565354330703
20
-5.5946196062992124
11
6.2343918503937008
21
-5.5963168110236223
0
LINE
8
BLACK
6
CONTINUOUS
10
6.2343918503937008
20
-5.5963168110236223
11
6.490297362204724
21
-5.8522222834645667
0
LINE
8
BLACK
6
CONTINUOUS
10
6.490297362204724
20
-5.8522222834645667
11
6.4919948031496064
21
-5.8541578740157476
0
LINE
8
BLACK
6
CONTINUOUS
10
6.4919948031496064
20
-5.8541578740157476
11
6.4919951574803152
21
-5.8541582283464564
0
LINE
8
BLACK
6
CONTINUOUS
10
6.4919951574803152
20
-5.8541582283464564
11
6.4938487007874013
21
-5.8573686614173228
0
LINE
8
BLACK
6
CONTINUOUS
10
6.4938487007874013
20
-5.8573686614173228
11
6.4945645669291334
21
-5.8586085826771654
0
LINE
8
BLACK
6
CONTINUOUS
10
6.4945645669291334
20
-5.8586085826771654
11
6.4958946062992124
21
-5.8635723228346457
0
LINE
8
BLACK
6
CONTINUOUS
10
6.4958946062992124
20
-5.8635723228346457
11
6.4958946062992124
21
-5.868711141732283
0
LINE
8
BLACK
6
CONTINUOUS
10
6.4958946062992124
20
-5.868711141732283
11
6.4953719685039371
21
-5.870661614173228
0
LINE
8
BLACK
6
CONTINUOUS
10
6.4953719685039371
20
-5.870661614173228
11
6.4945645669291334
21
-5.8736748818897633
0
LINE
8
BLACK
6
CONTINUOUS
10
6.4945645669291334
20
-5.8736748818897633
11
6.4919951574803152
21
-5.8781252362204723
0
LINE
8
BLACK
6
CONTINUOUS
10
6.4919951574803152
20
-5.8781252362204723
11
6.4883614566929131
21
-5.8817589370078736
0
LINE
8
BLACK
6
CONTINUOUS
10
6.4883614566929131
20
-5.8817589370078736
11
6.4839859842519685
21
-5.8842851181102365
0
LINE
8
BLACK
6
CONTINUOUS
10
6.4839859842519685
20
-5.8842851181102365
11
6.4839111023622049
21
-5.8843283464566927
0
LINE
8
BLACK
6
CONTINUOUS
10
6.4839111023622049
20
-5.8843283464566927
11
6.4789473622047247
21
-5.8856583858267717
0
LINE
8
BLACK
6
CONTINUOUS
10
6.4789473622047247
20
-5.8856583858267717
11
6.4738085433070864
21
-5.8856583858267717
0
LINE
8
BLACK
6
CONTINUOUS
10
6.4738085433070864
20
-5.8856583858267717
11
6.4688448031496062
21
-5.8843283464566927
0
LINE
8
BLACK
6
CONTINUOUS
10
6.4688448031496062
20
-5.8843283464566927
11
6.4687699212598426
21
-5.8842851181102365
0
LINE
8
BLACK
6
CONTINUOUS
10
6.4687699212598426
20
-5.8842851181102365
11
6.4643944488188971
21
-5.8817589370078736
0
LINE
8
BLACK
6
CONTINUOUS
10
6.4643944488188971
20
-5.8817589370078736
11
6.4643940944881892
21
-5.8817585826771648
0
LINE
8
BLACK
6
CONTINUOUS
10
6.4643940944881892
20
-5.8817585826771648
11
6.4624585039370075
21
-5.8800611417322832
0
LINE
8
BLACK
6
CONTINUOUS
10
6.4624585039370075
20
-5.8800611417322832
11
6.2065530314960631
21
-5.6241556299212601
0
LINE
8
BLACK
6
CONTINUOUS
10
6.2065530314960631
20
-5.6241556299212601
11
6.2048558267716531
21
-5.6222203149606296
0
LINE
8
BLACK
6
CONTINUOUS
10
6.2048558267716531
20
-5.6222203149606296
11
6.2048552362204719
21
-5.6222197244094483
0
LINE
8
BLACK
6
CONTINUOUS
10
6.2048552362204719
20
-5.6222197244094483
11
6.2022858267716536
21
-5.6177693700787401
0
LINE
8
BLACK
6
CONTINUOUS
10
6.2022858267716536
20
-5.6177693700787401
11
6.2009557874015746
21
-5.6128056299212599
0
LINE
8
BLACK
6
CONTINUOUS
10
6.2009557874015746
20
-5.6128056299212599
11
6.2009557874015746
21
-5.6076668110236216
0
LINE
8
BLACK
6
CONTINUOUS
10
6.2009557874015746
20
-5.6076668110236216
11
6.2022858267716536
21
-5.6027030708661414
0
LINE
8
BLACK
6
CONTINUOUS
10
6.2022858267716536
20
-5.6027030708661414
11
6.2030016929133858
21
-5.6014631496062988
0
LINE
8
BLACK
6
CONTINUOUS
10
6.2030016929133858
20
-5.6014631496062988
11
6.2048552362204719
21
-5.5982527165354332
0
LINE
8
BLACK
6
CONTINUOUS
10
6.2048552362204719
20
-5.5982527165354332
11
6.208488937007874
21
-5.5946190157480311
0
LINE
8
BLACK
6
CONTINUOUS
10
6.208488937007874
20
-5.5946190157480311
11
6.2129392913385821
21
-5.5920496062992129
0
LINE
8
BLACK
6
CONTINUOUS
10
6.2129392913385821
20
-5.5920496062992129
11
6.2179030314960633
21
-5.5907195669291339
0
LINE
8
BLACK
6
CONTINUOUS
10
6.2179030314960633
20
-5.5907195669291339
11
6.2230418503937006
21
-5.5907195669291339
0
LINE
8
BLACK
6
CONTINUOUS
10
6.2230418503937006
20
-5.5907195669291339
11
6.2280055905511809
21
-5.5920496062992129
0
LINE
8
BLACK
6
CONTINUOUS
10
6.1383781496062992
20
-3.3827888188976378
11
6.1410483464566932
21
-3.3843304724409449
0
LINE
8
BLACK
6
CONTINUOUS
10
6.1410483464566932
20
-3.3843304724409449
11
6.1432285826771649
21
-3.3865107086614175
0
LINE
8
BLACK
6
CONTINUOUS
10
6.1432285826771649
20
-3.3865107086614175
11
6.1447702362204719
21
-3.3891809055118109
0
LINE
8
BLACK
6
CONTINUOUS
10
6.1447702362204719
20
-3.3891809055118109
11
6.1455682283464563
21
-3.3921591338582675
0
LINE
8
BLACK
6
CONTINUOUS
10
6.1455682283464563
20
-3.3921591338582675
11
6.1455682283464563
21
-3.3942751968503937
0
LINE
8
BLACK
6
CONTINUOUS
10
6.1455682283464563
20
-3.3942751968503937
11
6.6000559842519682
21
-3.8487629527559055
0
LINE
8
BLACK
6
CONTINUOUS
10
6.6000559842519682
20
-3.8487629527559055
11
6.6010351968503933
21
-3.8499561417322834
0
LINE
8
BLACK
6
CONTINUOUS
10
6.6010351968503933
20
-3.8499561417322834
11
6.6022109055118108
21
-3.8527945669291337
0
LINE
8
BLACK
6
CONTINUOUS
10
6.6022109055118108
20
-3.8527945669291337
11
6.6023622047244093
21
-3.8543307086614171
0
LINE
8
BLACK
6
CONTINUOUS
10
6.6023622047244093
20
-3.8543307086614171
11
6.6023622047244093
21
-5.606974724409449
0
LINE
8
BLACK
6
CONTINUOUS
10
6.6023622047244093
20
-5.606974724409449
11
6.7710790944881891
21
-5.775691614173228
0
LINE
8
BLACK
6
CONTINUOUS
10
6.7710790944881891
20
-5.775691614173228
11
6.7731951968503932
21
-5.775691614173228
0
LINE
8
BLACK
6
CONTINUOUS
10
6.7731951968503932
20
-5.775691614173228
11
6.7761734251968502
21
-5.7764896062992124
0
LINE
8
BLACK
6
CONTINUOUS
10
6.7761734251968502
20
-5.7764896062992124
11
6.7788436220472441
21
-5.7780312598425194
0
LINE
8
BLACK
6
CONTINUOUS
10
6.7788436220472441
20
-5.7780312598425194
11
6.7810238582677167
21
-5.780211496062992
0
LINE
8
BLACK
6
CONTINUOUS
10
6.7810238582677167
20
-5.780211496062992
11
6.7825655118110237
21
-5.7828816929133859
0
LINE
8
BLACK
6
CONTINUOUS
10
6.7825655118110237
20
-5.7828816929133859
11
6.7833635039370082
21
-5.7858599212598421
0
LINE
8
BLACK
6
CONTINUOUS
10
6.7833635039370082
20
-5.7858599212598421
11
6.7833635039370082
21
-5.7889432283464561
0
LINE
8
BLACK
6
CONTINUOUS
10
6.7833635039370082
20
-5.7889432283464561
11
6.7825655118110237
21
-5.7919214566929131
0
LINE
8
BLACK
6
CONTINUOUS
10
6.7825655118110237
20
-5.7919214566929131
11
6.7810238582677167
21
-5.7945916535433071
0
LINE
8
BLACK
6
CONTINUOUS
10
6.7810238582677167
20
-5.7945916535433071
11
6.7788436220472441
21
-5.7967718897637797
0
LINE
8
BLACK
6
CONTINUOUS
10
6.7788436220472441
20
-5.7967718897637797
11
6.7761734251968502
21
-5.7983135433070867
0
LINE
8
BLACK
6
CONTINUOUS
10
6.7761734251968502
20
-5.7983135433070867
11
6.7731951968503932
21
-5.7991115354330711
0
LINE
8
BLACK
6
CONTINUOUS
10
6.7731951968503932
20
-5.7991115354330711
11
6.7701118897637791
21
-5.7991115354330711
0
LINE
8
BLACK
6
CONTINUOUS
10
6.7701118897637791
20
-5.7991115354330711
11
6.767133661417323
21
-5.7983135433070867
0
LINE
8
BLACK
6
CONTINUOUS
10
6.767133661417323
20
-5.7983135433070867
11
6.764463464566929
21
-5.7967718897637797
0
LINE
8
BLACK
6
CONTINUOUS
10
6.764463464566929
20
-5.7967718897637797
11
6.7622832283464565
21
-5.7945916535433071
0
LINE
8
BLACK
6
CONTINUOUS
10
6.7622832283464565
20
-5.7945916535433071
11
6.7607415748031494
21
-5.7919214566929131
0
LINE
8
BLACK
6
CONTINUOUS
10
6.7607415748031494
20
-5.7919214566929131
11
6.759943582677165
21
-5.7889432283464561
0
LINE
8
BLACK
6
CONTINUOUS
10
6.759943582677165
20
-5.7889432283464561
11
6.759943582677165
21
-5.7868271259842521
0
LINE
8
BLACK
6
CONTINUOUS
10
6.759943582677165
20
-5.7868271259842521
11
6.5889204330708662
21
-5.6158039763779524
0
LINE
8
BLACK
6
CONTINUOUS
10
6.5889204330708662
20
-5.6158039763779524
11
6.5879411811023623
21
-5.6146107874015749
0
LINE
8
BLACK
6
CONTINUOUS
10
6.5879411811023623
20
-5.6146107874015749
11
6.5867654724409448
21
-5.6117723622047242
0
LINE
8
BLACK
6
CONTINUOUS
10
6.5867654724409448
20
-5.6117723622047242
11
6.5866141732283463
21
-5.6102362204724407
0
LINE
8
BLACK
6
CONTINUOUS
10
6.5866141732283463
20
-5.6102362204724407
11
6.5866141732283463
21
-3.8575922047244093
0
LINE
8
BLACK
6
CONTINUOUS
10
6.5866141732283463
20
-3.8575922047244093
11
6.1344327165354331
21
-3.4054107480314961
0
LINE
8
BLACK
6
CONTINUOUS
10
6.1344327165354331
20
-3.4054107480314961
11
6.1323166141732282
21
-3.4054107480314961
0
LINE
8
BLACK
6
CONTINUOUS
10
6.1323166141732282
20
-3.4054107480314961
11
6.1293383858267712
21
-3.4046127559055117
0
LINE
8
BLACK
6
CONTINUOUS
10
6.1293383858267712
20
-3.4046127559055117
11
6.1266681889763781
21
-3.4030711023622047
0
LINE
8
BLACK
6
CONTINUOUS
10
6.1266681889763781
20
-3.4030711023622047
11
6.1244879527559055
21
-3.4008908661417321
0
LINE
8
BLACK
6
CONTINUOUS
10
6.1244879527559055
20
-3.4008908661417321
11
6.1229462992125985
21
-3.3982206692913386
0
LINE
8
BLACK
6
CONTINUOUS
10
6.1229462992125985
20
-3.3982206692913386
11
6.1221483070866141
21
-3.395242440944882
0
LINE
8
BLACK
6
CONTINUOUS
10
6.1221483070866141
20
-3.395242440944882
11
6.1221483070866141
21
-3.3921591338582675
0
LINE
8
BLACK
6
CONTINUOUS
10
6.1221483070866141
20
-3.3921591338582675
11
6.1229462992125985
21
-3.3891809055118109
0
LINE
8
BLACK
6
CONTINUOUS
10
6.1229462992125985
20
-3.3891809055118109
11
6.1244879527559055
21
-3.3865107086614175
0
LINE
8
BLACK
6
CONTINUOUS
10
6.1244879527559055
20
-3.3865107086614175
11
6.1266681889763781
21
-3.3843304724409449
0
LINE
8
BLACK
6
CONTINUOUS
10
6.1266681889763781
20
-3.3843304724409449
11
6.1293383858267712
21
-3.3827888188976378
0
LINE
8
BLACK
6
CONTINUOUS
10
6.1293383858267712
20
-3.3827888188976378
11
6.1323166141732282
21
-3.3819908267716534
0
LINE
8
BLACK
6
CONTINUOUS
10
6.1323166141732282
20
-3.3819908267716534
11
6.1353999212598422
21
-3.3819908267716534
0
LINE
8
BLACK
6
CONTINUOUS
10
6.1353999212598422
20
-3.3819908267716534
11
6.1383781496062992
21
-3.3827888188976378
0
LINE
8
BLACK
6
CONTINUOUS
10
5.4018402362204725
20
-5.0876614566929135
11
5.407901062992126
21
-5.0901719291338585
0
LINE
8
BLACK
6
CONTINUOUS
10
5.407901062992126
20
-5.0901719291338585
11
5.413355669291338
21
-5.0938165748031494
0
LINE
8
BLACK
6
CONTINUOUS
10
5.413355669291338
20
-5.0938165748031494
11
5.4179944488188978
21
-5.0984553543307083
0
LINE
8
BLACK
6
CONTINUOUS
10
5.4179944488188978
20
-5.0984553543307083
11
5.4216390944881887
21
-5.1039099606299212
0
LINE
8
BLACK
6
CONTINUOUS
10
5.4216390944881887
20
-5.1039099606299212
11
5.4241495669291337
21
-5.1099707874015747
0
LINE
8
BLACK
6
CONTINUOUS
10
5.4241495669291337
20
-5.1099707874015747
11
5.4254294094488191
21
-5.1164049212598428
0
LINE
8
BLACK
6
CONTINUOUS
10
5.4254294094488191
20
-5.1164049212598428
11
5.4254294094488191
21
-5.1229651574803148
0
LINE
8
BLACK
6
CONTINUOUS
10
5.4254294094488191
20
-5.1229651574803148
11
5.4241495669291337
21
-5.1293992913385829
0
LINE
8
BLACK
6
CONTINUOUS
10
5.4241495669291337
20
-5.1293992913385829
11
5.4216390944881887
21
-5.1354601181102364
0
LINE
8
BLACK
6
CONTINUOUS
10
5.4216390944881887
20
-5.1354601181102364
11
5.4179944488188978
21
-5.1409147244094484
0
LINE
8
BLACK
6
CONTINUOUS
10
5.4179944488188978
20
-5.1409147244094484
11
5.413355669291338
21
-5.1455535039370082
0
LINE
8
BLACK
6
CONTINUOUS
10
5.413355669291338
20
-5.1455535039370082
11
5.407901062992126
21
-5.1491981496062991
0
LINE
8
BLACK
6
CONTINUOUS
10
5.407901062992126
20
-5.1491981496062991
11
5.4018402362204725
21
-5.1517086220472441
0
LINE
8
BLACK
6
CONTINUOUS
10
5.4018402362204725
20
-5.1517086220472441
11
5.3954061023622044
21
-5.1529884645669286
0
LINE
8
BLACK
6
CONTINUOUS
10
5.3954061023622044
20
-5.1529884645669286
11
5.3888458661417324
21
-5.1529884645669286
0
LINE
8
BLACK
6
CONTINUOUS
10
5.3888458661417324
20
-5.1529884645669286
11
5.3824117322834644
21
-5.1517086220472441
0
LINE
8
BLACK
6
CONTINUOUS
10
5.3824117322834644
20
-5.1517086220472441
11
5.3763509055118108
21
-5.1491981496062991
0
LINE
8
BLACK
6
CONTINUOUS
10
5.3763509055118108
20
-5.1491981496062991
11
5.3708962992125979
21
-5.1455535039370082
0
LINE
8
BLACK
6
CONTINUOUS
10
5.3708962992125979
20
-5.1455535039370082
11
5.3662575196850391
21
-5.1409147244094484
0
LINE
8
BLACK
6
CONTINUOUS
10
5.3662575196850391
20
-5.1409147244094484
11
5.3626128740157482
21
-5.1354601181102364
0
LINE
8
BLACK
6
CONTINUOUS
10
5.3626128740157482
20
-5.1354601181102364
11
5.3601024015748031
21
-5.1293992913385829
0
LINE
8
BLACK
6
CONTINUOUS
10
5.3601024015748031
20
-5.1293992913385829
11
5.3588225590551177
21
-5.1229651574803148
0
LINE
8
BLACK
6
CONTINUOUS
10
5.3588225590551177
20
-5.1229651574803148
11
5.3588225590551177
21
-5.1164049212598428
0
LINE
8
BLACK
6
CONTINUOUS
10
5.3588225590551177
20
-5.1164049212598428
11
5.3601024015748031
21
-5.1099707874015747
0
LINE
8
BLACK
6
CONTINUOUS
10
5.3601024015748031
20
-5.1099707874015747
11
5.3626128740157482
21
-5.1039099606299212
0
LINE
8
BLACK
6
CONTINUOUS
10
5.3626128740157482
20
-5.1039099606299212
11
5.3662575196850391
21
-5.0984553543307083
0
LINE
8
BLACK
6
CONTINUOUS
10
5.3662575196850391
20
-5.0984553543307083
11
5.3708962992125979
21
-5.0938165748031494
0
LINE
8
BLACK
6
CONTINUOUS
10
5.3708962992125979
20
-5.0938165748031494
11
5.3763509055118108
21
-5.0901719291338585
0
LINE
8
BLACK
6
CONTINUOUS
10
5.3763509055118108
20
-5.0901719291338585
11
5.3824117322834644
21
-5.0876614566929135
0
LINE
8
BLACK
6
CONTINUOUS
10
5.3824117322834644
20
-5.0876614566929135
11
5.3888458661417324
21
-5.0863816141732281
0
LINE
8
BLACK
6
CONTINUOUS
10
5.3888458661417324
20
-5.0863816141732281
11
5.3954061023622044
21
-5.0863816141732281
0
LINE
8
BLACK
6
CONTINUOUS
10
5.3954061023622044
20
-5.0863816141732281
11
5.4018402362204725
21
-5.0876614566929135
0
LINE
8
BLACK
6
CONTINUOUS
10
5.5018402362204721
20
-5.0876614566929135
11
5.5079010629921257
21
-5.0901719291338585
0
LINE
8
BLACK
6
CONTINUOUS
10
5.5079010629921257
20
-5.0901719291338585
11
5.5133556692913386
21
-5.0938165748031494
0
LINE
8
BLACK
6
CONTINUOUS
10
5.5133556692913386
20
-5.0938165748031494
11
5.5179944488188974
21
-5.0984553543307083
0
LINE
8
BLACK
6
CONTINUOUS
10
5.5179944488188974
20
-5.0984553543307083
11
5.5216390944881892
21
-5.1039099606299212
0
LINE
8
BLACK
6
CONTINUOUS
10
5.5216390944881892
20
-5.1039099606299212
11
5.5241495669291334
21
-5.1099707874015747
0
LINE
8
BLACK
6
CONTINUOUS
10
5.5241495669291334
20
-5.1099707874015747
11
5.5254294094488188
21
-5.1164049212598428
0
LINE
8
BLACK
6
CONTINUOUS
10
5.5254294094488188
20
-5.1164049212598428
11
5.5254294094488188
21
-5.1229651574803148
0
LINE
8
BLACK
6
CONTINUOUS
10
5.5254294094488188
20
-5.1229651574803148
11
5.5241495669291334
21
-5.1293992913385829
0
LINE
8
BLACK
6
CONTINUOUS
10
5.5241495669291334
20
-5.1293992913385829
11
5.5216390944881892
21
-5.1354601181102364
0
LINE
8
BLACK
6
CONTINUOUS
10
5.5216390944881892
20
-5.1354601181102364
11
5.5179944488188974
21
-5.1409147244094484
0
LINE
8
BLACK
6
CONTINUOUS
10
5.5179944488188974
20
-5.1409147244094484
11
5.5133556692913386
21
-5.1455535039370082
0
LINE
8
BLACK
6
CONTINUOUS
10
5.5133556692913386
20
-5.1455535039370082
11
5.5079010629921257
21
-5.1491981496062991
0
LINE
8
BLACK
6
CONTINUOUS
10
5.5079010629921257
20
-5.1491981496062991
11
5.5018402362204721
21
-5.1517086220472441
0
LINE
8
BLACK
6
CONTINUOUS
10
5.5018402362204721
20
-5.1517086220472441
11
5.4954061023622049
21
-5.1529884645669286
0
LINE
8
BLACK
6
CONTINUOUS
10
5.4954061023622049
20
-5.1529884645669286
11
5.4888458661417321
21
-5.1529884645669286
0
LINE
8
BLACK
6
CONTINUOUS
10
5.4888458661417321
20
-5.1529884645669286
11
5.482411732283464
21
-5.1517086220472441
0
LINE
8
BLACK
6
CONTINUOUS
10
5.482411732283464
20
-5.1517086220472441
11
5.4763509055118105
21
-5.1491981496062991
0
LINE
8
BLACK
6
CONTINUOUS
10
5.4763509055118105
20
-5.1491981496062991
11
5.4708962992125985
21
-5.1455535039370082
0
LINE
8
BLACK
6
CONTINUOUS
10
5.4708962992125985
20
-5.1455535039370082
11
5.4662575196850396
21
-5.1409147244094484
0
LINE
8
BLACK
6
CONTINUOUS
10
5.4662575196850396
20
-5.1409147244094484
11
5.4626128740157478
21
-5.1354601181102364
0
LINE
8
BLACK
6
CONTINUOUS
10
5.4626128740157478
20
-5.1354601181102364
11
5.4601024015748028
21
-5.1293992913385829
0
LINE
8
BLACK
6
CONTINUOUS
10
5.4601024015748028
20
-5.1293992913385829
11
5.4588225590551183
21
-5.1229651574803148
0
LINE
8
BLACK
6
CONTINUOUS
10
5.4588225590551183
20
-5.1229651574803148
11
5.4588225590551183
21
-5.1164049212598428
0
LINE
8
BLACK
6
CONTINUOUS
10
5.4588225590551183
20
-5.1164049212598428
11
5.4601024015748028
21
-5.1099707874015747
0
LINE
8
BLACK
6
CONTINUOUS
10
5.4601024015748028
20
-5.1099707874015747
11
5.4626128740157478
21
-5.1039099606299212
0
LINE
8
BLACK
6
CONTINUOUS
10
5.4626128740157478
20
-5.1039099606299212
11
5.4662575196850396
21
-5.0984553543307083
0
LINE
8
BLACK
6
CONTINUOUS
10
5.4662575196850396
20
-5.0984553543307083
11
5.4708962992125985
21
-5.0938165748031494
0
LINE
8
BLACK
6
CONTINUOUS
10
5.4708962992125985
20
-5.0938165748031494
11
5.4763509055118105
21
-5.0901719291338585
0
LINE
8
BLACK
6
CONTINUOUS
10
5.4763509055118105
20
-5.0901719291338585
11
5.482411732283464
21
-5.0876614566929135
0
LINE
8
BLACK
6
CONTINUOUS
10
5.482411732283464
20
-5.0876614566929135
11
5.4888458661417321
21
-5.0863816141732281
0
LINE
8
BLACK
6
CONTINUOUS
10
5.4888458661417321
20
-5.0863816141732281
11
5.4954061023622049
21
-5.0863816141732281
0
LINE
8
BLACK
6
CONTINUOUS
10
5.4954061023622049
20
-5.0863816141732281
11
5.5018402362204721
21
-5.0876614566929135
0
LINE
8
BLACK
6
CONTINUOUS
10
5.4018402362204725
20
-4.9876614566929129
11
5.407901062992126
21
-4.990171929133858
0
LINE
8
BLACK
6
CONTINUOUS
10
5.407901062992126
20
-4.990171929133858
11
5.413355669291338
21
-4.9938165748031498
0
LINE
8
BLACK
6
CONTINUOUS
10
5.413355669291338
20
-4.9938165748031498
11
5.4179944488188978
21
-4.9984553543307086
0
LINE
8
BLACK
6
CONTINUOUS
10
5.4179944488188978
20
-4.9984553543307086
11
5.4216390944881887
21
-5.0039099606299215
0
LINE
8
BLACK
6
CONTINUOUS
10
5.4216390944881887
20
-5.0039099606299215
11
5.4241495669291337
21
-5.0099707874015751
0
LINE
8
BLACK
6
CONTINUOUS
10
5.4241495669291337
20
-5.0099707874015751
11
5.4254294094488191
21
-5.0164049212598423
0
LINE
8
BLACK
6
CONTINUOUS
10
5.4254294094488191
20
-5.0164049212598423
11
5.4254294094488191
21
-5.0229651574803151
0
LINE
8
BLACK
6
CONTINUOUS
10
5.4254294094488191
20
-5.0229651574803151
11
5.4241495669291337
21
-5.0293992913385823
0
LINE
8
BLACK
6
CONTINUOUS
10
5.4241495669291337
20
-5.0293992913385823
11
5.4216390944881887
21
-5.0354601181102359
0
LINE
8
BLACK
6
CONTINUOUS
10
5.4216390944881887
20
-5.0354601181102359
11
5.4179944488188978
21
-5.0409147244094488
0
LINE
8
BLACK
6
CONTINUOUS
10
5.4179944488188978
20
-5.0409147244094488
11
5.413355669291338
21
-5.0455535039370076
0
LINE
8
BLACK
6
CONTINUOUS
10
5.413355669291338
20
-5.0455535039370076
11
5.407901062992126
21
-5.0491981496062994
0
LINE
8
BLACK
6
CONTINUOUS
10
5.407901062992126
20
-5.0491981496062994
11
5.4018402362204725
21
-5.0517086220472436
0
LINE
8
BLACK
6
CONTINUOUS
10
5.4018402362204725
20
-5.0517086220472436
11
5.3954061023622044
21
-5.052988464566929
0
LINE
8
BLACK
6
CONTINUOUS
10
5.3954061023622044
20
-5.052988464566929
11
5.3888458661417324
21
-5.052988464566929
0
LINE
8
BLACK
6
CONTINUOUS
10
5.3888458661417324
20
-5.052988464566929
11
5.3824117322834644
21
-5.0517086220472436
0
LINE
8
BLACK
6
CONTINUOUS
10
5.3824117322834644
20
-5.0517086220472436
11
5.3763509055118108
21
-5.0491981496062994
0
LINE
8
BLACK
6
CONTINUOUS
10
5.3763509055118108
20
-5.0491981496062994
11
5.3708962992125979
21
-5.0455535039370076
0
LINE
8
BLACK
6
CONTINUOUS
10
5.3708962992125979
20
-5.0455535039370076
11
5.3662575196850391
21
-5.0409147244094488
0
LINE
8
BLACK
6
CONTINUOUS
10
5.3662575196850391
20
-5.0409147244094488
11
5.3626128740157482
21
-5.0354601181102359
0
LINE
8
BLACK
6
CONTINUOUS
10
5.3626128740157482
20
-5.0354601181102359
11
5.3601024015748031
21
-5.0293992913385823
0
LINE
8
BLACK
6
CONTINUOUS
10
5.3601024015748031
20
-5.0293992913385823
11
5.3588225590551177
21
-5.0229651574803151
0
LINE
8
BLACK
6
CONTINUOUS
10
5.3588225590551177
20
-5.0229651574803151
11
5.3588225590551177
21
-5.0164049212598423
0
LINE
8
BLACK
6
CONTINUOUS
10
5.3588225590551177
20
-5.0164049212598423
11
5.3601024015748031
21
-5.0099707874015751
0
LINE
8
BLACK
6
CONTINUOUS
10
5.3601024015748031
20
-5.0099707874015751
11
5.3626128740157482
21
-5.0039099606299215
0
LINE
8
BLACK
6
CONTINUOUS
10
5.3626128740157482
20
-5.0039099606299215
11
5.3662575196850391
21
-4.9984553543307086
0
LINE
8
BLACK
6
CONTINUOUS
10
5.3662575196850391
20
-4.9984553543307086
11
5.3708962992125979
21
-4.9938165748031498
0
LINE
8
BLACK
6
CONTINUOUS
10
5.3708962992125979
20
-4.9938165748031498
11
5.3763509055118108
21
-4.990171929133858
0
LINE
8
BLACK
6
CONTINUOUS
10
5.3763509055118108
20
-4.990171929133858
11
5.3824117322834644
21
-4.9876614566929129
0
LINE
8
BLACK
6
CONTINUOUS
10
5.3824117322834644
20
-4.9876614566929129
11
5.3888458661417324
21
-4.9863816141732284
0
LINE
8
BLACK
6
CONTINUOUS
10
5.3888458661417324
20
-4.9863816141732284
11
5.3954061023622044
21
-4.9863816141732284
0
LINE
8
BLACK
6
CONTINUOUS
10
5.3954061023622044
20
-4.9863816141732284
11
5.4018402362204725
21
-4.9876614566929129
0
LINE
8
BLACK
6
CONTINUOUS
10
5.5018402362204721
20
-4.9876614566929129
11
5.5079010629921257
21
-4.990171929133858
0
LINE
8
BLACK
6
CONTINUOUS
10
5.5079010629921257
20
-4.990171929133858
11
5.5133556692913386
21
-4.9938165748031498
0
LINE
8
BLACK
6
CONTINUOUS
10
5.5133556692913386
20
-4.9938165748031498
11
5.5179944488188974
21
-4.9984553543307086
0
LINE
8
BLACK
6
CONTINUOUS
10
5.5179944488188974
20
-4.9984553543307086
11
5.5216390944881892
21
-5.0039099606299215
0
LINE
8
BLACK
6
CONTINUOUS
10
5.5216390944881892
20
-5.0039099606299215
11
5.5241495669291334
21
-5.0099707874015751
0
LINE
8
BLACK
6
CONTINUOUS
10
5.5241495669291334
20
-5.0099707874015751
11
5.5254294094488188
21
-5.0164049212598423
0
LINE
8
BLACK
6
CONTINUOUS
10
5.5254294094488188
20
-5.0164049212598423
11
5.5254294094488188
21
-5.0229651574803151
0
LINE
8
BLACK
6
CONTINUOUS
10
5.5254294094488188
20
-5.0229651574803151
11
5.5241495669291334
21
-5.0293992913385823
0
LINE
8
BLACK
6
CONTINUOUS
10
5.5241495669291334
20
-5.0293992913385823
11
5.5216390944881892
21
-5.0354601181102359
0
LINE
8
BLACK
6
CONTINUOUS
10
5.5216390944881892
20
-5.0354601181102359
11
5.5179944488188974
21
-5.0409147244094488
0
LINE
8
BLACK
6
CONTINUOUS
10
5.5179944488188974
20
-5.0409147244094488
11
5.5133556692913386
21
-5.0455535039370076
0
LINE
8
BLACK
6
CONTINUOUS
10
5.5133556692913386
20
-5.0455535039370076
11
5.5079010629921257
21
-5.0491981496062994
0
LINE
8
BLACK
6
CONTINUOUS
10
5.5079010629921257
20
-5.0491981496062994
11
5.5018402362204721
21
-5.0517086220472436
0
LINE
8
BLACK
6
CONTINUOUS
10
5.5018402362204721
20
-5.0517086220472436
11
5.4954061023622049
21
-5.052988464566929
0
LINE
8
BLACK
6
CONTINUOUS
10
5.4954061023622049
20
-5.052988464566929
11
5.4888458661417321
21
-5.052988464566929
0
LINE
8
BLACK
6
CONTINUOUS
10
5.4888458661417321
20
-5.052988464566929
11
5.482411732283464
21
-5.0517086220472436
0
LINE
8
BLACK
6
CONTINUOUS
10
5.482411732283464
20
-5.0517086220472436
11
5.4763509055118105
21
-5.0491981496062994
0
LINE
8
BLACK
6
CONTINUOUS
10
5.4763509055118105
20
-5.0491981496062994
11
5.4708962992125985
21
-5.0455535039370076
0
LINE
8
BLACK
6
CONTINUOUS
10
5.4708962992125985
20
-5.0455535039370076
11
5.4662575196850396
21
-5.0409147244094488
0
LINE
8
BLACK
6
CONTINUOUS
10
5.4662575196850396
20
-5.0409147244094488
11
5.4626128740157478
21
-5.0354601181102359
0
LINE
8
BLACK
6
CONTINUOUS
10
5.4626128740157478
20
-5.0354601181102359
11
5.4601024015748028
21
-5.0293992913385823
0
LINE
8
BLACK
6
CONTINUOUS
10
5.4601024015748028
20
-5.0293992913385823
11
5.4588225590551183
21
-5.0229651574803151
0
LINE
8
BLACK
6
CONTINUOUS
10
5.4588225590551183
20
-5.0229651574803151
11
5.4588225590551183
21
-5.0164049212598423
0
LINE
8
BLACK
6
CONTINUOUS
10
5.4588225590551183
20
-5.0164049212598423
11
5.4601024015748028
21
-5.0099707874015751
0
LINE
8
BLACK
6
CONTINUOUS
10
5.4601024015748028
20
-5.0099707874015751
11
5.4626128740157478
21
-5.0039099606299215
0
LINE
8
BLACK
6
CONTINUOUS
10
5.4626128740157478
20
-5.0039099606299215
11
5.4662575196850396
21
-4.9984553543307086
0
LINE
8
BLACK
6
CONTINUOUS
10
5.4662575196850396
20
-4.9984553543307086
11
5.4708962992125985
21
-4.9938165748031498
0
LINE
8
BLACK
6
CONTINUOUS
10
5.4708962992125985
20
-4.9938165748031498
11
5.4763509055118105
21
-4.990171929133858
0
LINE
8
BLACK
6
CONTINUOUS
10
5.4763509055118105
20
-4.990171929133858
11
5.482411732283464
21
-4.9876614566929129
0
LINE
8
BLACK
6
CONTINUOUS
10
5.482411732283464
20
-4.9876614566929129
11
5.4888458661417321
21
-4.9863816141732284
0
LINE
8
BLACK
6
CONTINUOUS
10
5.4888458661417321
20
-4.9863816141732284
11
5.4954061023622049
21
-4.9863816141732284
0
LINE
8
BLACK
6
CONTINUOUS
10
5.4954061023622049
20
-4.9863816141732284
11
5.5018402362204721
21
-4.9876614566929129
0
LINE
8
BLACK
6
CONTINUOUS
10
5.4018402362204725
20
-4.8876614566929133
11
5.407901062992126
21
-4.8901719291338583
0
LINE
8
BLACK
6
CONTINUOUS
10
5.407901062992126
20
-4.8901719291338583
11
5.413355669291338
21
-4.8938165748031492
0
LINE
8
BLACK
6
CONTINUOUS
10
5.413355669291338
20
-4.8938165748031492
11
5.4179944488188978
21
-4.8984553543307081
0
LINE
8
BLACK
6
CONTINUOUS
10
5.4179944488188978
20
-4.8984553543307081
11
5.4216390944881887
21
-4.903909960629921
0
LINE
8
BLACK
6
CONTINUOUS
10
5.4216390944881887
20
-4.903909960629921
11
5.4241495669291337
21
-4.9099707874015746
0
LINE
8
BLACK
6
CONTINUOUS
10
5.4241495669291337
20
-4.9099707874015746
11
5.4254294094488191
21
-4.9164049212598426
0
LINE
8
BLACK
6
CONTINUOUS
10
5.4254294094488191
20
-4.9164049212598426
11
5.4254294094488191
21
-4.9229651574803146
0
LINE
8
BLACK
6
CONTINUOUS
10
5.4254294094488191
20
-4.9229651574803146
11
5.4241495669291337
21
-4.9293992913385827
0
LINE
8
BLACK
6
CONTINUOUS
10
5.4241495669291337
20
-4.9293992913385827
11
5.4216390944881887
21
-4.9354601181102362
0
LINE
8
BLACK
6
CONTINUOUS
10
5.4216390944881887
20
-4.9354601181102362
11
5.4179944488188978
21
-4.9409147244094491
0
LINE
8
BLACK
6
CONTINUOUS
10
5.4179944488188978
20
-4.9409147244094491
11
5.413355669291338
21
-4.945553503937008
0
LINE
8
BLACK
6
CONTINUOUS
10
5.413355669291338
20
-4.945553503937008
11
5.407901062992126
21
-4.9491981496062989
0
LINE
8
BLACK
6
CONTINUOUS
10
5.407901062992126
20
-4.9491981496062989
11
5.4018402362204725
21
-4.9517086220472439
0
LINE
8
BLACK
6
CONTINUOUS
10
5.4018402362204725
20
-4.9517086220472439
11
5.3954061023622044
21
-4.9529884645669293
0
LINE
8
BLACK
6
CONTINUOUS
10
5.3954061023622044
20
-4.9529884645669293
11
5.3888458661417324
21
-4.9529884645669293
0
LINE
8
BLACK
6
CONTINUOUS
10
5.3888458661417324
20
-4.9529884645669293
11
5.3824117322834644
21
-4.9517086220472439
0
LINE
8
BLACK
6
CONTINUOUS
10
5.3824117322834644
20
-4.9517086220472439
11
5.3763509055118108
21
-4.9491981496062989
0
LINE
8
BLACK
6
CONTINUOUS
10
5.3763509055118108
20
-4.9491981496062989
11
5.3708962992125979
21
-4.945553503937008
0
LINE
8
BLACK
6
CONTINUOUS
10
5.3708962992125979
20
-4.945553503937008
11
5.3662575196850391
21
-4.9409147244094491
0
LINE
8
BLACK
6
CONTINUOUS
10
5.3662575196850391
20
-4.9409147244094491
11
5.3626128740157482
21
-4.9354601181102362
0
LINE
8
BLACK
6
CONTINUOUS
10
5.3626128740157482
20
-4.9354601181102362
11
5.3601024015748031
21
-4.9293992913385827
0
LINE
8
BLACK
6
CONTINUOUS
10
5.3601024015748031
20
-4.9293992913385827
11
5.3588225590551177
21
-4.9229651574803146
0
LINE
8
BLACK
6
CONTINUOUS
10
5.3588225590551177
20
-4.9229651574803146
11
5.3588225590551177
21
-4.9164049212598426
0
LINE
8
BLACK
6
CONTINUOUS
10
5.3588225590551177
20
-4.9164049212598426
11
5.3601024015748031
21
-4.9099707874015746
0
LINE
8
BLACK
6
CONTINUOUS
10
5.3601024015748031
20
-4.9099707874015746
11
5.3626128740157482
21
-4.903909960629921
0
LINE
8
BLACK
6
CONTINUOUS
10
5.3626128740157482
20
-4.903909960629921
11
5.3662575196850391
21
-4.8984553543307081
0
LINE
8
BLACK
6
CONTINUOUS
10
5.3662575196850391
20
-4.8984553543307081
11
5.3708962992125979
21
-4.8938165748031492
0
LINE
8
BLACK
6
CONTINUOUS
10
5.3708962992125979
20
-4.8938165748031492
11
5.3763509055118108
21
-4.8901719291338583
0
LINE
8
BLACK
6
CONTINUOUS
10
5.3763509055118108
20
-4.8901719291338583
11
5.3824117322834644
21
-4.8876614566929133
0
LINE
8
BLACK
6
CONTINUOUS
10
5.3824117322834644
20
-4.8876614566929133
11
5.3888458661417324
21
-4.8863816141732279
0
LINE
8
BLACK
6
CONTINUOUS
10
5.3888458661417324
20
-4.8863816141732279
11
5.3954061023622044
21
-4.8863816141732279
0
LINE
8
BLACK
6
CONTINUOUS
10
5.3954061023622044
20
-4.8863816141732279
11
5.4018402362204725
21
-4.8876614566929133
0
LINE
8
BLACK
6
CONTINUOUS
10
5.5018402362204721
20
-4.8876614566929133
11
5.5079010629921257
21
-4.8901719291338583
0
LINE
8
BLACK
6
CONTINUOUS
10
5.5079010629921257
20
-4.8901719291338583
11
5.5133556692913386
21
-4.8938165748031492
0
LINE
8
BLACK
6
CONTINUOUS
10
5.5133556692913386
20
-4.8938165748031492
11
5.5179944488188974
21
-4.8984553543307081
0
LINE
8
BLACK
6
CONTINUOUS
10
5.5179944488188974
20
-4.8984553543307081
11
5.5216390944881892
21
-4.903909960629921
0
LINE
8
BLACK
6
CONTINUOUS
10
5.5216390944881892
20
-4.903909960629921
11
5.5241495669291334
21
-4.9099707874015746
0
LINE
8
BLACK
6
CONTINUOUS
10
5.5241495669291334
20
-4.9099707874015746
11
5.5254294094488188
21
-4.9164049212598426
0
LINE
8
BLACK
6
CONTINUOUS
10
5.5254294094488188
20
-4.9164049212598426
11
5.5254294094488188
21
-4.9229651574803146
0
LINE
8
BLACK
6
CONTINUOUS
10
5.5254294094488188
20
-4.9229651574803146
11
5.5241495669291334
21
-4.9293992913385827
0
LINE
8
BLACK
6
CONTINUOUS
10
5.5241495669291334
20
-4.9293992913385827
11
5.5216390944881892
21
-4.9354601181102362
0
LINE
8
BLACK
6
CONTINUOUS
10
5.5216390944881892
20
-4.9354601181102362
11
5.5179944488188974
21
-4.9409147244094491
0
LINE
8
BLACK
6
CONTINUOUS
10
5.5179944488188974
20
-4.9409147244094491
11
5.5133556692913386
21
-4.945553503937008
0
LINE
8
BLACK
6
CONTINUOUS
10
5.5133556692913386
20
-4.945553503937008
11
5.5079010629921257
21
-4.9491981496062989
0
LINE
8
BLACK
6
CONTINUOUS
10
5.5079010629921257
20
-4.9491981496062989
11
5.5018402362204721
21
-4.9517086220472439
0
LINE
8
BLACK
6
CONTINUOUS
10
5.5018402362204721
20
-4.9517086220472439
11
5.4954061023622049
21
-4.9529884645669293
0
LINE
8
BLACK
6
CONTINUOUS
10
5.4954061023622049
20
-4.9529884645669293
11
5.4888458661417321
21
-4.9529884645669293
0
LINE
8
BLACK
6
CONTINUOUS
10
5.4888458661417321
20
-4.9529884645669293
11
5.482411732283464
21
-4.9517086220472439
0
LINE
8
BLACK
6
CONTINUOUS
10
5.482411732283464
20
-4.9517086220472439
11
5.4763509055118105
21
-4.9491981496062989
0
LINE
8
BLACK
6
CONTINUOUS
10
5.4763509055118105
20
-4.9491981496062989
11
5.4708962992125985
21
-4.945553503937008
0
LINE
8
BLACK
6
CONTINUOUS
10
5.4708962992125985
20
-4.945553503937008
11
5.4662575196850396
21
-4.9409147244094491
0
LINE
8
BLACK
6
CONTINUOUS
10
5.4662575196850396
20
-4.9409147244094491
11
5.4626128740157478
21
-4.9354601181102362
0
LINE
8
BLACK
6
CONTINUOUS
10
5.4626128740157478
20
-4.9354601181102362
11
5.4601024015748028
21
-4.9293992913385827
0
LINE
8
BLACK
6
CONTINUOUS
10
5.4601024015748028
20
-4.9293992913385827
11
5.4588225590551183
21
-4.9229651574803146
0
LINE
8
BLACK
6
CONTINUOUS
10
5.4588225590551183
20
-4.9229651574803146
11
5.4588225590551183
21
-4.9164049212598426
0
LINE
8
BLACK
6
CONTINUOUS
10
5.4588225590551183
20
-4.9164049212598426
11
5.4601024015748028
21
-4.9099707874015746
0
LINE
8
BLACK
6
CONTINUOUS
10
5.4601024015748028
20
-4.9099707874015746
11
5.4626128740157478
21
-4.903909960629921
0
LINE
8
BLACK
6
CONTINUOUS
10
5.4626128740157478
20
-4.903909960629921
11
5.4662575196850396
21
-4.8984553543307081
0
LINE
8
BLACK
6
CONTINUOUS
10
5.4662575196850396
20
-4.8984553543307081
11
5.4708962992125985
21
-4.8938165748031492
0
LINE
8
BLACK
6
CONTINUOUS
10
5.4708962992125985
20
-4.8938165748031492
11
5.4763509055118105
21
-4.8901719291338583
0
LINE
8
BLACK
6
CONTINUOUS
10
5.4763509055118105
20
-4.8901719291338583
11
5.482411732283464
21
-4.8876614566929133
0
LINE
8
BLACK
6
CONTINUOUS
10
5.482411732283464
20
-4.8876614566929133
11
5.4888458661417321
21
-4.8863816141732279
0
LINE
8
BLACK
6
CONTINUOUS
10
5.4888458661417321
20
-4.8863816141732279
11
5.4954061023622049
21
-4.8863816141732279
0
LINE
8
BLACK
6
CONTINUOUS
10
5.4954061023622049
20
-4.8863816141732279
11
5.5018402362204721
21
-4.8876614566929133
0
LINE
8
BLACK
6
CONTINUOUS
10
5.0242049212598427
20
-2.2528675590551179
11
5.0268751181102358
21
-2.254409212598425
0
LINE
8
BLACK
6
CONTINUOUS
10
5.0268751181102358
20
-2.254409212598425
11
5.0290553543307084
21
-2.2565894488188976
0
LINE
8
BLACK
6
CONTINUOUS
10
5.0290553543307084
20
-2.2565894488188976
11
5.0305970078740154
21
-2.2592596456692915
0
LINE
8
BLACK
6
CONTINUOUS
10
5.0305970078740154
20
-2.2592596456692915
11
5.0313949999999998
21
-2.2622378740157481
0
LINE
8
BLACK
6
CONTINUOUS
10
5.0313949999999998
20
-2.2622378740157481
11
5.0313949999999998
21
-2.2643539763779525
0
LINE
8
BLACK
6
CONTINUOUS
10
5.0313949999999998
20
-2.2643539763779525
11
5.2024181496062987
21
-2.4353771259842518
0
LINE
8
BLACK
6
CONTINUOUS
10
5.2024181496062987
20
-2.4353771259842518
11
5.2033974015748035
21
-2.4365703149606297
0
LINE
8
BLACK
6
CONTINUOUS
10
5.2033974015748035
20
-2.4365703149606297
11
5.20457311023622
21
-2.4394087401574804
0
LINE
8
BLACK
6
CONTINUOUS
10
5.20457311023622
20
-2.4394087401574804
11
5.2047244094488185
21
-2.4409448818897639
0
LINE
8
BLACK
6
CONTINUOUS
10
5.2047244094488185
20
-2.4409448818897639
11
5.2047244094488185
21
-4.4849274409448814
0
LINE
8
BLACK
6
CONTINUOUS
10
5.2047244094488185
20
-4.4849274409448814
11
5.2362204724409445
21
-4.5164235039370082
0
LINE
8
BLACK
6
CONTINUOUS
10
5.2362204724409445
20
-4.5164235039370082
11
5.2362204724409445
21
-4.5094488188976376
0
LINE
8
BLACK
6
CONTINUOUS
10
5.2362204724409445
20
-4.5094488188976376
11
5.3543307086614176
21
-4.5094488188976376
0
LINE
8
BLACK
6
CONTINUOUS
10
5.3543307086614176
20
-4.5094488188976376
11
5.3543307086614176
21
-4.548818897637795
0
LINE
8
BLACK
6
CONTINUOUS
10
5.3543307086614176
20
-4.548818897637795
11
5.2362204724409445
21
-4.548818897637795
0
LINE
8
BLACK
6
CONTINUOUS
10
5.2362204724409445
20
-4.548818897637795
11
5.2362204724409445
21
-4.5354330708661417
0
LINE
8
BLACK
6
CONTINUOUS
10
5.2362204724409445
20
-4.5354330708661417
11
5.234684330708661
21
-4.5352817716535432
0
LINE
8
BLACK
6
CONTINUOUS
10
5.234684330708661
20
-4.5352817716535432
11
5.2318459055118112
21
-4.5341060629921257
0
LINE
8
BLACK
6
CONTINUOUS
10
5.2318459055118112
20
-4.5341060629921257
11
5.2306527165354328
21
-4.5331268503937006
0
LINE
8
BLACK
6
CONTINUOUS
10
5.2306527165354328
20
-4.5331268503937006
11
5.1912826377952754
21
-4.4937567322834644
0
LINE
8
BLACK
6
CONTINUOUS
10
5.1912826377952754
20
-4.4937567322834644
11
5.1903033858267715
21
-4.4925635433070861
0
LINE
8
BLACK
6
CONTINUOUS
10
5.1903033858267715
20
-4.4925635433070861
11
5.1891276771653541
21
-4.4897251181102362
0
LINE
8
BLACK
6
CONTINUOUS
10
5.1891276771653541
20
-4.4897251181102362
11
5.1889763779527556
21
-4.4881889763779528
0
LINE
8
BLACK
6
CONTINUOUS
10
5.1889763779527556
20
-4.4881889763779528
11
5.1889763779527556
21
-2.4442063779527556
0
LINE
8
BLACK
6
CONTINUOUS
10
5.1889763779527556
20
-2.4442063779527556
11
5.0202594881889766
21
-2.2754894881889762
0
LINE
8
BLACK
6
CONTINUOUS
10
5.0202594881889766
20
-2.2754894881889762
11
5.0181433858267717
21
-2.2754894881889762
0
LINE
8
BLACK
6
CONTINUOUS
10
5.0181433858267717
20
-2.2754894881889762
11
5.0151651574803147
21
-2.2746914960629923
0
LINE
8
BLACK
6
CONTINUOUS
10
5.0151651574803147
20
-2.2746914960629923
11
5.0124949606299207
21
-2.2731498425196848
0
LINE
8
BLACK
6
CONTINUOUS
10
5.0124949606299207
20
-2.2731498425196848
11
5.010314724409449
21
-2.2709696062992126
0
LINE
8
BLACK
6
CONTINUOUS
10
5.010314724409449
20
-2.2709696062992126
11
5.008773070866142
21
-2.2682994094488187
0
LINE
8
BLACK
6
CONTINUOUS
10
5.008773070866142
20
-2.2682994094488187
11
5.0079750787401576
21
-2.2653211811023621
0
LINE
8
BLACK
6
CONTINUOUS
10
5.0079750787401576
20
-2.2653211811023621
11
5.0079750787401576
21
-2.2622378740157481
0
LINE
8
BLACK
6
CONTINUOUS
10
5.0079750787401576
20
-2.2622378740157481
11
5.008773070866142
21
-2.2592596456692915
0
LINE
8
BLACK
6
CONTINUOUS
10
5.008773070866142
20
-2.2592596456692915
11
5.010314724409449
21
-2.2565894488188976
0
LINE
8
BLACK
6
CONTINUOUS
10
5.010314724409449
20
-2.2565894488188976
11
5.0124949606299207
21
-2.254409212598425
0
LINE
8
BLACK
6
CONTINUOUS
10
5.0124949606299207
20
-2.254409212598425
11
5.0151651574803147
21
-2.2528675590551179
0
LINE
8
BLACK
6
CONTINUOUS
10
5.0151651574803147
20
-2.2528675590551179
11
5.0181433858267717
21
-2.252069566929134
0
LINE
8
BLACK
6
CONTINUOUS
10
5.0181433858267717
20
-2.252069566929134
11
5.0212266929133857
21
-2.252069566929134
0
LINE
8
BLACK
6
CONTINUOUS
10
5.0212266929133857
20
-2.252069566929134
11
5.0242049212598427
21
-2.2528675590551179
0
LINE
8
BLACK
6
CONTINUOUS
10
5.3194805118110233
20
-2.5284581102362202
11
5.3221507086614173
21
-2.5299997637795273
0
LINE
8
BLACK
6
CONTINUOUS
10
5.3221507086614173
20
-2.5299997637795273
11
5.3243309448818898
21
-2.5321799999999999
0
LINE
8
BLACK
6
CONTINUOUS
10
5.3243309448818898
20
-2.5321799999999999
11
5.3258725984251969
21
-2.5348501968503938
0
LINE
8
BLACK
6
CONTINUOUS
10
5.3258725984251969
20
-2.5348501968503938
11
5.3266705905511813
21
-2.5378284251968504
0
LINE
8
BLACK
6
CONTINUOUS
10
5.3266705905511813
20
-2.5378284251968504
11
5.3266705905511813
21
-2.5409117322834645
0
LINE
8
BLACK
6
CONTINUOUS
10
5.3266705905511813
20
-2.5409117322834645
11
5.3258725984251969
21
-2.543889960629921
0
LINE
8
BLACK
6
CONTINUOUS
10
5.3258725984251969
20
-2.543889960629921
11
5.3243309448818898
21
-2.5465601574803149
0
LINE
8
BLACK
6
CONTINUOUS
10
5.3243309448818898
20
-2.5465601574803149
11
5.3228346456692917
21
-2.5480564566929131
0
LINE
8
BLACK
6
CONTINUOUS
10
5.3228346456692917
20
-2.5480564566929131
11
5.3228346456692917
21
-4.1305967322834647
0
LINE
8
BLACK
6
CONTINUOUS
10
5.3228346456692917
20
-4.1305967322834647
11
5.3772772834645668
21
-4.1850393700787398
0
LINE
8
BLACK
6
CONTINUOUS
10
5.3772772834645668
20
-4.1850393700787398
11
5.6496062992125982
21
-4.1850393700787398
0
LINE
8
BLACK
6
CONTINUOUS
10
5.6496062992125982
20
-4.1850393700787398
11
5.6511424409448816
21
-4.1851906692913383
0
LINE
8
BLACK
6
CONTINUOUS
10
5.6511424409448816
20
-4.1851906692913383
11
5.6539808661417323
21
-4.1863663779527558
0
LINE
8
BLACK
6
CONTINUOUS
10
5.6539808661417323
20
-4.1863663779527558
11
5.6551740551181098
21
-4.1873456299212597
0
LINE
8
BLACK
6
CONTINUOUS
10
5.6551740551181098
20
-4.1873456299212597
11
5.7142291732283459
21
-4.2464007086614171
0
LINE
8
BLACK
6
CONTINUOUS
10
5.7142291732283459
20
-4.2464007086614171
11
5.7152084251968507
21
-4.2475939370078741
0
LINE
8
BLACK
6
CONTINUOUS
10
5.7152084251968507
20
-4.2475939370078741
11
5.7163841338582673
21
-4.250432362204724
0
LINE
8
BLACK
6
CONTINUOUS
10
5.7163841338582673
20
-4.250432362204724
11
5.7165354330708658
21
-4.2519685039370074
0
LINE
8
BLACK
6
CONTINUOUS
10
5.7165354330708658
20
-4.2519685039370074
11
5.7165354330708658
21
-4.4881889763779528
0
LINE
8
BLACK
6
CONTINUOUS
10
5.7165354330708658
20
-4.4881889763779528
11
5.7163841338582673
21
-4.4897251181102362
0
LINE
8
BLACK
6
CONTINUOUS
10
5.7163841338582673
20
-4.4897251181102362
11
5.7152084251968507
21
-4.4925635433070861
0
LINE
8
BLACK
6
CONTINUOUS
10
5.7152084251968507
20
-4.4925635433070861
11
5.7142291732283459
21
-4.4937567322834644
0
LINE
8
BLACK
6
CONTINUOUS
10
5.7142291732283459
20
-4.4937567322834644
11
5.6732842913385824
21
-4.5347016141732279
0
LINE
8
BLACK
6
CONTINUOUS
10
5.6732842913385824
20
-4.5347016141732279
11
5.6720911023622049
21
-4.5356808661417318
0
LINE
8
BLACK
6
CONTINUOUS
10
5.6720911023622049
20
-4.5356808661417318
11
5.6692913385826769
21
-4.5368405511811023
0
LINE
8
BLACK
6
CONTINUOUS
10
5.6692913385826769
20
-4.5368405511811023
11
5.6692913385826769
21
-4.548818897637795
0
LINE
8
BLACK
6
CONTINUOUS
10
5.6692913385826769
20
-4.548818897637795
11
5.5511811023622046
21
-4.548818897637795
0
LINE
8
BLACK
6
CONTINUOUS
10
5.5511811023622046
20
-4.548818897637795
11
5.5511811023622046
21
-4.5094488188976376
0
LINE
8
BLACK
6
CONTINUOUS
10
5.5511811023622046
20
-4.5094488188976376
11
5.6692913385826769
21
-4.5094488188976376
0
LINE
8
BLACK
6
CONTINUOUS
10
5.6692913385826769
20
-4.5094488188976376
11
5.6692913385826769
21
-4.516423543307087
0
LINE
8
BLACK
6
CONTINUOUS
10
5.6692913385826769
20
-4.516423543307087
11
5.7007874015748028
21
-4.4849274803149601
0
LINE
8
BLACK
6
CONTINUOUS
10
5.7007874015748028
20
-4.4849274803149601
11
5.7007874015748028
21
-4.2552300000000001
0
LINE
8
BLACK
6
CONTINUOUS
10
5.7007874015748028
20
-4.2552300000000001
11
5.6463448031496064
21
-4.2007874015748028
0
LINE
8
BLACK
6
CONTINUOUS
10
5.6463448031496064
20
-4.2007874015748028
11
5.3740157480314963
21
-4.2007874015748028
0
LINE
8
BLACK
6
CONTINUOUS
10
5.3740157480314963
20
-4.2007874015748028
11
5.3724796062992128
21
-4.2006361023622043
0
LINE
8
BLACK
6
CONTINUOUS
10
5.3724796062992128
20
-4.2006361023622043
11
5.3696411811023621
21
-4.1994603937007877
0
LINE
8
BLACK
6
CONTINUOUS
10
5.3696411811023621
20
-4.1994603937007877
11
5.368447952755905
21
-4.1984811417322829
0
LINE
8
BLACK
6
CONTINUOUS
10
5.368447952755905
20
-4.1984811417322829
11
5.3093928740157477
21
-4.1394260236220468
0
LINE
8
BLACK
6
CONTINUOUS
10
5.3093928740157477
20
-4.1394260236220468
11
5.3084136220472438
21
-4.1382328346456694
0
LINE
8
BLACK
6
CONTINUOUS
10
5.3084136220472438
20
-4.1382328346456694
11
5.3072379133858263
21
-4.1353944094488186
0
LINE
8
BLACK
6
CONTINUOUS
10
5.3072379133858263
20
-4.1353944094488186
11
5.3070866141732278
21
-4.1338582677165352
0
LINE
8
BLACK
6
CONTINUOUS
10
5.3070866141732278
20
-4.1338582677165352
11
5.3070866141732278
21
-2.5480564566929131
0
LINE
8
BLACK
6
CONTINUOUS
10
5.3070866141732278
20
-2.5480564566929131
11
5.3055903149606296
21
-2.5465601574803149
0
LINE
8
BLACK
6
CONTINUOUS
10
5.3055903149606296
20
-2.5465601574803149
11
5.3040486614173226
21
-2.543889960629921
0
LINE
8
BLACK
6
CONTINUOUS
10
5.3040486614173226
20
-2.543889960629921
11
5.3032506692913381
21
-2.5409117322834645
0
LINE
8
BLACK
6
CONTINUOUS
10
5.3032506692913381
20
-2.5409117322834645
11
5.3032506692913381
21
-2.5378284251968504
0
LINE
8
BLACK
6
CONTINUOUS
10
5.3032506692913381
20
-2.5378284251968504
11
5.3040486614173226
21
-2.5348501968503938
0
LINE
8
BLACK
6
CONTINUOUS
10
5.3040486614173226
20
-2.5348501968503938
11
5.3055903149606296
21
-2.5321799999999999
0
LINE
8
BLACK
6
CONTINUOUS
10
5.3055903149606296
20
-2.5321799999999999
11
5.3077705511811022
21
-2.5299997637795273
0
LINE
8
BLACK
6
CONTINUOUS
10
5.3077705511811022
20
-2.5299997637795273
11
5.3104407480314961
21
-2.5284581102362202
0
LINE
8
BLACK
6
CONTINUOUS
10
5.3104407480314961
20
-2.5284581102362202
11
5.3134189763779522
21
-2.5276601181102363
0
LINE
8
BLACK
6
CONTINUOUS
10
5.3134189763779522
20
-2.5276601181102363
11
5.3165022834645672
21
-2.5276601181102363
0
LINE
8
BLACK
6
CONTINUOUS
10
5.3165022834645672
20
-2.5276601181102363
11
5.3194805118110233
21
-2.5284581102362202
0
LINE
8
BLACK
6
CONTINUOUS
10
5.0242049212598427
20
-2.0560171653543309
11
5.0268751181102358
21
-2.0575588188976379
0
LINE
8
BLACK
6
CONTINUOUS
10
5.0268751181102358
20
-2.0575588188976379
11
5.0290553543307084
21
-2.0597390551181101
0
LINE
8
BLACK
6
CONTINUOUS
10
5.0290553543307084
20
-2.0597390551181101
11
5.0305970078740154
21
-2.062409251968504
0
LINE
8
BLACK
6
CONTINUOUS
10
5.0305970078740154
20
-2.062409251968504
11
5.0313949999999998
21
-2.0653874803149606
0
LINE
8
BLACK
6
CONTINUOUS
10
5.0313949999999998
20
-2.0653874803149606
11
5.0313949999999998
21
-2.0675035433070867
0
LINE
8
BLACK
6
CONTINUOUS
10
5.0313949999999998
20
-2.0675035433070867
11
5.2417882677165357
21
-2.2778968110236222
0
LINE
8
BLACK
6
CONTINUOUS
10
5.2417882677165357
20
-2.2778968110236222
11
5.2427674803149609
21
-2.2790900000000001
0
LINE
8
BLACK
6
CONTINUOUS
10
5.2427674803149609
20
-2.2790900000000001
11
5.2439431889763775
21
-2.2819284251968504
0
LINE
8
BLACK
6
CONTINUOUS
10
5.2439431889763775
20
-2.2819284251968504
11
5.2440944881889759
21
-2.2834645669291338
0
LINE
8
BLACK
6
CONTINUOUS
10
5.2440944881889759
20
-2.2834645669291338
11
5.2440944881889759
21
-4.2668172047244095
0
LINE
8
BLACK
6
CONTINUOUS
10
5.2440944881889759
20
-4.2668172047244095
11
5.2867261023622047
21
-4.3094488188976374
0
LINE
8
BLACK
6
CONTINUOUS
10
5.2867261023622047
20
-4.3094488188976374
11
5.3543307086614176
21
-4.3094488188976374
0
LINE
8
BLACK
6
CONTINUOUS
10
5.3543307086614176
20
-4.3094488188976374
11
5.3543307086614176
21
-4.3488188976377948
0
LINE
8
BLACK
6
CONTINUOUS
10
5.3543307086614176
20
-4.3488188976377948
11
5.2362204724409445
21
-4.3488188976377948
0
LINE
8
BLACK
6
CONTINUOUS
10
5.2362204724409445
20
-4.3488188976377948
11
5.2362204724409445
21
-4.3094488188976374
0
LINE
8
BLACK
6
CONTINUOUS
10
5.2362204724409445
20
-4.3094488188976374
11
5.2644549999999999
21
-4.3094488188976374
0
LINE
8
BLACK
6
CONTINUOUS
10
5.2644549999999999
20
-4.3094488188976374
11
5.2306527165354328
21
-4.2756464960629916
0
LINE
8
BLACK
6
CONTINUOUS
10
5.2306527165354328
20
-4.2756464960629916
11
5.2296734645669289
21
-4.2744533070866142
0
LINE
8
BLACK
6
CONTINUOUS
10
5.2296734645669289
20
-4.2744533070866142
11
5.2284977559055115
21
-4.2716148818897635
0
LINE
8
BLACK
6
CONTINUOUS
10
5.2284977559055115
20
-4.2716148818897635
11
5.228346456692913
21
-4.27007874015748
0
LINE
8
BLACK
6
CONTINUOUS
10
5.228346456692913
20
-4.27007874015748
11
5.228346456692913
21
-2.286726062992126
0
LINE
8
BLACK
6
CONTINUOUS
10
5.228346456692913
20
-2.286726062992126
11
5.0202594881889766
21
-2.0786390944881887
0
LINE
8
BLACK
6
CONTINUOUS
10
5.0202594881889766
20
-2.0786390944881887
11
5.0181433858267717
21
-2.0786390944881887
0
LINE
8
BLACK
6
CONTINUOUS
10
5.0181433858267717
20
-2.0786390944881887
11
5.0151651574803147
21
-2.0778411023622048
0
LINE
8
BLACK
6
CONTINUOUS
10
5.0151651574803147
20
-2.0778411023622048
11
5.0124949606299207
21
-2.0762994488188977
0
LINE
8
BLACK
6
CONTINUOUS
10
5.0124949606299207
20
-2.0762994488188977
11
5.010314724409449
21
-2.0741192125984251
0
LINE
8
BLACK
6
CONTINUOUS
10
5.010314724409449
20
-2.0741192125984251
11
5.008773070866142
21
-2.0714490157480316
0
LINE
8
BLACK
6
CONTINUOUS
10
5.008773070866142
20
-2.0714490157480316
11
5.0079750787401576
21
-2.0684707874015746
0
LINE
8
BLACK
6
CONTINUOUS
10
5.0079750787401576
20
-2.0684707874015746
11
5.0079750787401576
21
-2.0653874803149606
0
LINE
8
BLACK
6
CONTINUOUS
10
5.0079750787401576
20
-2.0653874803149606
11
5.008773070866142
21
-2.062409251968504
0
LINE
8
BLACK
6
CONTINUOUS
10
5.008773070866142
20
-2.062409251968504
11
5.010314724409449
21
-2.0597390551181101
0
LINE
8
BLACK
6
CONTINUOUS
10
5.010314724409449
20
-2.0597390551181101
11
5.0124949606299207
21
-2.0575588188976379
0
LINE
8
BLACK
6
CONTINUOUS
10
5.0124949606299207
20
-2.0575588188976379
11
5.0151651574803147
21
-2.0560171653543309
0
LINE
8
BLACK
6
CONTINUOUS
10
5.0151651574803147
20
-2.0560171653543309
11
5.0181433858267717
21
-2.0552191732283465
0
LINE
8
BLACK
6
CONTINUOUS
10
5.0181433858267717
20
-2.0552191732283465
11
5.0212266929133857
21
-2.0552191732283465
0
LINE
8
BLACK
6
CONTINUOUS
10
5.0212266929133857
20
-2.0552191732283465
11
5.0242049212598427
21
-2.0560171653543309
0
LINE
8
BLACK
6
CONTINUOUS
10
5.2801104330708659
20
-2.4890880314960628
11
5.2827806299212599
21
-2.4906296850393699
0
LINE
8
BLACK
6
CONTINUOUS
10
5.2827806299212599
20
-2.4906296850393699
11
5.2849608661417324
21
-2.4928099212598425
0
LINE
8
BLACK
6
CONTINUOUS
10
5.2849608661417324
20
-2.4928099212598425
11
5.2865025196850395
21
-2.495480118110236
0
LINE
8
BLACK
6
CONTINUOUS
10
5.2865025196850395
20
-2.495480118110236
11
5.2873005118110239
21
-2.498458346456693
0
LINE
8
BLACK
6
CONTINUOUS
10
5.2873005118110239
20
-2.498458346456693
11
5.2873005118110239
21
-2.501541653543307
0
LINE
8
BLACK
6
CONTINUOUS
10
5.2873005118110239
20
-2.501541653543307
11
5.2865025196850395
21
-2.5045198818897636
0
LINE
8
BLACK
6
CONTINUOUS
10
5.2865025196850395
20
-2.5045198818897636
11
5.2849608661417324
21
-2.5071900787401575
0
LINE
8
BLACK
6
CONTINUOUS
10
5.2849608661417324
20
-2.5071900787401575
11
5.2834645669291334
21
-2.5086863779527557
0
LINE
8
BLACK
6
CONTINUOUS
10
5.2834645669291334
20
-2.5086863779527557
11
5.2834645669291334
21
-4.1896518503937008
0
LINE
8
BLACK
6
CONTINUOUS
10
5.2834645669291334
20
-4.1896518503937008
11
5.3379072047244094
21
-4.2440944881889759
0
LINE
8
BLACK
6
CONTINUOUS
10
5.3379072047244094
20
-4.2440944881889759
11
5.533070866141732
21
-4.2440944881889759
0
LINE
8
BLACK
6
CONTINUOUS
10
5.533070866141732
20
-4.2440944881889759
11
5.5346070078740155
21
-4.2442457874015744
0
LINE
8
BLACK
6
CONTINUOUS
10
5.5346070078740155
20
-4.2442457874015744
11
5.5374454330708662
21
-4.2454214960629919
0
LINE
8
BLACK
6
CONTINUOUS
10
5.5374454330708662
20
-4.2454214960629919
11
5.5386386220472437
21
-4.2464007480314958
0
LINE
8
BLACK
6
CONTINUOUS
10
5.5386386220472437
20
-4.2464007480314958
11
5.601686732283464
21
-4.3094488188976374
0
LINE
8
BLACK
6
CONTINUOUS
10
5.601686732283464
20
-4.3094488188976374
11
5.6692913385826769
21
-4.3094488188976374
0
LINE
8
BLACK
6
CONTINUOUS
10
5.6692913385826769
20
-4.3094488188976374
11
5.6692913385826769
21
-4.3488188976377948
0
LINE
8
BLACK
6
CONTINUOUS
10
5.6692913385826769
20
-4.3488188976377948
11
5.5511811023622046
21
-4.3488188976377948
0
LINE
8
BLACK
6
CONTINUOUS
10
5.5511811023622046
20
-4.3488188976377948
11
5.5511811023622046
21
-4.3094488188976374
0
LINE
8
BLACK
6
CONTINUOUS
10
5.5511811023622046
20
-4.3094488188976374
11
5.5794156299212601
21
-4.3094488188976374
0
LINE
8
BLACK
6
CONTINUOUS
10
5.5794156299212601
20
-4.3094488188976374
11
5.5298093700787403
21
-4.2598425196850389
0
LINE
8
BLACK
6
CONTINUOUS
10
5.5298093700787403
20
-4.2598425196850389
11
5.3346456692913389
21
-4.2598425196850389
0
LINE
8
BLACK
6
CONTINUOUS
10
5.3346456692913389
20
-4.2598425196850389
11
5.3331095275590554
21
-4.2596912204724404
0
LINE
8
BLACK
6
CONTINUOUS
10
5.3331095275590554
20
-4.2596912204724404
11
5.3302711023622047
21
-4.2585155118110238
0
LINE
8
BLACK
6
CONTINUOUS
10
5.3302711023622047
20
-4.2585155118110238
11
5.3290778740157476
21
-4.2575362598425199
0
LINE
8
BLACK
6
CONTINUOUS
10
5.3290778740157476
20
-4.2575362598425199
11
5.2700227952755903
21
-4.1984811417322829
0
LINE
8
BLACK
6
CONTINUOUS
10
5.2700227952755903
20
-4.1984811417322829
11
5.2690435433070864
21
-4.1972879527559055
0
LINE
8
BLACK
6
CONTINUOUS
10
5.2690435433070864
20
-4.1972879527559055
11
5.2678678346456689
21
-4.1944495275590548
0
LINE
8
BLACK
6
CONTINUOUS
10
5.2678678346456689
20
-4.1944495275590548
11
5.2677165354330704
21
-4.1929133858267713
0
LINE
8
BLACK
6
CONTINUOUS
10
5.2677165354330704
20
-4.1929133858267713
11
5.2677165354330704
21
-2.5086863779527557
0
LINE
8
BLACK
6
CONTINUOUS
10
5.2677165354330704
20
-2.5086863779527557
11
5.2662202362204722
21
-2.5071900787401575
0
LINE
8
BLACK
6
CONTINUOUS
10
5.2662202362204722
20
-2.5071900787401575
11
5.2646785826771652
21
-2.5045198818897636
0
LINE
8
BLACK
6
CONTINUOUS
10
5.2646785826771652
20
-2.5045198818897636
11
5.2638805905511807
21
-2.501541653543307
0
LINE
8
BLACK
6
CONTINUOUS
10
5.2638805905511807
20
-2.501541653543307
11
5.2638805905511807
21
-2.498458346456693
0
LINE
8
BLACK
6
CONTINUOUS
10
5.2638805905511807
20
-2.498458346456693
11
5.2646785826771652
21
-2.495480118110236
0
LINE
8
BLACK
6
CONTINUOUS
10
5.2646785826771652
20
-2.495480118110236
11
5.2662202362204722
21
-2.4928099212598425
0
LINE
8
BLACK
6
CONTINUOUS
10
5.2662202362204722
20
-2.4928099212598425
11
5.2684004724409448
21
-2.4906296850393699
0
LINE
8
BLACK
6
CONTINUOUS
10
5.2684004724409448
20
-2.4906296850393699
11
5.2710706692913387
21
-2.4890880314960628
0
LINE
8
BLACK
6
CONTINUOUS
10
5.2710706692913387
20
-2.4890880314960628
11
5.2740488976377948
21
-2.4882900393700789
0
LINE
8
BLACK
6
CONTINUOUS
10
5.2740488976377948
20
-2.4882900393700789
11
5.2771322047244089
21
-2.4882900393700789
0
LINE
8
BLACK
6
CONTINUOUS
10
5.2771322047244089
20
-2.4882900393700789
11
5.2801104330708659
21
-2.4890880314960628
0
LINE
8
BLACK
6
CONTINUOUS
10
5.0242049212598427
20
-2.1544423622047244
11
5.0268751181102358
21
-2.1559840157480314
0
LINE
8
BLACK
6
CONTINUOUS
10
5.0268751181102358
20
-2.1559840157480314
11
5.0290553543307084
21
-2.158164251968504
0
LINE
8
BLACK
6
CONTINUOUS
10
5.0290553543307084
20
-2.158164251968504
11
5.0305970078740154
21
-2.1608344488188975
0
LINE
8
BLACK
6
CONTINUOUS
10
5.0305970078740154
20
-2.1608344488188975
11
5.0313949999999998
21
-2.1638126771653541
0
LINE
8
BLACK
6
CONTINUOUS
10
5.0313949999999998
20
-2.1638126771653541
11
5.0313949999999998
21
-2.1668959842519686
0
LINE
8
BLACK
6
CONTINUOUS
10
5.0313949999999998
20
-2.1668959842519686
11
5.0305970078740154
21
-2.1698742125984252
0
LINE
8
BLACK
6
CONTINUOUS
10
5.0305970078740154
20
-2.1698742125984252
11
5.0290553543307084
21
-2.1725444094488187
0
LINE
8
BLACK
6
CONTINUOUS
10
5.0290553543307084
20
-2.1725444094488187
11
5.0268751181102358
21
-2.1747246456692912
0
LINE
8
BLACK
6
CONTINUOUS
10
5.0268751181102358
20
-2.1747246456692912
11
5.0242049212598427
21
-2.1762662992125983
0
LINE
8
BLACK
6
CONTINUOUS
10
5.0242049212598427
20
-2.1762662992125983
11
5.0212266929133857
21
-2.1770642913385827
0
LINE
8
BLACK
6
CONTINUOUS
10
5.0212266929133857
20
-2.1770642913385827
11
5.0191106299212596
21
-2.1770642913385827
0
LINE
8
BLACK
6
CONTINUOUS
10
5.0191106299212596
20
-2.1770642913385827
11
4.9881889763779528
21
-2.2079859055118112
0
LINE
8
BLACK
6
CONTINUOUS
10
4.9881889763779528
20
-2.2079859055118112
11
4.9881889763779528
21
-2.3983132677165355
0
LINE
8
BLACK
6
CONTINUOUS
10
4.9881889763779528
20
-2.3983132677165355
11
5.1175358267716531
21
-2.5276601181102363
0
LINE
8
BLACK
6
CONTINUOUS
10
5.1175358267716531
20
-2.5276601181102363
11
5.1196518897637793
21
-2.5276601181102363
0
LINE
8
BLACK
6
CONTINUOUS
10
5.1196518897637793
20
-2.5276601181102363
11
5.1226301181102363
21
-2.5284581102362202
0
LINE
8
BLACK
6
CONTINUOUS
10
5.1226301181102363
20
-2.5284581102362202
11
5.1253003149606302
21
-2.5299997637795273
0
LINE
8
BLACK
6
CONTINUOUS
10
5.1253003149606302
20
-2.5299997637795273
11
5.1274805511811019
21
-2.5321799999999999
0
LINE
8
BLACK
6
CONTINUOUS
10
5.1274805511811019
20
-2.5321799999999999
11
5.129022204724409
21
-2.5348501968503938
0
LINE
8
BLACK
6
CONTINUOUS
10
5.129022204724409
20
-2.5348501968503938
11
5.1298201968503934
21
-2.5378284251968504
0
LINE
8
BLACK
6
CONTINUOUS
10
5.1298201968503934
20
-2.5378284251968504
11
5.1298201968503934
21
-2.5409117322834645
0
LINE
8
BLACK
6
CONTINUOUS
10
5.1298201968503934
20
-2.5409117322834645
11
5.129022204724409
21
-2.543889960629921
0
LINE
8
BLACK
6
CONTINUOUS
10
5.129022204724409
20
-2.543889960629921
11
5.1274805511811019
21
-2.5465601574803149
0
LINE
8
BLACK
6
CONTINUOUS
10
5.1274805511811019
20
-2.5465601574803149
11
5.1253003149606302
21
-2.5487403937007875
0
LINE
8
BLACK
6
CONTINUOUS
10
5.1253003149606302
20
-2.5487403937007875
11
5.1226301181102363
21
-2.5502820472440946
0
LINE
8
BLACK
6
CONTINUOUS
10
5.1226301181102363
20
-2.5502820472440946
11
5.1196518897637793
21
-2.5510800393700785
0
LINE
8
BLACK
6
CONTINUOUS
10
5.1196518897637793
20
-2.5510800393700785
11
5.1165685826771652
21
-2.5510800393700785
0
LINE
8
BLACK
6
CONTINUOUS
10
5.1165685826771652
20
-2.5510800393700785
11
5.1135903543307082
21
-2.5502820472440946
0
LINE
8
BLACK
6
CONTINUOUS
10
5.1135903543307082
20
-2.5502820472440946
11
5.1109201574803151
21
-2.5487403937007875
0
LINE
8
BLACK
6
CONTINUOUS
10
5.1109201574803151
20
-2.5487403937007875
11
5.1087399212598426
21
-2.5465601574803149
0
LINE
8
BLACK
6
CONTINUOUS
10
5.1087399212598426
20
-2.5465601574803149
11
5.1071982677165355
21
-2.543889960629921
0
LINE
8
BLACK
6
CONTINUOUS
10
5.1071982677165355
20
-2.543889960629921
11
5.1064002755905511
21
-2.5409117322834645
0
LINE
8
BLACK
6
CONTINUOUS
10
5.1064002755905511
20
-2.5409117322834645
11
5.1064002755905511
21
-2.53879562992126
0
LINE
8
BLACK
6
CONTINUOUS
10
5.1064002755905511
20
-2.53879562992126
11
4.9747472047244097
21
-2.4071425590551181
0
LINE
8
BLACK
6
CONTINUOUS
10
4.9747472047244097
20
-2.4071425590551181
11
4.9737679527559058
21
-2.4059493700787402
0
LINE
8
BLACK
6
CONTINUOUS
10
4.9737679527559058
20
-2.4059493700787402
11
4.9725922440944883
21
-2.4031109448818899
0
LINE
8
BLACK
6
CONTINUOUS
10
4.9725922440944883
20
-2.4031109448818899
11
4.9724409448818898
21
-2.401574803149606
0
LINE
8
BLACK
6
CONTINUOUS
10
4.9724409448818898
20
-2.401574803149606
11
4.9724409448818898
21
-2.204724409448819
0
LINE
8
BLACK
6
CONTINUOUS
10
4.9724409448818898
20
-2.204724409448819
11
4.9725922440944883
21
-2.2031882677165355
0
LINE
8
BLACK
6
CONTINUOUS
10
4.9725922440944883
20
-2.2031882677165355
11
4.9737679527559058
21
-2.2003498425196848
0
LINE
8
BLACK
6
CONTINUOUS
10
4.9737679527559058
20
-2.2003498425196848
11
4.9747472047244097
21
-2.1991566535433069
0
LINE
8
BLACK
6
CONTINUOUS
10
4.9747472047244097
20
-2.1991566535433069
11
5.0079750787401576
21
-2.1659287401574803
0
LINE
8
BLACK
6
CONTINUOUS
10
5.0079750787401576
20
-2.1659287401574803
11
5.0079750787401576
21
-2.1638126771653541
0
LINE
8
BLACK
6
CONTINUOUS
10
5.0079750787401576
20
-2.1638126771653541
11
5.008773070866142
21
-2.1608344488188975
0
LINE
8
BLACK
6
CONTINUOUS
10
5.008773070866142
20
-2.1608344488188975
11
5.010314724409449
21
-2.158164251968504
0
LINE
8
BLACK
6
CONTINUOUS
10
5.010314724409449
20
-2.158164251968504
11
5.0124949606299207
21
-2.1559840157480314
0
LINE
8
BLACK
6
CONTINUOUS
10
5.0124949606299207
20
-2.1559840157480314
11
5.0151651574803147
21
-2.1544423622047244
0
LINE
8
BLACK
6
CONTINUOUS
10
5.0151651574803147
20
-2.1544423622047244
11
5.0181433858267717
21
-2.15364437007874
0
LINE
8
BLACK
6
CONTINUOUS
10
5.0181433858267717
20
-2.15364437007874
11
5.0212266929133857
21
-2.15364437007874
0
LINE
8
BLACK
6
CONTINUOUS
10
5.0212266929133857
20
-2.15364437007874
11
5.0242049212598427
21
-2.1544423622047244
0
LINE
8
BLACK
6
CONTINUOUS
10
5.0242049212598427
20
-2.3512927559055119
11
5.0268751181102358
21
-2.3528344094488189
0
LINE
8
BLACK
6
CONTINUOUS
10
5.0268751181102358
20
-2.3528344094488189
11
5.0290553543307084
21
-2.3550146456692911
0
LINE
8
BLACK
6
CONTINUOUS
10
5.0290553543307084
20
-2.3550146456692911
11
5.0305970078740154
21
-2.357684842519685
0
LINE
8
BLACK
6
CONTINUOUS
10
5.0305970078740154
20
-2.357684842519685
11
5.0313949999999998
21
-2.3606630708661416
0
LINE
8
BLACK
6
CONTINUOUS
10
5.0313949999999998
20
-2.3606630708661416
11
5.0313949999999998
21
-2.3627791338582678
0
LINE
8
BLACK
6
CONTINUOUS
10
5.0313949999999998
20
-2.3627791338582678
11
5.1569059055118105
21
-2.4882900393700789
0
LINE
8
BLACK
6
CONTINUOUS
10
5.1569059055118105
20
-2.4882900393700789
11
5.1590219685039367
21
-2.4882900393700789
0
LINE
8
BLACK
6
CONTINUOUS
10
5.1590219685039367
20
-2.4882900393700789
11
5.1620001968503937
21
-2.4890880314960628
0
LINE
8
BLACK
6
CONTINUOUS
10
5.1620001968503937
20
-2.4890880314960628
11
5.1646703937007876
21
-2.4906296850393699
0
LINE
8
BLACK
6
CONTINUOUS
10
5.1646703937007876
20
-2.4906296850393699
11
5.1668506299212593
21
-2.4928099212598425
0
LINE
8
BLACK
6
CONTINUOUS
10
5.1668506299212593
20
-2.4928099212598425
11
5.1683922834645672
21
-2.495480118110236
0
LINE
8
BLACK
6
CONTINUOUS
10
5.1683922834645672
20
-2.495480118110236
11
5.1691902755905508
21
-2.498458346456693
0
LINE
8
BLACK
6
CONTINUOUS
10
5.1691902755905508
20
-2.498458346456693
11
5.1691902755905508
21
-2.501541653543307
0
LINE
8
BLACK
6
CONTINUOUS
10
5.1691902755905508
20
-2.501541653543307
11
5.1683922834645672
21
-2.5045198818897636
0
LINE
8
BLACK
6
CONTINUOUS
10
5.1683922834645672
20
-2.5045198818897636
11
5.1668506299212593
21
-2.5071900787401575
0
LINE
8
BLACK
6
CONTINUOUS
10
5.1668506299212593
20
-2.5071900787401575
11
5.1646703937007876
21
-2.5093703149606297
0
LINE
8
BLACK
6
CONTINUOUS
10
5.1646703937007876
20
-2.5093703149606297
11
5.1620001968503937
21
-2.5109119685039372
0
LINE
8
BLACK
6
CONTINUOUS
10
5.1620001968503937
20
-2.5109119685039372
11
5.1590219685039367
21
-2.5117099606299211
0
LINE
8
BLACK
6
CONTINUOUS
10
5.1590219685039367
20
-2.5117099606299211
11
5.1559386614173226
21
-2.5117099606299211
0
LINE
8
BLACK
6
CONTINUOUS
10
5.1559386614173226
20
-2.5117099606299211
11
5.1529604330708656
21
-2.5109119685039372
0
LINE
8
BLACK
6
CONTINUOUS
10
5.1529604330708656
20
-2.5109119685039372
11
5.1502902362204726
21
-2.5093703149606297
0
LINE
8
BLACK
6
CONTINUOUS
10
5.1502902362204726
20
-2.5093703149606297
11
5.14811
21
-2.5071900787401575
0
LINE
8
BLACK
6
CONTINUOUS
10
5.14811
20
-2.5071900787401575
11
5.1465683464566929
21
-2.5045198818897636
0
LINE
8
BLACK
6
CONTINUOUS
10
5.1465683464566929
20
-2.5045198818897636
11
5.1457703543307085
21
-2.501541653543307
0
LINE
8
BLACK
6
CONTINUOUS
10
5.1457703543307085
20
-2.501541653543307
11
5.1457703543307085
21
-2.4994255511811021
0
LINE
8
BLACK
6
CONTINUOUS
10
5.1457703543307085
20
-2.4994255511811021
11
5.0202594881889766
21
-2.3739146850393702
0
LINE
8
BLACK
6
CONTINUOUS
10
5.0202594881889766
20
-2.3739146850393702
11
5.0181433858267717
21
-2.3739146850393702
0
LINE
8
BLACK
6
CONTINUOUS
10
5.0181433858267717
20
-2.3739146850393702
11
5.0151651574803147
21
-2.3731166929133858
0
LINE
8
BLACK
6
CONTINUOUS
10
5.0151651574803147
20
-2.3731166929133858
11
5.0124949606299207
21
-2.3715750393700787
0
LINE
8
BLACK
6
CONTINUOUS
10
5.0124949606299207
20
-2.3715750393700787
11
5.010314724409449
21
-2.3693948031496062
0
LINE
8
BLACK
6
CONTINUOUS
10
5.010314724409449
20
-2.3693948031496062
11
5.008773070866142
21
-2.3667246062992127
0
LINE
8
BLACK
6
CONTINUOUS
10
5.008773070866142
20
-2.3667246062992127
11
5.0079750787401576
21
-2.3637463779527557
0
LINE
8
BLACK
6
CONTINUOUS
10
5.0079750787401576
20
-2.3637463779527557
11
5.0079750787401576
21
-2.3606630708661416
0
LINE
8
BLACK
6
CONTINUOUS
10
5.0079750787401576
20
-2.3606630708661416
11
5.008773070866142
21
-2.357684842519685
0
LINE
8
BLACK
6
CONTINUOUS
10
5.008773070866142
20
-2.357684842519685
11
5.010314724409449
21
-2.3550146456692911
0
LINE
8
BLACK
6
CONTINUOUS
10
5.010314724409449
20
-2.3550146456692911
11
5.0124949606299207
21
-2.3528344094488189
0
LINE
8
BLACK
6
CONTINUOUS
10
5.0124949606299207
20
-2.3528344094488189
11
5.0151651574803147
21
-2.3512927559055119
0
LINE
8
BLACK
6
CONTINUOUS
10
5.0151651574803147
20
-2.3512927559055119
11
5.0181433858267717
21
-2.3504947637795275
0
LINE
8
BLACK
6
CONTINUOUS
10
5.0181433858267717
20
-2.3504947637795275
11
5.0212266929133857
21
-2.3504947637795275
0
LINE
8
BLACK
6
CONTINUOUS
10
5.0212266929133857
20
-2.3504947637795275
11
5.0242049212598427
21
-2.3512927559055119
0
LINE
8
BLACK
6
CONTINUOUS
10
5.1551104330708659
20
-2.0953872440944883
11
5.1577806299212599
21
-2.0969288976377953
0
LINE
8
BLACK
6
CONTINUOUS
10
5.1577806299212599
20
-2.0969288976377953
11
5.15971937007874
21
-2.0988676377952755
0
LINE
8
BLACK
6
CONTINUOUS
10
5.15971937007874
20
-2.0988676377952755
11
5.1618548818897638
21
-2.0997522047244095
0
LINE
8
BLACK
6
CONTINUOUS
10
5.1618548818897638
20
-2.0997522047244095
11
5.1630480708661413
21
-2.1007314566929134
0
LINE
8
BLACK
6
CONTINUOUS
10
5.1630480708661413
20
-2.1007314566929134
11
5.2811583464566931
21
-2.2188416929133856
0
LINE
8
BLACK
6
CONTINUOUS
10
5.2811583464566931
20
-2.2188416929133856
11
5.2821375590551183
21
-2.2200348818897639
0
LINE
8
BLACK
6
CONTINUOUS
10
5.2821375590551183
20
-2.2200348818897639
11
5.2833132677165358
21
-2.2228733070866142
0
LINE
8
BLACK
6
CONTINUOUS
10
5.2833132677165358
20
-2.2228733070866142
11
5.2834645669291334
21
-2.2244094488188977
0
LINE
8
BLACK
6
CONTINUOUS
10
5.2834645669291334
20
-2.2244094488188977
11
5.2834645669291334
21
-2.3535183464566929
0
LINE
8
BLACK
6
CONTINUOUS
10
5.2834645669291334
20
-2.3535183464566929
11
5.2849608661417324
21
-2.3550146456692911
0
LINE
8
BLACK
6
CONTINUOUS
10
5.2849608661417324
20
-2.3550146456692911
11
5.2865025196850395
21
-2.357684842519685
0
LINE
8
BLACK
6
CONTINUOUS
10
5.2865025196850395
20
-2.357684842519685
11
5.2873005118110239
21
-2.3606630708661416
0
LINE
8
BLACK
6
CONTINUOUS
10
5.2873005118110239
20
-2.3606630708661416
11
5.2873005118110239
21
-2.3637463779527557
0
LINE
8
BLACK
6
CONTINUOUS
10
5.2873005118110239
20
-2.3637463779527557
11
5.2865025196850395
21
-2.3667246062992127
0
LINE
8
BLACK
6
CONTINUOUS
10
5.2865025196850395
20
-2.3667246062992127
11
5.2849608661417324
21
-2.3693948031496062
0
LINE
8
BLACK
6
CONTINUOUS
10
5.2849608661417324
20
-2.3693948031496062
11
5.2827806299212599
21
-2.3715750393700787
0
LINE
8
BLACK
6
CONTINUOUS
10
5.2827806299212599
20
-2.3715750393700787
11
5.2801104330708659
21
-2.3731166929133858
0
LINE
8
BLACK
6
CONTINUOUS
10
5.2801104330708659
20
-2.3731166929133858
11
5.2771322047244089
21
-2.3739146850393702
0
LINE
8
BLACK
6
CONTINUOUS
10
5.2771322047244089
20
-2.3739146850393702
11
5.2740488976377948
21
-2.3739146850393702
0
LINE
8
BLACK
6
CONTINUOUS
10
5.2740488976377948
20
-2.3739146850393702
11
5.2710706692913387
21
-2.3731166929133858
0
LINE
8
BLACK
6
CONTINUOUS
10
5.2710706692913387
20
-2.3731166929133858
11
5.2684004724409448
21
-2.3715750393700787
0
LINE
8
BLACK
6
CONTINUOUS
10
5.2684004724409448
20
-2.3715750393700787
11
5.2662202362204722
21
-2.3693948031496062
0
LINE
8
BLACK
6
CONTINUOUS
10
5.2662202362204722
20
-2.3693948031496062
11
5.2646785826771652
21
-2.3667246062992127
0
LINE
8
BLACK
6
CONTINUOUS
10
5.2646785826771652
20
-2.3667246062992127
11
5.2638805905511807
21
-2.3637463779527557
0
LINE
8
BLACK
6
CONTINUOUS
10
5.2638805905511807
20
-2.3637463779527557
11
5.2638805905511807
21
-2.3606630708661416
0
LINE
8
BLACK
6
CONTINUOUS
10
5.2638805905511807
20
-2.3606630708661416
11
5.2646785826771652
21
-2.357684842519685
0
LINE
8
BLACK
6
CONTINUOUS
10
5.2646785826771652
20
-2.357684842519685
11
5.2662202362204722
21
-2.3550146456692911
0
LINE
8
BLACK
6
CONTINUOUS
10
5.2662202362204722
20
-2.3550146456692911
11
5.2677165354330704
21
-2.3535183464566929
0
LINE
8
BLACK
6
CONTINUOUS
10
5.2677165354330704
20
-2.3535183464566929
11
5.2677165354330704
21
-2.2276709448818899
0
LINE
8
BLACK
6
CONTINUOUS
10
5.2677165354330704
20
-2.2276709448818899
11
5.1564711417322835
21
-2.1164255511811021
0
LINE
8
BLACK
6
CONTINUOUS
10
5.1564711417322835
20
-2.1164255511811021
11
5.1551104330708659
21
-2.1172111811023622
0
LINE
8
BLACK
6
CONTINUOUS
10
5.1551104330708659
20
-2.1172111811023622
11
5.1521322047244089
21
-2.1180091732283466
0
LINE
8
BLACK
6
CONTINUOUS
10
5.1521322047244089
20
-2.1180091732283466
11
5.1490488976377948
21
-2.1180091732283466
0
LINE
8
BLACK
6
CONTINUOUS
10
5.1490488976377948
20
-2.1180091732283466
11
5.1460706692913387
21
-2.1172111811023622
0
LINE
8
BLACK
6
CONTINUOUS
10
5.1460706692913387
20
-2.1172111811023622
11
5.1434004724409448
21
-2.1156695275590551
0
LINE
8
BLACK
6
CONTINUOUS
10
5.1434004724409448
20
-2.1156695275590551
11
5.1412202362204722
21
-2.1134892913385825
0
LINE
8
BLACK
6
CONTINUOUS
10
5.1412202362204722
20
-2.1134892913385825
11
5.1396785826771652
21
-2.1108190944881891
0
LINE
8
BLACK
6
CONTINUOUS
10
5.1396785826771652
20
-2.1108190944881891
11
5.1388805905511807
21
-2.1078408661417321
0
LINE
8
BLACK
6
CONTINUOUS
10
5.1388805905511807
20
-2.1078408661417321
11
5.1388805905511807
21
-2.104757559055118
0
LINE
8
BLACK
6
CONTINUOUS
10
5.1388805905511807
20
-2.104757559055118
11
5.1396785826771652
21
-2.1017793307086614
0
LINE
8
BLACK
6
CONTINUOUS
10
5.1396785826771652
20
-2.1017793307086614
11
5.1412202362204722
21
-2.0991091338582675
0
LINE
8
BLACK
6
CONTINUOUS
10
5.1412202362204722
20
-2.0991091338582675
11
5.1434004724409448
21
-2.0969288976377953
0
LINE
8
BLACK
6
CONTINUOUS
10
5.1434004724409448
20
-2.0969288976377953
11
5.1460706692913387
21
-2.0953872440944883
0
LINE
8
BLACK
6
CONTINUOUS
10
5.1460706692913387
20
-2.0953872440944883
11
5.1490488976377948
21
-2.0945892519685039
0
LINE
8
BLACK
6
CONTINUOUS
10
5.1490488976377948
20
-2.0945892519685039
11
5.1521322047244089
21
-2.0945892519685039
0
LINE
8
BLACK
6
CONTINUOUS
10
5.1521322047244089
20
-2.0945892519685039
11
5.1551104330708659
21
-2.0953872440944883
0
LINE
8
BLACK
6
CONTINUOUS
10
5.3553754724409446
20
-2.3076859842519686
11
5.3579299606299209
21
-2.3093928740157481
0
LINE
8
BLACK
6
CONTINUOUS
10
5.3579299606299209
20
-2.3093928740157481
11
5.3596368503937004
21
-2.3119473622047244
0
LINE
8
BLACK
6
CONTINUOUS
10
5.3596368503937004
20
-2.3119473622047244
11
5.3602362204724407
21
-2.3149606299212597
0
LINE
8
BLACK
6
CONTINUOUS
10
5.3602362204724407
20
-2.3149606299212597
11
5.3602362204724407
21
-2.3307086614173227
0
LINE
8
BLACK
6
CONTINUOUS
10
5.3602362204724407
20
-2.3307086614173227
11
5.3596368503937004
21
-2.333721929133858
0
LINE
8
BLACK
6
CONTINUOUS
10
5.3596368503937004
20
-2.333721929133858
11
5.3579299606299209
21
-2.3362764173228348
0
LINE
8
BLACK
6
CONTINUOUS
10
5.3579299606299209
20
-2.3362764173228348
11
5.3553754724409446
21
-2.3379833070866143
0
LINE
8
BLACK
6
CONTINUOUS
10
5.3553754724409446
20
-2.3379833070866143
11
5.3523622047244093
21
-2.3385826771653542
0
LINE
8
BLACK
6
CONTINUOUS
10
5.3523622047244093
20
-2.3385826771653542
11
5.3169291338582676
21
-2.3385826771653542
0
LINE
8
BLACK
6
CONTINUOUS
10
5.3169291338582676
20
-2.3385826771653542
11
5.3139158661417323
21
-2.3379833070866143
0
LINE
8
BLACK
6
CONTINUOUS
10
5.3139158661417323
20
-2.3379833070866143
11
5.311361377952756
21
-2.3362764173228348
0
LINE
8
BLACK
6
CONTINUOUS
10
5.311361377952756
20
-2.3362764173228348
11
5.3096544881889765
21
-2.333721929133858
0
LINE
8
BLACK
6
CONTINUOUS
10
5.3096544881889765
20
-2.333721929133858
11
5.3090551181102361
21
-2.3307086614173227
0
LINE
8
BLACK
6
CONTINUOUS
10
5.3090551181102361
20
-2.3307086614173227
11
5.3090551181102361
21
-2.3149606299212597
0
LINE
8
BLACK
6
CONTINUOUS
10
5.3090551181102361
20
-2.3149606299212597
11
5.3096544881889765
21
-2.3119473622047244
0
LINE
8
BLACK
6
CONTINUOUS
10
5.3096544881889765
20
-2.3119473622047244
11
5.311361377952756
21
-2.3093928740157481
0
LINE
8
BLACK
6
CONTINUOUS
10
5.311361377952756
20
-2.3093928740157481
11
5.3139158661417323
21
-2.3076859842519686
0
LINE
8
BLACK
6
CONTINUOUS
10
5.3139158661417323
20
-2.3076859842519686
11
5.3169291338582676
21
-2.3070866141732282
0
LINE
8
BLACK
6
CONTINUOUS
10
5.3169291338582676
20
-2.3070866141732282
11
5.3523622047244093
21
-2.3070866141732282
0
LINE
8
BLACK
6
CONTINUOUS
10
5.3523622047244093
20
-2.3070866141732282
11
5.3553754724409446
21
-2.3076859842519686
0
LINE
8
BLACK
6
CONTINUOUS
10
5.346543700787401
20
-2.2580087401574804
11
5.3505146850393697
21
-2.2590727559055117
0
LINE
8
BLACK
6
CONTINUOUS
10
5.3505146850393697
20
-2.2590727559055117
11
5.3540749999999999
21
-2.2611283070866142
0
LINE
8
BLACK
6
CONTINUOUS
10
5.3540749999999999
20
-2.2611283070866142
11
5.3569819291338581
21
-2.2640352362204723
0
LINE
8
BLACK
6
CONTINUOUS
10
5.3569819291338581
20
-2.2640352362204723
11
5.3590374803149601
21
-2.2675955511811021
0
LINE
8
BLACK
6
CONTINUOUS
10
5.3590374803149601
20
-2.2675955511811021
11
5.3601014960629918
21
-2.2715665354330707
0
LINE
8
BLACK
6
CONTINUOUS
10
5.3601014960629918
20
-2.2715665354330707
11
5.3601014960629918
21
-2.2756775590551181
0
LINE
8
BLACK
6
CONTINUOUS
10
5.3601014960629918
20
-2.2756775590551181
11
5.3590374803149601
21
-2.2796485433070868
0
LINE
8
BLACK
6
CONTINUOUS
10
5.3590374803149601
20
-2.2796485433070868
11
5.3569819291338581
21
-2.2832088582677166
0
LINE
8
BLACK
6
CONTINUOUS
10
5.3569819291338581
20
-2.2832088582677166
11
5.3540749999999999
21
-2.2861157874015747
0
LINE
8
BLACK
6
CONTINUOUS
10
5.3540749999999999
20
-2.2861157874015747
11
5.3505146850393697
21
-2.2881713385826772
0
LINE
8
BLACK
6
CONTINUOUS
10
5.3505146850393697
20
-2.2881713385826772
11
5.346543700787401
21
-2.2892353543307085
0
LINE
8
BLACK
6
CONTINUOUS
10
5.346543700787401
20
-2.2892353543307085
11
5.3444881889763778
21
-2.2893700787401574
0
LINE
8
BLACK
6
CONTINUOUS
10
5.3444881889763778
20
-2.2893700787401574
11
5.3248031496062991
21
-2.2893700787401574
0
LINE
8
BLACK
6
CONTINUOUS
10
5.3248031496062991
20
-2.2893700787401574
11
5.3227476377952758
21
-2.2892353543307085
0
LINE
8
BLACK
6
CONTINUOUS
10
5.3227476377952758
20
-2.2892353543307085
11
5.3187766535433072
21
-2.2881713385826772
0
LINE
8
BLACK
6
CONTINUOUS
10
5.3187766535433072
20
-2.2881713385826772
11
5.3152163385826769
21
-2.2861157874015747
0
LINE
8
BLACK
6
CONTINUOUS
10
5.3152163385826769
20
-2.2861157874015747
11
5.3123094094488188
21
-2.2832088582677166
0
LINE
8
BLACK
6
CONTINUOUS
10
5.3123094094488188
20
-2.2832088582677166
11
5.3102538582677168
21
-2.2796485433070868
0
LINE
8
BLACK
6
CONTINUOUS
10
5.3102538582677168
20
-2.2796485433070868
11
5.3091898425196851
21
-2.2756775590551181
0
LINE
8
BLACK
6
CONTINUOUS
10
5.3091898425196851
20
-2.2756775590551181
11
5.3091898425196851
21
-2.2715665354330707
0
LINE
8
BLACK
6
CONTINUOUS
10
5.3091898425196851
20
-2.2715665354330707
11
5.3102538582677168
21
-2.2675955511811021
0
LINE
8
BLACK
6
CONTINUOUS
10
5.3102538582677168
20
-2.2675955511811021
11
5.3123094094488188
21
-2.2640352362204723
0
LINE
8
BLACK
6
CONTINUOUS
10
5.3123094094488188
20
-2.2640352362204723
11
5.3152163385826769
21
-2.2611283070866142
0
LINE
8
BLACK
6
CONTINUOUS
10
5.3152163385826769
20
-2.2611283070866142
11
5.3187766535433072
21
-2.2590727559055117
0
LINE
8
BLACK
6
CONTINUOUS
10
5.3187766535433072
20
-2.2590727559055117
11
5.3227476377952758
21
-2.2580087401574804
0
LINE
8
BLACK
6
CONTINUOUS
10
5.3227476377952758
20
-2.2580087401574804
11
5.3248031496062991
21
-2.2578740157480315
0
LINE
8
BLACK
6
CONTINUOUS
10
5.3248031496062991
20
-2.2578740157480315
11
5.3444881889763778
21
-2.2578740157480315
0
LINE
8
BLACK
6
CONTINUOUS
10
5.3444881889763778
20
-2.2578740157480315
11
5.346543700787401
21
-2.2580087401574804
0
LINE
8
BLACK
6
CONTINUOUS
10
5.346543700787401
20
-2.1595835433070865
11
5.3505146850393697
21
-2.1606475590551182
0
LINE
8
BLACK
6
CONTINUOUS
10
5.3505146850393697
20
-2.1606475590551182
11
5.3540749999999999
21
-2.1627031102362206
0
LINE
8
BLACK
6
CONTINUOUS
10
5.3540749999999999
20
-2.1627031102362206
11
5.3569819291338581
21
-2.1656100393700788
0
LINE
8
BLACK
6
CONTINUOUS
10
5.3569819291338581
20
-2.1656100393700788
11
5.3590374803149601
21
-2.1691703543307086
0
LINE
8
BLACK
6
CONTINUOUS
10
5.3590374803149601
20
-2.1691703543307086
11
5.3601014960629918
21
-2.1731413385826772
0
LINE
8
BLACK
6
CONTINUOUS
10
5.3601014960629918
20
-2.1731413385826772
11
5.3601014960629918
21
-2.1772523622047242
0
LINE
8
BLACK
6
CONTINUOUS
10
5.3601014960629918
20
-2.1772523622047242
11
5.3590374803149601
21
-2.1812233464566928
0
LINE
8
BLACK
6
CONTINUOUS
10
5.3590374803149601
20
-2.1812233464566928
11
5.3569819291338581
21
-2.1847836614173226
0
LINE
8
BLACK
6
CONTINUOUS
10
5.3569819291338581
20
-2.1847836614173226
11
5.3540749999999999
21
-2.1876905905511812
0
LINE
8
BLACK
6
CONTINUOUS
10
5.3540749999999999
20
-2.1876905905511812
11
5.3505146850393697
21
-2.1897461417322832
0
LINE
8
BLACK
6
CONTINUOUS
10
5.3505146850393697
20
-2.1897461417322832
11
5.346543700787401
21
-2.1908101574803149
0
LINE
8
BLACK
6
CONTINUOUS
10
5.346543700787401
20
-2.1908101574803149
11
5.3444881889763778
21
-2.1909448818897639
0
LINE
8
BLACK
6
CONTINUOUS
10
5.3444881889763778
20
-2.1909448818897639
11
5.3248031496062991
21
-2.1909448818897639
0
LINE
8
BLACK
6
CONTINUOUS
10
5.3248031496062991
20
-2.1909448818897639
11
5.3227476377952758
21
-2.1908101574803149
0
LINE
8
BLACK
6
CONTINUOUS
10
5.3227476377952758
20
-2.1908101574803149
11
5.3187766535433072
21
-2.1897461417322832
0
LINE
8
BLACK
6
CONTINUOUS
10
5.3187766535433072
20
-2.1897461417322832
11
5.3152163385826769
21
-2.1876905905511812
0
LINE
8
BLACK
6
CONTINUOUS
10
5.3152163385826769
20
-2.1876905905511812
11
5.3123094094488188
21
-2.1847836614173226
0
LINE
8
BLACK
6
CONTINUOUS
10
5.3123094094488188
20
-2.1847836614173226
11
5.3102538582677168
21
-2.1812233464566928
0
LINE
8
BLACK
6
CONTINUOUS
10
5.3102538582677168
20
-2.1812233464566928
11
5.3091898425196851
21
-2.1772523622047242
0
LINE
8
BLACK
6
CONTINUOUS
10
5.3091898425196851
20
-2.1772523622047242
11
5.3091898425196851
21
-2.1731413385826772
0
LINE
8
BLACK
6
CONTINUOUS
10
5.3091898425196851
20
-2.1731413385826772
11
5.3102538582677168
21
-2.1691703543307086
0
LINE
8
BLACK
6
CONTINUOUS
10
5.3102538582677168
20
-2.1691703543307086
11
5.3123094094488188
21
-2.1656100393700788
0
LINE
8
BLACK
6
CONTINUOUS
10
5.3123094094488188
20
-2.1656100393700788
11
5.3152163385826769
21
-2.1627031102362206
0
LINE
8
BLACK
6
CONTINUOUS
10
5.3152163385826769
20
-2.1627031102362206
11
5.3187766535433072
21
-2.1606475590551182
0
LINE
8
BLACK
6
CONTINUOUS
10
5.3187766535433072
20
-2.1606475590551182
11
5.3227476377952758
21
-2.1595835433070865
0
LINE
8
BLACK
6
CONTINUOUS
10
5.3227476377952758
20
-2.1595835433070865
11
5.3248031496062991
21
-2.159448818897638
0
LINE
8
BLACK
6
CONTINUOUS
10
5.3248031496062991
20
-2.159448818897638
11
5.3444881889763778
21
-2.159448818897638
0
LINE
8
BLACK
6
CONTINUOUS
10
5.3444881889763778
20
-2.159448818897638
11
5.346543700787401
21
-2.1595835433070865
0
LINE
8
BLACK
6
CONTINUOUS
10
5.346543700787401
20
-2.1103709448818897
11
5.3505146850393697
21
-2.1114349606299214
0
LINE
8
BLACK
6
CONTINUOUS
10
5.3505146850393697
20
-2.1114349606299214
11
5.3540749999999999
21
-2.1134905118110234
0
LINE
8
BLACK
6
CONTINUOUS
10
5.3540749999999999
20
-2.1134905118110234
11
5.3569819291338581
21
-2.116397440944882
0
LINE
8
BLACK
6
CONTINUOUS
10
5.3569819291338581
20
-2.116397440944882
11
5.3590374803149601
21
-2.1199577559055118
0
LINE
8
BLACK
6
CONTINUOUS
10
5.3590374803149601
20
-2.1199577559055118
11
5.3601014960629918
21
-2.1239287401574805
0
LINE
8
BLACK
6
CONTINUOUS
10
5.3601014960629918
20
-2.1239287401574805
11
5.3601014960629918
21
-2.1280397637795274
0
LINE
8
BLACK
6
CONTINUOUS
10
5.3601014960629918
20
-2.1280397637795274
11
5.3590374803149601
21
-2.132010748031496
0
LINE
8
BLACK
6
CONTINUOUS
10
5.3590374803149601
20
-2.132010748031496
11
5.3569819291338581
21
-2.1355710629921258
0
LINE
8
BLACK
6
CONTINUOUS
10
5.3569819291338581
20
-2.1355710629921258
11
5.3540749999999999
21
-2.138477992125984
0
LINE
8
BLACK
6
CONTINUOUS
10
5.3540749999999999
20
-2.138477992125984
11
5.3505146850393697
21
-2.1405335433070865
0
LINE
8
BLACK
6
CONTINUOUS
10
5.3505146850393697
20
-2.1405335433070865
11
5.346543700787401
21
-2.1415975590551182
0
LINE
8
BLACK
6
CONTINUOUS
10
5.346543700787401
20
-2.1415975590551182
11
5.3444881889763778
21
-2.1417322834645667
0
LINE
8
BLACK
6
CONTINUOUS
10
5.3444881889763778
20
-2.1417322834645667
11
5.3248031496062991
21
-2.1417322834645667
0
LINE
8
BLACK
6
CONTINUOUS
10
5.3248031496062991
20
-2.1417322834645667
11
5.3227476377952758
21
-2.1415975590551182
0
LINE
8
BLACK
6
CONTINUOUS
10
5.3227476377952758
20
-2.1415975590551182
11
5.3187766535433072
21
-2.1405335433070865
0
LINE
8
BLACK
6
CONTINUOUS
10
5.3187766535433072
20
-2.1405335433070865
11
5.3152163385826769
21
-2.138477992125984
0
LINE
8
BLACK
6
CONTINUOUS
10
5.3152163385826769
20
-2.138477992125984
11
5.3123094094488188
21
-2.1355710629921258
0
LINE
8
BLACK
6
CONTINUOUS
10
5.3123094094488188
20
-2.1355710629921258
11
5.3102538582677168
21
-2.132010748031496
0
LINE
8
BLACK
6
CONTINUOUS
10
5.3102538582677168
20
-2.132010748031496
11
5.3091898425196851
21
-2.1280397637795274
0
LINE
8
BLACK
6
CONTINUOUS
10
5.3091898425196851
20
-2.1280397637795274
11
5.3091898425196851
21
-2.1239287401574805
0
LINE
8
BLACK
6
CONTINUOUS
10
5.3091898425196851
20
-2.1239287401574805
11
5.3102538582677168
21
-2.1199577559055118
0
LINE
8
BLACK
6
CONTINUOUS
10
5.3102538582677168
20
-2.1199577559055118
11
5.3123094094488188
21
-2.116397440944882
0
LINE
8
BLACK
6
CONTINUOUS
10
5.3123094094488188
20
-2.116397440944882
11
5.3152163385826769
21
-2.1134905118110234
0
LINE
8
BLACK
6
CONTINUOUS
10
5.3152163385826769
20
-2.1134905118110234
11
5.3187766535433072
21
-2.1114349606299214
0
LINE
8
BLACK
6
CONTINUOUS
10
5.3187766535433072
20
-2.1114349606299214
11
5.3227476377952758
21
-2.1103709448818897
0
LINE
8
BLACK
6
CONTINUOUS
10
5.3227476377952758
20
-2.1103709448818897
11
5.3248031496062991
21
-2.1102362204724407
0
LINE
8
BLACK
6
CONTINUOUS
10
5.3248031496062991
20
-2.1102362204724407
11
5.3444881889763778
21
-2.1102362204724407
0
LINE
8
BLACK
6
CONTINUOUS
10
5.3444881889763778
20
-2.1102362204724407
11
5.346543700787401
21
-2.1103709448818897
0
LINE
8
BLACK
6
CONTINUOUS
10
6.0088582677165352
20
-4.46259842519685
11
5.9419291338582676
21
-4.46259842519685
0
LINE
8
BLACK
6
CONTINUOUS
10
5.9419291338582676
20
-4.46259842519685
11
5.9419291338582676
21
-4.3956692913385824
0
LINE
8
BLACK
6
CONTINUOUS
10
5.9419291338582676
20
-4.3956692913385824
11
6.0088582677165352
21
-4.3956692913385824
0
LINE
8
BLACK
6
CONTINUOUS
10
6.0088582677165352
20
-4.3956692913385824
11
6.0088582677165352
21
-4.46259842519685
0
LINE
8
BLACK
6
CONTINUOUS
10
5.8851079527559058
20
-4.3971102755905509
11
5.8911687795275594
21
-4.3996207480314959
0
LINE
8
BLACK
6
CONTINUOUS
10
5.8911687795275594
20
-4.3996207480314959
11
5.8966233858267714
21
-4.4032653937007877
0
LINE
8
BLACK
6
CONTINUOUS
10
5.8966233858267714
20
-4.4032653937007877
11
5.9012621653543302
21
-4.4079041732283466
0
LINE
8
BLACK
6
CONTINUOUS
10
5.9012621653543302
20
-4.4079041732283466
11
5.904906811023622
21
-4.4133587795275586
0
LINE
8
BLACK
6
CONTINUOUS
10
5.904906811023622
20
-4.4133587795275586
11
5.9074172834645671
21
-4.4194196062992122
0
LINE
8
BLACK
6
CONTINUOUS
10
5.9074172834645671
20
-4.4194196062992122
11
5.9086971259842516
21
-4.4258537401574802
0
LINE
8
BLACK
6
CONTINUOUS
10
5.9086971259842516
20
-4.4258537401574802
11
5.9086971259842516
21
-4.4324139763779531
0
LINE
8
BLACK
6
CONTINUOUS
10
5.9086971259842516
20
-4.4324139763779531
11
5.9074172834645671
21
-4.4388481102362203
0
LINE
8
BLACK
6
CONTINUOUS
10
5.9074172834645671
20
-4.4388481102362203
11
5.904906811023622
21
-4.4449089370078738
0
LINE
8
BLACK
6
CONTINUOUS
10
5.904906811023622
20
-4.4449089370078738
11
5.9012621653543302
21
-4.4503635433070867
0
LINE
8
BLACK
6
CONTINUOUS
10
5.9012621653543302
20
-4.4503635433070867
11
5.8966233858267714
21
-4.4550023228346456
0
LINE
8
BLACK
6
CONTINUOUS
10
5.8966233858267714
20
-4.4550023228346456
11
5.8911687795275594
21
-4.4586469685039365
0
LINE
8
BLACK
6
CONTINUOUS
10
5.8911687795275594
20
-4.4586469685039365
11
5.8851079527559058
21
-4.4611574409448815
0
LINE
8
BLACK
6
CONTINUOUS
10
5.8851079527559058
20
-4.4611574409448815
11
5.8786738188976377
21
-4.4624372834645669
0
LINE
8
BLACK
6
CONTINUOUS
10
5.8786738188976377
20
-4.4624372834645669
11
5.8721135826771649
21
-4.4624372834645669
0
LINE
8
BLACK
6
CONTINUOUS
10
5.8721135826771649
20
-4.4624372834645669
11
5.8656794488188977
21
-4.4611574409448815
0
LINE
8
BLACK
6
CONTINUOUS
10
5.8656794488188977
20
-4.4611574409448815
11
5.8596186220472442
21
-4.4586469685039365
0
LINE
8
BLACK
6
CONTINUOUS
10
5.8596186220472442
20
-4.4586469685039365
11
5.8541640157480312
21
-4.4550023228346456
0
LINE
8
BLACK
6
CONTINUOUS
10
5.8541640157480312
20
-4.4550023228346456
11
5.8495252362204724
21
-4.4503635433070867
0
LINE
8
BLACK
6
CONTINUOUS
10
5.8495252362204724
20
-4.4503635433070867
11
5.8458805905511806
21
-4.4449089370078738
0
LINE
8
BLACK
6
CONTINUOUS
10
5.8458805905511806
20
-4.4449089370078738
11
5.8433701181102364
21
-4.4388481102362203
0
LINE
8
BLACK
6
CONTINUOUS
10
5.8433701181102364
20
-4.4388481102362203
11
5.8420902755905511
21
-4.4324139763779531
0
LINE
8
BLACK
6
CONTINUOUS
10
5.8420902755905511
20
-4.4324139763779531
11
5.8420902755905511
21
-4.4258537401574802
0
LINE
8
BLACK
6
CONTINUOUS
10
5.8420902755905511
20
-4.4258537401574802
11
5.8433701181102364
21
-4.4194196062992122
0
LINE
8
BLACK
6
CONTINUOUS
10
5.8433701181102364
20
-4.4194196062992122
11
5.8458805905511806
21
-4.4133587795275586
0
LINE
8
BLACK
6
CONTINUOUS
10
5.8458805905511806
20
-4.4133587795275586
11
5.8495252362204724
21
-4.4079041732283466
0
LINE
8
BLACK
6
CONTINUOUS
10
5.8495252362204724
20
-4.4079041732283466
11
5.8541640157480312
21
-4.4032653937007877
0
LINE
8
BLACK
6
CONTINUOUS
10
5.8541640157480312
20
-4.4032653937007877
11
5.8596186220472442
21
-4.3996207480314959
0
LINE
8
BLACK
6
CONTINUOUS
10
5.8596186220472442
20
-4.3996207480314959
11
5.8656794488188977
21
-4.3971102755905509
0
LINE
8
BLACK
6
CONTINUOUS
10
5.8656794488188977
20
-4.3971102755905509
11
5.8721135826771649
21
-4.3958304330708664
0
LINE
8
BLACK
6
CONTINUOUS
10
5.8721135826771649
20
-4.3958304330708664
11
5.8786738188976377
21
-4.3958304330708664
0
LINE
8
BLACK
6
CONTINUOUS
10
5.8786738188976377
20
-4.3958304330708664
11
5.8851079527559058
21
-4.3971102755905509
0
LINE
8
BLACK
6
CONTINUOUS
10
5.6344411417322835
20
-3.2961746456692911
11
5.6371113385826774
21
-3.2977162992125986
0
LINE
8
BLACK
6
CONTINUOUS
10
5.6371113385826774
20
-3.2977162992125986
11
5.6392915748031491
21
-3.2998965354330707
0
LINE
8
BLACK
6
CONTINUOUS
10
5.6392915748031491
20
-3.2998965354330707
11
5.6408332283464562
21
-3.3025667322834646
0
LINE
8
BLACK
6
CONTINUOUS
10
5.6408332283464562
20
-3.3025667322834646
11
5.6416312204724406
21
-3.3055449606299212
0
LINE
8
BLACK
6
CONTINUOUS
10
5.6416312204724406
20
-3.3055449606299212
11
5.6416312204724406
21
-3.3086282677165353
0
LINE
8
BLACK
6
CONTINUOUS
10
5.6416312204724406
20
-3.3086282677165353
11
5.6408332283464562
21
-3.3116064960629918
0
LINE
8
BLACK
6
CONTINUOUS
10
5.6408332283464562
20
-3.3116064960629918
11
5.6392915748031491
21
-3.3142766929133858
0
LINE
8
BLACK
6
CONTINUOUS
10
5.6392915748031491
20
-3.3142766929133858
11
5.6377952755905509
21
-3.315772992125984
0
LINE
8
BLACK
6
CONTINUOUS
10
5.6377952755905509
20
-3.315772992125984
11
5.6377952755905509
21
-3.3428551574803147
0
LINE
8
BLACK
6
CONTINUOUS
10
5.6377952755905509
20
-3.3428551574803147
11
6.0581268503937009
21
-3.7631867322834647
0
LINE
8
BLACK
6
CONTINUOUS
10
6.0581268503937009
20
-3.7631867322834647
11
6.0591060629921261
21
-3.7643799212598426
0
LINE
8
BLACK
6
CONTINUOUS
10
6.0591060629921261
20
-3.7643799212598426
11
6.0602817716535435
21
-3.7672183464566928
0
LINE
8
BLACK
6
CONTINUOUS
10
6.0602817716535435
20
-3.7672183464566928
11
6.060433070866142
21
-3.7687544881889763
0
LINE
8
BLACK
6
CONTINUOUS
10
6.060433070866142
20
-3.7687544881889763
11
6.060433070866142
21
-4.0261811023622043
0
LINE
8
BLACK
6
CONTINUOUS
10
6.060433070866142
20
-4.0261811023622043
11
6.0602817716535435
21
-4.0277172440944877
0
LINE
8
BLACK
6
CONTINUOUS
10
6.0602817716535435
20
-4.0277172440944877
11
6.0591060629921261
21
-4.0305556692913385
0
LINE
8
BLACK
6
CONTINUOUS
10
6.0591060629921261
20
-4.0305556692913385
11
6.0581268110236222
21
-4.0317488582677168
0
LINE
8
BLACK
6
CONTINUOUS
10
6.0581268110236222
20
-4.0317488582677168
11
6.0550170472440943
21
-4.0348586220472438
0
LINE
8
BLACK
6
CONTINUOUS
10
6.0550170472440943
20
-4.0348586220472438
11
6.0550170472440943
21
-4.0369747244094487
0
LINE
8
BLACK
6
CONTINUOUS
10
6.0550170472440943
20
-4.0369747244094487
11
6.0542190551181099
21
-4.0399529527559057
0
LINE
8
BLACK
6
CONTINUOUS
10
6.0542190551181099
20
-4.0399529527559057
11
6.0526774015748028
21
-4.0426231496062988
0
LINE
8
BLACK
6
CONTINUOUS
10
6.0526774015748028
20
-4.0426231496062988
11
6.0504971653543302
21
-4.0448033858267713
0
LINE
8
BLACK
6
CONTINUOUS
10
6.0504971653543302
20
-4.0448033858267713
11
6.0478269685039372
21
-4.0463450393700784
0
LINE
8
BLACK
6
CONTINUOUS
10
6.0478269685039372
20
-4.0463450393700784
11
6.0448487401574802
21
-4.0471430314960628
0
LINE
8
BLACK
6
CONTINUOUS
10
6.0448487401574802
20
-4.0471430314960628
11
6.0417654330708661
21
-4.0471430314960628
0
LINE
8
BLACK
6
CONTINUOUS
10
6.0417654330708661
20
-4.0471430314960628
11
6.0387872047244091
21
-4.0463450393700784
0
LINE
8
BLACK
6
CONTINUOUS
10
6.0387872047244091
20
-4.0463450393700784
11
6.0361170078740152
21
-4.0448033858267713
0
LINE
8
BLACK
6
CONTINUOUS
10
6.0361170078740152
20
-4.0448033858267713
11
6.0339367716535435
21
-4.0426231496062988
0
LINE
8
BLACK
6
CONTINUOUS
10
6.0339367716535435
20
-4.0426231496062988
11
6.0323951181102364
21
-4.0399529527559057
0
LINE
8
BLACK
6
CONTINUOUS
10
6.0323951181102364
20
-4.0399529527559057
11
6.031597125984252
21
-4.0369747244094487
0
LINE
8
BLACK
6
CONTINUOUS
10
6.031597125984252
20
-4.0369747244094487
11
6.031597125984252
21
-4.0338914173228346
0
LINE
8
BLACK
6
CONTINUOUS
10
6.031597125984252
20
-4.0338914173228346
11
6.0323951181102364
21
-4.0309131889763776
0
LINE
8
BLACK
6
CONTINUOUS
10
6.0323951181102364
20
-4.0309131889763776
11
6.0339367716535435
21
-4.0282429921259846
0
LINE
8
BLACK
6
CONTINUOUS
10
6.0339367716535435
20
-4.0282429921259846
11
6.0361170078740152
21
-4.026062755905512
0
LINE
8
BLACK
6
CONTINUOUS
10
6.0361170078740152
20
-4.026062755905512
11
6.0387872047244091
21
-4.0245211023622049
0
LINE
8
BLACK
6
CONTINUOUS
10
6.0387872047244091
20
-4.0245211023622049
11
6.0417654330708661
21
-4.0237231102362205
0
LINE
8
BLACK
6
CONTINUOUS
10
6.0417654330708661
20
-4.0237231102362205
11
6.0438815354330711
21
-4.0237231102362205
0
LINE
8
BLACK
6
CONTINUOUS
10
6.0438815354330711
20
-4.0237231102362205
11
6.0446850393700782
21
-4.0229196062992125
0
LINE
8
BLACK
6
CONTINUOUS
10
6.0446850393700782
20
-4.0229196062992125
11
6.0446850393700782
21
-3.7720159842519685
0
LINE
8
BLACK
6
CONTINUOUS
10
6.0446850393700782
20
-3.7720159842519685
11
5.6243535039370078
21
-3.3516844488188977
0
LINE
8
BLACK
6
CONTINUOUS
10
5.6243535039370078
20
-3.3516844488188977
11
5.6233742519685039
21
-3.3504912598425194
0
LINE
8
BLACK
6
CONTINUOUS
10
5.6233742519685039
20
-3.3504912598425194
11
5.6221985433070865
21
-3.3476528346456691
0
LINE
8
BLACK
6
CONTINUOUS
10
5.6221985433070865
20
-3.3476528346456691
11
5.622047244094488
21
-3.3461166929133856
0
LINE
8
BLACK
6
CONTINUOUS
10
5.622047244094488
20
-3.3461166929133856
11
5.622047244094488
21
-3.315772992125984
0
LINE
8
BLACK
6
CONTINUOUS
10
5.622047244094488
20
-3.315772992125984
11
5.6205509448818898
21
-3.3142766929133858
0
LINE
8
BLACK
6
CONTINUOUS
10
5.6205509448818898
20
-3.3142766929133858
11
5.6190092913385827
21
-3.3116064960629918
0
LINE
8
BLACK
6
CONTINUOUS
10
5.6190092913385827
20
-3.3116064960629918
11
5.6182112992125983
21
-3.3086282677165353
0
LINE
8
BLACK
6
CONTINUOUS
10
5.6182112992125983
20
-3.3086282677165353
11
5.6182112992125983
21
-3.3055449606299212
0
LINE
8
BLACK
6
CONTINUOUS
10
5.6182112992125983
20
-3.3055449606299212
11
5.6190092913385827
21
-3.3025667322834646
0
LINE
8
BLACK
6
CONTINUOUS
10
5.6190092913385827
20
-3.3025667322834646
11
5.6205509448818898
21
-3.2998965354330707
0
LINE
8
BLACK
6
CONTINUOUS
10
5.6205509448818898
20
-3.2998965354330707
11
5.6227311811023624
21
-3.2977162992125986
0
LINE
8
BLACK
6
CONTINUOUS
10
5.6227311811023624
20
-3.2977162992125986
11
5.6254013779527554
21
-3.2961746456692911
0
LINE
8
BLACK
6
CONTINUOUS
10
5.6254013779527554
20
-3.2961746456692911
11
5.6283796062992124
21
-3.2953766535433071
0
LINE
8
BLACK
6
CONTINUOUS
10
5.6283796062992124
20
-3.2953766535433071
11
5.6314629133858265
21
-3.2953766535433071
0
LINE
8
BLACK
6
CONTINUOUS
10
5.6314629133858265
20
-3.2953766535433071
11
5.6344411417322835
21
-3.2961746456692911
0
LINE
8
BLACK
6
CONTINUOUS
10
5.6934962598425196
20
-3.2568045669291337
11
5.6961664566929135
21
-3.2583462204724407
0
LINE
8
BLACK
6
CONTINUOUS
10
5.6961664566929135
20
-3.2583462204724407
11
5.6983466929133861
21
-3.2605264566929133
0
LINE
8
BLACK
6
CONTINUOUS
10
5.6983466929133861
20
-3.2605264566929133
11
5.6998883464566932
21
-3.2631966535433068
0
LINE
8
BLACK
6
CONTINUOUS
10
5.6998883464566932
20
-3.2631966535433068
11
5.7006863385826767
21
-3.2661748818897638
0
LINE
8
BLACK
6
CONTINUOUS
10
5.7006863385826767
20
-3.2661748818897638
11
5.7006863385826767
21
-3.2692581889763779
0
LINE
8
BLACK
6
CONTINUOUS
10
5.7006863385826767
20
-3.2692581889763779
11
5.6998883464566932
21
-3.2722364173228344
0
LINE
8
BLACK
6
CONTINUOUS
10
5.6998883464566932
20
-3.2722364173228344
11
5.6983466929133861
21
-3.2749066141732284
0
LINE
8
BLACK
6
CONTINUOUS
10
5.6983466929133861
20
-3.2749066141732284
11
5.6968503937007871
21
-3.2764029133858266
0
LINE
8
BLACK
6
CONTINUOUS
10
5.6968503937007871
20
-3.2764029133858266
11
5.6968503937007871
21
-3.303825118110236
0
LINE
8
BLACK
6
CONTINUOUS
10
5.6968503937007871
20
-3.303825118110236
11
6.1473000393700783
21
-3.7542747637795273
0
LINE
8
BLACK
6
CONTINUOUS
10
6.1473000393700783
20
-3.7542747637795273
11
6.1482792913385822
21
-3.7554679527559056
0
LINE
8
BLACK
6
CONTINUOUS
10
6.1482792913385822
20
-3.7554679527559056
11
6.1494549999999997
21
-3.7583063779527559
0
LINE
8
BLACK
6
CONTINUOUS
10
6.1494549999999997
20
-3.7583063779527559
11
6.1496062992125982
21
-3.7598425196850394
0
LINE
8
BLACK
6
CONTINUOUS
10
6.1496062992125982
20
-3.7598425196850394
11
6.1496062992125982
21
-4.0070616535433068
0
LINE
8
BLACK
6
CONTINUOUS
10
6.1496062992125982
20
-4.0070616535433068
11
6.1511025984251964
21
-4.008557952755905
0
LINE
8
BLACK
6
CONTINUOUS
10
6.1511025984251964
20
-4.008557952755905
11
6.1526442519685034
21
-4.0112281496062989
0
LINE
8
BLACK
6
CONTINUOUS
10
6.1526442519685034
20
-4.0112281496062989
11
6.1534422440944878
21
-4.0142063779527559
0
LINE
8
BLACK
6
CONTINUOUS
10
6.1534422440944878
20
-4.0142063779527559
11
6.1534422440944878
21
-4.01728968503937
0
LINE
8
BLACK
6
CONTINUOUS
10
6.1534422440944878
20
-4.01728968503937
11
6.1526442519685034
21
-4.020267913385827
0
LINE
8
BLACK
6
CONTINUOUS
10
6.1526442519685034
20
-4.020267913385827
11
6.1511025984251964
21
-4.0229381102362201
0
LINE
8
BLACK
6
CONTINUOUS
10
6.1511025984251964
20
-4.0229381102362201
11
6.1489223622047247
21
-4.0251183464566926
0
LINE
8
BLACK
6
CONTINUOUS
10
6.1489223622047247
20
-4.0251183464566926
11
6.1462521653543307
21
-4.0266599999999997
0
LINE
8
BLACK
6
CONTINUOUS
10
6.1462521653543307
20
-4.0266599999999997
11
6.1432739370078737
21
-4.0274579921259841
0
LINE
8
BLACK
6
CONTINUOUS
10
6.1432739370078737
20
-4.0274579921259841
11
6.1401906299212596
21
-4.0274579921259841
0
LINE
8
BLACK
6
CONTINUOUS
10
6.1401906299212596
20
-4.0274579921259841
11
6.1372124015748026
21
-4.0266599999999997
0
LINE
8
BLACK
6
CONTINUOUS
10
6.1372124015748026
20
-4.0266599999999997
11
6.1345422047244096
21
-4.0251183464566926
0
LINE
8
BLACK
6
CONTINUOUS
10
6.1345422047244096
20
-4.0251183464566926
11
6.132361968503937
21
-4.0229381102362201
0
LINE
8
BLACK
6
CONTINUOUS
10
6.132361968503937
20
-4.0229381102362201
11
6.13082031496063
21
-4.020267913385827
0
LINE
8
BLACK
6
CONTINUOUS
10
6.13082031496063
20
-4.020267913385827
11
6.1300223228346455
21
-4.01728968503937
0
LINE
8
BLACK
6
CONTINUOUS
10
6.1300223228346455
20
-4.01728968503937
11
6.1300223228346455
21
-4.0142063779527559
0
LINE
8
BLACK
6
CONTINUOUS
10
6.1300223228346455
20
-4.0142063779527559
11
6.13082031496063
21
-4.0112281496062989
0
LINE
8
BLACK
6
CONTINUOUS
10
6.13082031496063
20
-4.0112281496062989
11
6.132361968503937
21
-4.008557952755905
0
LINE
8
BLACK
6
CONTINUOUS
10
6.132361968503937
20
-4.008557952755905
11
6.1338582677165352
21
-4.0070616535433068
0
LINE
8
BLACK
6
CONTINUOUS
10
6.1338582677165352
20
-4.0070616535433068
11
6.1338582677165352
21
-3.7631040157480316
0
LINE
8
BLACK
6
CONTINUOUS
10
6.1338582677165352
20
-3.7631040157480316
11
5.683408622047244
21
-3.3126543700787399
0
LINE
8
BLACK
6
CONTINUOUS
10
5.683408622047244
20
-3.3126543700787399
11
5.68242937007874
21
-3.311461181102362
0
LINE
8
BLACK
6
CONTINUOUS
10
5.68242937007874
20
-3.311461181102362
11
5.6812536614173226
21
-3.3086227559055117
0
LINE
8
BLACK
6
CONTINUOUS
10
5.6812536614173226
20
-3.3086227559055117
11
5.6811023622047241
21
-3.3070866141732282
0
LINE
8
BLACK
6
CONTINUOUS
10
5.6811023622047241
20
-3.3070866141732282
11
5.6811023622047241
21
-3.2764029133858266
0
LINE
8
BLACK
6
CONTINUOUS
10
5.6811023622047241
20
-3.2764029133858266
11
5.6796060629921259
21
-3.2749066141732284
0
LINE
8
BLACK
6
CONTINUOUS
10
5.6796060629921259
20
-3.2749066141732284
11
5.6780644094488189
21
-3.2722364173228344
0
LINE
8
BLACK
6
CONTINUOUS
10
5.6780644094488189
20
-3.2722364173228344
11
5.6772664173228344
21
-3.2692581889763779
0
LINE
8
BLACK
6
CONTINUOUS
10
5.6772664173228344
20
-3.2692581889763779
11
5.6772664173228344
21
-3.2661748818897638
0
LINE
8
BLACK
6
CONTINUOUS
10
5.6772664173228344
20
-3.2661748818897638
11
5.6780644094488189
21
-3.2631966535433068
0
LINE
8
BLACK
6
CONTINUOUS
10
5.6780644094488189
20
-3.2631966535433068
11
5.6796060629921259
21
-3.2605264566929133
0
LINE
8
BLACK
6
CONTINUOUS
10
5.6796060629921259
20
-3.2605264566929133
11
5.6817862992125985
21
-3.2583462204724407
0
LINE
8
BLACK
6
CONTINUOUS
10
5.6817862992125985
20
-3.2583462204724407
11
5.6844564960629924
21
-3.2568045669291337
0
LINE
8
BLACK
6
CONTINUOUS
10
5.6844564960629924
20
-3.2568045669291337
11
5.6874347244094485
21
-3.2560065748031497
0
LINE
8
BLACK
6
CONTINUOUS
10
5.6874347244094485
20
-3.2560065748031497
11
5.6905180314960626
21
-3.2560065748031497
0
LINE
8
BLACK
6
CONTINUOUS
10
5.6905180314960626
20
-3.2560065748031497
11
5.6934962598425196
21
-3.2568045669291337
0
LINE
8
BLACK
6
CONTINUOUS
10
5.7525513779527557
20
-3.1977494488188976
11
5.7552215748031497
21
-3.1992911023622046
0
LINE
8
BLACK
6
CONTINUOUS
10
5.7552215748031497
20
-3.1992911023622046
11
5.7574018110236223
21
-3.2014713385826772
0
LINE
8
BLACK
6
CONTINUOUS
10
5.7574018110236223
20
-3.2014713385826772
11
5.7589434645669293
21
-3.2041415354330707
0
LINE
8
BLACK
6
CONTINUOUS
10
5.7589434645669293
20
-3.2041415354330707
11
5.7597414566929128
21
-3.2071197637795277
0
LINE
8
BLACK
6
CONTINUOUS
10
5.7597414566929128
20
-3.2071197637795277
11
5.7597414566929128
21
-3.2102030708661418
0
LINE
8
BLACK
6
CONTINUOUS
10
5.7597414566929128
20
-3.2102030708661418
11
5.7589434645669293
21
-3.2131812992125983
0
LINE
8
BLACK
6
CONTINUOUS
10
5.7589434645669293
20
-3.2131812992125983
11
5.7574018110236223
21
-3.2158514960629923
0
LINE
8
BLACK
6
CONTINUOUS
10
5.7574018110236223
20
-3.2158514960629923
11
5.7559055118110232
21
-3.2173477952755904
0
LINE
8
BLACK
6
CONTINUOUS
10
5.7559055118110232
20
-3.2173477952755904
11
5.7559055118110232
21
-3.323510118110236
0
LINE
8
BLACK
6
CONTINUOUS
10
5.7559055118110232
20
-3.323510118110236
11
6.2457252755905515
21
-3.8133298818897639
0
LINE
8
BLACK
6
CONTINUOUS
10
6.2457252755905515
20
-3.8133298818897639
11
6.2467044881889766
21
-3.8145230708661417
0
LINE
8
BLACK
6
CONTINUOUS
10
6.2467044881889766
20
-3.8145230708661417
11
6.2478801968503932
21
-3.817361496062992
0
LINE
8
BLACK
6
CONTINUOUS
10
6.2478801968503932
20
-3.817361496062992
11
6.2480314960629917
21
-3.8188976377952755
0
LINE
8
BLACK
6
CONTINUOUS
10
6.2480314960629917
20
-3.8188976377952755
11
6.2480314960629917
21
-3.9480065354330707
0
LINE
8
BLACK
6
CONTINUOUS
10
6.2480314960629917
20
-3.9480065354330707
11
6.2495277952755908
21
-3.9495028346456693
0
LINE
8
BLACK
6
CONTINUOUS
10
6.2495277952755908
20
-3.9495028346456693
11
6.2510694488188978
21
-3.9521730314960628
0
LINE
8
BLACK
6
CONTINUOUS
10
6.2510694488188978
20
-3.9521730314960628
11
6.2518674409448813
21
-3.9551512598425198
0
LINE
8
BLACK
6
CONTINUOUS
10
6.2518674409448813
20
-3.9551512598425198
11
6.2518674409448813
21
-3.9582345669291339
0
LINE
8
BLACK
6
CONTINUOUS
10
6.2518674409448813
20
-3.9582345669291339
11
6.2510694488188978
21
-3.9612127952755904
0
LINE
8
BLACK
6
CONTINUOUS
10
6.2510694488188978
20
-3.9612127952755904
11
6.2495277952755908
21
-3.9638829921259844
0
LINE
8
BLACK
6
CONTINUOUS
10
6.2495277952755908
20
-3.9638829921259844
11
6.2473475590551182
21
-3.9660632283464565
0
LINE
8
BLACK
6
CONTINUOUS
10
6.2473475590551182
20
-3.9660632283464565
11
6.2446773622047242
21
-3.9676048818897636
0
LINE
8
BLACK
6
CONTINUOUS
10
6.2446773622047242
20
-3.9676048818897636
11
6.2416991338582672
21
-3.968402874015748
0
LINE
8
BLACK
6
CONTINUOUS
10
6.2416991338582672
20
-3.968402874015748
11
6.2386158267716532
21
-3.968402874015748
0
LINE
8
BLACK
6
CONTINUOUS
10
6.2386158267716532
20
-3.968402874015748
11
6.235637598425197
21
-3.9676048818897636
0
LINE
8
BLACK
6
CONTINUOUS
10
6.235637598425197
20
-3.9676048818897636
11
6.2329674015748031
21
-3.9660632283464565
0
LINE
8
BLACK
6
CONTINUOUS
10
6.2329674015748031
20
-3.9660632283464565
11
6.2307871653543305
21
-3.9638829921259844
0
LINE
8
BLACK
6
CONTINUOUS
10
6.2307871653543305
20
-3.9638829921259844
11
6.2292455118110235
21
-3.9612127952755904
0
LINE
8
BLACK
6
CONTINUOUS
10
6.2292455118110235
20
-3.9612127952755904
11
6.2284475196850391
21
-3.9582345669291339
0
LINE
8
BLACK
6
CONTINUOUS
10
6.2284475196850391
20
-3.9582345669291339
11
6.2284475196850391
21
-3.9551512598425198
0
LINE
8
BLACK
6
CONTINUOUS
10
6.2284475196850391
20
-3.9551512598425198
11
6.2292455118110235
21
-3.9521730314960628
0
LINE
8
BLACK
6
CONTINUOUS
10
6.2292455118110235
20
-3.9521730314960628
11
6.2307871653543305
21
-3.9495028346456693
0
LINE
8
BLACK
6
CONTINUOUS
10
6.2307871653543305
20
-3.9495028346456693
11
6.2322834645669287
21
-3.9480065354330707
0
LINE
8
BLACK
6
CONTINUOUS
10
6.2322834645669287
20
-3.9480065354330707
11
6.2322834645669287
21
-3.8221591338582677
0
LINE
8
BLACK
6
CONTINUOUS
10
6.2322834645669287
20
-3.8221591338582677
11
5.7424637401574801
21
-3.332339409448819
0
LINE
8
BLACK
6
CONTINUOUS
10
5.7424637401574801
20
-3.332339409448819
11
5.7414844881889762
21
-3.3311462204724407
0
LINE
8
BLACK
6
CONTINUOUS
10
5.7414844881889762
20
-3.3311462204724407
11
5.7403087795275587
21
-3.3283077952755904
0
LINE
8
BLACK
6
CONTINUOUS
10
5.7403087795275587
20
-3.3283077952755904
11
5.7401574803149602
21
-3.326771653543307
0
LINE
8
BLACK
6
CONTINUOUS
10
5.7401574803149602
20
-3.326771653543307
11
5.7401574803149602
21
-3.2173477952755904
0
LINE
8
BLACK
6
CONTINUOUS
10
5.7401574803149602
20
-3.2173477952755904
11
5.738661181102362
21
-3.2158514960629923
0
LINE
8
BLACK
6
CONTINUOUS
10
5.738661181102362
20
-3.2158514960629923
11
5.737119527559055
21
-3.2131812992125983
0
LINE
8
BLACK
6
CONTINUOUS
10
5.737119527559055
20
-3.2131812992125983
11
5.7363215354330706
21
-3.2102030708661418
0
LINE
8
BLACK
6
CONTINUOUS
10
5.7363215354330706
20
-3.2102030708661418
11
5.7363215354330706
21
-3.2071197637795277
0
LINE
8
BLACK
6
CONTINUOUS
10
5.7363215354330706
20
-3.2071197637795277
11
5.737119527559055
21
-3.2041415354330707
0
LINE
8
BLACK
6
CONTINUOUS
10
5.737119527559055
20
-3.2041415354330707
11
5.738661181102362
21
-3.2014713385826772
0
LINE
8
BLACK
6
CONTINUOUS
10
5.738661181102362
20
-3.2014713385826772
11
5.7408414173228346
21
-3.1992911023622046
0
LINE
8
BLACK
6
CONTINUOUS
10
5.7408414173228346
20
-3.1992911023622046
11
5.7435116141732285
21
-3.1977494488188976
0
LINE
8
BLACK
6
CONTINUOUS
10
5.7435116141732285
20
-3.1977494488188976
11
5.7464898425196846
21
-3.1969514566929131
0
LINE
8
BLACK
6
CONTINUOUS
10
5.7464898425196846
20
-3.1969514566929131
11
5.7495731496062987
21
-3.1969514566929131
0
LINE
8
BLACK
6
CONTINUOUS
10
5.7495731496062987
20
-3.1969514566929131
11
5.7525513779527557
21
-3.1977494488188976
0
LINE
8
BLACK
6
CONTINUOUS
10
4.9257797244094483
20
-3.2568045669291337
11
4.9284499212598423
21
-3.2583462204724407
0
LINE
8
BLACK
6
CONTINUOUS
10
4.9284499212598423
20
-3.2583462204724407
11
4.9306301574803149
21
-3.2605264566929133
0
LINE
8
BLACK
6
CONTINUOUS
10
4.9306301574803149
20
-3.2605264566929133
11
4.9321718110236219
21
-3.2631966535433068
0
LINE
8
BLACK
6
CONTINUOUS
10
4.9321718110236219
20
-3.2631966535433068
11
4.9329698031496063
21
-3.2661748818897638
0
LINE
8
BLACK
6
CONTINUOUS
10
4.9329698031496063
20
-3.2661748818897638
11
4.9329698031496063
21
-3.2692581889763779
0
LINE
8
BLACK
6
CONTINUOUS
10
4.9329698031496063
20
-3.2692581889763779
11
4.9321718110236219
21
-3.2722364173228344
0
LINE
8
BLACK
6
CONTINUOUS
10
4.9321718110236219
20
-3.2722364173228344
11
4.9306301574803149
21
-3.2749066141732284
0
LINE
8
BLACK
6
CONTINUOUS
10
4.9306301574803149
20
-3.2749066141732284
11
4.9291338582677167
21
-3.2764029133858266
0
LINE
8
BLACK
6
CONTINUOUS
10
4.9291338582677167
20
-3.2764029133858266
11
4.9291338582677167
21
-3.8298962992125984
0
LINE
8
BLACK
6
CONTINUOUS
10
4.9291338582677167
20
-3.8298962992125984
11
4.9306301574803149
21
-3.8313925984251966
0
LINE
8
BLACK
6
CONTINUOUS
10
4.9306301574803149
20
-3.8313925984251966
11
4.9321718110236219
21
-3.8340627952755906
0
LINE
8
BLACK
6
CONTINUOUS
10
4.9321718110236219
20
-3.8340627952755906
11
4.9329698031496063
21
-3.8370410236220471
0
LINE
8
BLACK
6
CONTINUOUS
10
4.9329698031496063
20
-3.8370410236220471
11
4.9329698031496063
21
-3.8401243307086612
0
LINE
8
BLACK
6
CONTINUOUS
10
4.9329698031496063
20
-3.8401243307086612
11
4.9321718110236219
21
-3.8431025590551182
0
LINE
8
BLACK
6
CONTINUOUS
10
4.9321718110236219
20
-3.8431025590551182
11
4.9306301574803149
21
-3.8457727559055117
0
LINE
8
BLACK
6
CONTINUOUS
10
4.9306301574803149
20
-3.8457727559055117
11
4.9284499212598423
21
-3.8479529921259843
0
LINE
8
BLACK
6
CONTINUOUS
10
4.9284499212598423
20
-3.8479529921259843
11
4.9257797244094483
21
-3.8494946456692913
0
LINE
8
BLACK
6
CONTINUOUS
10
4.9257797244094483
20
-3.8494946456692913
11
4.9228014960629922
21
-3.8502926377952753
0
LINE
8
BLACK
6
CONTINUOUS
10
4.9228014960629922
20
-3.8502926377952753
11
4.9197181889763781
21
-3.8502926377952753
0
LINE
8
BLACK
6
CONTINUOUS
10
4.9197181889763781
20
-3.8502926377952753
11
4.9167399606299211
21
-3.8494946456692913
0
LINE
8
BLACK
6
CONTINUOUS
10
4.9167399606299211
20
-3.8494946456692913
11
4.9140697637795272
21
-3.8479529921259843
0
LINE
8
BLACK
6
CONTINUOUS
10
4.9140697637795272
20
-3.8479529921259843
11
4.9118895275590546
21
-3.8457727559055117
0
LINE
8
BLACK
6
CONTINUOUS
10
4.9118895275590546
20
-3.8457727559055117
11
4.9103478740157476
21
-3.8431025590551182
0
LINE
8
BLACK
6
CONTINUOUS
10
4.9103478740157476
20
-3.8431025590551182
11
4.909549881889764
21
-3.8401243307086612
0
LINE
8
BLACK
6
CONTINUOUS
10
4.909549881889764
20
-3.8401243307086612
11
4.909549881889764
21
-3.8370410236220471
0
LINE
8
BLACK
6
CONTINUOUS
10
4.909549881889764
20
-3.8370410236220471
11
4.9103478740157476
21
-3.8340627952755906
0
LINE
8
BLACK
6
CONTINUOUS
10
4.9103478740157476
20
-3.8340627952755906
11
4.9118895275590546
21
-3.8313925984251966
0
LINE
8
BLACK
6
CONTINUOUS
10
4.9118895275590546
20
-3.8313925984251966
11
4.9133858267716537
21
-3.8298962992125984
0
LINE
8
BLACK
6
CONTINUOUS
10
4.9133858267716537
20
-3.8298962992125984
11
4.9133858267716537
21
-3.2764029133858266
0
LINE
8
BLACK
6
CONTINUOUS
10
4.9133858267716537
20
-3.2764029133858266
11
4.9118895275590546
21
-3.2749066141732284
0
LINE
8
BLACK
6
CONTINUOUS
10
4.9118895275590546
20
-3.2749066141732284
11
4.9103478740157476
21
-3.2722364173228344
0
LINE
8
BLACK
6
CONTINUOUS
10
4.9103478740157476
20
-3.2722364173228344
11
4.909549881889764
21
-3.2692581889763779
0
LINE
8
BLACK
6
CONTINUOUS
10
4.909549881889764
20
-3.2692581889763779
11
4.909549881889764
21
-3.2661748818897638
0
LINE
8
BLACK
6
CONTINUOUS
10
4.909549881889764
20
-3.2661748818897638
11
4.9103478740157476
21
-3.2631966535433068
0
LINE
8
BLACK
6
CONTINUOUS
10
4.9103478740157476
20
-3.2631966535433068
11
4.9118895275590546
21
-3.2605264566929133
0
LINE
8
BLACK
6
CONTINUOUS
10
4.9118895275590546
20
-3.2605264566929133
11
4.9140697637795272
21
-3.2583462204724407
0
LINE
8
BLACK
6
CONTINUOUS
10
4.9140697637795272
20
-3.2583462204724407
11
4.9167399606299211
21
-3.2568045669291337
0
LINE
8
BLACK
6
CONTINUOUS
10
4.9167399606299211
20
-3.2568045669291337
11
4.9197181889763781
21
-3.2560065748031497
0
LINE
8
BLACK
6
CONTINUOUS
10
4.9197181889763781
20
-3.2560065748031497
11
4.9228014960629922
21
-3.2560065748031497
0
LINE
8
BLACK
6
CONTINUOUS
10
4.9228014960629922
20
-3.2560065748031497
11
4.9257797244094483
21
-3.2568045669291337
0
LINE
8
BLACK
6
CONTINUOUS
10
4.2761734251968502
20
-3.4536549606299212
11
4.2788436220472441
21
-3.4551966141732282
0
LINE
8
BLACK
6
CONTINUOUS
10
4.2788436220472441
20
-3.4551966141732282
11
4.2803399212598423
21
-3.4566929133858268
0
LINE
8
BLACK
6
CONTINUOUS
10
4.2803399212598423
20
-3.4566929133858268
11
4.5779277952755901
21
-3.4566929133858268
0
LINE
8
BLACK
6
CONTINUOUS
10
4.5779277952755901
20
-3.4566929133858268
11
4.5794240944881892
21
-3.4551966141732282
0
LINE
8
BLACK
6
CONTINUOUS
10
4.5794240944881892
20
-3.4551966141732282
11
4.5820942913385823
21
-3.4536549606299212
0
LINE
8
BLACK
6
CONTINUOUS
10
4.5820942913385823
20
-3.4536549606299212
11
4.5850725196850393
21
-3.4528569685039368
0
LINE
8
BLACK
6
CONTINUOUS
10
4.5850725196850393
20
-3.4528569685039368
11
4.5881558267716533
21
-3.4528569685039368
0
LINE
8
BLACK
6
CONTINUOUS
10
4.5881558267716533
20
-3.4528569685039368
11
4.5911340551181103
21
-3.4536549606299212
0
LINE
8
BLACK
6
CONTINUOUS
10
4.5911340551181103
20
-3.4536549606299212
11
4.5938042519685034
21
-3.4551966141732282
0
LINE
8
BLACK
6
CONTINUOUS
10
4.5938042519685034
20
-3.4551966141732282
11
4.595984488188976
21
-3.4573768503937008
0
LINE
8
BLACK
6
CONTINUOUS
10
4.595984488188976
20
-3.4573768503937008
11
4.597526141732283
21
-3.4600470472440943
0
LINE
8
BLACK
6
CONTINUOUS
10
4.597526141732283
20
-3.4600470472440943
11
4.5983241338582674
21
-3.4630252755905513
0
LINE
8
BLACK
6
CONTINUOUS
10
4.5983241338582674
20
-3.4630252755905513
11
4.5983241338582674
21
-3.4661085826771654
0
LINE
8
BLACK
6
CONTINUOUS
10
4.5983241338582674
20
-3.4661085826771654
11
4.597526141732283
21
-3.4690868110236219
0
LINE
8
BLACK
6
CONTINUOUS
10
4.597526141732283
20
-3.4690868110236219
11
4.595984488188976
21
-3.4717570078740159
0
LINE
8
BLACK
6
CONTINUOUS
10
4.595984488188976
20
-3.4717570078740159
11
4.5938042519685034
21
-3.473937244094488
0
LINE
8
BLACK
6
CONTINUOUS
10
4.5938042519685034
20
-3.473937244094488
11
4.5911340551181103
21
-3.4754788976377951
0
LINE
8
BLACK
6
CONTINUOUS
10
4.5911340551181103
20
-3.4754788976377951
11
4.5881558267716533
21
-3.4762768897637795
0
LINE
8
BLACK
6
CONTINUOUS
10
4.5881558267716533
20
-3.4762768897637795
11
4.5850725196850393
21
-3.4762768897637795
0
LINE
8
BLACK
6
CONTINUOUS
10
4.5850725196850393
20
-3.4762768897637795
11
4.5820942913385823
21
-3.4754788976377951
0
LINE
8
BLACK
6
CONTINUOUS
10
4.5820942913385823
20
-3.4754788976377951
11
4.5794240944881892
21
-3.473937244094488
0
LINE
8
BLACK
6
CONTINUOUS
10
4.5794240944881892
20
-3.473937244094488
11
4.5779277952755901
21
-3.4724409448818898
0
LINE
8
BLACK
6
CONTINUOUS
10
4.5779277952755901
20
-3.4724409448818898
11
4.2803399212598423
21
-3.4724409448818898
0
LINE
8
BLACK
6
CONTINUOUS
10
4.2803399212598423
20
-3.4724409448818898
11
4.2788436220472441
21
-3.473937244094488
0
LINE
8
BLACK
6
CONTINUOUS
10
4.2788436220472441
20
-3.473937244094488
11
4.2761734251968502
21
-3.4754788976377951
0
LINE
8
BLACK
6
CONTINUOUS
10
4.2761734251968502
20
-3.4754788976377951
11
4.2731951968503932
21
-3.4762768897637795
0
LINE
8
BLACK
6
CONTINUOUS
10
4.2731951968503932
20
-3.4762768897637795
11
4.2701118897637791
21
-3.4762768897637795
0
LINE
8
BLACK
6
CONTINUOUS
10
4.2701118897637791
20
-3.4762768897637795
11
4.267133661417323
21
-3.4754788976377951
0
LINE
8
BLACK
6
CONTINUOUS
10
4.267133661417323
20
-3.4754788976377951
11
4.264463464566929
21
-3.473937244094488
0
LINE
8
BLACK
6
CONTINUOUS
10
4.264463464566929
20
-3.473937244094488
11
4.2622832283464565
21
-3.4717570078740159
0
LINE
8
BLACK
6
CONTINUOUS
10
4.2622832283464565
20
-3.4717570078740159
11
4.2607415748031494
21
-3.4690868110236219
0
LINE
8
BLACK
6
CONTINUOUS
10
4.2607415748031494
20
-3.4690868110236219
11
4.259943582677165
21
-3.4661085826771654
0
LINE
8
BLACK
6
CONTINUOUS
10
4.259943582677165
20
-3.4661085826771654
11
4.259943582677165
21
-3.4630252755905513
0
LINE
8
BLACK
6
CONTINUOUS
10
4.259943582677165
20
-3.4630252755905513
11
4.2607415748031494
21
-3.4600470472440943
0
LINE
8
BLACK
6
CONTINUOUS
10
4.2607415748031494
20
-3.4600470472440943
11
4.2622832283464565
21
-3.4573768503937008
0
LINE
8
BLACK
6
CONTINUOUS
10
4.2622832283464565
20
-3.4573768503937008
11
4.264463464566929
21
-3.4551966141732282
0
LINE
8
BLACK
6
CONTINUOUS
10
4.264463464566929
20
-3.4551966141732282
11
4.267133661417323
21
-3.4536549606299212
0
LINE
8
BLACK
6
CONTINUOUS
10
4.267133661417323
20
-3.4536549606299212
11
4.2701118897637791
21
-3.4528569685039368
0
LINE
8
BLACK
6
CONTINUOUS
10
4.2701118897637791
20
-3.4528569685039368
11
4.2731951968503932
21
-3.4528569685039368
0
LINE
8
BLACK
6
CONTINUOUS
10
4.2731951968503932
20
-3.4528569685039368
11
4.2761734251968502
21
-3.4536549606299212
0
LINE
8
BLACK
6
CONTINUOUS
10
5.8509765748031493
20
-1.6820014173228346
11
5.8536467716535432
21
-1.6835430708661416
0
LINE
8
BLACK
6
CONTINUOUS
10
5.8536467716535432
20
-1.6835430708661416
11
5.8558270078740158
21
-1.6857233070866142
0
LINE
8
BLACK
6
CONTINUOUS
10
5.8558270078740158
20
-1.6857233070866142
11
5.8573686614173228
21
-1.6883935039370079
0
LINE
8
BLACK
6
CONTINUOUS
10
5.8573686614173228
20
-1.6883935039370079
11
5.8581666535433072
21
-1.6913717322834645
0
LINE
8
BLACK
6
CONTINUOUS
10
5.8581666535433072
20
-1.6913717322834645
11
5.8581666535433072
21
-1.6944550393700788
0
LINE
8
BLACK
6
CONTINUOUS
10
5.8581666535433072
20
-1.6944550393700788
11
5.8573686614173228
21
-1.6974332677165354
0
LINE
8
BLACK
6
CONTINUOUS
10
5.8573686614173228
20
-1.6974332677165354
11
5.8558270078740158
21
-1.7001034645669291
0
LINE
8
BLACK
6
CONTINUOUS
10
5.8558270078740158
20
-1.7001034645669291
11
5.8543307086614176
21
-1.7015997637795275
0
LINE
8
BLACK
6
CONTINUOUS
10
5.8543307086614176
20
-1.7015997637795275
11
5.8543307086614176
21
-1.7519685039370079
0
LINE
8
BLACK
6
CONTINUOUS
10
5.8543307086614176
20
-1.7519685039370079
11
5.8541794094488191
21
-1.7535046456692913
0
LINE
8
BLACK
6
CONTINUOUS
10
5.8541794094488191
20
-1.7535046456692913
11
5.8530037007874016
21
-1.7563430708661416
0
LINE
8
BLACK
6
CONTINUOUS
10
5.8530037007874016
20
-1.7563430708661416
11
5.8520244881889765
21
-1.7575362598425197
0
LINE
8
BLACK
6
CONTINUOUS
10
5.8520244881889765
20
-1.7575362598425197
11
5.8126543700787403
21
-1.7969063385826771
0
LINE
8
BLACK
6
CONTINUOUS
10
5.8126543700787403
20
-1.7969063385826771
11
5.811461181102362
21
-1.797885590551181
0
LINE
8
BLACK
6
CONTINUOUS
10
5.811461181102362
20
-1.797885590551181
11
5.8086227559055112
21
-1.7990612992125983
0
LINE
8
BLACK
6
CONTINUOUS
10
5.8086227559055112
20
-1.7990612992125983
11
5.8070866141732278
21
-1.7992125984251968
0
LINE
8
BLACK
6
CONTINUOUS
10
5.8070866141732278
20
-1.7992125984251968
11
5.6189225984251969
21
-1.7992125984251968
0
LINE
8
BLACK
6
CONTINUOUS
10
5.6189225984251969
20
-1.7992125984251968
11
5.6174262992125987
21
-1.8007088976377952
0
LINE
8
BLACK
6
CONTINUOUS
10
5.6174262992125987
20
-1.8007088976377952
11
5.6147561023622048
21
-1.8022505511811022
0
LINE
8
BLACK
6
CONTINUOUS
10
5.6147561023622048
20
-1.8022505511811022
11
5.6117778740157478
21
-1.8030485433070866
0
LINE
8
BLACK
6
CONTINUOUS
10
5.6117778740157478
20
-1.8030485433070866
11
5.6086945669291337
21
-1.8030485433070866
0
LINE
8
BLACK
6
CONTINUOUS
10
5.6086945669291337
20
-1.8030485433070866
11
5.6057163385826767
21
-1.8022505511811022
0
LINE
8
BLACK
6
CONTINUOUS
10
5.6057163385826767
20
-1.8022505511811022
11
5.6030461417322837
21
-1.8007088976377952
0
LINE
8
BLACK
6
CONTINUOUS
10
5.6030461417322837
20
-1.8007088976377952
11
5.6008659055118111
21
-1.7985286614173228
0
LINE
8
BLACK
6
CONTINUOUS
10
5.6008659055118111
20
-1.7985286614173228
11
5.599324251968504
21
-1.7958584645669291
0
LINE
8
BLACK
6
CONTINUOUS
10
5.599324251968504
20
-1.7958584645669291
11
5.5985262598425196
21
-1.7928802362204723
0
LINE
8
BLACK
6
CONTINUOUS
10
5.5985262598425196
20
-1.7928802362204723
11
5.5985262598425196
21
-1.7897969291338582
0
LINE
8
BLACK
6
CONTINUOUS
10
5.5985262598425196
20
-1.7897969291338582
11
5.599324251968504
21
-1.7868187007874015
0
LINE
8
BLACK
6
CONTINUOUS
10
5.599324251968504
20
-1.7868187007874015
11
5.6008659055118111
21
-1.7841485039370077
0
LINE
8
BLACK
6
CONTINUOUS
10
5.6008659055118111
20
-1.7841485039370077
11
5.6030461417322837
21
-1.7819682677165354
0
LINE
8
BLACK
6
CONTINUOUS
10
5.6030461417322837
20
-1.7819682677165354
11
5.6057163385826767
21
-1.7804266141732283
0
LINE
8
BLACK
6
CONTINUOUS
10
5.6057163385826767
20
-1.7804266141732283
11
5.6086945669291337
21
-1.7796286220472441
0
LINE
8
BLACK
6
CONTINUOUS
10
5.6086945669291337
20
-1.7796286220472441
11
5.6117778740157478
21
-1.7796286220472441
0
LINE
8
BLACK
6
CONTINUOUS
10
5.6117778740157478
20
-1.7796286220472441
11
5.6147561023622048
21
-1.7804266141732283
0
LINE
8
BLACK
6
CONTINUOUS
10
5.6147561023622048
20
-1.7804266141732283
11
5.6174262992125987
21
-1.7819682677165354
0
LINE
8
BLACK
6
CONTINUOUS
10
5.6174262992125987
20
-1.7819682677165354
11
5.6189225984251969
21
-1.7834645669291338
0
LINE
8
BLACK
6
CONTINUOUS
10
5.6189225984251969
20
-1.7834645669291338
11
5.803825118110236
21
-1.7834645669291338
0
LINE
8
BLACK
6
CONTINUOUS
10
5.803825118110236
20
-1.7834645669291338
11
5.8385826771653546
21
-1.7487069685039369
0
LINE
8
BLACK
6
CONTINUOUS
10
5.8385826771653546
20
-1.7487069685039369
11
5.8385826771653546
21
-1.7015997637795275
0
LINE
8
BLACK
6
CONTINUOUS
10
5.8385826771653546
20
-1.7015997637795275
11
5.8370863779527555
21
-1.7001034645669291
0
LINE
8
BLACK
6
CONTINUOUS
10
5.8370863779527555
20
-1.7001034645669291
11
5.8355447244094485
21
-1.6974332677165354
0
LINE
8
BLACK
6
CONTINUOUS
10
5.8355447244094485
20
-1.6974332677165354
11
5.8347467322834641
21
-1.6944550393700788
0
LINE
8
BLACK
6
CONTINUOUS
10
5.8347467322834641
20
-1.6944550393700788
11
5.8347467322834641
21
-1.6913717322834645
0
LINE
8
BLACK
6
CONTINUOUS
10
5.8347467322834641
20
-1.6913717322834645
11
5.8355447244094485
21
-1.6883935039370079
0
LINE
8
BLACK
6
CONTINUOUS
10
5.8355447244094485
20
-1.6883935039370079
11
5.8370863779527555
21
-1.6857233070866142
0
LINE
8
BLACK
6
CONTINUOUS
10
5.8370863779527555
20
-1.6857233070866142
11
5.8392666141732281
21
-1.6835430708661416
0
LINE
8
BLACK
6
CONTINUOUS
10
5.8392666141732281
20
-1.6835430708661416
11
5.8419368110236221
21
-1.6820014173228346
0
LINE
8
BLACK
6
CONTINUOUS
10
5.8419368110236221
20
-1.6820014173228346
11
5.8449150393700782
21
-1.6812034251968504
0
LINE
8
BLACK
6
CONTINUOUS
10
5.8449150393700782
20
-1.6812034251968504
11
5.8479983464566931
21
-1.6812034251968504
0
LINE
8
BLACK
6
CONTINUOUS
10
5.8479983464566931
20
-1.6812034251968504
11
5.8509765748031493
21
-1.6820014173228346
0
LINE
8
BLACK
6
CONTINUOUS
10
5.5753860236220474
20
-1.721371496062992
11
5.5780562204724404
21
-1.7229131496062993
0
LINE
8
BLACK
6
CONTINUOUS
10
5.5780562204724404
20
-1.7229131496062993
11
5.5795525196850395
21
-1.7244094488188977
0
LINE
8
BLACK
6
CONTINUOUS
10
5.5795525196850395
20
-1.7244094488188977
11
5.7787151968503938
21
-1.7244094488188977
0
LINE
8
BLACK
6
CONTINUOUS
10
5.7787151968503938
20
-1.7244094488188977
11
5.780211496062992
21
-1.7229131496062993
0
LINE
8
BLACK
6
CONTINUOUS
10
5.780211496062992
20
-1.7229131496062993
11
5.7828816929133859
21
-1.721371496062992
0
LINE
8
BLACK
6
CONTINUOUS
10
5.7828816929133859
20
-1.721371496062992
11
5.7858599212598421
21
-1.7205735039370078
0
LINE
8
BLACK
6
CONTINUOUS
10
5.7858599212598421
20
-1.7205735039370078
11
5.7889432283464561
21
-1.7205735039370078
0
LINE
8
BLACK
6
CONTINUOUS
10
5.7889432283464561
20
-1.7205735039370078
11
5.7919214566929131
21
-1.721371496062992
0
LINE
8
BLACK
6
CONTINUOUS
10
5.7919214566929131
20
-1.721371496062992
11
5.7945916535433071
21
-1.7229131496062993
0
LINE
8
BLACK
6
CONTINUOUS
10
5.7945916535433071
20
-1.7229131496062993
11
5.7967718897637797
21
-1.7250933858267716
0
LINE
8
BLACK
6
CONTINUOUS
10
5.7967718897637797
20
-1.7250933858267716
11
5.7983135433070867
21
-1.7277635826771653
0
LINE
8
BLACK
6
CONTINUOUS
10
5.7983135433070867
20
-1.7277635826771653
11
5.7991115354330711
21
-1.7307418110236219
0
LINE
8
BLACK
6
CONTINUOUS
10
5.7991115354330711
20
-1.7307418110236219
11
5.7991115354330711
21
-1.7338251181102362
0
LINE
8
BLACK
6
CONTINUOUS
10
5.7991115354330711
20
-1.7338251181102362
11
5.7983135433070867
21
-1.7368033464566928
0
LINE
8
BLACK
6
CONTINUOUS
10
5.7983135433070867
20
-1.7368033464566928
11
5.7967718897637797
21
-1.7394735433070865
0
LINE
8
BLACK
6
CONTINUOUS
10
5.7967718897637797
20
-1.7394735433070865
11
5.7945916535433071
21
-1.7416537795275591
0
LINE
8
BLACK
6
CONTINUOUS
10
5.7945916535433071
20
-1.7416537795275591
11
5.7919214566929131
21
-1.7431954330708661
0
LINE
8
BLACK
6
CONTINUOUS
10
5.7919214566929131
20
-1.7431954330708661
11
5.7889432283464561
21
-1.7439934251968503
0
LINE
8
BLACK
6
CONTINUOUS
10
5.7889432283464561
20
-1.7439934251968503
11
5.7858599212598421
21
-1.7439934251968503
0
LINE
8
BLACK
6
CONTINUOUS
10
5.7858599212598421
20
-1.7439934251968503
11
5.7828816929133859
21
-1.7431954330708661
0
LINE
8
BLACK
6
CONTINUOUS
10
5.7828816929133859
20
-1.7431954330708661
11
5.780211496062992
21
-1.7416537795275591
0
LINE
8
BLACK
6
CONTINUOUS
10
5.780211496062992
20
-1.7416537795275591
11
5.7787151968503938
21
-1.7401574803149606
0
LINE
8
BLACK
6
CONTINUOUS
10
5.7787151968503938
20
-1.7401574803149606
11
5.5795525196850395
21
-1.7401574803149606
0
LINE
8
BLACK
6
CONTINUOUS
10
5.5795525196850395
20
-1.7401574803149606
11
5.5780562204724404
21
-1.7416537795275591
0
LINE
8
BLACK
6
CONTINUOUS
10
5.5780562204724404
20
-1.7416537795275591
11
5.5753860236220474
21
-1.7431954330708661
0
LINE
8
BLACK
6
CONTINUOUS
10
5.5753860236220474
20
-1.7431954330708661
11
5.5724077952755904
21
-1.7439934251968503
0
LINE
8
BLACK
6
CONTINUOUS
10
5.5724077952755904
20
-1.7439934251968503
11
5.5693244881889763
21
-1.7439934251968503
0
LINE
8
BLACK
6
CONTINUOUS
10
5.5693244881889763
20
-1.7439934251968503
11
5.5663462598425193
21
-1.7431954330708661
0
LINE
8
BLACK
6
CONTINUOUS
10
5.5663462598425193
20
-1.7431954330708661
11
5.5636760629921262
21
-1.7416537795275591
0
LINE
8
BLACK
6
CONTINUOUS
10
5.5636760629921262
20
-1.7416537795275591
11
5.5614958267716537
21
-1.7394735433070865
0
LINE
8
BLACK
6
CONTINUOUS
10
5.5614958267716537
20
-1.7394735433070865
11
5.5599541732283466
21
-1.7368033464566928
0
LINE
8
BLACK
6
CONTINUOUS
10
5.5599541732283466
20
-1.7368033464566928
11
5.5591561811023622
21
-1.7338251181102362
0
LINE
8
BLACK
6
CONTINUOUS
10
5.5591561811023622
20
-1.7338251181102362
11
5.5591561811023622
21
-1.7307418110236219
0
LINE
8
BLACK
6
CONTINUOUS
10
5.5591561811023622
20
-1.7307418110236219
11
5.5599541732283466
21
-1.7277635826771653
0
LINE
8
BLACK
6
CONTINUOUS
10
5.5599541732283466
20
-1.7277635826771653
11
5.5614958267716537
21
-1.7250933858267716
0
LINE
8
BLACK
6
CONTINUOUS
10
5.5614958267716537
20
-1.7250933858267716
11
5.5636760629921262
21
-1.7229131496062993
0
LINE
8
BLACK
6
CONTINUOUS
10
5.5636760629921262
20
-1.7229131496062993
11
5.5663462598425193
21
-1.721371496062992
0
LINE
8
BLACK
6
CONTINUOUS
10
5.5663462598425193
20
-1.721371496062992
11
5.5693244881889763
21
-1.7205735039370078
0
LINE
8
BLACK
6
CONTINUOUS
10
5.5693244881889763
20
-1.7205735039370078
11
5.5724077952755904
21
-1.7205735039370078
0
LINE
8
BLACK
6
CONTINUOUS
10
5.5724077952755904
20
-1.7205735039370078
11
5.5753860236220474
21
-1.721371496062992
0
LINE
8
BLACK
6
CONTINUOUS
10
4.8273545275590548
20
-1.4457809448818897
11
4.8300247244094487
21
-1.4473225984251967
0
LINE
8
BLACK
6
CONTINUOUS
10
4.8300247244094487
20
-1.4473225984251967
11
4.8322049606299213
21
-1.4495028346456693
0
LINE
8
BLACK
6
CONTINUOUS
10
4.8322049606299213
20
-1.4495028346456693
11
4.8337466141732284
21
-1.452173031496063
0
LINE
8
BLACK
6
CONTINUOUS
10
4.8337466141732284
20
-1.452173031496063
11
4.8345446062992128
21
-1.4551512598425196
0
LINE
8
BLACK
6
CONTINUOUS
10
4.8345446062992128
20
-1.4551512598425196
11
4.8345446062992128
21
-1.4582345669291339
0
LINE
8
BLACK
6
CONTINUOUS
10
4.8345446062992128
20
-1.4582345669291339
11
4.8337466141732284
21
-1.4612127952755904
0
LINE
8
BLACK
6
CONTINUOUS
10
4.8337466141732284
20
-1.4612127952755904
11
4.8322049606299213
21
-1.4638829921259842
0
LINE
8
BLACK
6
CONTINUOUS
10
4.8322049606299213
20
-1.4638829921259842
11
4.8307086614173231
21
-1.4653792913385826
0
LINE
8
BLACK
6
CONTINUOUS
10
4.8307086614173231
20
-1.4653792913385826
11
4.8307086614173231
21
-1.5715416141732284
0
LINE
8
BLACK
6
CONTINUOUS
10
4.8307086614173231
20
-1.5715416141732284
11
4.9442064173228344
21
-1.6850393700787401
0
LINE
8
BLACK
6
CONTINUOUS
10
4.9442064173228344
20
-1.6850393700787401
11
5.6212348818897633
21
-1.6850393700787401
0
LINE
8
BLACK
6
CONTINUOUS
10
5.6212348818897633
20
-1.6850393700787401
11
5.6227311811023624
21
-1.6835430708661416
0
LINE
8
BLACK
6
CONTINUOUS
10
5.6227311811023624
20
-1.6835430708661416
11
5.6254013779527554
21
-1.6820014173228346
0
LINE
8
BLACK
6
CONTINUOUS
10
5.6254013779527554
20
-1.6820014173228346
11
5.6283796062992124
21
-1.6812034251968504
0
LINE
8
BLACK
6
CONTINUOUS
10
5.6283796062992124
20
-1.6812034251968504
11
5.6314629133858265
21
-1.6812034251968504
0
LINE
8
BLACK
6
CONTINUOUS
10
5.6314629133858265
20
-1.6812034251968504
11
5.6344411417322835
21
-1.6820014173228346
0
LINE
8
BLACK
6
CONTINUOUS
10
5.6344411417322835
20
-1.6820014173228346
11
5.6371113385826774
21
-1.6835430708661416
0
LINE
8
BLACK
6
CONTINUOUS
10
5.6371113385826774
20
-1.6835430708661416
11
5.6392915748031491
21
-1.6857233070866142
0
LINE
8
BLACK
6
CONTINUOUS
10
5.6392915748031491
20
-1.6857233070866142
11
5.6408332283464562
21
-1.6883935039370079
0
LINE
8
BLACK
6
CONTINUOUS
10
5.6408332283464562
20
-1.6883935039370079
11
5.6416312204724406
21
-1.6913717322834645
0
LINE
8
BLACK
6
CONTINUOUS
10
5.6416312204724406
20
-1.6913717322834645
11
5.6416312204724406
21
-1.6944550393700788
0
LINE
8
BLACK
6
CONTINUOUS
10
5.6416312204724406
20
-1.6944550393700788
11
5.6408332283464562
21
-1.6974332677165354
0
LINE
8
BLACK
6
CONTINUOUS
10
5.6408332283464562
20
-1.6974332677165354
11
5.6392915748031491
21
-1.7001034645669291
0
LINE
8
BLACK
6
CONTINUOUS
10
5.6392915748031491
20
-1.7001034645669291
11
5.6371113385826774
21
-1.7022837007874014
0
LINE
8
BLACK
6
CONTINUOUS
10
5.6371113385826774
20
-1.7022837007874014
11
5.6344411417322835
21
-1.7038253543307087
0
LINE
8
BLACK
6
CONTINUOUS
10
5.6344411417322835
20
-1.7038253543307087
11
5.6314629133858265
21
-1.7046233464566929
0
LINE
8
BLACK
6
CONTINUOUS
10
5.6314629133858265
20
-1.7046233464566929
11
5.6283796062992124
21
-1.7046233464566929
0
LINE
8
BLACK
6
CONTINUOUS
10
5.6283796062992124
20
-1.7046233464566929
11
5.6254013779527554
21
-1.7038253543307087
0
LINE
8
BLACK
6
CONTINUOUS
10
5.6254013779527554
20
-1.7038253543307087
11
5.6227311811023624
21
-1.7022837007874014
0
LINE
8
BLACK
6
CONTINUOUS
10
5.6227311811023624
20
-1.7022837007874014
11
5.6212348818897633
21
-1.700787401574803
0
LINE
8
BLACK
6
CONTINUOUS
10
5.6212348818897633
20
-1.700787401574803
11
4.9409448818897639
21
-1.700787401574803
0
LINE
8
BLACK
6
CONTINUOUS
10
4.9409448818897639
20
-1.700787401574803
11
4.9394087401574804
21
-1.7006361023622047
0
LINE
8
BLACK
6
CONTINUOUS
10
4.9394087401574804
20
-1.7006361023622047
11
4.9365703149606297
21
-1.6994603937007873
0
LINE
8
BLACK
6
CONTINUOUS
10
4.9365703149606297
20
-1.6994603937007873
11
4.9353771259842523
21
-1.6984811811023621
0
LINE
8
BLACK
6
CONTINUOUS
10
4.9353771259842523
20
-1.6984811811023621
11
4.8172668897637791
21
-1.5803709055118109
0
LINE
8
BLACK
6
CONTINUOUS
10
4.8172668897637791
20
-1.5803709055118109
11
4.8162876377952752
21
-1.579177716535433
0
LINE
8
BLACK
6
CONTINUOUS
10
4.8162876377952752
20
-1.579177716535433
11
4.8151119291338578
21
-1.5763392913385827
0
LINE
8
BLACK
6
CONTINUOUS
10
4.8151119291338578
20
-1.5763392913385827
11
4.8149606299212602
21
-1.5748031496062991
0
LINE
8
BLACK
6
CONTINUOUS
10
4.8149606299212602
20
-1.5748031496062991
11
4.8149606299212602
21
-1.4653792913385826
0
LINE
8
BLACK
6
CONTINUOUS
10
4.8149606299212602
20
-1.4653792913385826
11
4.8134643307086611
21
-1.4638829921259842
0
LINE
8
BLACK
6
CONTINUOUS
10
4.8134643307086611
20
-1.4638829921259842
11
4.811922677165354
21
-1.4612127952755904
0
LINE
8
BLACK
6
CONTINUOUS
10
4.811922677165354
20
-1.4612127952755904
11
4.8111246850393696
21
-1.4582345669291339
0
LINE
8
BLACK
6
CONTINUOUS
10
4.8111246850393696
20
-1.4582345669291339
11
4.8111246850393696
21
-1.4551512598425196
0
LINE
8
BLACK
6
CONTINUOUS
10
4.8111246850393696
20
-1.4551512598425196
11
4.811922677165354
21
-1.452173031496063
0
LINE
8
BLACK
6
CONTINUOUS
10
4.811922677165354
20
-1.452173031496063
11
4.8134643307086611
21
-1.4495028346456693
0
LINE
8
BLACK
6
CONTINUOUS
10
4.8134643307086611
20
-1.4495028346456693
11
4.8156445669291337
21
-1.4473225984251967
0
LINE
8
BLACK
6
CONTINUOUS
10
4.8156445669291337
20
-1.4473225984251967
11
4.8183147637795276
21
-1.4457809448818897
0
LINE
8
BLACK
6
CONTINUOUS
10
4.8183147637795276
20
-1.4457809448818897
11
4.8212929921259837
21
-1.4449829527559055
0
LINE
8
BLACK
6
CONTINUOUS
10
4.8212929921259837
20
-1.4449829527559055
11
4.8243762992125987
21
-1.4449829527559055
0
LINE
8
BLACK
6
CONTINUOUS
10
4.8243762992125987
20
-1.4449829527559055
11
4.8273545275590548
21
-1.4457809448818897
0
LINE
8
BLACK
6
CONTINUOUS
10
6.7851393307086614
20
-1.2117474015748031
11
6.7869407086614171
21
-1.2138262992125983
0
LINE
8
BLACK
6
CONTINUOUS
10
6.7869407086614171
20
-1.2138262992125983
11
6.787381889763779
21
-1.2158542913385826
0
LINE
8
BLACK
6
CONTINUOUS
10
6.787381889763779
20
-1.2158542913385826
11
6.787381889763779
21
-3.3691816141732285
0
LINE
8
BLACK
6
CONTINUOUS
10
6.787381889763779
20
-3.3691816141732285
11
6.786606889763779
21
-3.3718209448818897
0
LINE
8
BLACK
6
CONTINUOUS
10
6.786606889763779
20
-3.3718209448818897
11
6.7845279921259838
21
-3.3736223228346458
0
LINE
8
BLACK
6
CONTINUOUS
10
6.7845279921259838
20
-3.3736223228346458
11
6.7842239763779526
21
-3.3737489763779527
0
LINE
8
BLACK
6
CONTINUOUS
10
6.7842239763779526
20
-3.3737489763779527
11
6.7717120866141727
21
-3.3784716141732281
0
LINE
8
BLACK
6
CONTINUOUS
10
6.7717120866141727
20
-3.3784716141732281
11
6.7717114566929135
21
-3.3784718897637793
0
LINE
8
BLACK
6
CONTINUOUS
10
6.7717114566929135
20
-3.3784718897637793
11
6.7526196850393703
21
-3.3872761417322832
0
LINE
8
BLACK
6
CONTINUOUS
10
6.7526196850393703
20
-3.3872761417322832
11
6.7526193307086615
21
-3.3872762992125982
0
LINE
8
BLACK
6
CONTINUOUS
10
6.7526193307086615
20
-3.3872762992125982
11
6.7342015354330709
21
-3.3974161023622047
0
LINE
8
BLACK
6
CONTINUOUS
10
6.7342015354330709
20
-3.3974161023622047
11
6.7342009448818896
21
-3.3974164566929135
0
LINE
8
BLACK
6
CONTINUOUS
10
6.7342009448818896
20
-3.3974164566929135
11
6.7165516929133853
21
-3.4088396062992126
0
LINE
8
BLACK
6
CONTINUOUS
10
6.7165516929133853
20
-3.4088396062992126
11
6.7165512992125986
21
-3.4088398818897638
0
LINE
8
BLACK
6
CONTINUOUS
10
6.7165512992125986
20
-3.4088398818897638
11
6.7165509448818899
21
-3.4088401181102364
0
LINE
8
BLACK
6
CONTINUOUS
10
6.7165509448818899
20
-3.4088401181102364
11
6.7165508661417324
21
-3.4088401968503934
0
LINE
8
BLACK
6
CONTINUOUS
10
6.7165508661417324
20
-3.4088401968503934
11
6.7099786614173222
21
-3.413790905511811
0
LINE
8
BLACK
6
CONTINUOUS
10
6.7099786614173222
20
-3.413790905511811
11
6.6997574803149602
21
-3.4214903149606299
0
LINE
8
BLACK
6
CONTINUOUS
10
6.6997574803149602
20
-3.4214903149606299
11
6.6839057874015744
21
-3.4353029133858266
0
LINE
8
BLACK
6
CONTINUOUS
10
6.6839057874015744
20
-3.4353029133858266
11
6.6690770078740158
21
-3.4502072047244092
0
LINE
8
BLACK
6
CONTINUOUS
10
6.6690770078740158
20
-3.4502072047244092
11
6.6553451574803146
21
-3.4661286220472438
0
LINE
8
BLACK
6
CONTINUOUS
10
6.6553451574803146
20
-3.4661286220472438
11
6.6427809842519681
21
-3.482985275590551
0
LINE
8
BLACK
6
CONTINUOUS
10
6.6427809842519681
20
-3.482985275590551
11
6.6427807480314955
21
-3.4829855905511811
0
LINE
8
BLACK
6
CONTINUOUS
10
6.6427807480314955
20
-3.4829855905511811
11
6.642780669291338
21
-3.4829857480314961
0
LINE
8
BLACK
6
CONTINUOUS
10
6.642780669291338
20
-3.4829857480314961
11
6.6343979133858264
21
-3.4960826771653544
0
LINE
8
BLACK
6
CONTINUOUS
10
6.6343979133858264
20
-3.4960826771653544
11
6.6314461811023619
21
-3.5006943307086615
0
LINE
8
BLACK
6
CONTINUOUS
10
6.6314461811023619
20
-3.5006943307086615
11
6.6314461417322832
21
-3.5006943307086615
0
LINE
8
BLACK
6
CONTINUOUS
10
6.6314461417322832
20
-3.5006943307086615
11
6.6214001574803145
21
-3.5191631889763779
0
LINE
8
BLACK
6
CONTINUOUS
10
6.6214001574803145
20
-3.5191631889763779
11
6.6213999606299208
21
-3.5191635826771654
0
LINE
8
BLACK
6
CONTINUOUS
10
6.6213999606299208
20
-3.5191635826771654
11
6.6126924409448815
21
-3.5383004724409446
0
LINE
8
BLACK
6
CONTINUOUS
10
6.6126924409448815
20
-3.5383004724409446
11
6.6109822047244089
21
-3.5429020078740159
0
LINE
8
BLACK
6
CONTINUOUS
10
6.6109822047244089
20
-3.5429020078740159
11
6.605463503937008
21
-3.5577505905511808
0
LINE
8
BLACK
6
CONTINUOUS
10
6.605463503937008
20
-3.5577505905511808
11
6.6053675984251967
21
-3.5580085826771652
0
LINE
8
BLACK
6
CONTINUOUS
10
6.6053675984251967
20
-3.5580085826771652
11
6.5994631102362202
21
-3.5781862992125983
0
LINE
8
BLACK
6
CONTINUOUS
10
6.5994631102362202
20
-3.5781862992125983
11
6.5994628740157477
21
-3.5781872834645667
0
LINE
8
BLACK
6
CONTINUOUS
10
6.5994628740157477
20
-3.5781872834645667
11
6.5950081496062989
21
-3.5987337795275591
0
LINE
8
BLACK
6
CONTINUOUS
10
6.5950081496062989
20
-3.5987337795275591
11
6.5920255905511809
21
-3.6195461811023621
0
LINE
8
BLACK
6
CONTINUOUS
10
6.5920255905511809
20
-3.6195461811023621
11
6.5905305118110231
21
-3.6405177952755903
0
LINE
8
BLACK
6
CONTINUOUS
10
6.5905305118110231
20
-3.6405177952755903
11
6.5905305118110231
21
-3.6615427559055118
0
LINE
8
BLACK
6
CONTINUOUS
10
6.5905305118110231
20
-3.6615427559055118
11
6.5920255511811021
21
-3.6825141338582674
0
LINE
8
BLACK
6
CONTINUOUS
10
6.5920255511811021
20
-3.6825141338582674
11
6.5920256299212596
21
-3.6825147637795275
0
LINE
8
BLACK
6
CONTINUOUS
10
6.5920256299212596
20
-3.6825147637795275
11
6.5950081102362201
21
-3.7033267716535434
0
LINE
8
BLACK
6
CONTINUOUS
10
6.5950081102362201
20
-3.7033267716535434
11
6.5994628740157477
21
-3.7238733070866141
0
LINE
8
BLACK
6
CONTINUOUS
10
6.5994628740157477
20
-3.7238733070866141
11
6.5994631102362202
21
-3.7238742913385825
0
LINE
8
BLACK
6
CONTINUOUS
10
6.5994631102362202
20
-3.7238742913385825
11
6.6053675984251967
21
-3.7440520078740156
0
LINE
8
BLACK
6
CONTINUOUS
10
6.6053675984251967
20
-3.7440520078740156
11
6.605367716535433
21
-3.7440523622047244
0
LINE
8
BLACK
6
CONTINUOUS
10
6.605367716535433
20
-3.7440523622047244
11
6.6053678346456692
21
-3.7440527165354331
0
LINE
8
BLACK
6
CONTINUOUS
10
6.6053678346456692
20
-3.7440527165354331
11
6.612692519685039
21
-3.7637603937007875
0
LINE
8
BLACK
6
CONTINUOUS
10
6.612692519685039
20
-3.7637603937007875
11
6.6161076771653544
21
-3.7712660236220472
0
LINE
8
BLACK
6
CONTINUOUS
10
6.6161076771653544
20
-3.7712660236220472
11
6.621399921259842
21
-3.7828970472440946
0
LINE
8
BLACK
6
CONTINUOUS
10
6.621399921259842
20
-3.7828970472440946
11
6.621400078740157
21
-3.7828974015748029
0
LINE
8
BLACK
6
CONTINUOUS
10
6.621400078740157
20
-3.7828974015748029
11
6.6280648031496066
21
-3.795149842519685
0
LINE
8
BLACK
6
CONTINUOUS
10
6.6280648031496066
20
-3.795149842519685
11
6.6314464173228345
21
-3.8013666535433068
0
LINE
8
BLACK
6
CONTINUOUS
10
6.6314464173228345
20
-3.8013666535433068
11
6.6372261417322838
21
-3.8103966929133857
0
LINE
8
BLACK
6
CONTINUOUS
10
6.6372261417322838
20
-3.8103966929133857
11
6.6427805905511805
21
-3.8190748425196848
0
LINE
8
BLACK
6
CONTINUOUS
10
6.6427805905511805
20
-3.8190748425196848
11
6.6427807086614168
21
-3.8190749999999998
0
LINE
8
BLACK
6
CONTINUOUS
10
6.6427807086614168
20
-3.8190749999999998
11
6.6553451574803146
21
-3.835931968503937
0
LINE
8
BLACK
6
CONTINUOUS
10
6.6553451574803146
20
-3.835931968503937
11
6.6553453543307084
21
-3.8359322047244095
0
LINE
8
BLACK
6
CONTINUOUS
10
6.6553453543307084
20
-3.8359322047244095
11
6.6553453937007871
21
-3.8359322440944883
0
LINE
8
BLACK
6
CONTINUOUS
10
6.6553453937007871
20
-3.8359322440944883
11
6.6690770472440946
21
-3.8518534645669291
0
LINE
8
BLACK
6
CONTINUOUS
10
6.6690770472440946
20
-3.8518534645669291
11
6.6839061023622044
21
-3.8667579921259843
0
LINE
8
BLACK
6
CONTINUOUS
10
6.6839061023622044
20
-3.8667579921259843
11
6.6997574409448815
21
-3.8805702755905509
0
LINE
8
BLACK
6
CONTINUOUS
10
6.6997574409448815
20
-3.8805702755905509
11
6.7165508267716536
21
-3.8932203937007874
0
LINE
8
BLACK
6
CONTINUOUS
10
6.7165508267716536
20
-3.8932203937007874
11
6.7334269685039372
21
-3.9041432283464568
0
LINE
8
BLACK
6
CONTINUOUS
10
6.7334269685039372
20
-3.9041432283464568
11
6.7342009055118108
21
-3.9046441338582678
0
LINE
8
BLACK
6
CONTINUOUS
10
6.7342009055118108
20
-3.9046441338582678
11
6.7342014566929134
21
-3.9046444881889761
0
LINE
8
BLACK
6
CONTINUOUS
10
6.7342014566929134
20
-3.9046444881889761
11
6.7526192913385827
21
-3.9147842519685039
0
LINE
8
BLACK
6
CONTINUOUS
10
6.7526192913385827
20
-3.9147842519685039
11
6.7526193700787402
21
-3.9147842913385826
0
LINE
8
BLACK
6
CONTINUOUS
10
6.7526193700787402
20
-3.9147842913385826
11
6.771711850393701
21
-3.9235888976377953
0
LINE
8
BLACK
6
CONTINUOUS
10
6.771711850393701
20
-3.9235888976377953
11
6.7796083070866144
21
-3.9265694094488186
0
LINE
8
BLACK
6
CONTINUOUS
10
6.7796083070866144
20
-3.9265694094488186
11
6.7842239370078739
21
-3.9283116141732282
0
LINE
8
BLACK
6
CONTINUOUS
10
6.7842239370078739
20
-3.9283116141732282
11
6.7864196062992121
21
-3.9299687007874016
0
LINE
8
BLACK
6
CONTINUOUS
10
6.7864196062992121
20
-3.9299687007874016
11
6.7873707874015743
21
-3.9325498031496062
0
LINE
8
BLACK
6
CONTINUOUS
10
6.7873707874015743
20
-3.9325498031496062
11
6.787381889763779
21
-3.9328789763779528
0
LINE
8
BLACK
6
CONTINUOUS
10
6.787381889763779
20
-3.9328789763779528
11
6.787381889763779
21
-5.6194252755905509
0
LINE
8
BLACK
6
CONTINUOUS
10
6.787381889763779
20
-5.6194252755905509
11
6.7872219685039372
21
-5.6210353937007875
0
LINE
8
BLACK
6
CONTINUOUS
10
6.7872219685039372
20
-5.6210353937007875
11
6.787381889763779
21
-5.6220089763779528
0
LINE
8
BLACK
6
CONTINUOUS
10
6.787381889763779
20
-5.6220089763779528
11
6.787381889763779
21
-5.6229956692913383
0
LINE
8
BLACK
6
CONTINUOUS
10
6.787381889763779
20
-5.6229956692913383
11
6.7877380708661414
21
-5.6243250787401573
0
LINE
8
BLACK
6
CONTINUOUS
10
6.7877380708661414
20
-5.6243250787401573
11
6.7878006692913386
21
-5.6245586614173231
0
LINE
8
BLACK
6
CONTINUOUS
10
6.7878006692913386
20
-5.6245586614173231
11
6.7880629133858266
21
-5.6261551574803148
0
LINE
8
BLACK
6
CONTINUOUS
10
6.7880629133858266
20
-5.6261551574803148
11
6.7884692519685039
21
-5.6270540157480315
0
LINE
8
BLACK
6
CONTINUOUS
10
6.7884692519685039
20
-5.6270540157480315
11
6.7885723622047243
21
-5.6274387401574799
0
LINE
8
BLACK
6
CONTINUOUS
10
6.7885723622047243
20
-5.6274387401574799
11
6.7887246456692916
21
-5.6280070866141729
0
LINE
8
BLACK
6
CONTINUOUS
10
6.7887246456692916
20
-5.6280070866141729
11
6.7887248031496066
21
-5.6280074409448817
0
LINE
8
BLACK
6
CONTINUOUS
10
6.7887248031496066
20
-5.6280074409448817
11
6.7894130314960632
21
-5.6291995275590549
0
LINE
8
BLACK
6
CONTINUOUS
10
6.7894130314960632
20
-5.6291995275590549
11
6.7896335433070867
21
-5.6296292913385821
0
LINE
8
BLACK
6
CONTINUOUS
10
6.7896335433070867
20
-5.6296292913385821
11
6.9635571259842521
21
-6.0143316929133857
0
LINE
8
BLACK
6
CONTINUOUS
10
6.9635571259842521
20
-6.0143316929133857
11
6.9639382677165349
21
-6.0170559055118105
0
LINE
8
BLACK
6
CONTINUOUS
10
6.9639382677165349
20
-6.0170559055118105
11
6.9627860629921257
21
-6.0195537401574803
0
LINE
8
BLACK
6
CONTINUOUS
10
6.9627860629921257
20
-6.0195537401574803
11
6.9627085039370078
21
-6.0196404330708662
0
LINE
8
BLACK
6
CONTINUOUS
10
6.9627085039370078
20
-6.0196404330708662
11
6.7727875984251966
21
-6.2269606692913388
0
LINE
8
BLACK
6
CONTINUOUS
10
6.7727875984251966
20
-6.2269606692913388
11
6.7704333070866136
21
-6.2283833858267714
0
LINE
8
BLACK
6
CONTINUOUS
10
6.7704333070866136
20
-6.2283833858267714
11
6.7677567716535432
21
-6.2283304724409447
0
LINE
8
BLACK
6
CONTINUOUS
10
6.7677567716535432
20
-6.2283304724409447
11
6.3526438188976373
21
-6.1010556692913385
0
LINE
8
BLACK
6
CONTINUOUS
10
6.3526438188976373
20
-6.1010556692913385
11
6.3312836220472439
21
-6.0945065748031491
0
LINE
8
BLACK
6
CONTINUOUS
10
6.3312836220472439
20
-6.0945065748031491
11
6.3307537007874011
21
-6.0943440944881893
0
LINE
8
BLACK
6
CONTINUOUS
10
6.3307537007874011
20
-6.0943440944881893
11
6.3304446062992126
21
-6.0941656299212594
0
LINE
8
BLACK
6
CONTINUOUS
10
6.3304446062992126
20
-6.0941656299212594
11
6.3282795669291341
21
-6.0935854724409451
0
LINE
8
BLACK
6
CONTINUOUS
10
6.3282795669291341
20
-6.0935854724409451
11
6.3281968503937005
21
-6.0935601181102363
0
LINE
8
BLACK
6
CONTINUOUS
10
6.3281968503937005
20
-6.0935601181102363
11
6.32819531496063
21
-6.0935596850393701
0
LINE
8
BLACK
6
CONTINUOUS
10
6.32819531496063
20
-6.0935596850393701
11
6.3272811811023617
21
-6.0932794094488187
0
LINE
8
BLACK
6
CONTINUOUS
10
6.3272811811023617
20
-6.0932794094488187
11
6.3261347637795273
21
-6.0929279527559057
0
LINE
8
BLACK
6
CONTINUOUS
10
6.3261347637795273
20
-6.0929279527559057
11
6.3261347244094486
21
-6.092927913385827
0
LINE
8
BLACK
6
CONTINUOUS
10
6.3261347244094486
20
-6.092927913385827
11
6.3261346062992123
21
-6.092927913385827
0
LINE
8
BLACK
6
CONTINUOUS
10
6.3261346062992123
20
-6.092927913385827
11
6.3258190551181102
21
-6.0928748425196853
0
LINE
8
BLACK
6
CONTINUOUS
10
6.3258190551181102
20
-6.0928748425196853
11
6.3258217716535432
21
-6.0928586220472436
0
LINE
8
BLACK
6
CONTINUOUS
10
6.3258217716535432
20
-6.0928586220472436
11
6.325752440944882
21
-6.0928482283464565
0
LINE
8
BLACK
6
CONTINUOUS
10
6.325752440944882
20
-6.0928482283464565
11
6.3257503149606293
21
-6.0928645669291335
0
LINE
8
BLACK
6
CONTINUOUS
10
6.3257503149606293
20
-6.0928645669291335
11
6.3254330708661417
21
-6.0928227952755902
0
LINE
8
BLACK
6
CONTINUOUS
10
6.3254330708661417
20
-6.0928227952755902
11
6.325433031496063
21
-6.0928227952755902
0
LINE
8
BLACK
6
CONTINUOUS
10
6.325433031496063
20
-6.0928227952755902
11
6.3254329527559054
21
-6.0928227952755902
0
LINE
8
BLACK
6
CONTINUOUS
10
6.3254329527559054
20
-6.0928227952755902
11
6.3231906299212595
21
-6.0928227952755902
0
LINE
8
BLACK
6
CONTINUOUS
10
6.3231906299212595
20
-6.0928227952755902
11
6.3209497244094486
21
-6.0927427559055118
0
LINE
8
BLACK
6
CONTINUOUS
10
6.3209497244094486
20
-6.0927427559055118
11
6.3206017716535428
21
-6.0928227952755902
0
LINE
8
BLACK
6
CONTINUOUS
10
6.3206017716535428
20
-6.0928227952755902
11
4.0757677165354327
21
-6.0928227952755902
0
LINE
8
BLACK
6
CONTINUOUS
10
4.0757677165354327
20
-6.0928227952755902
11
4.0731283858267719
21
-6.0920477952755903
0
LINE
8
BLACK
6
CONTINUOUS
10
4.0731283858267719
20
-6.0920477952755903
11
4.0713270078740154
21
-6.089968897637795
0
LINE
8
BLACK
6
CONTINUOUS
10
4.0713270078740154
20
-6.089968897637795
11
4.0708858267716534
21
-6.087940905511811
0
LINE
8
BLACK
6
CONTINUOUS
10
4.0708858267716534
20
-6.087940905511811
11
4.0708858267716534
21
-4.9155005118110235
0
LINE
8
BLACK
6
CONTINUOUS
10
4.0708858267716534
20
-4.9155005118110235
11
4.0708858267716534
21
-3.9337463779527559
0
LINE
8
BLACK
6
CONTINUOUS
10
4.0708858267716534
20
-3.9337463779527559
11
4.0716608267716534
21
-3.9311070472440943
0
LINE
8
BLACK
6
CONTINUOUS
10
4.0716608267716534
20
-3.9311070472440943
11
4.0737397244094486
21
-3.9293056692913386
0
LINE
8
BLACK
6
CONTINUOUS
10
4.0737397244094486
20
-3.9293056692913386
11
4.0740437795275586
21
-3.9291790157480313
0
LINE
8
BLACK
6
CONTINUOUS
10
4.0740437795275586
20
-3.9291790157480313
11
4.0763418110236218
21
-3.9283116141732282
0
LINE
8
BLACK
6
CONTINUOUS
10
4.0763418110236218
20
-3.9283116141732282
11
4.0865558661417323
21
-3.9244562992125984
0
LINE
8
BLACK
6
CONTINUOUS
10
4.0865558661417323
20
-3.9244562992125984
11
4.1056483858267718
21
-3.9156517322834645
0
LINE
8
BLACK
6
CONTINUOUS
10
4.1056483858267718
20
-3.9156517322834645
11
4.1240664566929137
21
-3.905511771653543
0
LINE
8
BLACK
6
CONTINUOUS
10
4.1240664566929137
20
-3.905511771653543
11
4.1417168897637797
21
-3.8940877952755906
0
LINE
8
BLACK
6
CONTINUOUS
10
4.1417168897637797
20
-3.8940877952755906
11
4.1585103149606297
21
-3.881437677165354
0
LINE
8
BLACK
6
CONTINUOUS
10
4.1585103149606297
20
-3.881437677165354
11
4.1743616535433068
21
-3.8676253543307086
0
LINE
8
BLACK
6
CONTINUOUS
10
4.1743616535433068
20
-3.8676253543307086
11
4.1752246456692914
21
-3.8667579921259843
0
LINE
8
BLACK
6
CONTINUOUS
10
4.1752246456692914
20
-3.8667579921259843
11
4.1891905118110238
21
-3.852721062992126
0
LINE
8
BLACK
6
CONTINUOUS
10
4.1891905118110238
20
-3.852721062992126
11
4.189190472440945
21
-3.852721062992126
0
LINE
8
BLACK
6
CONTINUOUS
10
4.189190472440945
20
-3.852721062992126
11
4.1891907086614175
21
-3.8527208661417323
0
LINE
8
BLACK
6
CONTINUOUS
10
4.1891907086614175
20
-3.8527208661417323
11
4.202922362204724
21
-3.8367996062992127
0
LINE
8
BLACK
6
CONTINUOUS
10
4.202922362204724
20
-3.8367996062992127
11
4.2147742913385828
21
-3.8208985433070866
0
LINE
8
BLACK
6
CONTINUOUS
10
4.2147742913385828
20
-3.8208985433070866
11
4.2169729133858267
21
-3.8192455511811021
0
LINE
8
BLACK
6
CONTINUOUS
10
4.2169729133858267
20
-3.8192455511811021
11
4.21971625984252
21
-3.8190436220472441
0
LINE
8
BLACK
6
CONTINUOUS
10
4.21971625984252
20
-3.8190436220472441
11
4.2221333070866143
21
-3.8203569291338582
0
LINE
8
BLACK
6
CONTINUOUS
10
4.2221333070866143
20
-3.8203569291338582
11
4.2234566141732284
21
-3.8227684645669289
0
LINE
8
BLACK
6
CONTINUOUS
10
4.2234566141732284
20
-3.8227684645669289
11
4.2232661023622047
21
-3.8255126377952755
0
LINE
8
BLACK
6
CONTINUOUS
10
4.2232661023622047
20
-3.8255126377952755
11
4.223198779527559
21
-3.8256842519685037
0
LINE
8
BLACK
6
CONTINUOUS
10
4.223198779527559
20
-3.8256842519685037
11
4.2216638976377956
21
-3.8293898818897638
0
LINE
8
BLACK
6
CONTINUOUS
10
4.2216638976377956
20
-3.8293898818897638
11
4.2216638188976381
21
-3.8293901574803151
0
LINE
8
BLACK
6
CONTINUOUS
10
4.2216638188976381
20
-3.8293901574803151
11
4.2204527559055114
21
-3.8354784645669291
0
LINE
8
BLACK
6
CONTINUOUS
10
4.2204527559055114
20
-3.8354784645669291
11
4.2204527559055114
21
-3.8416868503937005
0
LINE
8
BLACK
6
CONTINUOUS
10
4.2204527559055114
20
-3.8416868503937005
11
4.2216638188976381
21
-3.847775157480315
0
LINE
8
BLACK
6
CONTINUOUS
10
4.2216638188976381
20
-3.847775157480315
11
4.2216639370078743
21
-3.8477756299212595
0
LINE
8
BLACK
6
CONTINUOUS
10
4.2216639370078743
20
-3.8477756299212595
11
4.2240394488188979
21
-3.8535107086614171
0
LINE
8
BLACK
6
CONTINUOUS
10
4.2240394488188979
20
-3.8535107086614171
11
4.2240397244094483
21
-3.8535112204724409
0
LINE
8
BLACK
6
CONTINUOUS
10
4.2240397244094483
20
-3.8535112204724409
11
4.2274885826771653
21
-3.8586727559055118
0
LINE
8
BLACK
6
CONTINUOUS
10
4.2274885826771653
20
-3.8586727559055118
11
4.2274887007874016
21
-3.8586729133858269
0
LINE
8
BLACK
6
CONTINUOUS
10
4.2274887007874016
20
-3.8586729133858269
11
4.2318782283464564
21
-3.8630624409448817
0
LINE
8
BLACK
6
CONTINUOUS
10
4.2318782283464564
20
-3.8630624409448817
11
4.2318783858267714
21
-3.863062559055118
0
LINE
8
BLACK
6
CONTINUOUS
10
4.2318783858267714
20
-3.863062559055118
11
4.2370399212598429
21
-3.8665114173228345
0
LINE
8
BLACK
6
CONTINUOUS
10
4.2370399212598429
20
-3.8665114173228345
11
4.2370404330708658
21
-3.8665116929133858
0
LINE
8
BLACK
6
CONTINUOUS
10
4.2370404330708658
20
-3.8665116929133858
11
4.2400936220472438
21
-3.8677763385826771
0
LINE
8
BLACK
6
CONTINUOUS
10
4.2400936220472438
20
-3.8677763385826771
11
4.2427757086614175
21
-3.8688872834645669
0
LINE
8
BLACK
6
CONTINUOUS
10
4.2427757086614175
20
-3.8688872834645669
11
4.2488642913385828
21
-3.8700983858267715
0
LINE
8
BLACK
6
CONTINUOUS
10
4.2488642913385828
20
-3.8700983858267715
11
4.248864409448819
21
-3.8700984251968502
0
LINE
8
BLACK
6
CONTINUOUS
10
4.248864409448819
20
-3.8700984251968502
11
4.2488644881889766
21
-3.8700984251968502
0
LINE
8
BLACK
6
CONTINUOUS
10
4.2488644881889766
20
-3.8700984251968502
11
4.2550725984251967
21
-3.8700984251968502
0
LINE
8
BLACK
6
CONTINUOUS
10
4.2550725984251967
20
-3.8700984251968502
11
4.2550726377952754
21
-3.8700983858267715
0
LINE
8
BLACK
6
CONTINUOUS
10
4.2550726377952754
20
-3.8700983858267715
11
4.2611612992125982
21
-3.8688872834645669
0
LINE
8
BLACK
6
CONTINUOUS
10
4.2611612992125982
20
-3.8688872834645669
11
4.2668968110236216
21
-3.8665115748031496
0
LINE
8
BLACK
6
CONTINUOUS
10
4.2668968110236216
20
-3.8665115748031496
11
4.2720586220472443
21
-3.863062559055118
0
LINE
8
BLACK
6
CONTINUOUS
10
4.2720586220472443
20
-3.863062559055118
11
4.2764483858267717
21
-3.8586727952755906
0
LINE
8
BLACK
6
CONTINUOUS
10
4.2764483858267717
20
-3.8586727952755906
11
4.2798974015748028
21
-3.8535109842519684
0
LINE
8
BLACK
6
CONTINUOUS
10
4.2798974015748028
20
-3.8535109842519684
11
4.2822731102362201
21
-3.847775472440945
0
LINE
8
BLACK
6
CONTINUOUS
10
4.2822731102362201
20
-3.847775472440945
11
4.2834842519685035
21
-3.8416866929133859
0
LINE
8
BLACK
6
CONTINUOUS
10
4.2834842519685035
20
-3.8416866929133859
11
4.2834842519685035
21
-3.8354786614173229
0
LINE
8
BLACK
6
CONTINUOUS
10
4.2834842519685035
20
-3.8354786614173229
11
4.2834842519685035
21
-3.8354785433070866
0
LINE
8
BLACK
6
CONTINUOUS
10
4.2834842519685035
20
-3.8354785433070866
11
4.2834842125984247
21
-3.8354784645669291
0
LINE
8
BLACK
6
CONTINUOUS
10
4.2834842125984247
20
-3.8354784645669291
11
4.2824844488188978
21
-3.8304522047244092
0
LINE
8
BLACK
6
CONTINUOUS
10
4.2824844488188978
20
-3.8304522047244092
11
4.2827296062992124
21
-3.8277124015748032
0
LINE
8
BLACK
6
CONTINUOUS
10
4.2827296062992124
20
-3.8277124015748032
11
4.2838204330708658
21
-3.8260478740157478
0
LINE
8
BLACK
6
CONTINUOUS
10
4.2838204330708658
20
-3.8260478740157478
11
4.5155348818897636
21
-3.5943334251968504
0
LINE
8
BLACK
6
CONTINUOUS
10
4.5155348818897636
20
-3.5943334251968504
11
4.5171185039370076
21
-3.593275275590551
0
LINE
8
BLACK
6
CONTINUOUS
10
4.5171185039370076
20
-3.593275275590551
11
4.5192690944881893
21
-3.5923844881889764
0
LINE
8
BLACK
6
CONTINUOUS
10
4.5192690944881893
20
-3.5923844881889764
11
4.5228020866141732
21
-3.5909211417322835
0
LINE
8
BLACK
6
CONTINUOUS
10
4.5228020866141732
20
-3.5909211417322835
11
4.5228022047244094
21
-3.590921062992126
0
LINE
8
BLACK
6
CONTINUOUS
10
4.5228022047244094
20
-3.590921062992126
11
4.5228023228346457
21
-3.5909210236220472
0
LINE
8
BLACK
6
CONTINUOUS
10
4.5228023228346457
20
-3.5909210236220472
11
4.5279641338582675
21
-3.5874720078740157
0
LINE
8
BLACK
6
CONTINUOUS
10
4.5279641338582675
20
-3.5874720078740157
11
4.5323538976377948
21
-3.5830822440944883
0
LINE
8
BLACK
6
CONTINUOUS
10
4.5323538976377948
20
-3.5830822440944883
11
4.5358029133858269
21
-3.577920433070866
0
LINE
8
BLACK
6
CONTINUOUS
10
4.5358029133858269
20
-3.577920433070866
11
4.5381786220472442
21
-3.5721849212598427
0
LINE
8
BLACK
6
CONTINUOUS
10
4.5381786220472442
20
-3.5721849212598427
11
4.5393897637795275
21
-3.5660961417322832
0
LINE
8
BLACK
6
CONTINUOUS
10
4.5393897637795275
20
-3.5660961417322832
11
4.5393897637795275
21
-3.5598881102362205
0
LINE
8
BLACK
6
CONTINUOUS
10
4.5393897637795275
20
-3.5598881102362205
11
4.5393897637795275
21
-3.5598879921259843
0
LINE
8
BLACK
6
CONTINUOUS
10
4.5393897637795275
20
-3.5598879921259843
11
4.5393897244094488
21
-3.5598879133858268
0
LINE
8
BLACK
6
CONTINUOUS
10
4.5393897244094488
20
-3.5598879133858268
11
4.5389645669291339
21
-3.5577505905511808
0
LINE
8
BLACK
6
CONTINUOUS
10
4.5389645669291339
20
-3.5577505905511808
11
4.5381786220472442
21
-3.5537993307086615
0
LINE
8
BLACK
6
CONTINUOUS
10
4.5381786220472442
20
-3.5537993307086615
11
4.5381571259842515
21
-3.5537474015748032
0
LINE
8
BLACK
6
CONTINUOUS
10
4.5381571259842515
20
-3.5537474015748032
11
4.5358030314960631
21
-3.5480640551181102
0
LINE
8
BLACK
6
CONTINUOUS
10
4.5358030314960631
20
-3.5480640551181102
11
4.5358027559055119
21
-3.5480635433070864
0
LINE
8
BLACK
6
CONTINUOUS
10
4.5358027559055119
20
-3.5480635433070864
11
4.5323538976377948
21
-3.5429020078740159
0
LINE
8
BLACK
6
CONTINUOUS
10
4.5323538976377948
20
-3.5429020078740159
11
4.5323537795275586
21
-3.5429018503937009
0
LINE
8
BLACK
6
CONTINUOUS
10
4.5323537795275586
20
-3.5429018503937009
11
4.5279642519685037
21
-3.5385123228346456
0
LINE
8
BLACK
6
CONTINUOUS
10
4.5279642519685037
20
-3.5385123228346456
11
4.5279640944881887
21
-3.5385122047244093
0
LINE
8
BLACK
6
CONTINUOUS
10
4.5279640944881887
20
-3.5385122047244093
11
4.5228025590551182
21
-3.5350633464566927
0
LINE
8
BLACK
6
CONTINUOUS
10
4.5228025590551182
20
-3.5350633464566927
11
4.5228020472440944
21
-3.5350630708661415
0
LINE
8
BLACK
6
CONTINUOUS
10
4.5228020472440944
20
-3.5350630708661415
11
4.5170669685039373
21
-3.5326875590551179
0
LINE
8
BLACK
6
CONTINUOUS
10
4.5170669685039373
20
-3.5326875590551179
11
4.5170664960629923
21
-3.5326874409448816
0
LINE
8
BLACK
6
CONTINUOUS
10
4.5170664960629923
20
-3.5326874409448816
11
4.5109781496062995
21
-3.5314763779527558
0
LINE
8
BLACK
6
CONTINUOUS
10
4.5109781496062995
20
-3.5314763779527558
11
4.5109780314960632
21
-3.5314763779527558
0
LINE
8
BLACK
6
CONTINUOUS
10
4.5109780314960632
20
-3.5314763779527558
11
4.5047699999999997
21
-3.5314763779527558
0
LINE
8
BLACK
6
CONTINUOUS
10
4.5047699999999997
20
-3.5314763779527558
11
4.5047698818897635
21
-3.5314763779527558
0
LINE
8
BLACK
6
CONTINUOUS
10
4.5047698818897635
20
-3.5314763779527558
11
4.4986814960629919
21
-3.5326874409448816
0
LINE
8
BLACK
6
CONTINUOUS
10
4.4986814960629919
20
-3.5326874409448816
11
4.4986810236220469
21
-3.5326875590551179
0
LINE
8
BLACK
6
CONTINUOUS
10
4.4986810236220469
20
-3.5326875590551179
11
4.4929459448818898
21
-3.5350630708661415
0
LINE
8
BLACK
6
CONTINUOUS
10
4.4929459448818898
20
-3.5350630708661415
11
4.492945433070866
21
-3.5350633464566927
0
LINE
8
BLACK
6
CONTINUOUS
10
4.492945433070866
20
-3.5350633464566927
11
4.4877838976377955
21
-3.5385122047244093
0
LINE
8
BLACK
6
CONTINUOUS
10
4.4877838976377955
20
-3.5385122047244093
11
4.4877837401574805
21
-3.5385123228346456
0
LINE
8
BLACK
6
CONTINUOUS
10
4.4877837401574805
20
-3.5385123228346456
11
4.4833942125984247
21
-3.5429018503937009
0
LINE
8
BLACK
6
CONTINUOUS
10
4.4833942125984247
20
-3.5429018503937009
11
4.4833940944881885
21
-3.5429020078740159
0
LINE
8
BLACK
6
CONTINUOUS
10
4.4833940944881885
20
-3.5429020078740159
11
4.4799452362204724
21
-3.5480635433070864
0
LINE
8
BLACK
6
CONTINUOUS
10
4.4799452362204724
20
-3.5480635433070864
11
4.4799450393700786
21
-3.5480638976377952
0
LINE
8
BLACK
6
CONTINUOUS
10
4.4799450393700786
20
-3.5480638976377952
11
4.4775909055118106
21
-3.5537474015748032
0
LINE
8
BLACK
6
CONTINUOUS
10
4.4775909055118106
20
-3.5537474015748032
11
4.4765326377952759
21
-3.5553311811023622
0
LINE
8
BLACK
6
CONTINUOUS
10
4.4765326377952759
20
-3.5553311811023622
11
4.2465481889763774
21
-3.7853156299212598
0
LINE
8
BLACK
6
CONTINUOUS
10
4.2465481889763774
20
-3.7853156299212598
11
4.2441338976377949
21
-3.7866339370078741
0
LINE
8
BLACK
6
CONTINUOUS
10
4.2441338976377949
20
-3.7866339370078741
11
4.2413901181102363
21
-3.786437716535433
0
LINE
8
BLACK
6
CONTINUOUS
10
4.2413901181102363
20
-3.786437716535433
11
4.239188031496063
21
-3.784789212598425
0
LINE
8
BLACK
6
CONTINUOUS
10
4.239188031496063
20
-3.784789212598425
11
4.2382267322834641
21
-3.7822118897637793
0
LINE
8
BLACK
6
CONTINUOUS
10
4.2382267322834641
20
-3.7822118897637793
11
4.2386525984251966
21
-3.7798418503937006
0
LINE
8
BLACK
6
CONTINUOUS
10
4.2386525984251966
20
-3.7798418503937006
11
4.2455752362204722
21
-3.7646277559055119
0
LINE
8
BLACK
6
CONTINUOUS
10
4.2455752362204722
20
-3.7646277559055119
11
4.2528999606299216
21
-3.7449200787401575
0
LINE
8
BLACK
6
CONTINUOUS
10
4.2528999606299216
20
-3.7449200787401575
11
4.2588047244094485
21
-3.7247414173228344
0
LINE
8
BLACK
6
CONTINUOUS
10
4.2588047244094485
20
-3.7247414173228344
11
4.2632596456692911
21
-3.704193937007874
0
LINE
8
BLACK
6
CONTINUOUS
10
4.2632596456692911
20
-3.704193937007874
11
4.2662422047244091
21
-3.6833816929133856
0
LINE
8
BLACK
6
CONTINUOUS
10
4.2662422047244091
20
-3.6833816929133856
11
4.2677372834645668
21
-3.6624100787401574
0
LINE
8
BLACK
6
CONTINUOUS
10
4.2677372834645668
20
-3.6624100787401574
11
4.2677372834645668
21
-3.6413851968503934
0
LINE
8
BLACK
6
CONTINUOUS
10
4.2677372834645668
20
-3.6413851968503934
11
4.2676754330708659
21
-3.6405178740157478
0
LINE
8
BLACK
6
CONTINUOUS
10
4.2676754330708659
20
-3.6405178740157478
11
4.2675240944881887
21
-3.6383949606299213
0
LINE
8
BLACK
6
CONTINUOUS
10
4.2675240944881887
20
-3.6383949606299213
11
4.2662422047244091
21
-3.6204135826771653
0
LINE
8
BLACK
6
CONTINUOUS
10
4.2662422047244091
20
-3.6204135826771653
11
4.2632596456692911
21
-3.5996013385826773
0
LINE
8
BLACK
6
CONTINUOUS
10
4.2632596456692911
20
-3.5996013385826773
11
4.2630715354330704
21
-3.5987337795275591
0
LINE
8
BLACK
6
CONTINUOUS
10
4.2630715354330704
20
-3.5987337795275591
11
4.2588048818897635
21
-3.5790545669291336
0
LINE
8
BLACK
6
CONTINUOUS
10
4.2588048818897635
20
-3.5790545669291336
11
4.258804645669291
21
-3.5790535826771652
0
LINE
8
BLACK
6
CONTINUOUS
10
4.258804645669291
20
-3.5790535826771652
11
4.252900236220472
21
-3.5588760629921259
0
LINE
8
BLACK
6
CONTINUOUS
10
4.252900236220472
20
-3.5588760629921259
11
4.2529001181102357
21
-3.5588757480314959
0
LINE
8
BLACK
6
CONTINUOUS
10
4.2529001181102357
20
-3.5588757480314959
11
4.2528999606299216
21
-3.5588751968503938
0
LINE
8
BLACK
6
CONTINUOUS
10
4.2528999606299216
20
-3.5588751968503938
11
4.2455752362204722
21
-3.5391675196850394
0
LINE
8
BLACK
6
CONTINUOUS
10
4.2455752362204722
20
-3.5391675196850394
11
4.2368676771653542
21
-3.5200305511811023
0
LINE
8
BLACK
6
CONTINUOUS
10
4.2368676771653542
20
-3.5200305511811023
11
4.2268213779527555
21
-3.5015612204724409
0
LINE
8
BLACK
6
CONTINUOUS
10
4.2268213779527555
20
-3.5015612204724409
11
4.2154871259842519
21
-3.483853031496063
0
LINE
8
BLACK
6
CONTINUOUS
10
4.2154871259842519
20
-3.483853031496063
11
4.2122388188976378
21
-3.4794949606299213
0
LINE
8
BLACK
6
CONTINUOUS
10
4.2122388188976378
20
-3.4794949606299213
11
4.2029225590551178
21
-3.4669959055118111
0
LINE
8
BLACK
6
CONTINUOUS
10
4.2029225590551178
20
-3.4669959055118111
11
4.2021743307086616
21
-3.4661283858267717
0
LINE
8
BLACK
6
CONTINUOUS
10
4.2021743307086616
20
-3.4661283858267717
11
4.1981503149606301
21
-3.4614627165354328
0
LINE
8
BLACK
6
CONTINUOUS
10
4.1981503149606301
20
-3.4614627165354328
11
4.1891907086614175
21
-3.4510744094488186
0
LINE
8
BLACK
6
CONTINUOUS
10
4.1891907086614175
20
-3.4510744094488186
11
4.1891905118110238
21
-3.4510741732283465
0
LINE
8
BLACK
6
CONTINUOUS
10
4.1891905118110238
20
-3.4510741732283465
11
4.1743623622047243
21
-3.436170590551181
0
LINE
8
BLACK
6
CONTINUOUS
10
4.1743623622047243
20
-3.436170590551181
11
4.1743620866141731
21
-3.4361703149606297
0
LINE
8
BLACK
6
CONTINUOUS
10
4.1743620866141731
20
-3.4361703149606297
11
4.1721724409448822
21
-3.4342623228346456
0
LINE
8
BLACK
6
CONTINUOUS
10
4.1721724409448822
20
-3.4342623228346456
11
4.1585103149606297
21
-3.4223575984251968
0
LINE
8
BLACK
6
CONTINUOUS
10
4.1585103149606297
20
-3.4223575984251968
11
4.1417168897637797
21
-3.4097074803149607
0
LINE
8
BLACK
6
CONTINUOUS
10
4.1417168897637797
20
-3.4097074803149607
11
4.1417167716535435
21
-3.4097074015748032
0
LINE
8
BLACK
6
CONTINUOUS
10
4.1417167716535435
20
-3.4097074015748032
11
4.1417166141732285
21
-3.409707283464567
0
LINE
8
BLACK
6
CONTINUOUS
10
4.1417166141732285
20
-3.409707283464567
11
4.1240667716535429
21
-3.3982837007874016
0
LINE
8
BLACK
6
CONTINUOUS
10
4.1240667716535429
20
-3.3982837007874016
11
4.1240661811023624
21
-3.3982833464566928
0
LINE
8
BLACK
6
CONTINUOUS
10
4.1240661811023624
20
-3.3982833464566928
11
4.1056483858267718
21
-3.3881435433070863
0
LINE
8
BLACK
6
CONTINUOUS
10
4.1056483858267718
20
-3.3881435433070863
11
4.1056480314960631
21
-3.3881433858267718
0
LINE
8
BLACK
6
CONTINUOUS
10
4.1056480314960631
20
-3.3881433858267718
11
4.0865562598425198
21
-3.3793391338582675
0
LINE
8
BLACK
6
CONTINUOUS
10
4.0865562598425198
20
-3.3793391338582675
11
4.0865556299212598
21
-3.3793388582677166
0
LINE
8
BLACK
6
CONTINUOUS
10
4.0865556299212598
20
-3.3793388582677166
11
4.0740437401574798
21
-3.3746161811023621
0
LINE
8
BLACK
6
CONTINUOUS
10
4.0740437401574798
20
-3.3746161811023621
11
4.0718481102362203
21
-3.3729590551181103
0
LINE
8
BLACK
6
CONTINUOUS
10
4.0718481102362203
20
-3.3729590551181103
11
4.0708969291338581
21
-3.370377992125984
0
LINE
8
BLACK
6
CONTINUOUS
10
4.0708969291338581
20
-3.370377992125984
11
4.0708858267716534
21
-3.3700488188976379
0
LINE
8
BLACK
6
CONTINUOUS
10
4.0708858267716534
20
-3.3700488188976379
11
4.0708858267716534
21
-3.2646123228346458
0
LINE
8
BLACK
6
CONTINUOUS
10
4.0708858267716534
20
-3.2646123228346458
11
4.0708858267716534
21
-2.4042911811023622
0
LINE
8
BLACK
6
CONTINUOUS
10
4.0708858267716534
20
-2.4042911811023622
11
4.0708858267716534
21
-1.4535887007874015
0
LINE
8
BLACK
6
CONTINUOUS
10
4.0708858267716534
20
-1.4535887007874015
11
4.0708858267716534
21
-1.2158542913385826
0
LINE
8
BLACK
6
CONTINUOUS
10
4.0708858267716534
20
-1.2158542913385826
11
4.0716608267716534
21
-1.2132149606299212
0
LINE
8
BLACK
6
CONTINUOUS
10
4.0716608267716534
20
-1.2132149606299212
11
4.0737397244094486
21
-1.2114135826771653
0
LINE
8
BLACK
6
CONTINUOUS
10
4.0737397244094486
20
-1.2114135826771653
11
4.0757677165354327
21
-1.2109724015748031
0
LINE
8
BLACK
6
CONTINUOUS
10
4.0757677165354327
20
-1.2109724015748031
11
6.7824999999999998
21
-1.2109724015748031
0
LINE
8
BLACK
6
CONTINUOUS
10
6.7824999999999998
20
-1.2109724015748031
11
6.7851393307086614
21
-1.2117474015748031
0
LINE
8
BLACK
6
CONTINUOUS
10
6.0314763779527558
20
-3.4676711023622047
11
6.0326874409448816
21
-3.4737594094488187
0
LINE
8
BLACK
6
CONTINUOUS
10
6.0326874409448816
20
-3.4737594094488187
11
6.0326875590551179
21
-3.4737598818897637
0
LINE
8
BLACK
6
CONTINUOUS
10
6.0326875590551179
20
-3.4737598818897637
11
6.0350630708661415
21
-3.4794949606299213
0
LINE
8
BLACK
6
CONTINUOUS
10
6.0350630708661415
20
-3.4794949606299213
11
6.0350633464566927
21
-3.4794954724409446
0
LINE
8
BLACK
6
CONTINUOUS
10
6.0350633464566927
20
-3.4794954724409446
11
6.0385122047244097
21
-3.4846570078740156
0
LINE
8
BLACK
6
CONTINUOUS
10
6.0385122047244097
20
-3.4846570078740156
11
6.0385123228346451
21
-3.4846571653543306
0
LINE
8
BLACK
6
CONTINUOUS
10
6.0385123228346451
20
-3.4846571653543306
11
6.0429018503937009
21
-3.4890466929133859
0
LINE
8
BLACK
6
CONTINUOUS
10
6.0429018503937009
20
-3.4890466929133859
11
6.0429020078740159
21
-3.4890468110236221
0
LINE
8
BLACK
6
CONTINUOUS
10
6.0429020078740159
20
-3.4890468110236221
11
6.0480635433070864
21
-3.4924956692913387
0
LINE
8
BLACK
6
CONTINUOUS
10
6.0480635433070864
20
-3.4924956692913387
11
6.0480640551181102
21
-3.4924959448818895
0
LINE
8
BLACK
6
CONTINUOUS
10
6.0480640551181102
20
-3.4924959448818895
11
6.0506705118110231
21
-3.4935755511811024
0
LINE
8
BLACK
6
CONTINUOUS
10
6.0506705118110231
20
-3.4935755511811024
11
6.0537993307086611
21
-3.4948715354330706
0
LINE
8
BLACK
6
CONTINUOUS
10
6.0537993307086611
20
-3.4948715354330706
11
6.0598879133858263
21
-3.4960826377952756
0
LINE
8
BLACK
6
CONTINUOUS
10
6.0598879133858263
20
-3.4960826377952756
11
6.0598880314960626
21
-3.4960826771653544
0
LINE
8
BLACK
6
CONTINUOUS
10
6.0598880314960626
20
-3.4960826771653544
11
6.0598881102362201
21
-3.4960826771653544
0
LINE
8
BLACK
6
CONTINUOUS
10
6.0598881102362201
20
-3.4960826771653544
11
6.0660962204724411
21
-3.4960826771653544
0
LINE
8
BLACK
6
CONTINUOUS
10
6.0660962204724411
20
-3.4960826771653544
11
6.0660962598425199
21
-3.4960826377952756
0
LINE
8
BLACK
6
CONTINUOUS
10
6.0660962598425199
20
-3.4960826377952756
11
6.0721849212598427
21
-3.4948715354330706
0
LINE
8
BLACK
6
CONTINUOUS
10
6.0721849212598427
20
-3.4948715354330706
11
6.0753137401574806
21
-3.4935755511811024
0
LINE
8
BLACK
6
CONTINUOUS
10
6.0753137401574806
20
-3.4935755511811024
11
6.0778686614173223
21
-3.4925172834645668
0
LINE
8
BLACK
6
CONTINUOUS
10
6.0778686614173223
20
-3.4925172834645668
11
6.0781905511811019
21
-3.4924532283464567
0
LINE
8
BLACK
6
CONTINUOUS
10
6.0781905511811019
20
-3.4924532283464567
11
6.0783614566929129
21
-3.4923434251968501
0
LINE
8
BLACK
6
CONTINUOUS
10
6.0783614566929129
20
-3.4923434251968501
11
6.0797368503937008
21
-3.4921456692913386
0
LINE
8
BLACK
6
CONTINUOUS
10
6.0797368503937008
20
-3.4921456692913386
11
6.0889165748031493
21
-3.4921456692913386
0
LINE
8
BLACK
6
CONTINUOUS
10
6.0889165748031493
20
-3.4921456692913386
11
6.0915559055118109
21
-3.4929206692913386
0
LINE
8
BLACK
6
CONTINUOUS
10
6.0915559055118109
20
-3.4929206692913386
11
6.0923685826771656
21
-3.4935755511811024
0
LINE
8
BLACK
6
CONTINUOUS
10
6.0923685826771656
20
-3.4935755511811024
11
6.5064244488188976
21
-3.9076314173228344
0
LINE
8
BLACK
6
CONTINUOUS
10
6.5064244488188976
20
-3.9076314173228344
11
6.5077427559055119
21
-3.9100457086614173
0
LINE
8
BLACK
6
CONTINUOUS
10
6.5077427559055119
20
-3.9100457086614173
11
6.5078543307086614
21
-3.9110834251968503
0
LINE
8
BLACK
6
CONTINUOUS
10
6.5078543307086614
20
-3.9110834251968503
11
6.5078543307086614
21
-5.8301266929133853
0
LINE
8
BLACK
6
CONTINUOUS
10
6.5078543307086614
20
-5.8301266929133853
11
6.5070793307086614
21
-5.8327660236220469
0
LINE
8
BLACK
6
CONTINUOUS
10
6.5070793307086614
20
-5.8327660236220469
11
6.5050004330708662
21
-5.8345674015748026
0
LINE
8
BLACK
6
CONTINUOUS
10
6.5050004330708662
20
-5.8345674015748026
11
6.5022776771653543
21
-5.8349588976377955
0
LINE
8
BLACK
6
CONTINUOUS
10
6.5022776771653543
20
-5.8349588976377955
11
6.4997754724409447
21
-5.8338161811023621
0
LINE
8
BLACK
6
CONTINUOUS
10
6.4997754724409447
20
-5.8338161811023621
11
6.4995204330708658
21
-5.8335787007874016
0
LINE
8
BLACK
6
CONTINUOUS
10
6.4995204330708658
20
-5.8335787007874016
11
6.2512393307086613
21
-5.5852975984251971
0
LINE
8
BLACK
6
CONTINUOUS
10
6.2512393307086613
20
-5.5852975984251971
11
6.2512385433070863
21
-5.5852967322834646
0
LINE
8
BLACK
6
CONTINUOUS
10
6.2512385433070863
20
-5.5852967322834646
11
6.2455820866141734
21
-5.5796402755905508
0
LINE
8
BLACK
6
CONTINUOUS
10
6.2455820866141734
20
-5.5796402755905508
11
6.2455819291338583
21
-5.5796401574803145
0
LINE
8
BLACK
6
CONTINUOUS
10
6.2455819291338583
20
-5.5796401574803145
11
6.2391307086614169
21
-5.5753295669291338
0
LINE
8
BLACK
6
CONTINUOUS
10
6.2391307086614169
20
-5.5753295669291338
11
6.2391303543307082
21
-5.5753293700787401
0
LINE
8
BLACK
6
CONTINUOUS
10
6.2391303543307082
20
-5.5753293700787401
11
6.2362722440944882
21
-5.5741455118110235
0
LINE
8
BLACK
6
CONTINUOUS
10
6.2362722440944882
20
-5.5741455118110235
11
6.2340616141732283
21
-5.5732298425196847
0
LINE
8
BLACK
6
CONTINUOUS
10
6.2340616141732283
20
-5.5732298425196847
11
6.2319620472440942
21
-5.5723601968503935
0
LINE
8
BLACK
6
CONTINUOUS
10
6.2319620472440942
20
-5.5723601968503935
11
6.2319618897637792
21
-5.5723601574803148
0
LINE
8
BLACK
6
CONTINUOUS
10
6.2319618897637792
20
-5.5723601574803148
11
6.2319617322834642
21
-5.5723600787401573
0
LINE
8
BLACK
6
CONTINUOUS
10
6.2319617322834642
20
-5.5723600787401573
11
6.2281570078740156
21
-5.5716033070866144
0
LINE
8
BLACK
6
CONTINUOUS
10
6.2281570078740156
20
-5.5716033070866144
11
6.224352125984252
21
-5.5708464566929132
0
LINE
8
BLACK
6
CONTINUOUS
10
6.224352125984252
20
-5.5708464566929132
11
6.2243520078740158
21
-5.5708464566929132
0
LINE
8
BLACK
6
CONTINUOUS
10
6.2243520078740158
20
-5.5708464566929132
11
6.2165928740157481
21
-5.5708464566929132
0
LINE
8
BLACK
6
CONTINUOUS
10
6.2165928740157481
20
-5.5708464566929132
11
6.2165927165354331
21
-5.5708464566929132
0
LINE
8
BLACK
6
CONTINUOUS
10
6.2165927165354331
20
-5.5708464566929132
11
6.2127878740157483
21
-5.5716033070866144
0
LINE
8
BLACK
6
CONTINUOUS
10
6.2127878740157483
20
-5.5716033070866144
11
6.2089829527559051
21
-5.572360118110236
0
LINE
8
BLACK
6
CONTINUOUS
10
6.2089829527559051
20
-5.572360118110236
11
6.2089827165354325
21
-5.5723601968503935
0
LINE
8
BLACK
6
CONTINUOUS
10
6.2089827165354325
20
-5.5723601968503935
11
6.2068832283464568
21
-5.5732298031496059
0
LINE
8
BLACK
6
CONTINUOUS
10
6.2068832283464568
20
-5.5732298031496059
11
6.2068832283464568
21
-5.5732298425196847
0
LINE
8
BLACK
6
CONTINUOUS
10
6.2068832283464568
20
-5.5732298425196847
11
6.2050911417322832
21
-5.5739721259842518
0
LINE
8
BLACK
6
CONTINUOUS
10
6.2050911417322832
20
-5.5739721259842518
11
6.2018145275590548
21
-5.5753293700787401
0
LINE
8
BLACK
6
CONTINUOUS
10
6.2018145275590548
20
-5.5753293700787401
11
6.2018141338582673
21
-5.5753295669291338
0
LINE
8
BLACK
6
CONTINUOUS
10
6.2018141338582673
20
-5.5753295669291338
11
6.1953629133858268
21
-5.5796401574803145
0
LINE
8
BLACK
6
CONTINUOUS
10
6.1953629133858268
20
-5.5796401574803145
11
6.1953627559055118
21
-5.5796402755905508
0
LINE
8
BLACK
6
CONTINUOUS
10
6.1953627559055118
20
-5.5796402755905508
11
6.1898764960629924
21
-5.585126535433071
0
LINE
8
BLACK
6
CONTINUOUS
10
6.1898764960629924
20
-5.585126535433071
11
6.1898763779527561
21
-5.585126692913386
0
LINE
8
BLACK
6
CONTINUOUS
10
6.1898763779527561
20
-5.585126692913386
11
6.1855657874015746
21
-5.5915779133858265
0
LINE
8
BLACK
6
CONTINUOUS
10
6.1855657874015746
20
-5.5915779133858265
11
6.1855655118110233
21
-5.5915784251968503
0
LINE
8
BLACK
6
CONTINUOUS
10
6.1855655118110233
20
-5.5915784251968503
11
6.182596456692913
21
-5.598746456692913
0
LINE
8
BLACK
6
CONTINUOUS
10
6.182596456692913
20
-5.598746456692913
11
6.1825963385826768
21
-5.5987468503937006
0
LINE
8
BLACK
6
CONTINUOUS
10
6.1825963385826768
20
-5.5987468503937006
11
6.181082677165354
21
-5.6063565354330711
0
LINE
8
BLACK
6
CONTINUOUS
10
6.181082677165354
20
-5.6063565354330711
11
6.181082677165354
21
-5.6063566535433074
0
LINE
8
BLACK
6
CONTINUOUS
10
6.181082677165354
20
-5.6063566535433074
11
6.181082677165354
21
-5.614115787401575
0
LINE
8
BLACK
6
CONTINUOUS
10
6.181082677165354
20
-5.614115787401575
11
6.181082677165354
21
-5.6141158661417325
0
LINE
8
BLACK
6
CONTINUOUS
10
6.181082677165354
20
-5.6141158661417325
11
6.1810826377952752
21
-5.6141158661417325
0
LINE
8
BLACK
6
CONTINUOUS
10
6.1810826377952752
20
-5.6141158661417325
11
6.1825963385826768
21
-5.6217255511811022
0
LINE
8
BLACK
6
CONTINUOUS
10
6.1825963385826768
20
-5.6217255511811022
11
6.182596456692913
21
-5.6217259448818897
0
LINE
8
BLACK
6
CONTINUOUS
10
6.182596456692913
20
-5.6217259448818897
11
6.1855655118110233
21
-5.6288939763779524
0
LINE
8
BLACK
6
CONTINUOUS
10
6.1855655118110233
20
-5.6288939763779524
11
6.1855657874015746
21
-5.6288944881889762
0
LINE
8
BLACK
6
CONTINUOUS
10
6.1855657874015746
20
-5.6288944881889762
11
6.1898763779527561
21
-5.6353457086614176
0
LINE
8
BLACK
6
CONTINUOUS
10
6.1898763779527561
20
-5.6353457086614176
11
6.1898764960629924
21
-5.6353458661417317
0
LINE
8
BLACK
6
CONTINUOUS
10
6.1898764960629924
20
-5.6353458661417317
11
6.1955329527559053
21
-5.6410023228346455
0
LINE
8
BLACK
6
CONTINUOUS
10
6.1955329527559053
20
-5.6410023228346455
11
6.1955338188976379
21
-5.6410031102362206
0
LINE
8
BLACK
6
CONTINUOUS
10
6.1955338188976379
20
-5.6410031102362206
11
6.4456588582677163
21
-5.891128149606299
0
LINE
8
BLACK
6
CONTINUOUS
10
6.4456588582677163
20
-5.891128149606299
11
6.4456600000000002
21
-5.8911293700787404
0
LINE
8
BLACK
6
CONTINUOUS
10
6.4456600000000002
20
-5.8911293700787404
11
6.4512682677165349
21
-5.8967376377952752
0
LINE
8
BLACK
6
CONTINUOUS
10
6.4512682677165349
20
-5.8967376377952752
11
6.45126842519685
21
-5.8967377559055114
0
LINE
8
BLACK
6
CONTINUOUS
10
6.45126842519685
20
-5.8967377559055114
11
6.4577196456692914
21
-5.901048346456693
0
LINE
8
BLACK
6
CONTINUOUS
10
6.4577196456692914
20
-5.901048346456693
11
6.4577201574803151
21
-5.9010486220472442
0
LINE
8
BLACK
6
CONTINUOUS
10
6.4577201574803151
20
-5.9010486220472442
11
6.4627887007874012
21
-5.9031480708661412
0
LINE
8
BLACK
6
CONTINUOUS
10
6.4627887007874012
20
-5.9031480708661412
11
6.4644781102362208
21
-5.9038478346456689
0
LINE
8
BLACK
6
CONTINUOUS
10
6.4644781102362208
20
-5.9038478346456689
11
6.4648883464566929
21
-5.904017755905512
0
LINE
8
BLACK
6
CONTINUOUS
10
6.4648883464566929
20
-5.904017755905512
11
6.4686933858267714
21
-5.9047746062992124
0
LINE
8
BLACK
6
CONTINUOUS
10
6.4686933858267714
20
-5.9047746062992124
11
6.470595866141732
21
-5.905153031496063
0
LINE
8
BLACK
6
CONTINUOUS
10
6.470595866141732
20
-5.905153031496063
11
6.4724983464566925
21
-5.9055314960629923
0
LINE
8
BLACK
6
CONTINUOUS
10
6.4724983464566925
20
-5.9055314960629923
11
6.4724983858267713
21
-5.9055314960629923
0
LINE
8
BLACK
6
CONTINUOUS
10
6.4724983858267713
20
-5.9055314960629923
11
6.4802575590551177
21
-5.9055314960629923
0
LINE
8
BLACK
6
CONTINUOUS
10
6.4802575590551177
20
-5.9055314960629923
11
6.4814789763779528
21
-5.9052885039370073
0
LINE
8
BLACK
6
CONTINUOUS
10
6.4814789763779528
20
-5.9052885039370073
11
6.4840625196850397
21
-5.9047746062992124
0
LINE
8
BLACK
6
CONTINUOUS
10
6.4840625196850397
20
-5.9047746062992124
11
6.4878675590551182
21
-5.904017755905512
0
LINE
8
BLACK
6
CONTINUOUS
10
6.4878675590551182
20
-5.904017755905512
11
6.4899671259842515
21
-5.9031480708661412
0
LINE
8
BLACK
6
CONTINUOUS
10
6.4899671259842515
20
-5.9031480708661412
11
6.4950359842519685
21
-5.901048503937008
0
LINE
8
BLACK
6
CONTINUOUS
10
6.4950359842519685
20
-5.901048503937008
11
6.5002601968503937
21
-5.8975577559055115
0
LINE
8
BLACK
6
CONTINUOUS
10
6.5002601968503937
20
-5.8975577559055115
11
6.50288531496063
21
-5.8967358267716534
0
LINE
8
BLACK
6
CONTINUOUS
10
6.50288531496063
20
-5.8967358267716534
11
6.5055380708661419
21
-5.8974635826771653
0
LINE
8
BLACK
6
CONTINUOUS
10
6.5055380708661419
20
-5.8974635826771653
11
6.5073762598425198
21
-5.8995099606299215
0
LINE
8
BLACK
6
CONTINUOUS
10
6.5073762598425198
20
-5.8995099606299215
11
6.5078543307086614
21
-5.9016169291338585
0
LINE
8
BLACK
6
CONTINUOUS
10
6.5078543307086614
20
-5.9016169291338585
11
6.5078543307086614
21
-6.040590787401575
0
LINE
8
BLACK
6
CONTINUOUS
10
6.5078543307086614
20
-6.040590787401575
11
6.5078543307086614
21
-6.0460233858267713
0
LINE
8
BLACK
6
CONTINUOUS
10
6.5078543307086614
20
-6.0460233858267713
11
6.5078543307086614
21
-6.0460234645669289
0
LINE
8
BLACK
6
CONTINUOUS
10
6.5078543307086614
20
-6.0460234645669289
11
6.5078542913385826
21
-6.0460234645669289
0
LINE
8
BLACK
6
CONTINUOUS
10
6.5078542913385826
20
-6.0460234645669289
11
6.5089140944881887
21
-6.0513512598425194
0
LINE
8
BLACK
6
CONTINUOUS
10
6.5089140944881887
20
-6.0513512598425194
11
6.508914212598425
21
-6.051351653543307
0
LINE
8
BLACK
6
CONTINUOUS
10
6.508914212598425
20
-6.051351653543307
11
6.5109929921259839
21
-6.0563703543307081
0
LINE
8
BLACK
6
CONTINUOUS
10
6.5109929921259839
20
-6.0563703543307081
11
6.5140112992125987
21
-6.0608875984251966
0
LINE
8
BLACK
6
CONTINUOUS
10
6.5140112992125987
20
-6.0608875984251966
11
6.5140113385826774
21
-6.0608876377952754
0
LINE
8
BLACK
6
CONTINUOUS
10
6.5140113385826774
20
-6.0608876377952754
11
6.523776692913386
21
-6.0706529527559052
0
LINE
8
BLACK
6
CONTINUOUS
10
6.523776692913386
20
-6.0706529527559052
11
6.5248349606299207
21
-6.072236771653543
0
LINE
8
BLACK
6
CONTINUOUS
10
6.5248349606299207
20
-6.072236771653543
11
6.52718905511811
21
-6.0779201574803148
0
LINE
8
BLACK
6
CONTINUOUS
10
6.52718905511811
20
-6.0779201574803148
11
6.5271893307086613
21
-6.0779206692913386
0
LINE
8
BLACK
6
CONTINUOUS
10
6.5271893307086613
20
-6.0779206692913386
11
6.5306381889763774
21
-6.0830822047244091
0
LINE
8
BLACK
6
CONTINUOUS
10
6.5306381889763774
20
-6.0830822047244091
11
6.5306383070866136
21
-6.0830823622047241
0
LINE
8
BLACK
6
CONTINUOUS
10
6.5306383070866136
20
-6.0830823622047241
11
6.5350278346456694
21
-6.087471889763779
0
LINE
8
BLACK
6
CONTINUOUS
10
6.5350278346456694
20
-6.087471889763779
11
6.5350279921259844
21
-6.0874720078740152
0
LINE
8
BLACK
6
CONTINUOUS
10
6.5350279921259844
20
-6.0874720078740152
11
6.5401895275590549
21
-6.0909208661417322
0
LINE
8
BLACK
6
CONTINUOUS
10
6.5401895275590549
20
-6.0909208661417322
11
6.5401900393700787
21
-6.0909211417322835
0
LINE
8
BLACK
6
CONTINUOUS
10
6.5401900393700787
20
-6.0909211417322835
11
6.5450348818897632
21
-6.092927913385827
0
LINE
8
BLACK
6
CONTINUOUS
10
6.5450348818897632
20
-6.092927913385827
11
6.5459253149606296
21
-6.0932967322834646
0
LINE
8
BLACK
6
CONTINUOUS
10
6.5459253149606296
20
-6.0932967322834646
11
6.5520075590551183
21
-6.0945065748031491
0
LINE
8
BLACK
6
CONTINUOUS
10
6.5520075590551183
20
-6.0945065748031491
11
6.5520138976377948
21
-6.0945078346456691
0
LINE
8
BLACK
6
CONTINUOUS
10
6.5520138976377948
20
-6.0945078346456691
11
6.5520140157480311
21
-6.0945078740157479
0
LINE
8
BLACK
6
CONTINUOUS
10
6.5520140157480311
20
-6.0945078740157479
11
6.5520140944881886
21
-6.0945078740157479
0
LINE
8
BLACK
6
CONTINUOUS
10
6.5520140944881886
20
-6.0945078740157479
11
6.5582222047244096
21
-6.0945078740157479
0
LINE
8
BLACK
6
CONTINUOUS
10
6.5582222047244096
20
-6.0945078740157479
11
6.5582222440944884
21
-6.0945078346456691
0
LINE
8
BLACK
6
CONTINUOUS
10
6.5582222440944884
20
-6.0945078346456691
11
6.5643109055118112
21
-6.0932967322834646
0
LINE
8
BLACK
6
CONTINUOUS
10
6.5643109055118112
20
-6.0932967322834646
11
6.5700464173228346
21
-6.0909210236220472
0
LINE
8
BLACK
6
CONTINUOUS
10
6.5700464173228346
20
-6.0909210236220472
11
6.5752082283464564
21
-6.0874720078740152
0
LINE
8
BLACK
6
CONTINUOUS
10
6.5752082283464564
20
-6.0874720078740152
11
6.5795979921259837
21
-6.0830822440944878
0
LINE
8
BLACK
6
CONTINUOUS
10
6.5795979921259837
20
-6.0830822440944878
11
6.5830470078740158
21
-6.077920433070866
0
LINE
8
BLACK
6
CONTINUOUS
10
6.5830470078740158
20
-6.077920433070866
11
6.5854227165354331
21
-6.0721849212598427
0
LINE
8
BLACK
6
CONTINUOUS
10
6.5854227165354331
20
-6.0721849212598427
11
6.5866338582677164
21
-6.0660961417322836
0
LINE
8
BLACK
6
CONTINUOUS
10
6.5866338582677164
20
-6.0660961417322836
11
6.5866338582677164
21
-6.0598881102362201
0
LINE
8
BLACK
6
CONTINUOUS
10
6.5866338582677164
20
-6.0598881102362201
11
6.5866338582677164
21
-6.0598879921259838
0
LINE
8
BLACK
6
CONTINUOUS
10
6.5866338582677164
20
-6.0598879921259838
11
6.5866338188976377
21
-6.0598879133858263
0
LINE
8
BLACK
6
CONTINUOUS
10
6.5866338188976377
20
-6.0598879133858263
11
6.5854227165354331
21
-6.0537993307086611
0
LINE
8
BLACK
6
CONTINUOUS
10
6.5854227165354331
20
-6.0537993307086611
11
6.5844088582677163
21
-6.051351653543307
0
LINE
8
BLACK
6
CONTINUOUS
10
6.5844088582677163
20
-6.051351653543307
11
6.583047125984252
21
-6.0480640551181102
0
LINE
8
BLACK
6
CONTINUOUS
10
6.583047125984252
20
-6.0480640551181102
11
6.5830468503937007
21
-6.0480635433070864
0
LINE
8
BLACK
6
CONTINUOUS
10
6.5830468503937007
20
-6.0480635433070864
11
6.5795979921259837
21
-6.0429020078740159
0
LINE
8
BLACK
6
CONTINUOUS
10
6.5795979921259837
20
-6.0429020078740159
11
6.5795978740157475
21
-6.0429018503937009
0
LINE
8
BLACK
6
CONTINUOUS
10
6.5795978740157475
20
-6.0429018503937009
11
6.5752083464566926
21
-6.0385123228346451
0
LINE
8
BLACK
6
CONTINUOUS
10
6.5752083464566926
20
-6.0385123228346451
11
6.5752081889763776
21
-6.0385122047244097
0
LINE
8
BLACK
6
CONTINUOUS
10
6.5752081889763776
20
-6.0385122047244097
11
6.5700466535433071
21
-6.0350633464566927
0
LINE
8
BLACK
6
CONTINUOUS
10
6.5700466535433071
20
-6.0350633464566927
11
6.5700462598425196
21
-6.035063149606299
0
LINE
8
BLACK
6
CONTINUOUS
10
6.5700462598425196
20
-6.035063149606299
11
6.5660254724409448
21
-6.0333976771653539
0
LINE
8
BLACK
6
CONTINUOUS
10
6.5660254724409448
20
-6.0333976771653539
11
6.5638836220472436
21
-6.0316716535433068
0
LINE
8
BLACK
6
CONTINUOUS
10
6.5638836220472436
20
-6.0316716535433068
11
6.5630149212598425
21
-6.029061653543307
0
LINE
8
BLACK
6
CONTINUOUS
10
6.5630149212598425
20
-6.029061653543307
11
6.563011811023622
21
-6.0288874015748029
0
LINE
8
BLACK
6
CONTINUOUS
10
6.563011811023622
20
-6.0288874015748029
11
6.563011811023622
21
-5.6288623622047247
0
LINE
8
BLACK
6
CONTINUOUS
10
6.563011811023622
20
-5.6288623622047247
11
6.5637868110236219
21
-5.6262230314960631
0
LINE
8
BLACK
6
CONTINUOUS
10
6.5637868110236219
20
-5.6262230314960631
11
6.5658657086614172
21
-5.6244216535433074
0
LINE
8
BLACK
6
CONTINUOUS
10
6.5658657086614172
20
-5.6244216535433074
11
6.568588464566929
21
-5.6240301574803144
0
LINE
8
BLACK
6
CONTINUOUS
10
6.568588464566929
20
-5.6240301574803144
11
6.5710906692913387
21
-5.6251728740157478
0
LINE
8
BLACK
6
CONTINUOUS
10
6.5710906692913387
20
-5.6251728740157478
11
6.5719528740157482
21
-5.626150157480315
0
LINE
8
BLACK
6
CONTINUOUS
10
6.5719528740157482
20
-5.626150157480315
11
6.5730664173228348
21
-5.6278167322834642
0
LINE
8
BLACK
6
CONTINUOUS
10
6.5730664173228348
20
-5.6278167322834642
11
6.5730664566929136
21
-5.627816771653543
0
LINE
8
BLACK
6
CONTINUOUS
10
6.5730664566929136
20
-5.627816771653543
11
6.7403121259842518
21
-5.7950624015748033
0
LINE
8
BLACK
6
CONTINUOUS
10
6.7403121259842518
20
-5.7950624015748033
11
6.7413703937007874
21
-5.7966462204724412
0
LINE
8
BLACK
6
CONTINUOUS
10
6.7413703937007874
20
-5.7966462204724412
11
6.7437244881889766
21
-5.8023296062992129
0
LINE
8
BLACK
6
CONTINUOUS
10
6.7437244881889766
20
-5.8023296062992129
11
6.743724763779527
21
-5.8023301181102358
0
LINE
8
BLACK
6
CONTINUOUS
10
6.743724763779527
20
-5.8023301181102358
11
6.747173622047244
21
-5.8074916535433072
0
LINE
8
BLACK
6
CONTINUOUS
10
6.747173622047244
20
-5.8074916535433072
11
6.7471737401574803
21
-5.8074918110236222
0
LINE
8
BLACK
6
CONTINUOUS
10
6.7471737401574803
20
-5.8074918110236222
11
6.7515632677165351
21
-5.8118813385826771
0
LINE
8
BLACK
6
CONTINUOUS
10
6.7515632677165351
20
-5.8118813385826771
11
6.7515634251968502
21
-5.8118814566929133
0
LINE
8
BLACK
6
CONTINUOUS
10
6.7515634251968502
20
-5.8118814566929133
11
6.7567249606299207
21
-5.8153303149606295
0
LINE
8
BLACK
6
CONTINUOUS
10
6.7567249606299207
20
-5.8153303149606295
11
6.7567254724409445
21
-5.8153305905511807
0
LINE
8
BLACK
6
CONTINUOUS
10
6.7567254724409445
20
-5.8153305905511807
11
6.7624605511811025
21
-5.8177061023622043
0
LINE
8
BLACK
6
CONTINUOUS
10
6.7624605511811025
20
-5.8177061023622043
11
6.7624607480314962
21
-5.8177061811023618
0
LINE
8
BLACK
6
CONTINUOUS
10
6.7624607480314962
20
-5.8177061811023618
11
6.7685493307086615
21
-5.8189172834645664
0
LINE
8
BLACK
6
CONTINUOUS
10
6.7685493307086615
20
-5.8189172834645664
11
6.7685494488188978
21
-5.8189173228346451
0
LINE
8
BLACK
6
CONTINUOUS
10
6.7685494488188978
20
-5.8189173228346451
11
6.7685495275590553
21
-5.8189173228346451
0
LINE
8
BLACK
6
CONTINUOUS
10
6.7685495275590553
20
-5.8189173228346451
11
6.7747576377952754
21
-5.8189173228346451
0
LINE
8
BLACK
6
CONTINUOUS
10
6.7747576377952754
20
-5.8189173228346451
11
6.7747576771653542
21
-5.8189172834645664
0
LINE
8
BLACK
6
CONTINUOUS
10
6.7747576771653542
20
-5.8189172834645664
11
6.7808463385826769
21
-5.8177061811023618
0
LINE
8
BLACK
6
CONTINUOUS
10
6.7808463385826769
20
-5.8177061811023618
11
6.7865818503937003
21
-5.8153304724409445
0
LINE
8
BLACK
6
CONTINUOUS
10
6.7865818503937003
20
-5.8153304724409445
11
6.791743661417323
21
-5.8118814566929133
0
LINE
8
BLACK
6
CONTINUOUS
10
6.791743661417323
20
-5.8118814566929133
11
6.7961334251968504
21
-5.807491692913386
0
LINE
8
BLACK
6
CONTINUOUS
10
6.7961334251968504
20
-5.807491692913386
11
6.7995824409448815
21
-5.8023298818897633
0
LINE
8
BLACK
6
CONTINUOUS
10
6.7995824409448815
20
-5.8023298818897633
11
6.8019581496062989
21
-5.7965943700787399
0
LINE
8
BLACK
6
CONTINUOUS
10
6.8019581496062989
20
-5.7965943700787399
11
6.8031692913385822
21
-5.7905055905511809
0
LINE
8
BLACK
6
CONTINUOUS
10
6.8031692913385822
20
-5.7905055905511809
11
6.8031692913385822
21
-5.7842975590551182
0
LINE
8
BLACK
6
CONTINUOUS
10
6.8031692913385822
20
-5.7842975590551182
11
6.8031692913385822
21
-5.784297440944882
0
LINE
8
BLACK
6
CONTINUOUS
10
6.8031692913385822
20
-5.784297440944882
11
6.8031692519685034
21
-5.7842973622047245
0
LINE
8
BLACK
6
CONTINUOUS
10
6.8031692519685034
20
-5.7842973622047245
11
6.8019581889763776
21
-5.7782090551181104
0
LINE
8
BLACK
6
CONTINUOUS
10
6.8019581889763776
20
-5.7782090551181104
11
6.8019581496062989
21
-5.7782087795275592
0
LINE
8
BLACK
6
CONTINUOUS
10
6.8019581496062989
20
-5.7782087795275592
11
6.8019580708661413
21
-5.7782085826771654
0
LINE
8
BLACK
6
CONTINUOUS
10
6.8019580708661413
20
-5.7782085826771654
11
6.7995825590551178
21
-5.7724735039370074
0
LINE
8
BLACK
6
CONTINUOUS
10
6.7995825590551178
20
-5.7724735039370074
11
6.7995822834645665
21
-5.7724729921259845
0
LINE
8
BLACK
6
CONTINUOUS
10
6.7995822834645665
20
-5.7724729921259845
11
6.7961334251968504
21
-5.7673114566929131
0
LINE
8
BLACK
6
CONTINUOUS
10
6.7961334251968504
20
-5.7673114566929131
11
6.7961333070866141
21
-5.7673112992125981
0
LINE
8
BLACK
6
CONTINUOUS
10
6.7961333070866141
20
-5.7673112992125981
11
6.7917437795275593
21
-5.7629217716535432
0
LINE
8
BLACK
6
CONTINUOUS
10
6.7917437795275593
20
-5.7629217716535432
11
6.7917436220472442
21
-5.762921653543307
0
LINE
8
BLACK
6
CONTINUOUS
10
6.7917436220472442
20
-5.762921653543307
11
6.7865820866141728
21
-5.7594727952755909
0
LINE
8
BLACK
6
CONTINUOUS
10
6.7865820866141728
20
-5.7594727952755909
11
6.7865815748031491
21
-5.7594725196850396
0
LINE
8
BLACK
6
CONTINUOUS
10
6.7865815748031491
20
-5.7594725196850396
11
6.7808981889763782
21
-5.7571184251968504
0
LINE
8
BLACK
6
CONTINUOUS
10
6.7808981889763782
20
-5.7571184251968504
11
6.7793143700787404
21
-5.7560601574803147
0
LINE
8
BLACK
6
CONTINUOUS
10
6.7793143700787404
20
-5.7560601574803147
11
6.6234968110236219
21
-5.6002425984251971
0
LINE
8
BLACK
6
CONTINUOUS
10
6.6234968110236219
20
-5.6002425984251971
11
6.6221785039370076
21
-5.5978283070866137
0
LINE
8
BLACK
6
CONTINUOUS
10
6.6221785039370076
20
-5.5978283070866137
11
6.6220669291338581
21
-5.5967905905511808
0
LINE
8
BLACK
6
CONTINUOUS
10
6.6220669291338581
20
-5.5967905905511808
11
6.6220669291338581
21
-3.8516143307086614
0
LINE
8
BLACK
6
CONTINUOUS
10
6.6220669291338581
20
-3.8516143307086614
11
6.621007125984252
21
-3.8462864960629921
0
LINE
8
BLACK
6
CONTINUOUS
10
6.621007125984252
20
-3.8462864960629921
11
6.6210070866141733
21
-3.8462864566929134
0
LINE
8
BLACK
6
CONTINUOUS
10
6.6210070866141733
20
-3.8462864566929134
11
6.6210070866141733
21
-3.8462862992125983
0
LINE
8
BLACK
6
CONTINUOUS
10
6.6210070866141733
20
-3.8462862992125983
11
6.6191019291338584
21
-3.8416868503937005
0
LINE
8
BLACK
6
CONTINUOUS
10
6.6191019291338584
20
-3.8416868503937005
11
6.618928188976378
21
-3.8412673622047242
0
LINE
8
BLACK
6
CONTINUOUS
10
6.618928188976378
20
-3.8412673622047242
11
6.6159429527559057
21
-3.8367996062992127
0
LINE
8
BLACK
6
CONTINUOUS
10
6.6159429527559057
20
-3.8367996062992127
11
6.6159424803149607
21
-3.8367988976377951
0
LINE
8
BLACK
6
CONTINUOUS
10
6.6159424803149607
20
-3.8367988976377951
11
6.6159099606299208
21
-3.8367501968503936
0
LINE
8
BLACK
6
CONTINUOUS
10
6.6159099606299208
20
-3.8367501968503936
11
6.6159098818897633
21
-3.8367501181102361
0
LINE
8
BLACK
6
CONTINUOUS
10
6.6159098818897633
20
-3.8367501181102361
11
6.4505546456692908
21
-3.6713949212598425
0
LINE
8
BLACK
6
CONTINUOUS
10
6.4505546456692908
20
-3.6713949212598425
11
6.4495028346456689
21
-3.6707876377952755
0
LINE
8
BLACK
6
CONTINUOUS
10
6.4495028346456689
20
-3.6707876377952755
11
6.4473225984251963
21
-3.6686074015748029
0
LINE
8
BLACK
6
CONTINUOUS
10
6.4473225984251963
20
-3.6686074015748029
11
6.4467153149606302
21
-3.6675555511811022
0
LINE
8
BLACK
6
CONTINUOUS
10
6.4467153149606302
20
-3.6675555511811022
11
6.1651996456692908
21
-3.3860399212598424
0
LINE
8
BLACK
6
CONTINUOUS
10
6.1651996456692908
20
-3.3860399212598424
11
6.1641413779527561
21
-3.3844561023622046
0
LINE
8
BLACK
6
CONTINUOUS
10
6.1641413779527561
20
-3.3844561023622046
11
6.1617872834645668
21
-3.3787727165354329
0
LINE
8
BLACK
6
CONTINUOUS
10
6.1617872834645668
20
-3.3787727165354329
11
6.1617870078740156
21
-3.3787722047244095
0
LINE
8
BLACK
6
CONTINUOUS
10
6.1617870078740156
20
-3.3787722047244095
11
6.1583381496062994
21
-3.3736106692913386
0
LINE
8
BLACK
6
CONTINUOUS
10
6.1583381496062994
20
-3.3736106692913386
11
6.1583380314960632
21
-3.3736105118110236
0
LINE
8
BLACK
6
CONTINUOUS
10
6.1583380314960632
20
-3.3736105118110236
11
6.1539485039370074
21
-3.3692209842519683
0
LINE
8
BLACK
6
CONTINUOUS
10
6.1539485039370074
20
-3.3692209842519683
11
6.1539483464566924
21
-3.369220866141732
0
LINE
8
BLACK
6
CONTINUOUS
10
6.1539483464566924
20
-3.369220866141732
11
6.1487868110236219
21
-3.3657720078740159
0
LINE
8
BLACK
6
CONTINUOUS
10
6.1487868110236219
20
-3.3657720078740159
11
6.1487862992125981
21
-3.3657717322834646
0
LINE
8
BLACK
6
CONTINUOUS
10
6.1487862992125981
20
-3.3657717322834646
11
6.143051220472441
21
-3.363396220472441
0
LINE
8
BLACK
6
CONTINUOUS
10
6.143051220472441
20
-3.363396220472441
11
6.143050748031496
21
-3.3633961023622048
0
LINE
8
BLACK
6
CONTINUOUS
10
6.143050748031496
20
-3.3633961023622048
11
6.1369624015748032
21
-3.3621850393700785
0
LINE
8
BLACK
6
CONTINUOUS
10
6.1369624015748032
20
-3.3621850393700785
11
6.136962283464567
21
-3.3621850393700785
0
LINE
8
BLACK
6
CONTINUOUS
10
6.136962283464567
20
-3.3621850393700785
11
6.1307542519685034
21
-3.3621850393700785
0
LINE
8
BLACK
6
CONTINUOUS
10
6.1307542519685034
20
-3.3621850393700785
11
6.1307541338582672
21
-3.3621850393700785
0
LINE
8
BLACK
6
CONTINUOUS
10
6.1307541338582672
20
-3.3621850393700785
11
6.1246657480314957
21
-3.3633961023622048
0
LINE
8
BLACK
6
CONTINUOUS
10
6.1246657480314957
20
-3.3633961023622048
11
6.1246652755905506
21
-3.363396220472441
0
LINE
8
BLACK
6
CONTINUOUS
10
6.1246652755905506
20
-3.363396220472441
11
6.1189301968503935
21
-3.3657717322834646
0
LINE
8
BLACK
6
CONTINUOUS
10
6.1189301968503935
20
-3.3657717322834646
11
6.1189296850393697
21
-3.3657720078740159
0
LINE
8
BLACK
6
CONTINUOUS
10
6.1189296850393697
20
-3.3657720078740159
11
6.1137681496062992
21
-3.369220866141732
0
LINE
8
BLACK
6
CONTINUOUS
10
6.1137681496062992
20
-3.369220866141732
11
6.1137679921259842
21
-3.3692209842519683
0
LINE
8
BLACK
6
CONTINUOUS
10
6.1137679921259842
20
-3.3692209842519683
11
6.1093784645669293
21
-3.3736105118110236
0
LINE
8
BLACK
6
CONTINUOUS
10
6.1093784645669293
20
-3.3736105118110236
11
6.1093783464566931
21
-3.3736106692913386
0
LINE
8
BLACK
6
CONTINUOUS
10
6.1093783464566931
20
-3.3736106692913386
11
6.1059294881889761
21
-3.3787722047244095
0
LINE
8
BLACK
6
CONTINUOUS
10
6.1059294881889761
20
-3.3787722047244095
11
6.1059292125984248
21
-3.3787727165354329
0
LINE
8
BLACK
6
CONTINUOUS
10
6.1059292125984248
20
-3.3787727165354329
11
6.1035537007874012
21
-3.3845077952755904
0
LINE
8
BLACK
6
CONTINUOUS
10
6.1035537007874012
20
-3.3845077952755904
11
6.103553582677165
21
-3.3845082677165355
0
LINE
8
BLACK
6
CONTINUOUS
10
6.103553582677165
20
-3.3845082677165355
11
6.1023425196850392
21
-3.3905965748031495
0
LINE
8
BLACK
6
CONTINUOUS
10
6.1023425196850392
20
-3.3905965748031495
11
6.1023425196850392
21
-3.3968049606299213
0
LINE
8
BLACK
6
CONTINUOUS
10
6.1023425196850392
20
-3.3968049606299213
11
6.103553582677165
21
-3.4028932677165353
0
LINE
8
BLACK
6
CONTINUOUS
10
6.103553582677165
20
-3.4028932677165353
11
6.1035537007874012
21
-3.4028937401574804
0
LINE
8
BLACK
6
CONTINUOUS
10
6.1035537007874012
20
-3.4028937401574804
11
6.1059292125984248
21
-3.4086288188976379
0
LINE
8
BLACK
6
CONTINUOUS
10
6.1059292125984248
20
-3.4086288188976379
11
6.1059294881889761
21
-3.4086293307086613
0
LINE
8
BLACK
6
CONTINUOUS
10
6.1059294881889761
20
-3.4086293307086613
11
6.1093783464566931
21
-3.4137908661417322
0
LINE
8
BLACK
6
CONTINUOUS
10
6.1093783464566931
20
-3.4137908661417322
11
6.1093784645669293
21
-3.4137910236220472
0
LINE
8
BLACK
6
CONTINUOUS
10
6.1093784645669293
20
-3.4137910236220472
11
6.1137679921259842
21
-3.4181805511811021
0
LINE
8
BLACK
6
CONTINUOUS
10
6.1137679921259842
20
-3.4181805511811021
11
6.1137681496062992
21
-3.4181806692913383
0
LINE
8
BLACK
6
CONTINUOUS
10
6.1137681496062992
20
-3.4181806692913383
11
6.1189296850393697
21
-3.4216295275590549
0
LINE
8
BLACK
6
CONTINUOUS
10
6.1189296850393697
20
-3.4216295275590549
11
6.1189301968503935
21
-3.4216298031496062
0
LINE
8
BLACK
6
CONTINUOUS
10
6.1189301968503935
20
-3.4216298031496062
11
6.1246135826771653
21
-3.423983897637795
0
LINE
8
BLACK
6
CONTINUOUS
10
6.1246135826771653
20
-3.423983897637795
11
6.1261974015748031
21
-3.4250421653543306
0
LINE
8
BLACK
6
CONTINUOUS
10
6.1261974015748031
20
-3.4250421653543306
11
6.5654795669291337
21
-3.8643243307086612
0
LINE
8
BLACK
6
CONTINUOUS
10
6.5654795669291337
20
-3.8643243307086612
11
6.566797874015748
21
-3.8667386220472442
0
LINE
8
BLACK
6
CONTINUOUS
10
6.566797874015748
20
-3.8667386220472442
11
6.5669094488188975
21
-3.8677763385826771
0
LINE
8
BLACK
6
CONTINUOUS
10
6.5669094488188975
20
-3.8677763385826771
11
6.5669094488188975
21
-3.879011614173228
0
LINE
8
BLACK
6
CONTINUOUS
10
6.5669094488188975
20
-3.879011614173228
11
6.5661344488188975
21
-3.8816509448818897
0
LINE
8
BLACK
6
CONTINUOUS
10
6.5661344488188975
20
-3.8816509448818897
11
6.5640555511811023
21
-3.8834523228346454
0
LINE
8
BLACK
6
CONTINUOUS
10
6.5640555511811023
20
-3.8834523228346454
11
6.5613327952755904
21
-3.8838438188976379
0
LINE
8
BLACK
6
CONTINUOUS
10
6.5613327952755904
20
-3.8838438188976379
11
6.5588305905511808
21
-3.8827011023622044
0
LINE
8
BLACK
6
CONTINUOUS
10
6.5588305905511808
20
-3.8827011023622044
11
6.55796842519685
21
-3.8817238582677165
0
LINE
8
BLACK
6
CONTINUOUS
10
6.55796842519685
20
-3.8817238582677165
11
6.5568548818897634
21
-3.8800573622047243
0
LINE
8
BLACK
6
CONTINUOUS
10
6.5568548818897634
20
-3.8800573622047243
11
6.5568547637795271
21
-3.8800572047244093
0
LINE
8
BLACK
6
CONTINUOUS
10
6.5568547637795271
20
-3.8800572047244093
11
6.1199427165354328
21
-3.4431451574803149
0
LINE
8
BLACK
6
CONTINUOUS
10
6.1199427165354328
20
-3.4431451574803149
11
6.1154254724409451
21
-3.4401268503937006
0
LINE
8
BLACK
6
CONTINUOUS
10
6.1154254724409451
20
-3.4401268503937006
11
6.1104067716535431
21
-3.4380480708661416
0
LINE
8
BLACK
6
CONTINUOUS
10
6.1104067716535431
20
-3.4380480708661416
11
6.1104063779527555
21
-3.4380479527559054
0
LINE
8
BLACK
6
CONTINUOUS
10
6.1104063779527555
20
-3.4380479527559054
11
6.105078582677165
21
-3.436988188976378
0
LINE
8
BLACK
6
CONTINUOUS
10
6.105078582677165
20
-3.436988188976378
11
6.1050785039370075
21
-3.436988188976378
0
LINE
8
BLACK
6
CONTINUOUS
10
6.1050785039370075
20
-3.436988188976378
11
6.1050784645669287
21
-3.436988188976378
0
LINE
8
BLACK
6
CONTINUOUS
10
6.1050784645669287
20
-3.436988188976378
11
6.0797368503937008
21
-3.436988188976378
0
LINE
8
BLACK
6
CONTINUOUS
10
6.0797368503937008
20
-3.436988188976378
11
6.0778686614173223
21
-3.4366165748031494
0
LINE
8
BLACK
6
CONTINUOUS
10
6.0778686614173223
20
-3.4366165748031494
11
6.0721850787401577
21
-3.4342623622047244
0
LINE
8
BLACK
6
CONTINUOUS
10
6.0721850787401577
20
-3.4342623622047244
11
6.0721846062992126
21
-3.4342622440944881
0
LINE
8
BLACK
6
CONTINUOUS
10
6.0721846062992126
20
-3.4342622440944881
11
6.0660962598425199
21
-3.4330511811023623
0
LINE
8
BLACK
6
CONTINUOUS
10
6.0660962598425199
20
-3.4330511811023623
11
6.0660961417322836
21
-3.4330511811023623
0
LINE
8
BLACK
6
CONTINUOUS
10
6.0660961417322836
20
-3.4330511811023623
11
6.0598881102362201
21
-3.4330511811023623
0
LINE
8
BLACK
6
CONTINUOUS
10
6.0598881102362201
20
-3.4330511811023623
11
6.0598879921259838
21
-3.4330511811023623
0
LINE
8
BLACK
6
CONTINUOUS
10
6.0598879921259838
20
-3.4330511811023623
11
6.0537996062992123
21
-3.4342622440944881
0
LINE
8
BLACK
6
CONTINUOUS
10
6.0537996062992123
20
-3.4342622440944881
11
6.0537991338582673
21
-3.4342623622047244
0
LINE
8
BLACK
6
CONTINUOUS
10
6.0537991338582673
20
-3.4342623622047244
11
6.0480640551181102
21
-3.4366378740157479
0
LINE
8
BLACK
6
CONTINUOUS
10
6.0480640551181102
20
-3.4366378740157479
11
6.0480635433070864
21
-3.4366381496062992
0
LINE
8
BLACK
6
CONTINUOUS
10
6.0480635433070864
20
-3.4366381496062992
11
6.0429020078740159
21
-3.4400870078740158
0
LINE
8
BLACK
6
CONTINUOUS
10
6.0429020078740159
20
-3.4400870078740158
11
6.0429018503937009
21
-3.440087125984252
0
LINE
8
BLACK
6
CONTINUOUS
10
6.0429018503937009
20
-3.440087125984252
11
6.0385123228346451
21
-3.4444766535433069
0
LINE
8
BLACK
6
CONTINUOUS
10
6.0385123228346451
20
-3.4444766535433069
11
6.0385122047244097
21
-3.4444768110236219
0
LINE
8
BLACK
6
CONTINUOUS
10
6.0385122047244097
20
-3.4444768110236219
11
6.0350633464566927
21
-3.4496383464566929
0
LINE
8
BLACK
6
CONTINUOUS
10
6.0350633464566927
20
-3.4496383464566929
11
6.0350630708661415
21
-3.4496388582677167
0
LINE
8
BLACK
6
CONTINUOUS
10
6.0350630708661415
20
-3.4496388582677167
11
6.0326875590551179
21
-3.4553739370078738
0
LINE
8
BLACK
6
CONTINUOUS
10
6.0326875590551179
20
-3.4553739370078738
11
6.0326874409448816
21
-3.4553744094488188
0
LINE
8
BLACK
6
CONTINUOUS
10
6.0326874409448816
20
-3.4553744094488188
11
6.0314763779527558
21
-3.4614627165354328
0
LINE
8
BLACK
6
CONTINUOUS
10
6.0314763779527558
20
-3.4614627165354328
11
6.0314763779527558
21
-3.4676711023622047
0
LINE
8
BLACK
6
CONTINUOUS
10
5.3621370866141733
20
-5.2635932677165354
11
5.3621370866141733
21
-5.2635933070866141
0
LINE
8
BLACK
6
CONTINUOUS
10
5.3621370866141733
20
-5.2635933070866141
11
5.3642696456692915
21
-5.265142677165354
0
LINE
8
BLACK
6
CONTINUOUS
10
5.3642696456692915
20
-5.265142677165354
11
5.3717237007874017
21
-5.268940748031496
0
LINE
8
BLACK
6
CONTINUOUS
10
5.3717237007874017
20
-5.268940748031496
11
5.3796799212598421
21
-5.2715258661417321
0
LINE
8
BLACK
6
CONTINUOUS
10
5.3796799212598421
20
-5.2715258661417321
11
5.3879430708661413
21
-5.2728346456692909
0
LINE
8
BLACK
6
CONTINUOUS
10
5.3879430708661413
20
-5.2728346456692909
11
5.3963088976377955
21
-5.2728346456692909
0
LINE
8
BLACK
6
CONTINUOUS
10
5.3963088976377955
20
-5.2728346456692909
11
5.4045719291338585
21
-5.2715258661417321
0
LINE
8
BLACK
6
CONTINUOUS
10
5.4045719291338585
20
-5.2715258661417321
11
5.4045720472440948
21
-5.2715258661417321
0
LINE
8
BLACK
6
CONTINUOUS
10
5.4045720472440948
20
-5.2715258661417321
11
5.4125282283464564
21
-5.268940748031496
0
LINE
8
BLACK
6
CONTINUOUS
10
5.4125282283464564
20
-5.268940748031496
11
5.4199824409448816
21
-5.2651425984251965
0
LINE
8
BLACK
6
CONTINUOUS
10
5.4199824409448816
20
-5.2651425984251965
11
5.422114803149606
21
-5.2635933070866141
0
LINE
8
BLACK
6
CONTINUOUS
10
5.422114803149606
20
-5.2635933070866141
11
5.4221148425196848
21
-5.2635933070866141
0
LINE
8
BLACK
6
CONTINUOUS
10
5.4221148425196848
20
-5.2635933070866141
11
5.407772755905512
21
-5.2492512598425192
0
LINE
8
BLACK
6
CONTINUOUS
10
5.407772755905512
20
-5.2492512598425192
11
5.4018402362204725
21
-5.2517086220472438
0
LINE
8
BLACK
6
CONTINUOUS
10
5.4018402362204725
20
-5.2517086220472438
11
5.3954061023622044
21
-5.2529884645669291
0
LINE
8
BLACK
6
CONTINUOUS
10
5.3954061023622044
20
-5.2529884645669291
11
5.3888458661417324
21
-5.2529884645669291
0
LINE
8
BLACK
6
CONTINUOUS
10
5.3888458661417324
20
-5.2529884645669291
11
5.3824117322834644
21
-5.2517086220472438
0
LINE
8
BLACK
6
CONTINUOUS
10
5.3824117322834644
20
-5.2517086220472438
11
5.3764790944881886
21
-5.2492512204724404
0
LINE
8
BLACK
6
CONTINUOUS
10
5.3764790944881886
20
-5.2492512204724404
11
5.3621370866141733
21
-5.2635932677165354
0
LINE
8
BLACK
6
CONTINUOUS
10
5.462137086614173
20
-5.2635932677165354
11
5.462137086614173
21
-5.2635933070866141
0
LINE
8
BLACK
6
CONTINUOUS
10
5.462137086614173
20
-5.2635933070866141
11
5.4642696456692912
21
-5.265142677165354
0
LINE
8
BLACK
6
CONTINUOUS
10
5.4642696456692912
20
-5.265142677165354
11
5.4717237007874013
21
-5.268940748031496
0
LINE
8
BLACK
6
CONTINUOUS
10
5.4717237007874013
20
-5.268940748031496
11
5.4796799212598426
21
-5.2715258661417321
0
LINE
8
BLACK
6
CONTINUOUS
10
5.4796799212598426
20
-5.2715258661417321
11
5.4879430708661419
21
-5.2728346456692909
0
LINE
8
BLACK
6
CONTINUOUS
10
5.4879430708661419
20
-5.2728346456692909
11
5.4963088976377952
21
-5.2728346456692909
0
LINE
8
BLACK
6
CONTINUOUS
10
5.4963088976377952
20
-5.2728346456692909
11
5.5045719291338582
21
-5.2715258661417321
0
LINE
8
BLACK
6
CONTINUOUS
10
5.5045719291338582
20
-5.2715258661417321
11
5.5045720472440944
21
-5.2715258661417321
0
LINE
8
BLACK
6
CONTINUOUS
10
5.5045720472440944
20
-5.2715258661417321
11
5.5125282283464569
21
-5.268940748031496
0
LINE
8
BLACK
6
CONTINUOUS
10
5.5125282283464569
20
-5.268940748031496
11
5.5199824409448821
21
-5.2651425984251965
0
LINE
8
BLACK
6
CONTINUOUS
10
5.5199824409448821
20
-5.2651425984251965
11
5.5221148031496066
21
-5.2635933070866141
0
LINE
8
BLACK
6
CONTINUOUS
10
5.5221148031496066
20
-5.2635933070866141
11
5.5221148425196853
21
-5.2635933070866141
0
LINE
8
BLACK
6
CONTINUOUS
10
5.5221148425196853
20
-5.2635933070866141
11
5.5077727559055116
21
-5.2492512598425192
0
LINE
8
BLACK
6
CONTINUOUS
10
5.5077727559055116
20
-5.2492512598425192
11
5.5018402362204721
21
-5.2517086220472438
0
LINE
8
BLACK
6
CONTINUOUS
10
5.5018402362204721
20
-5.2517086220472438
11
5.4954061023622049
21
-5.2529884645669291
0
LINE
8
BLACK
6
CONTINUOUS
10
5.4954061023622049
20
-5.2529884645669291
11
5.4888458661417321
21
-5.2529884645669291
0
LINE
8
BLACK
6
CONTINUOUS
10
5.4888458661417321
20
-5.2529884645669291
11
5.482411732283464
21
-5.2517086220472438
0
LINE
8
BLACK
6
CONTINUOUS
10
5.482411732283464
20
-5.2517086220472438
11
5.4764790944881891
21
-5.2492512204724404
0
LINE
8
BLACK
6
CONTINUOUS
10
5.4764790944881891
20
-5.2492512204724404
11
5.462137086614173
21
-5.2635932677165354
0
LINE
8
BLACK
6
CONTINUOUS
10
5.4216921653543304
20
-5.2040381496062995
11
5.4241495669291337
21
-5.2099707874015744
0
LINE
8
BLACK
6
CONTINUOUS
10
5.4241495669291337
20
-5.2099707874015744
11
5.4254294094488191
21
-5.2164049212598425
0
LINE
8
BLACK
6
CONTINUOUS
10
5.4254294094488191
20
-5.2164049212598425
11
5.4254294094488191
21
-5.2229651574803144
0
LINE
8
BLACK
6
CONTINUOUS
10
5.4254294094488191
20
-5.2229651574803144
11
5.4241495669291337
21
-5.2293992913385825
0
LINE
8
BLACK
6
CONTINUOUS
10
5.4241495669291337
20
-5.2293992913385825
11
5.4216922047244092
21
-5.235331811023622
0
LINE
8
BLACK
6
CONTINUOUS
10
5.4216922047244092
20
-5.235331811023622
11
5.4360342519685041
21
-5.2496738976377948
0
LINE
8
BLACK
6
CONTINUOUS
10
5.4360342519685041
20
-5.2496738976377948
11
5.4360342519685041
21
-5.249673858267716
0
LINE
8
BLACK
6
CONTINUOUS
10
5.4360342519685041
20
-5.249673858267716
11
5.4375835433070865
21
-5.2475414960629916
0
LINE
8
BLACK
6
CONTINUOUS
10
5.4375835433070865
20
-5.2475414960629916
11
5.4377761417322832
21
-5.2471635433070869
0
LINE
8
BLACK
6
CONTINUOUS
10
5.4377761417322832
20
-5.2471635433070869
11
5.4396648818897635
21
-5.2451636614173225
0
LINE
8
BLACK
6
CONTINUOUS
10
5.4396648818897635
20
-5.2451636614173225
11
5.4423349606299212
21
-5.2445024015748034
0
LINE
8
BLACK
6
CONTINUOUS
10
5.4423349606299212
20
-5.2445024015748034
11
5.4449387401574798
21
-5.2453896456692908
0
LINE
8
BLACK
6
CONTINUOUS
10
5.4449387401574798
20
-5.2453896456692908
11
5.4464758267716533
21
-5.2471635433070869
0
LINE
8
BLACK
6
CONTINUOUS
10
5.4464758267716533
20
-5.2471635433070869
11
5.4466683070866138
21
-5.2475413385826775
0
LINE
8
BLACK
6
CONTINUOUS
10
5.4466683070866138
20
-5.2475413385826775
11
5.4482176377952758
21
-5.249673858267716
0
LINE
8
BLACK
6
CONTINUOUS
10
5.4482176377952758
20
-5.249673858267716
11
5.4625596850393698
21
-5.2353317716535432
0
LINE
8
BLACK
6
CONTINUOUS
10
5.4625596850393698
20
-5.2353317716535432
11
5.4601024015748028
21
-5.2293992913385825
0
LINE
8
BLACK
6
CONTINUOUS
10
5.4601024015748028
20
-5.2293992913385825
11
5.4588225590551183
21
-5.2229651574803144
0
LINE
8
BLACK
6
CONTINUOUS
10
5.4588225590551183
20
-5.2229651574803144
11
5.4588225590551183
21
-5.2164049212598425
0
LINE
8
BLACK
6
CONTINUOUS
10
5.4588225590551183
20
-5.2164049212598425
11
5.4601024015748028
21
-5.2099707874015744
0
LINE
8
BLACK
6
CONTINUOUS
10
5.4601024015748028
20
-5.2099707874015744
11
5.4625597244094486
21
-5.204038228346457
0
LINE
8
BLACK
6
CONTINUOUS
10
5.4625597244094486
20
-5.204038228346457
11
5.4482176377952758
21
-5.1896961417322833
0
LINE
8
BLACK
6
CONTINUOUS
10
5.4482176377952758
20
-5.1896961417322833
11
5.448217598425197
21
-5.1896961417322833
0
LINE
8
BLACK
6
CONTINUOUS
10
5.448217598425197
20
-5.1896961417322833
11
5.4466685039370075
21
-5.1918283464566928
0
LINE
8
BLACK
6
CONTINUOUS
10
5.4466685039370075
20
-5.1918283464566928
11
5.4464757086614171
21
-5.1922067322834646
0
LINE
8
BLACK
6
CONTINUOUS
10
5.4464757086614171
20
-5.1922067322834646
11
5.4445868503937005
21
-5.1942064960629919
0
LINE
8
BLACK
6
CONTINUOUS
10
5.4445868503937005
20
-5.1942064960629919
11
5.4419166929133853
21
-5.1948676377952756
0
LINE
8
BLACK
6
CONTINUOUS
10
5.4419166929133853
20
-5.1948676377952756
11
5.4393129921259842
21
-5.1939802362204723
0
LINE
8
BLACK
6
CONTINUOUS
10
5.4393129921259842
20
-5.1939802362204723
11
5.4377762204724407
21
-5.1922066141732284
0
LINE
8
BLACK
6
CONTINUOUS
10
5.4377762204724407
20
-5.1922066141732284
11
5.4375837007874015
21
-5.1918288188976378
0
LINE
8
BLACK
6
CONTINUOUS
10
5.4375837007874015
20
-5.1918288188976378
11
5.4360342519685041
21
-5.1896961417322833
0
LINE
8
BLACK
6
CONTINUOUS
10
5.4360342519685041
20
-5.1896961417322833
11
5.4360342125984253
21
-5.1896961417322833
0
LINE
8
BLACK
6
CONTINUOUS
10
5.4360342125984253
20
-5.1896961417322833
11
5.4216921653543304
21
-5.2040381496062995
0
LINE
8
BLACK
6
CONTINUOUS
10
5.5216921653543309
20
-5.2040381496062995
11
5.5241495669291334
21
-5.2099707874015744
0
LINE
8
BLACK
6
CONTINUOUS
10
5.5241495669291334
20
-5.2099707874015744
11
5.5254294094488188
21
-5.2164049212598425
0
LINE
8
BLACK
6
CONTINUOUS
10
5.5254294094488188
20
-5.2164049212598425
11
5.5254294094488188
21
-5.2229651574803144
0
LINE
8
BLACK
6
CONTINUOUS
10
5.5254294094488188
20
-5.2229651574803144
11
5.5241495669291334
21
-5.2293992913385825
0
LINE
8
BLACK
6
CONTINUOUS
10
5.5241495669291334
20
-5.2293992913385825
11
5.5216922047244097
21
-5.235331811023622
0
LINE
8
BLACK
6
CONTINUOUS
10
5.5216922047244097
20
-5.235331811023622
11
5.5360342519685037
21
-5.2496738976377948
0
LINE
8
BLACK
6
CONTINUOUS
10
5.5360342519685037
20
-5.2496738976377948
11
5.5360342519685037
21
-5.249673858267716
0
LINE
8
BLACK
6
CONTINUOUS
10
5.5360342519685037
20
-5.249673858267716
11
5.5375835433070861
21
-5.2475414960629916
0
LINE
8
BLACK
6
CONTINUOUS
10
5.5375835433070861
20
-5.2475414960629916
11
5.5413816929133857
21
-5.2400872834645664
0
LINE
8
BLACK
6
CONTINUOUS
10
5.5413816929133857
20
-5.2400872834645664
11
5.5439668110236218
21
-5.2321311023622048
0
LINE
8
BLACK
6
CONTINUOUS
10
5.5439668110236218
20
-5.2321311023622048
11
5.5439668110236218
21
-5.2321309842519685
0
LINE
8
BLACK
6
CONTINUOUS
10
5.5439668110236218
20
-5.2321309842519685
11
5.5452755905511806
21
-5.2238679527559055
0
LINE
8
BLACK
6
CONTINUOUS
10
5.5452755905511806
20
-5.2238679527559055
11
5.5452755905511806
21
-5.2155020866141735
0
LINE
8
BLACK
6
CONTINUOUS
10
5.5452755905511806
20
-5.2155020866141735
11
5.5439668110236218
21
-5.2072390551181105
0
LINE
8
BLACK
6
CONTINUOUS
10
5.5439668110236218
20
-5.2072390551181105
11
5.5439668110236218
21
-5.2072389370078742
0
LINE
8
BLACK
6
CONTINUOUS
10
5.5439668110236218
20
-5.2072389370078742
11
5.5413816929133857
21
-5.1992827559055117
0
LINE
8
BLACK
6
CONTINUOUS
10
5.5413816929133857
20
-5.1992827559055117
11
5.5375836220472436
21
-5.1918287007874016
0
LINE
8
BLACK
6
CONTINUOUS
10
5.5375836220472436
20
-5.1918287007874016
11
5.5360342519685037
21
-5.1896961417322833
0
LINE
8
BLACK
6
CONTINUOUS
10
5.5360342519685037
20
-5.1896961417322833
11
5.536034212598425
21
-5.1896961417322833
0
LINE
8
BLACK
6
CONTINUOUS
10
5.536034212598425
20
-5.1896961417322833
11
5.5216921653543309
21
-5.2040381496062995
0
LINE
8
BLACK
6
CONTINUOUS
10
5.3466685039370079
20
-5.191828307086614
11
5.3428702362204721
21
-5.1992827559055117
0
LINE
8
BLACK
6
CONTINUOUS
10
5.3428702362204721
20
-5.1992827559055117
11
5.340285118110236
21
-5.2072389370078742
0
LINE
8
BLACK
6
CONTINUOUS
10
5.340285118110236
20
-5.2072389370078742
11
5.340285118110236
21
-5.2072390551181105
0
LINE
8
BLACK
6
CONTINUOUS
10
5.340285118110236
20
-5.2072390551181105
11
5.3389763779527559
21
-5.2155020866141735
0
LINE
8
BLACK
6
CONTINUOUS
10
5.3389763779527559
20
-5.2155020866141735
11
5.3389763779527559
21
-5.2238679527559055
0
LINE
8
BLACK
6
CONTINUOUS
10
5.3389763779527559
20
-5.2238679527559055
11
5.340285118110236
21
-5.2321309842519685
0
LINE
8
BLACK
6
CONTINUOUS
10
5.340285118110236
20
-5.2321309842519685
11
5.340285118110236
21
-5.2321311023622048
0
LINE
8
BLACK
6
CONTINUOUS
10
5.340285118110236
20
-5.2321311023622048
11
5.3428702362204721
21
-5.2400872834645664
0
LINE
8
BLACK
6
CONTINUOUS
10
5.3428702362204721
20
-5.2400872834645664
11
5.3466683070866141
21
-5.2475413385826775
0
LINE
8
BLACK
6
CONTINUOUS
10
5.3466683070866141
20
-5.2475413385826775
11
5.3482176377952753
21
-5.249673858267716
0
LINE
8
BLACK
6
CONTINUOUS
10
5.3482176377952753
20
-5.249673858267716
11
5.3625596850393702
21
-5.2353317716535432
0
LINE
8
BLACK
6
CONTINUOUS
10
5.3625596850393702
20
-5.2353317716535432
11
5.3601024015748031
21
-5.2293992913385825
0
LINE
8
BLACK
6
CONTINUOUS
10
5.3601024015748031
20
-5.2293992913385825
11
5.3588225590551177
21
-5.2229651574803144
0
LINE
8
BLACK
6
CONTINUOUS
10
5.3588225590551177
20
-5.2229651574803144
11
5.3588225590551177
21
-5.2164049212598425
0
LINE
8
BLACK
6
CONTINUOUS
10
5.3588225590551177
20
-5.2164049212598425
11
5.3601024015748031
21
-5.2099707874015744
0
LINE
8
BLACK
6
CONTINUOUS
10
5.3601024015748031
20
-5.2099707874015744
11
5.3625597244094489
21
-5.204038228346457
0
LINE
8
BLACK
6
CONTINUOUS
10
5.3625597244094489
20
-5.204038228346457
11
5.3482176377952753
21
-5.1896961417322833
0
LINE
8
BLACK
6
CONTINUOUS
10
5.3482176377952753
20
-5.1896961417322833
11
5.3482175984251965
21
-5.1896961417322833
0
LINE
8
BLACK
6
CONTINUOUS
10
5.3482175984251965
20
-5.1896961417322833
11
5.3466685039370079
21
-5.191828307086614
0
LINE
8
BLACK
6
CONTINUOUS
10
5.3389566929133858
20
-4.9238695275590549
11
5.3402658661417322
21
-4.9321353937007872
0
LINE
8
BLACK
6
CONTINUOUS
10
5.3402658661417322
20
-4.9321353937007872
11
5.3428521259842521
21
-4.9400950393700782
0
LINE
8
BLACK
6
CONTINUOUS
10
5.3428521259842521
20
-4.9400950393700782
11
5.3466516141732283
21
-4.9475519685039373
0
LINE
8
BLACK
6
CONTINUOUS
10
5.3466516141732283
20
-4.9475519685039373
11
5.3515704724409447
21
-4.9543222834645668
0
LINE
8
BLACK
6
CONTINUOUS
10
5.3515704724409447
20
-4.9543222834645668
11
5.3574887007874015
21
-4.9602405118110235
0
LINE
8
BLACK
6
CONTINUOUS
10
5.3574887007874015
20
-4.9602405118110235
11
5.3642591338582672
21
-4.9651594488188975
0
LINE
8
BLACK
6
CONTINUOUS
10
5.3642591338582672
20
-4.9651594488188975
11
5.3646041732283463
21
-4.9653352755905509
0
LINE
8
BLACK
6
CONTINUOUS
10
5.3646041732283463
20
-4.9653352755905509
11
5.366604015748031
21
-4.9672240551181099
0
LINE
8
BLACK
6
CONTINUOUS
10
5.366604015748031
20
-4.9672240551181099
11
5.3672651968503935
21
-4.9698941732283464
0
LINE
8
BLACK
6
CONTINUOUS
10
5.3672651968503935
20
-4.9698941732283464
11
5.3663778740157477
21
-4.9724979133858263
0
LINE
8
BLACK
6
CONTINUOUS
10
5.3663778740157477
20
-4.9724979133858263
11
5.3646041732283463
21
-4.974034803149606
0
LINE
8
BLACK
6
CONTINUOUS
10
5.3646041732283463
20
-4.974034803149606
11
5.3642591338582672
21
-4.9742105905511806
0
LINE
8
BLACK
6
CONTINUOUS
10
5.3642591338582672
20
-4.9742105905511806
11
5.3574887007874015
21
-4.9791295275590546
0
LINE
8
BLACK
6
CONTINUOUS
10
5.3574887007874015
20
-4.9791295275590546
11
5.3515704724409447
21
-4.9850477559055113
0
LINE
8
BLACK
6
CONTINUOUS
10
5.3515704724409447
20
-4.9850477559055113
11
5.3466516141732283
21
-4.9918180708661417
0
LINE
8
BLACK
6
CONTINUOUS
10
5.3466516141732283
20
-4.9918180708661417
11
5.3428521259842521
21
-4.9992749999999999
0
LINE
8
BLACK
6
CONTINUOUS
10
5.3428521259842521
20
-4.9992749999999999
11
5.3402658661417322
21
-5.0072346456692909
0
LINE
8
BLACK
6
CONTINUOUS
10
5.3402658661417322
20
-5.0072346456692909
11
5.3389566929133858
21
-5.0155005118110232
0
LINE
8
BLACK
6
CONTINUOUS
10
5.3389566929133858
20
-5.0155005118110232
11
5.3389566929133858
21
-5.0238695275590546
0
LINE
8
BLACK
6
CONTINUOUS
10
5.3389566929133858
20
-5.0238695275590546
11
5.3402658661417322
21
-5.0321353937007869
0
LINE
8
BLACK
6
CONTINUOUS
10
5.3402658661417322
20
-5.0321353937007869
11
5.3428521259842521
21
-5.0400950393700787
0
LINE
8
BLACK
6
CONTINUOUS
10
5.3428521259842521
20
-5.0400950393700787
11
5.3466516141732283
21
-5.0475519685039369
0
LINE
8
BLACK
6
CONTINUOUS
10
5.3466516141732283
20
-5.0475519685039369
11
5.3515704724409447
21
-5.0543222834645665
0
LINE
8
BLACK
6
CONTINUOUS
10
5.3515704724409447
20
-5.0543222834645665
11
5.3574887007874015
21
-5.0602405118110232
0
LINE
8
BLACK
6
CONTINUOUS
10
5.3574887007874015
20
-5.0602405118110232
11
5.3642591338582672
21
-5.0651594488188971
0
LINE
8
BLACK
6
CONTINUOUS
10
5.3642591338582672
20
-5.0651594488188971
11
5.3646041732283463
21
-5.0653352755905514
0
LINE
8
BLACK
6
CONTINUOUS
10
5.3646041732283463
20
-5.0653352755905514
11
5.366604015748031
21
-5.0672240551181105
0
LINE
8
BLACK
6
CONTINUOUS
10
5.366604015748031
20
-5.0672240551181105
11
5.3672651968503935
21
-5.069894173228346
0
LINE
8
BLACK
6
CONTINUOUS
10
5.3672651968503935
20
-5.069894173228346
11
5.3663778740157477
21
-5.0724979133858268
0
LINE
8
BLACK
6
CONTINUOUS
10
5.3663778740157477
20
-5.0724979133858268
11
5.3646041732283463
21
-5.0740348031496065
0
LINE
8
BLACK
6
CONTINUOUS
10
5.3646041732283463
20
-5.0740348031496065
11
5.3642591338582672
21
-5.0742105905511812
0
LINE
8
BLACK
6
CONTINUOUS
10
5.3642591338582672
20
-5.0742105905511812
11
5.3574887007874015
21
-5.0791295275590551
0
LINE
8
BLACK
6
CONTINUOUS
10
5.3574887007874015
20
-5.0791295275590551
11
5.3515704724409447
21
-5.0850477559055118
0
LINE
8
BLACK
6
CONTINUOUS
10
5.3515704724409447
20
-5.0850477559055118
11
5.3466516141732283
21
-5.0918180708661414
0
LINE
8
BLACK
6
CONTINUOUS
10
5.3466516141732283
20
-5.0918180708661414
11
5.3428521259842521
21
-5.0992749999999996
0
LINE
8
BLACK
6
CONTINUOUS
10
5.3428521259842521
20
-5.0992749999999996
11
5.3402658661417322
21
-5.1072346456692914
0
LINE
8
BLACK
6
CONTINUOUS
10
5.3402658661417322
20
-5.1072346456692914
11
5.3389566929133858
21
-5.1155005118110237
0
LINE
8
BLACK
6
CONTINUOUS
10
5.3389566929133858
20
-5.1155005118110237
11
5.3389566929133858
21
-5.1238695275590551
0
LINE
8
BLACK
6
CONTINUOUS
10
5.3389566929133858
20
-5.1238695275590551
11
5.3402658661417322
21
-5.1321353937007874
0
LINE
8
BLACK
6
CONTINUOUS
10
5.3402658661417322
20
-5.1321353937007874
11
5.3428521259842521
21
-5.1400950393700784
0
LINE
8
BLACK
6
CONTINUOUS
10
5.3428521259842521
20
-5.1400950393700784
11
5.3466516141732283
21
-5.1475519685039366
0
LINE
8
BLACK
6
CONTINUOUS
10
5.3466516141732283
20
-5.1475519685039366
11
5.3515704724409447
21
-5.154322283464567
0
LINE
8
BLACK
6
CONTINUOUS
10
5.3515704724409447
20
-5.154322283464567
11
5.3574887007874015
21
-5.1602405118110237
0
LINE
8
BLACK
6
CONTINUOUS
10
5.3574887007874015
20
-5.1602405118110237
11
5.364259015748031
21
-5.1651593700787402
0
LINE
8
BLACK
6
CONTINUOUS
10
5.364259015748031
20
-5.1651593700787402
11
5.3642590944881885
21
-5.1651594094488189
0
LINE
8
BLACK
6
CONTINUOUS
10
5.3642590944881885
20
-5.1651594094488189
11
5.3642592125984248
21
-5.1651594881889764
0
LINE
8
BLACK
6
CONTINUOUS
10
5.3642592125984248
20
-5.1651594881889764
11
5.3646257086614169
21
-5.1653462204724407
0
LINE
8
BLACK
6
CONTINUOUS
10
5.3646257086614169
20
-5.1653462204724407
11
5.3666255905511813
21
-5.1672348818897635
0
LINE
8
BLACK
6
CONTINUOUS
10
5.3666255905511813
20
-5.1672348818897635
11
5.3672868897637791
21
-5.169905
0
LINE
8
BLACK
6
CONTINUOUS
10
5.3672868897637791
20
-5.169905
11
5.3663996850393696
21
-5.1725087401574799
0
LINE
8
BLACK
6
CONTINUOUS
10
5.3663996850393696
20
-5.1725087401574799
11
5.3646261811023619
21
-5.1740456692913384
0
LINE
8
BLACK
6
CONTINUOUS
10
5.3646261811023619
20
-5.1740456692913384
11
5.3642695275590553
21
-5.1742274015748029
0
LINE
8
BLACK
6
CONTINUOUS
10
5.3642695275590553
20
-5.1742274015748029
11
5.3642692913385828
21
-5.1742275590551179
0
LINE
8
BLACK
6
CONTINUOUS
10
5.3642692913385828
20
-5.1742275590551179
11
5.3621370866141733
21
-5.1757766535433074
0
LINE
8
BLACK
6
CONTINUOUS
10
5.3621370866141733
20
-5.1757766535433074
11
5.3621370866141733
21
-5.1757766929133853
0
LINE
8
BLACK
6
CONTINUOUS
10
5.3621370866141733
20
-5.1757766929133853
11
5.3764791732283461
21
-5.190118779527559
0
LINE
8
BLACK
6
CONTINUOUS
10
5.3764791732283461
20
-5.190118779527559
11
5.3824117322834644
21
-5.1876614566929131
0
LINE
8
BLACK
6
CONTINUOUS
10
5.3824117322834644
20
-5.1876614566929131
11
5.3888458661417324
21
-5.1863816141732286
0
LINE
8
BLACK
6
CONTINUOUS
10
5.3888458661417324
20
-5.1863816141732286
11
5.3954061023622044
21
-5.1863816141732286
0
LINE
8
BLACK
6
CONTINUOUS
10
5.3954061023622044
20
-5.1863816141732286
11
5.4018402362204725
21
-5.1876614566929131
0
LINE
8
BLACK
6
CONTINUOUS
10
5.4018402362204725
20
-5.1876614566929131
11
5.407772755905512
21
-5.190118779527559
0
LINE
8
BLACK
6
CONTINUOUS
10
5.407772755905512
20
-5.190118779527559
11
5.422114803149606
21
-5.1757766929133853
0
LINE
8
BLACK
6
CONTINUOUS
10
5.422114803149606
20
-5.1757766929133853
11
5.4199821653543303
21
-5.1742272834645666
0
LINE
8
BLACK
6
CONTINUOUS
10
5.4199821653543303
20
-5.1742272834645666
11
5.4199821653543303
21
-5.1742272440944879
0
LINE
8
BLACK
6
CONTINUOUS
10
5.4199821653543303
20
-5.1742272440944879
11
5.4196259842519687
21
-5.1740457874015746
0
LINE
8
BLACK
6
CONTINUOUS
10
5.4196259842519687
20
-5.1740457874015746
11
5.4176262204724406
21
-5.1721570078740156
0
LINE
8
BLACK
6
CONTINUOUS
10
5.4176262204724406
20
-5.1721570078740156
11
5.416965039370079
21
-5.1694868503937004
0
LINE
8
BLACK
6
CONTINUOUS
10
5.416965039370079
20
-5.1694868503937004
11
5.4178524015748026
21
-5.1668831496062992
0
LINE
8
BLACK
6
CONTINUOUS
10
5.4178524015748026
20
-5.1668831496062992
11
5.4196262992125979
21
-5.165346181102362
0
LINE
8
BLACK
6
CONTINUOUS
10
5.4196262992125979
20
-5.165346181102362
11
5.4199927559055121
21
-5.1651594881889764
0
LINE
8
BLACK
6
CONTINUOUS
10
5.4199927559055121
20
-5.1651594881889764
11
5.4231105118110232
21
-5.1628942913385822
0
LINE
8
BLACK
6
CONTINUOUS
10
5.4231105118110232
20
-5.1628942913385822
11
5.4267632283464566
21
-5.1602405118110237
0
LINE
8
BLACK
6
CONTINUOUS
10
5.4267632283464566
20
-5.1602405118110237
11
5.4267633070866141
21
-5.1602403937007875
0
LINE
8
BLACK
6
CONTINUOUS
10
5.4267633070866141
20
-5.1602403937007875
11
5.4267634645669292
21
-5.16024031496063
0
LINE
8
BLACK
6
CONTINUOUS
10
5.4267634645669292
20
-5.16024031496063
11
5.4326812598425196
21
-5.1543225196850395
0
LINE
8
BLACK
6
CONTINUOUS
10
5.4326812598425196
20
-5.1543225196850395
11
5.4326813385826771
21
-5.1543223622047245
0
LINE
8
BLACK
6
CONTINUOUS
10
5.4326813385826771
20
-5.1543223622047245
11
5.4326814566929134
21
-5.154322283464567
0
LINE
8
BLACK
6
CONTINUOUS
10
5.4326814566929134
20
-5.154322283464567
11
5.4376003149606298
21
-5.1475519685039366
0
LINE
8
BLACK
6
CONTINUOUS
10
5.4376003149606298
20
-5.1475519685039366
11
5.437600275590551
21
-5.1475519685039366
0
LINE
8
BLACK
6
CONTINUOUS
10
5.437600275590551
20
-5.1475519685039366
11
5.437600433070866
21
-5.1475518110236216
0
LINE
8
BLACK
6
CONTINUOUS
10
5.437600433070866
20
-5.1475518110236216
11
5.4377761417322832
21
-5.147206850393701
0
LINE
8
BLACK
6
CONTINUOUS
10
5.4377761417322832
20
-5.147206850393701
11
5.4396648818897635
21
-5.1452070472440941
0
LINE
8
BLACK
6
CONTINUOUS
10
5.4396648818897635
20
-5.1452070472440941
11
5.4423349606299212
21
-5.144545787401575
0
LINE
8
BLACK
6
CONTINUOUS
10
5.4423349606299212
20
-5.144545787401575
11
5.4449387401574798
21
-5.1454330314960632
0
LINE
8
BLACK
6
CONTINUOUS
10
5.4449387401574798
20
-5.1454330314960632
11
5.4464758267716533
21
-5.1472069291338585
0
LINE
8
BLACK
6
CONTINUOUS
10
5.4464758267716533
20
-5.1472069291338585
11
5.446651614173228
21
-5.1475519685039366
0
LINE
8
BLACK
6
CONTINUOUS
10
5.446651614173228
20
-5.1475519685039366
11
5.4515704724409444
21
-5.154322283464567
0
LINE
8
BLACK
6
CONTINUOUS
10
5.4515704724409444
20
-5.154322283464567
11
5.4574887007874011
21
-5.1602405118110237
0
LINE
8
BLACK
6
CONTINUOUS
10
5.4574887007874011
20
-5.1602405118110237
11
5.4642590157480315
21
-5.1651593700787402
0
LINE
8
BLACK
6
CONTINUOUS
10
5.4642590157480315
20
-5.1651593700787402
11
5.464259094488189
21
-5.1651594094488189
0
LINE
8
BLACK
6
CONTINUOUS
10
5.464259094488189
20
-5.1651594094488189
11
5.4642592125984253
21
-5.1651594881889764
0
LINE
8
BLACK
6
CONTINUOUS
10
5.4642592125984253
20
-5.1651594881889764
11
5.4646257086614174
21
-5.1653462204724407
0
LINE
8
BLACK
6
CONTINUOUS
10
5.4646257086614174
20
-5.1653462204724407
11
5.4666255905511809
21
-5.1672348818897635
0
LINE
8
BLACK
6
CONTINUOUS
10
5.4666255905511809
20
-5.1672348818897635
11
5.4672868897637796
21
-5.169905
0
LINE
8
BLACK
6
CONTINUOUS
10
5.4672868897637796
20
-5.169905
11
5.4663996850393701
21
-5.1725087401574799
0
LINE
8
BLACK
6
CONTINUOUS
10
5.4663996850393701
20
-5.1725087401574799
11
5.4646261811023624
21
-5.1740456692913384
0
LINE
8
BLACK
6
CONTINUOUS
10
5.4646261811023624
20
-5.1740456692913384
11
5.4642695275590549
21
-5.1742274015748029
0
LINE
8
BLACK
6
CONTINUOUS
10
5.4642695275590549
20
-5.1742274015748029
11
5.4642692913385824
21
-5.1742275590551179
0
LINE
8
BLACK
6
CONTINUOUS
10
5.4642692913385824
20
-5.1742275590551179
11
5.462137086614173
21
-5.1757766535433074
0
LINE
8
BLACK
6
CONTINUOUS
10
5.462137086614173
20
-5.1757766535433074
11
5.462137086614173
21
-5.1757766929133853
0
LINE
8
BLACK
6
CONTINUOUS
10
5.462137086614173
20
-5.1757766929133853
11
5.4764791732283467
21
-5.190118779527559
0
LINE
8
BLACK
6
CONTINUOUS
10
5.4764791732283467
20
-5.190118779527559
11
5.482411732283464
21
-5.1876614566929131
0
LINE
8
BLACK
6
CONTINUOUS
10
5.482411732283464
20
-5.1876614566929131
11
5.4888458661417321
21
-5.1863816141732286
0
LINE
8
BLACK
6
CONTINUOUS
10
5.4888458661417321
20
-5.1863816141732286
11
5.4954061023622049
21
-5.1863816141732286
0
LINE
8
BLACK
6
CONTINUOUS
10
5.4954061023622049
20
-5.1863816141732286
11
5.5018402362204721
21
-5.1876614566929131
0
LINE
8
BLACK
6
CONTINUOUS
10
5.5018402362204721
20
-5.1876614566929131
11
5.5077727559055116
21
-5.190118779527559
0
LINE
8
BLACK
6
CONTINUOUS
10
5.5077727559055116
20
-5.190118779527559
11
5.5221148031496066
21
-5.1757766929133853
0
LINE
8
BLACK
6
CONTINUOUS
10
5.5221148031496066
20
-5.1757766929133853
11
5.5199821653543308
21
-5.1742272834645666
0
LINE
8
BLACK
6
CONTINUOUS
10
5.5199821653543308
20
-5.1742272834645666
11
5.5199821653543308
21
-5.1742272440944879
0
LINE
8
BLACK
6
CONTINUOUS
10
5.5199821653543308
20
-5.1742272440944879
11
5.5196259842519684
21
-5.1740457874015746
0
LINE
8
BLACK
6
CONTINUOUS
10
5.5196259842519684
20
-5.1740457874015746
11
5.5176262204724411
21
-5.1721570078740156
0
LINE
8
BLACK
6
CONTINUOUS
10
5.5176262204724411
20
-5.1721570078740156
11
5.5169650393700786
21
-5.1694868503937004
0
LINE
8
BLACK
6
CONTINUOUS
10
5.5169650393700786
20
-5.1694868503937004
11
5.5178524015748032
21
-5.1668831496062992
0
LINE
8
BLACK
6
CONTINUOUS
10
5.5178524015748032
20
-5.1668831496062992
11
5.5196262992125984
21
-5.165346181102362
0
LINE
8
BLACK
6
CONTINUOUS
10
5.5196262992125984
20
-5.165346181102362
11
5.5199927559055117
21
-5.1651594881889764
0
LINE
8
BLACK
6
CONTINUOUS
10
5.5199927559055117
20
-5.1651594881889764
11
5.5231105118110237
21
-5.1628942913385822
0
LINE
8
BLACK
6
CONTINUOUS
10
5.5231105118110237
20
-5.1628942913385822
11
5.5267632283464563
21
-5.1602405118110237
0
LINE
8
BLACK
6
CONTINUOUS
10
5.5267632283464563
20
-5.1602405118110237
11
5.5267633070866138
21
-5.1602403937007875
0
LINE
8
BLACK
6
CONTINUOUS
10
5.5267633070866138
20
-5.1602403937007875
11
5.5267634645669288
21
-5.16024031496063
0
LINE
8
BLACK
6
CONTINUOUS
10
5.5267634645669288
20
-5.16024031496063
11
5.5326812598425192
21
-5.1543225196850395
0
LINE
8
BLACK
6
CONTINUOUS
10
5.5326812598425192
20
-5.1543225196850395
11
5.5326813385826767
21
-5.1543223622047245
0
LINE
8
BLACK
6
CONTINUOUS
10
5.5326813385826767
20
-5.1543223622047245
11
5.532681456692913
21
-5.154322283464567
0
LINE
8
BLACK
6
CONTINUOUS
10
5.532681456692913
20
-5.154322283464567
11
5.5376003149606294
21
-5.1475519685039366
0
LINE
8
BLACK
6
CONTINUOUS
10
5.5376003149606294
20
-5.1475519685039366
11
5.5376002755905507
21
-5.1475519685039366
0
LINE
8
BLACK
6
CONTINUOUS
10
5.5376002755905507
20
-5.1475519685039366
11
5.5376004330708657
21
-5.1475518110236216
0
LINE
8
BLACK
6
CONTINUOUS
10
5.5376004330708657
20
-5.1475518110236216
11
5.5413998818897641
21
-5.1400949606299209
0
LINE
8
BLACK
6
CONTINUOUS
10
5.5413998818897641
20
-5.1400949606299209
11
5.5439860629921256
21
-5.1321355511811024
0
LINE
8
BLACK
6
CONTINUOUS
10
5.5439860629921256
20
-5.1321355511811024
11
5.5452952755905507
21
-5.1238695669291339
0
LINE
8
BLACK
6
CONTINUOUS
10
5.5452952755905507
20
-5.1238695669291339
11
5.5452952755905507
21
-5.1155005118110237
0
LINE
8
BLACK
6
CONTINUOUS
10
5.5452952755905507
20
-5.1155005118110237
11
5.5439860629921256
21
-5.1072345275590552
0
LINE
8
BLACK
6
CONTINUOUS
10
5.5439860629921256
20
-5.1072345275590552
11
5.5413998818897641
21
-5.0992751181102358
0
LINE
8
BLACK
6
CONTINUOUS
10
5.5413998818897641
20
-5.0992751181102358
11
5.5376004330708657
21
-5.0918182677165351
0
LINE
8
BLACK
6
CONTINUOUS
10
5.5376004330708657
20
-5.0918182677165351
11
5.5376003543307082
21
-5.0918181496062989
0
LINE
8
BLACK
6
CONTINUOUS
10
5.5376003543307082
20
-5.0918181496062989
11
5.5376003149606294
21
-5.0918180708661414
0
LINE
8
BLACK
6
CONTINUOUS
10
5.5376003149606294
20
-5.0918180708661414
11
5.532681456692913
21
-5.0850477559055118
0
LINE
8
BLACK
6
CONTINUOUS
10
5.532681456692913
20
-5.0850477559055118
11
5.5267632283464563
21
-5.0791295275590551
0
LINE
8
BLACK
6
CONTINUOUS
10
5.5267632283464563
20
-5.0791295275590551
11
5.5199929133858268
21
-5.0742106692913387
0
LINE
8
BLACK
6
CONTINUOUS
10
5.5199929133858268
20
-5.0742106692913387
11
5.519965157480315
21
-5.0741964960629922
0
LINE
8
BLACK
6
CONTINUOUS
10
5.519965157480315
20
-5.0741964960629922
11
5.5196477952755902
21
-5.0740348425196853
0
LINE
8
BLACK
6
CONTINUOUS
10
5.5196477952755902
20
-5.0740348425196853
11
5.5176479921259842
21
-5.0721461417322837
0
LINE
8
BLACK
6
CONTINUOUS
10
5.5176479921259842
20
-5.0721461417322837
11
5.5169867322834643
21
-5.0694760629921261
0
LINE
8
BLACK
6
CONTINUOUS
10
5.5169867322834643
20
-5.0694760629921261
11
5.5178739763779525
21
-5.0668722834645665
0
LINE
8
BLACK
6
CONTINUOUS
10
5.5178739763779525
20
-5.0668722834645665
11
5.5196477952755902
21
-5.0653352362204727
0
LINE
8
BLACK
6
CONTINUOUS
10
5.5196477952755902
20
-5.0653352362204727
11
5.5199927559055117
21
-5.0651594881889759
0
LINE
8
BLACK
6
CONTINUOUS
10
5.5199927559055117
20
-5.0651594881889759
11
5.5208578346456694
21
-5.0645309448818896
0
LINE
8
BLACK
6
CONTINUOUS
10
5.5208578346456694
20
-5.0645309448818896
11
5.5267632283464563
21
-5.0602405118110232
0
LINE
8
BLACK
6
CONTINUOUS
10
5.5267632283464563
20
-5.0602405118110232
11
5.5267633070866138
21
-5.0602403937007869
0
LINE
8
BLACK
6
CONTINUOUS
10
5.5267633070866138
20
-5.0602403937007869
11
5.5267634645669288
21
-5.0602403149606294
0
LINE
8
BLACK
6
CONTINUOUS
10
5.5267634645669288
20
-5.0602403149606294
11
5.5326812598425192
21
-5.054322519685039
0
LINE
8
BLACK
6
CONTINUOUS
10
5.5326812598425192
20
-5.054322519685039
11
5.5326813385826767
21
-5.054322362204724
0
LINE
8
BLACK
6
CONTINUOUS
10
5.5326813385826767
20
-5.054322362204724
11
5.532681456692913
21
-5.0543222834645665
0
LINE
8
BLACK
6
CONTINUOUS
10
5.532681456692913
20
-5.0543222834645665
11
5.5376003149606294
21
-5.0475519685039369
0
LINE
8
BLACK
6
CONTINUOUS
10
5.5376003149606294
20
-5.0475519685039369
11
5.5376002755905507
21
-5.0475519685039369
0
LINE
8
BLACK
6
CONTINUOUS
10
5.5376002755905507
20
-5.0475519685039369
11
5.5376004330708657
21
-5.0475518110236219
0
LINE
8
BLACK
6
CONTINUOUS
10
5.5376004330708657
20
-5.0475518110236219
11
5.5413998818897641
21
-5.0400949606299212
0
LINE
8
BLACK
6
CONTINUOUS
10
5.5413998818897641
20
-5.0400949606299212
11
5.5439860629921256
21
-5.0321355511811019
0
LINE
8
BLACK
6
CONTINUOUS
10
5.5439860629921256
20
-5.0321355511811019
11
5.5452952755905507
21
-5.0238695669291333
0
LINE
8
BLACK
6
CONTINUOUS
10
5.5452952755905507
20
-5.0238695669291333
11
5.5452952755905507
21
-5.0155005118110232
0
LINE
8
BLACK
6
CONTINUOUS
10
5.5452952755905507
20
-5.0155005118110232
11
5.5439860629921256
21
-5.0072345275590546
0
LINE
8
BLACK
6
CONTINUOUS
10
5.5439860629921256
20
-5.0072345275590546
11
5.5413998818897641
21
-4.9992751181102362
0
LINE
8
BLACK
6
CONTINUOUS
10
5.5413998818897641
20
-4.9992751181102362
11
5.5376004330708657
21
-4.9918182677165355
0
LINE
8
BLACK
6
CONTINUOUS
10
5.5376004330708657
20
-4.9918182677165355
11
5.5376003543307082
21
-4.9918181496062992
0
LINE
8
BLACK
6
CONTINUOUS
10
5.5376003543307082
20
-4.9918181496062992
11
5.5376003149606294
21
-4.9918180708661417
0
LINE
8
BLACK
6
CONTINUOUS
10
5.5376003149606294
20
-4.9918180708661417
11
5.532681456692913
21
-4.9850477559055113
0
LINE
8
BLACK
6
CONTINUOUS
10
5.532681456692913
20
-4.9850477559055113
11
5.5267632283464563
21
-4.9791295275590546
0
LINE
8
BLACK
6
CONTINUOUS
10
5.5267632283464563
20
-4.9791295275590546
11
5.5199929133858268
21
-4.9742106692913381
0
LINE
8
BLACK
6
CONTINUOUS
10
5.5199929133858268
20
-4.9742106692913381
11
5.519965157480315
21
-4.9741964960629916
0
LINE
8
BLACK
6
CONTINUOUS
10
5.519965157480315
20
-4.9741964960629916
11
5.5196477952755902
21
-4.9740348425196848
0
LINE
8
BLACK
6
CONTINUOUS
10
5.5196477952755902
20
-4.9740348425196848
11
5.5176479921259842
21
-4.9721461417322832
0
LINE
8
BLACK
6
CONTINUOUS
10
5.5176479921259842
20
-4.9721461417322832
11
5.5169867322834643
21
-4.9694760629921255
0
LINE
8
BLACK
6
CONTINUOUS
10
5.5169867322834643
20
-4.9694760629921255
11
5.5178739763779525
21
-4.9668722834645669
0
LINE
8
BLACK
6
CONTINUOUS
10
5.5178739763779525
20
-4.9668722834645669
11
5.5196477952755902
21
-4.9653352362204721
0
LINE
8
BLACK
6
CONTINUOUS
10
5.5196477952755902
20
-4.9653352362204721
11
5.5199927559055117
21
-4.9651594881889762
0
LINE
8
BLACK
6
CONTINUOUS
10
5.5199927559055117
20
-4.9651594881889762
11
5.5208578346456694
21
-4.96453094488189
0
LINE
8
BLACK
6
CONTINUOUS
10
5.5208578346456694
20
-4.96453094488189
11
5.5267632283464563
21
-4.9602405118110235
0
LINE
8
BLACK
6
CONTINUOUS
10
5.5267632283464563
20
-4.9602405118110235
11
5.5267633070866138
21
-4.9602403937007873
0
LINE
8
BLACK
6
CONTINUOUS
10
5.5267633070866138
20
-4.9602403937007873
11
5.5267634645669288
21
-4.9602403149606298
0
LINE
8
BLACK
6
CONTINUOUS
10
5.5267634645669288
20
-4.9602403149606298
11
5.5326812598425192
21
-4.9543225196850393
0
LINE
8
BLACK
6
CONTINUOUS
10
5.5326812598425192
20
-4.9543225196850393
11
5.5326813385826767
21
-4.9543223622047243
0
LINE
8
BLACK
6
CONTINUOUS
10
5.5326813385826767
20
-4.9543223622047243
11
5.532681456692913
21
-4.9543222834645668
0
LINE
8
BLACK
6
CONTINUOUS
10
5.532681456692913
20
-4.9543222834645668
11
5.5376003149606294
21
-4.9475519685039373
0
LINE
8
BLACK
6
CONTINUOUS
10
5.5376003149606294
20
-4.9475519685039373
11
5.5376002755905507
21
-4.9475519685039373
0
LINE
8
BLACK
6
CONTINUOUS
10
5.5376002755905507
20
-4.9475519685039373
11
5.5376004330708657
21
-4.9475518110236223
0
LINE
8
BLACK
6
CONTINUOUS
10
5.5376004330708657
20
-4.9475518110236223
11
5.5413998818897641
21
-4.9400949606299207
0
LINE
8
BLACK
6
CONTINUOUS
10
5.5413998818897641
20
-4.9400949606299207
11
5.5439860629921256
21
-4.9321355511811023
0
LINE
8
BLACK
6
CONTINUOUS
10
5.5439860629921256
20
-4.9321355511811023
11
5.5452952755905507
21
-4.9238695669291337
0
LINE
8
BLACK
6
CONTINUOUS
10
5.5452952755905507
20
-4.9238695669291337
11
5.5452952755905507
21
-4.9155005118110235
0
LINE
8
BLACK
6
CONTINUOUS
10
5.5452952755905507
20
-4.9155005118110235
11
5.5439860629921256
21
-4.907234527559055
0
LINE
8
BLACK
6
CONTINUOUS
10
5.5439860629921256
20
-4.907234527559055
11
5.5413998818897641
21
-4.8992751181102365
0
LINE
8
BLACK
6
CONTINUOUS
10
5.5413998818897641
20
-4.8992751181102365
11
5.5376004330708657
21
-4.8918182677165349
0
LINE
8
BLACK
6
CONTINUOUS
10
5.5376004330708657
20
-4.8918182677165349
11
5.5376003543307082
21
-4.8918181496062987
0
LINE
8
BLACK
6
CONTINUOUS
10
5.5376003543307082
20
-4.8918181496062987
11
5.5376003149606294
21
-4.8918180708661412
0
LINE
8
BLACK
6
CONTINUOUS
10
5.5376003149606294
20
-4.8918180708661412
11
5.532681456692913
21
-4.8850477559055117
0
LINE
8
BLACK
6
CONTINUOUS
10
5.532681456692913
20
-4.8850477559055117
11
5.5281961023622044
21
-4.880562401574803
0
LINE
8
BLACK
6
CONTINUOUS
10
5.5281961023622044
20
-4.880562401574803
11
5.5268777952755901
21
-4.8781481102362205
0
LINE
8
BLACK
6
CONTINUOUS
10
5.5268777952755901
20
-4.8781481102362205
11
5.5270740157480311
21
-4.875404330708661
0
LINE
8
BLACK
6
CONTINUOUS
10
5.5270740157480311
20
-4.875404330708661
11
5.5287225196850391
21
-4.8732022440944878
0
LINE
8
BLACK
6
CONTINUOUS
10
5.5287225196850391
20
-4.8732022440944878
11
5.5299420866141729
21
-4.872536299212598
0
LINE
8
BLACK
6
CONTINUOUS
10
5.5299420866141729
20
-4.872536299212598
11
5.5351214960629918
21
-4.8706044881889765
0
LINE
8
BLACK
6
CONTINUOUS
10
5.5351214960629918
20
-4.8706044881889765
11
5.535121771653543
21
-4.8706043307086615
0
LINE
8
BLACK
6
CONTINUOUS
10
5.535121771653543
20
-4.8706043307086615
11
5.539653031496063
21
-4.8672122047244093
0
LINE
8
BLACK
6
CONTINUOUS
10
5.539653031496063
20
-4.8672122047244093
11
5.5396531496062993
21
-4.867212086614173
0
LINE
8
BLACK
6
CONTINUOUS
10
5.5396531496062993
20
-4.867212086614173
11
5.5430452755905515
21
-4.862680826771653
0
LINE
8
BLACK
6
CONTINUOUS
10
5.5430452755905515
20
-4.862680826771653
11
5.5430454330708656
21
-4.8626805511811027
0
LINE
8
BLACK
6
CONTINUOUS
10
5.5430454330708656
20
-4.8626805511811027
11
5.5450234645669294
21
-4.857377125984252
0
LINE
8
BLACK
6
CONTINUOUS
10
5.5450234645669294
20
-4.857377125984252
11
5.5450235433070869
21
-4.8573768503937007
0
LINE
8
BLACK
6
CONTINUOUS
10
5.5450235433070869
20
-4.8573768503937007
11
5.5452755511811018
21
-4.855033228346457
0
LINE
8
BLACK
6
CONTINUOUS
10
5.5452755511811018
20
-4.855033228346457
11
5.5452755905511806
21
-4.8550325590551182
0
LINE
8
BLACK
6
CONTINUOUS
10
5.5452755905511806
20
-4.8550325590551182
11
5.5452755905511806
21
-4.8295275590551183
0
LINE
8
BLACK
6
CONTINUOUS
10
5.5452755905511806
20
-4.8295275590551183
11
5.5255905511811019
21
-4.8295275590551183
0
LINE
8
BLACK
6
CONTINUOUS
10
5.5255905511811019
20
-4.8295275590551183
11
5.5255905511811019
21
-4.8531496062992128
0
LINE
8
BLACK
6
CONTINUOUS
10
5.5255905511811019
20
-4.8531496062992128
11
5.4586614173228343
21
-4.8531496062992128
0
LINE
8
BLACK
6
CONTINUOUS
10
5.4586614173228343
20
-4.8531496062992128
11
5.4586614173228343
21
-4.7862204724409452
0
LINE
8
BLACK
6
CONTINUOUS
10
5.4586614173228343
20
-4.7862204724409452
11
5.4822834645669287
21
-4.7862204724409452
0
LINE
8
BLACK
6
CONTINUOUS
10
5.4822834645669287
20
-4.7862204724409452
11
5.4822834645669287
21
-4.7665354330708665
0
LINE
8
BLACK
6
CONTINUOUS
10
5.4822834645669287
20
-4.7665354330708665
11
5.4567777559055113
21
-4.7665354330708665
0
LINE
8
BLACK
6
CONTINUOUS
10
5.4567777559055113
20
-4.7665354330708665
11
5.4544341338582676
21
-4.7667874409448814
0
LINE
8
BLACK
6
CONTINUOUS
10
5.4544341338582676
20
-4.7667874409448814
11
5.4544338582677163
21
-4.7667875196850389
0
LINE
8
BLACK
6
CONTINUOUS
10
5.4544338582677163
20
-4.7667875196850389
11
5.4491304330708656
21
-4.7687655511811027
0
LINE
8
BLACK
6
CONTINUOUS
10
5.4491304330708656
20
-4.7687655511811027
11
5.4491301574803153
21
-4.7687657086614168
0
LINE
8
BLACK
6
CONTINUOUS
10
5.4491301574803153
20
-4.7687657086614168
11
5.4445988976377953
21
-4.772157834645669
0
LINE
8
BLACK
6
CONTINUOUS
10
5.4445988976377953
20
-4.772157834645669
11
5.444598779527559
21
-4.7721579527559053
0
LINE
8
BLACK
6
CONTINUOUS
10
5.444598779527559
20
-4.7721579527559053
11
5.4412066535433068
21
-4.7766892125984253
0
LINE
8
BLACK
6
CONTINUOUS
10
5.4412066535433068
20
-4.7766892125984253
11
5.4412064960629918
21
-4.7766894881889765
0
LINE
8
BLACK
6
CONTINUOUS
10
5.4412064960629918
20
-4.7766894881889765
11
5.4392284645669289
21
-4.7819928740157476
0
LINE
8
BLACK
6
CONTINUOUS
10
5.4392284645669289
20
-4.7819928740157476
11
5.4392283858267714
21
-4.7819931496062988
0
LINE
8
BLACK
6
CONTINUOUS
10
5.4392283858267714
20
-4.7819931496062988
11
5.4388778346456688
21
-4.7852537007874014
0
LINE
8
BLACK
6
CONTINUOUS
10
5.4388778346456688
20
-4.7852537007874014
11
5.4387572440944885
21
-4.7852407086614175
0
LINE
8
BLACK
6
CONTINUOUS
10
5.4387572440944885
20
-4.7852407086614175
11
5.4387927559055118
21
-4.7859092125984253
0
LINE
8
BLACK
6
CONTINUOUS
10
5.4387927559055118
20
-4.7859092125984253
11
5.4374943307086614
21
-4.7882360236220469
0
LINE
8
BLACK
6
CONTINUOUS
10
5.4374943307086614
20
-4.7882360236220469
11
5.4216921653543304
21
-4.8040381496062992
0
LINE
8
BLACK
6
CONTINUOUS
10
5.4216921653543304
20
-4.8040381496062992
11
5.4241495669291337
21
-4.8099707874015749
0
LINE
8
BLACK
6
CONTINUOUS
10
5.4241495669291337
20
-4.8099707874015749
11
5.4254294094488191
21
-4.8164049212598421
0
LINE
8
BLACK
6
CONTINUOUS
10
5.4254294094488191
20
-4.8164049212598421
11
5.4254294094488191
21
-4.822965157480315
0
LINE
8
BLACK
6
CONTINUOUS
10
5.4254294094488191
20
-4.822965157480315
11
5.4241495669291337
21
-4.8293992913385821
0
LINE
8
BLACK
6
CONTINUOUS
10
5.4241495669291337
20
-4.8293992913385821
11
5.4216922047244092
21
-4.8353318110236216
0
LINE
8
BLACK
6
CONTINUOUS
10
5.4216922047244092
20
-4.8353318110236216
11
5.4374943307086614
21
-4.8511339763779526
0
LINE
8
BLACK
6
CONTINUOUS
10
5.4374943307086614
20
-4.8511339763779526
11
5.4388126377952757
21
-4.8535482677165351
0
LINE
8
BLACK
6
CONTINUOUS
10
5.4388126377952757
20
-4.8535482677165351
11
5.4387766141732286
21
-4.8541272047244091
0
LINE
8
BLACK
6
CONTINUOUS
10
5.4387766141732286
20
-4.8541272047244091
11
5.4388778346456688
21
-4.8541163385826769
0
LINE
8
BLACK
6
CONTINUOUS
10
5.4388778346456688
20
-4.8541163385826769
11
5.4392283858267714
21
-4.8573768897637795
0
LINE
8
BLACK
6
CONTINUOUS
10
5.4392283858267714
20
-4.8573768897637795
11
5.4392284645669289
21
-4.8573771653543307
0
LINE
8
BLACK
6
CONTINUOUS
10
5.4392284645669289
20
-4.8573771653543307
11
5.4412064960629918
21
-4.8626805511811027
0
LINE
8
BLACK
6
CONTINUOUS
10
5.4412064960629918
20
-4.8626805511811027
11
5.4412066535433068
21
-4.862680826771653
0
LINE
8
BLACK
6
CONTINUOUS
10
5.4412066535433068
20
-4.862680826771653
11
5.444598779527559
21
-4.867212086614173
0
LINE
8
BLACK
6
CONTINUOUS
10
5.444598779527559
20
-4.867212086614173
11
5.4445988976377953
21
-4.8672122047244093
0
LINE
8
BLACK
6
CONTINUOUS
10
5.4445988976377953
20
-4.8672122047244093
11
5.4491301574803153
21
-4.8706043307086615
0
LINE
8
BLACK
6
CONTINUOUS
10
5.4491301574803153
20
-4.8706043307086615
11
5.4491304330708656
21
-4.8706044881889765
0
LINE
8
BLACK
6
CONTINUOUS
10
5.4491304330708656
20
-4.8706044881889765
11
5.4543098425196845
21
-4.872536299212598
0
LINE
8
BLACK
6
CONTINUOUS
10
5.4543098425196845
20
-4.872536299212598
11
5.4565119685039365
21
-4.8741847637795273
0
LINE
8
BLACK
6
CONTINUOUS
10
5.4565119685039365
20
-4.8741847637795273
11
5.4574732677165354
21
-4.8767621259842517
0
LINE
8
BLACK
6
CONTINUOUS
10
5.4574732677165354
20
-4.8767621259842517
11
5.4568885433070866
21
-4.879450039370079
0
LINE
8
BLACK
6
CONTINUOUS
10
5.4568885433070866
20
-4.879450039370079
11
5.4560558661417318
21
-4.880562401574803
0
LINE
8
BLACK
6
CONTINUOUS
10
5.4560558661417318
20
-4.880562401574803
11
5.4515704330708656
21
-4.8850478346456692
0
LINE
8
BLACK
6
CONTINUOUS
10
5.4515704330708656
20
-4.8850478346456692
11
5.4466515354330705
21
-4.8918181889763774
0
LINE
8
BLACK
6
CONTINUOUS
10
5.4466515354330705
20
-4.8918181889763774
11
5.4464757480314958
21
-4.8921632283464564
0
LINE
8
BLACK
6
CONTINUOUS
10
5.4464757480314958
20
-4.8921632283464564
11
5.4445869685039368
21
-4.8941630708661412
0
LINE
8
BLACK
6
CONTINUOUS
10
5.4445869685039368
20
-4.8941630708661412
11
5.4419168503937003
21
-4.8948242519685037
0
LINE
8
BLACK
6
CONTINUOUS
10
5.4419168503937003
20
-4.8948242519685037
11
5.4393131102362204
21
-4.8939369291338579
0
LINE
8
BLACK
6
CONTINUOUS
10
5.4393131102362204
20
-4.8939369291338579
11
5.4377762204724407
21
-4.8921632283464564
0
LINE
8
BLACK
6
CONTINUOUS
10
5.4377762204724407
20
-4.8921632283464564
11
5.4376003937007873
21
-4.8918181889763774
0
LINE
8
BLACK
6
CONTINUOUS
10
5.4376003937007873
20
-4.8918181889763774
11
5.4326814566929134
21
-4.8850477559055117
0
LINE
8
BLACK
6
CONTINUOUS
10
5.4326814566929134
20
-4.8850477559055117
11
5.4267632283464566
21
-4.8791295275590549
0
LINE
8
BLACK
6
CONTINUOUS
10
5.4267632283464566
20
-4.8791295275590549
11
5.4199927952755909
21
-4.874210590551181
0
LINE
8
BLACK
6
CONTINUOUS
10
5.4199927952755909
20
-4.874210590551181
11
5.4196261417322837
21
-4.8740237795275592
0
LINE
8
BLACK
6
CONTINUOUS
10
5.4196261417322837
20
-4.8740237795275592
11
5.4176262598425193
21
-4.8721350393700789
0
LINE
8
BLACK
6
CONTINUOUS
10
5.4176262598425193
20
-4.8721350393700789
11
5.416965039370079
21
-4.8694649212598424
0
LINE
8
BLACK
6
CONTINUOUS
10
5.416965039370079
20
-4.8694649212598424
11
5.4178523228346451
21
-4.8668611811023617
0
LINE
8
BLACK
6
CONTINUOUS
10
5.4178523228346451
20
-4.8668611811023617
11
5.41962625984252
21
-4.865324094488189
0
LINE
8
BLACK
6
CONTINUOUS
10
5.41962625984252
20
-4.865324094488189
11
5.4199824803149603
21
-4.865142598425197
0
LINE
8
BLACK
6
CONTINUOUS
10
5.4199824803149603
20
-4.865142598425197
11
5.422114803149606
21
-4.8635933070866137
0
LINE
8
BLACK
6
CONTINUOUS
10
5.422114803149606
20
-4.8635933070866137
11
5.4221148425196848
21
-4.8635933070866137
0
LINE
8
BLACK
6
CONTINUOUS
10
5.4221148425196848
20
-4.8635933070866137
11
5.407772755905512
21
-4.8492512598425197
0
LINE
8
BLACK
6
CONTINUOUS
10
5.407772755905512
20
-4.8492512598425197
11
5.4018402362204725
21
-4.8517086220472443
0
LINE
8
BLACK
6
CONTINUOUS
10
5.4018402362204725
20
-4.8517086220472443
11
5.3954061023622044
21
-4.8529884645669288
0
LINE
8
BLACK
6
CONTINUOUS
10
5.3954061023622044
20
-4.8529884645669288
11
5.3888458661417324
21
-4.8529884645669288
0
LINE
8
BLACK
6
CONTINUOUS
10
5.3888458661417324
20
-4.8529884645669288
11
5.3824117322834644
21
-4.8517086220472443
0
LINE
8
BLACK
6
CONTINUOUS
10
5.3824117322834644
20
-4.8517086220472443
11
5.3764790944881886
21
-4.8492512204724409
0
LINE
8
BLACK
6
CONTINUOUS
10
5.3764790944881886
20
-4.8492512204724409
11
5.3621370866141733
21
-4.863593267716535
0
LINE
8
BLACK
6
CONTINUOUS
10
5.3621370866141733
20
-4.863593267716535
11
5.3621370866141733
21
-4.8635933070866137
0
LINE
8
BLACK
6
CONTINUOUS
10
5.3621370866141733
20
-4.8635933070866137
11
5.3642697637795278
21
-4.865142755905512
0
LINE
8
BLACK
6
CONTINUOUS
10
5.3642697637795278
20
-4.865142755905512
11
5.364269724409449
21
-4.865142755905512
0
LINE
8
BLACK
6
CONTINUOUS
10
5.364269724409449
20
-4.865142755905512
11
5.3646257874015744
21
-4.8653241732283465
0
LINE
8
BLACK
6
CONTINUOUS
10
5.3646257874015744
20
-4.8653241732283465
11
5.3666256692913388
21
-4.8672129133858268
0
LINE
8
BLACK
6
CONTINUOUS
10
5.3666256692913388
20
-4.8672129133858268
11
5.3672868897637791
21
-4.8698830314960633
0
LINE
8
BLACK
6
CONTINUOUS
10
5.3672868897637791
20
-4.8698830314960633
11
5.3663996062992121
21
-4.8724867716535432
0
LINE
8
BLACK
6
CONTINUOUS
10
5.3663996062992121
20
-4.8724867716535432
11
5.3646259448818894
21
-4.8740237007874017
0
LINE
8
BLACK
6
CONTINUOUS
10
5.3646259448818894
20
-4.8740237007874017
11
5.3642591338582672
21
-4.874210590551181
0
LINE
8
BLACK
6
CONTINUOUS
10
5.3642591338582672
20
-4.874210590551181
11
5.3574887007874015
21
-4.8791295275590549
0
LINE
8
BLACK
6
CONTINUOUS
10
5.3574887007874015
20
-4.8791295275590549
11
5.3515704724409447
21
-4.8850477559055117
0
LINE
8
BLACK
6
CONTINUOUS
10
5.3515704724409447
20
-4.8850477559055117
11
5.3466516141732283
21
-4.8918180708661412
0
LINE
8
BLACK
6
CONTINUOUS
10
5.3466516141732283
20
-4.8918180708661412
11
5.3428521259842521
21
-4.8992750000000003
0
LINE
8
BLACK
6
CONTINUOUS
10
5.3428521259842521
20
-4.8992750000000003
11
5.3402658661417322
21
-4.9072346456692912
0
LINE
8
BLACK
6
CONTINUOUS
10
5.3402658661417322
20
-4.9072346456692912
11
5.3389566929133858
21
-4.9155005118110235
0
LINE
8
BLACK
6
CONTINUOUS
10
5.3389566929133858
20
-4.9155005118110235
11
5.3389566929133858
21
-4.9238695275590549
0
LINE
8
BLACK
6
CONTINUOUS
10
5.3466685039370079
20
-4.7918283070866137
11
5.3428702362204721
21
-4.7992827559055113
0
LINE
8
BLACK
6
CONTINUOUS
10
5.3428702362204721
20
-4.7992827559055113
11
5.340285118110236
21
-4.8072389370078739
0
LINE
8
BLACK
6
CONTINUOUS
10
5.340285118110236
20
-4.8072389370078739
11
5.340285118110236
21
-4.8072390551181101
0
LINE
8
BLACK
6
CONTINUOUS
10
5.340285118110236
20
-4.8072390551181101
11
5.3389763779527559
21
-4.8155020866141731
0
LINE
8
BLACK
6
CONTINUOUS
10
5.3389763779527559
20
-4.8155020866141731
11
5.3389763779527559
21
-4.8238679527559052
0
LINE
8
BLACK
6
CONTINUOUS
10
5.3389763779527559
20
-4.8238679527559052
11
5.340285118110236
21
-4.8321309842519682
0
LINE
8
BLACK
6
CONTINUOUS
10
5.340285118110236
20
-4.8321309842519682
11
5.340285118110236
21
-4.8321311023622044
0
LINE
8
BLACK
6
CONTINUOUS
10
5.340285118110236
20
-4.8321311023622044
11
5.3428702362204721
21
-4.840087283464567
0
LINE
8
BLACK
6
CONTINUOUS
10
5.3428702362204721
20
-4.840087283464567
11
5.3466683070866141
21
-4.8475413385826771
0
LINE
8
BLACK
6
CONTINUOUS
10
5.3466683070866141
20
-4.8475413385826771
11
5.3482176377952753
21
-4.8496738582677166
0
LINE
8
BLACK
6
CONTINUOUS
10
5.3482176377952753
20
-4.8496738582677166
11
5.3625596850393702
21
-4.8353317716535429
0
LINE
8
BLACK
6
CONTINUOUS
10
5.3625596850393702
20
-4.8353317716535429
11
5.3601024015748031
21
-4.8293992913385821
0
LINE
8
BLACK
6
CONTINUOUS
10
5.3601024015748031
20
-4.8293992913385821
11
5.3588225590551177
21
-4.822965157480315
0
LINE
8
BLACK
6
CONTINUOUS
10
5.3588225590551177
20
-4.822965157480315
11
5.3588225590551177
21
-4.8164049212598421
0
LINE
8
BLACK
6
CONTINUOUS
10
5.3588225590551177
20
-4.8164049212598421
11
5.3601024015748031
21
-4.8099707874015749
0
LINE
8
BLACK
6
CONTINUOUS
10
5.3601024015748031
20
-4.8099707874015749
11
5.3625597244094489
21
-4.8040382283464567
0
LINE
8
BLACK
6
CONTINUOUS
10
5.3625597244094489
20
-4.8040382283464567
11
5.3482176377952753
21
-4.789696141732283
0
LINE
8
BLACK
6
CONTINUOUS
10
5.3482176377952753
20
-4.789696141732283
11
5.3482175984251965
21
-4.789696141732283
0
LINE
8
BLACK
6
CONTINUOUS
10
5.3482175984251965
20
-4.789696141732283
11
5.3466685039370079
21
-4.7918283070866137
0
LINE
8
BLACK
6
CONTINUOUS
10
5.5019685039370074
20
-4.7862204724409452
11
5.5255905511811019
21
-4.7862204724409452
0
LINE
8
BLACK
6
CONTINUOUS
10
5.5255905511811019
20
-4.7862204724409452
11
5.5255905511811019
21
-4.8098425196850396
0
LINE
8
BLACK
6
CONTINUOUS
10
5.5255905511811019
20
-4.8098425196850396
11
5.5452755905511806
21
-4.8098425196850396
0
LINE
8
BLACK
6
CONTINUOUS
10
5.5452755905511806
20
-4.8098425196850396
11
5.5452755905511806
21
-4.7843374803149601
0
LINE
8
BLACK
6
CONTINUOUS
10
5.5452755905511806
20
-4.7843374803149601
11
5.5452755511811018
21
-4.7843368110236222
0
LINE
8
BLACK
6
CONTINUOUS
10
5.5452755511811018
20
-4.7843368110236222
11
5.5450235433070869
21
-4.7819931889763776
0
LINE
8
BLACK
6
CONTINUOUS
10
5.5450235433070869
20
-4.7819931889763776
11
5.5450234645669294
21
-4.7819929133858263
0
LINE
8
BLACK
6
CONTINUOUS
10
5.5450234645669294
20
-4.7819929133858263
11
5.5430454330708656
21
-4.7766894881889765
0
LINE
8
BLACK
6
CONTINUOUS
10
5.5430454330708656
20
-4.7766894881889765
11
5.5430452755905515
21
-4.7766892125984253
0
LINE
8
BLACK
6
CONTINUOUS
10
5.5430452755905515
20
-4.7766892125984253
11
5.5396531496062993
21
-4.7721579527559053
0
LINE
8
BLACK
6
CONTINUOUS
10
5.5396531496062993
20
-4.7721579527559053
11
5.539653031496063
21
-4.772157834645669
0
LINE
8
BLACK
6
CONTINUOUS
10
5.539653031496063
20
-4.772157834645669
11
5.535121771653543
21
-4.7687657086614168
0
LINE
8
BLACK
6
CONTINUOUS
10
5.535121771653543
20
-4.7687657086614168
11
5.5351214960629918
21
-4.7687655511811027
0
LINE
8
BLACK
6
CONTINUOUS
10
5.5351214960629918
20
-4.7687655511811027
11
5.529818070866142
21
-4.7667875196850389
0
LINE
8
BLACK
6
CONTINUOUS
10
5.529818070866142
20
-4.7667875196850389
11
5.5298177952755907
21
-4.7667874409448814
0
LINE
8
BLACK
6
CONTINUOUS
10
5.5298177952755907
20
-4.7667874409448814
11
5.5274741732283461
21
-4.7665354330708665
0
LINE
8
BLACK
6
CONTINUOUS
10
5.5274741732283461
20
-4.7665354330708665
11
5.5019685039370074
21
-4.7665354330708665
0
LINE
8
BLACK
6
CONTINUOUS
10
5.5019685039370074
20
-4.7665354330708665
11
5.5019685039370074
21
-4.7862204724409452
0
LINE
8
BLACK
6
CONTINUOUS
10
5.3796799999999996
20
-4.7678441732283465
11
5.3796798818897633
21
-4.7678441732283465
0
LINE
8
BLACK
6
CONTINUOUS
10
5.3796798818897633
20
-4.7678441732283465
11
5.3717237007874017
21
-4.7704292913385826
0
LINE
8
BLACK
6
CONTINUOUS
10
5.3717237007874017
20
-4.7704292913385826
11
5.364269251968504
21
-4.7742275590551184
0
LINE
8
BLACK
6
CONTINUOUS
10
5.364269251968504
20
-4.7742275590551184
11
5.3621370866141733
21
-4.775776653543307
0
LINE
8
BLACK
6
CONTINUOUS
10
5.3621370866141733
20
-4.775776653543307
11
5.3621370866141733
21
-4.7757766929133858
0
LINE
8
BLACK
6
CONTINUOUS
10
5.3621370866141733
20
-4.7757766929133858
11
5.3764791732283461
21
-4.7901187795275586
0
LINE
8
BLACK
6
CONTINUOUS
10
5.3764791732283461
20
-4.7901187795275586
11
5.3824117322834644
21
-4.7876614566929137
0
LINE
8
BLACK
6
CONTINUOUS
10
5.3824117322834644
20
-4.7876614566929137
11
5.3888458661417324
21
-4.7863816141732283
0
LINE
8
BLACK
6
CONTINUOUS
10
5.3888458661417324
20
-4.7863816141732283
11
5.3954061023622044
21
-4.7863816141732283
0
LINE
8
BLACK
6
CONTINUOUS
10
5.3954061023622044
20
-4.7863816141732283
11
5.4018402362204725
21
-4.7876614566929137
0
LINE
8
BLACK
6
CONTINUOUS
10
5.4018402362204725
20
-4.7876614566929137
11
5.407772755905512
21
-4.7901187795275586
0
LINE
8
BLACK
6
CONTINUOUS
10
5.407772755905512
20
-4.7901187795275586
11
5.422114803149606
21
-4.7757766929133858
0
LINE
8
BLACK
6
CONTINUOUS
10
5.422114803149606
20
-4.7757766929133858
11
5.4199822834645666
21
-4.7742273622047247
0
LINE
8
BLACK
6
CONTINUOUS
10
5.4199822834645666
20
-4.7742273622047247
11
5.4125282283464564
21
-4.7704292913385826
0
LINE
8
BLACK
6
CONTINUOUS
10
5.4125282283464564
20
-4.7704292913385826
11
5.404572007874016
21
-4.7678441732283465
0
LINE
8
BLACK
6
CONTINUOUS
10
5.404572007874016
20
-4.7678441732283465
11
5.3963088976377955
21
-4.7665354330708665
0
LINE
8
BLACK
6
CONTINUOUS
10
5.3963088976377955
20
-4.7665354330708665
11
5.3879430708661413
21
-4.7665354330708665
0
LINE
8
BLACK
6
CONTINUOUS
10
5.3879430708661413
20
-4.7665354330708665
11
5.3796799999999996
21
-4.7678441732283465
0
LINE
8
BLACK
6
CONTINUOUS
10
4.9537959842519683
20
-2.4096189763779527
11
4.9537961023622046
21
-2.4096193700787403
0
LINE
8
BLACK
6
CONTINUOUS
10
4.9537961023622046
20
-2.4096193700787403
11
4.9558748818897636
21
-2.4146380708661415
0
LINE
8
BLACK
6
CONTINUOUS
10
4.9558748818897636
20
-2.4146380708661415
11
4.9588931889763774
21
-2.41915531496063
0
LINE
8
BLACK
6
CONTINUOUS
10
4.9588931889763774
20
-2.41915531496063
11
4.9588932283464562
21
-2.4191553543307087
0
LINE
8
BLACK
6
CONTINUOUS
10
4.9588932283464562
20
-2.4191553543307087
11
5.0867687795275591
21
-2.5470308267716533
0
LINE
8
BLACK
6
CONTINUOUS
10
5.0867687795275591
20
-2.5470308267716533
11
5.0878270472440947
21
-2.5486146456692911
0
LINE
8
BLACK
6
CONTINUOUS
10
5.0878270472440947
20
-2.5486146456692911
11
5.0901811811023618
21
-2.5542981102362203
0
LINE
8
BLACK
6
CONTINUOUS
10
5.0901811811023618
20
-2.5542981102362203
11
5.0901814566929131
21
-2.5542986220472441
0
LINE
8
BLACK
6
CONTINUOUS
10
5.0901814566929131
20
-2.5542986220472441
11
5.0936303149606301
21
-2.5594601574803151
0
LINE
8
BLACK
6
CONTINUOUS
10
5.0936303149606301
20
-2.5594601574803151
11
5.0936304330708664
21
-2.5594603149606296
0
LINE
8
BLACK
6
CONTINUOUS
10
5.0936304330708664
20
-2.5594603149606296
11
5.0980199606299212
21
-2.563849842519685
0
LINE
8
BLACK
6
CONTINUOUS
10
5.0980199606299212
20
-2.563849842519685
11
5.0980201181102363
21
-2.5638499606299212
0
LINE
8
BLACK
6
CONTINUOUS
10
5.0980201181102363
20
-2.5638499606299212
11
5.1031816535433068
21
-2.5672988188976378
0
LINE
8
BLACK
6
CONTINUOUS
10
5.1031816535433068
20
-2.5672988188976378
11
5.1031821653543306
21
-2.567299094488189
0
LINE
8
BLACK
6
CONTINUOUS
10
5.1031821653543306
20
-2.567299094488189
11
5.1089172440944877
21
-2.5696746062992126
0
LINE
8
BLACK
6
CONTINUOUS
10
5.1089172440944877
20
-2.5696746062992126
11
5.1089174409448814
21
-2.5696746850393701
0
LINE
8
BLACK
6
CONTINUOUS
10
5.1089174409448814
20
-2.5696746850393701
11
5.1150060236220467
21
-2.5708857874015747
0
LINE
8
BLACK
6
CONTINUOUS
10
5.1150060236220467
20
-2.5708857874015747
11
5.115006141732283
21
-2.5708858267716534
0
LINE
8
BLACK
6
CONTINUOUS
10
5.115006141732283
20
-2.5708858267716534
11
5.1150062204724405
21
-2.5708858267716534
0
LINE
8
BLACK
6
CONTINUOUS
10
5.1150062204724405
20
-2.5708858267716534
11
5.1212143307086615
21
-2.5708858267716534
0
LINE
8
BLACK
6
CONTINUOUS
10
5.1212143307086615
20
-2.5708858267716534
11
5.1212143700787403
21
-2.5708857874015747
0
LINE
8
BLACK
6
CONTINUOUS
10
5.1212143700787403
20
-2.5708857874015747
11
5.127303031496063
21
-2.5696746850393701
0
LINE
8
BLACK
6
CONTINUOUS
10
5.127303031496063
20
-2.5696746850393701
11
5.1330385433070864
21
-2.5672989763779528
0
LINE
8
BLACK
6
CONTINUOUS
10
5.1330385433070864
20
-2.5672989763779528
11
5.1382003543307082
21
-2.5638499606299212
0
LINE
8
BLACK
6
CONTINUOUS
10
5.1382003543307082
20
-2.5638499606299212
11
5.1425901181102365
21
-2.5594601968503938
0
LINE
8
BLACK
6
CONTINUOUS
10
5.1425901181102365
20
-2.5594601968503938
11
5.1460391338582676
21
-2.5542983858267716
0
LINE
8
BLACK
6
CONTINUOUS
10
5.1460391338582676
20
-2.5542983858267716
11
5.148414842519685
21
-2.5485628740157478
0
LINE
8
BLACK
6
CONTINUOUS
10
5.148414842519685
20
-2.5485628740157478
11
5.1496259842519683
21
-2.5424740944881887
0
LINE
8
BLACK
6
CONTINUOUS
10
5.1496259842519683
20
-2.5424740944881887
11
5.1496259842519683
21
-2.5363976377952757
0
LINE
8
BLACK
6
CONTINUOUS
10
5.1496259842519683
20
-2.5363976377952757
11
5.1504009842519682
21
-2.5337583070866141
0
LINE
8
BLACK
6
CONTINUOUS
10
5.1504009842519682
20
-2.5337583070866141
11
5.1524798818897635
21
-2.5319569291338584
0
LINE
8
BLACK
6
CONTINUOUS
10
5.1524798818897635
20
-2.5319569291338584
11
5.1545078740157475
21
-2.531515748031496
0
LINE
8
BLACK
6
CONTINUOUS
10
5.1545078740157475
20
-2.531515748031496
11
5.1605843700787402
21
-2.531515748031496
0
LINE
8
BLACK
6
CONTINUOUS
10
5.1605843700787402
20
-2.531515748031496
11
5.1612033070866143
21
-2.5313925984251968
0
LINE
8
BLACK
6
CONTINUOUS
10
5.1612033070866143
20
-2.5313925984251968
11
5.163437362204724
21
-2.5309482283464568
0
LINE
8
BLACK
6
CONTINUOUS
10
5.163437362204724
20
-2.5309482283464568
11
5.1661771259842517
21
-2.5311933858267714
0
LINE
8
BLACK
6
CONTINUOUS
10
5.1661771259842517
20
-2.5311933858267714
11
5.1683494881889764
21
-2.5328808661417321
0
LINE
8
BLACK
6
CONTINUOUS
10
5.1683494881889764
20
-2.5328808661417321
11
5.1692646456692914
21
-2.5354749212598424
0
LINE
8
BLACK
6
CONTINUOUS
10
5.1692646456692914
20
-2.5354749212598424
11
5.1692716535433068
21
-2.5357362992125982
0
LINE
8
BLACK
6
CONTINUOUS
10
5.1692716535433068
20
-2.5357362992125982
11
5.1692716535433068
21
-4.4854726771653546
0
LINE
8
BLACK
6
CONTINUOUS
10
5.1692716535433068
20
-4.4854726771653546
11
5.1692716535433068
21
-4.490905275590551
0
LINE
8
BLACK
6
CONTINUOUS
10
5.1692716535433068
20
-4.490905275590551
11
5.1692716535433068
21
-4.4909053543307085
0
LINE
8
BLACK
6
CONTINUOUS
10
5.1692716535433068
20
-4.4909053543307085
11
5.169271614173228
21
-4.4909053543307085
0
LINE
8
BLACK
6
CONTINUOUS
10
5.169271614173228
20
-4.4909053543307085
11
5.170331417322835
21
-4.4962331496062991
0
LINE
8
BLACK
6
CONTINUOUS
10
5.170331417322835
20
-4.4962331496062991
11
5.1703315354330703
21
-4.4962335433070866
0
LINE
8
BLACK
6
CONTINUOUS
10
5.1703315354330703
20
-4.4962335433070866
11
5.1724103149606302
21
-4.5012522440944878
0
LINE
8
BLACK
6
CONTINUOUS
10
5.1724103149606302
20
-4.5012522440944878
11
5.1754286220472441
21
-4.5057694881889763
0
LINE
8
BLACK
6
CONTINUOUS
10
5.1754286220472441
20
-4.5057694881889763
11
5.1754286614173228
21
-4.505769527559055
0
LINE
8
BLACK
6
CONTINUOUS
10
5.1754286614173228
20
-4.505769527559055
11
5.2150858661417319
21
-4.5454266929133853
0
LINE
8
BLACK
6
CONTINUOUS
10
5.2150858661417319
20
-4.5454266929133853
11
5.2164041732283462
21
-4.5478409842519687
0
LINE
8
BLACK
6
CONTINUOUS
10
5.2164041732283462
20
-4.5478409842519687
11
5.2165157480314956
21
-4.5488786220472441
0
LINE
8
BLACK
6
CONTINUOUS
10
5.2165157480314956
20
-4.5488786220472441
11
5.2165157480314956
21
-4.5507034645669293
0
LINE
8
BLACK
6
CONTINUOUS
10
5.2165157480314956
20
-4.5507034645669293
11
5.2165157874015744
21
-4.5507037795275593
0
LINE
8
BLACK
6
CONTINUOUS
10
5.2165157874015744
20
-4.5507037795275593
11
5.2167680314960627
21
-4.5530505118110236
0
LINE
8
BLACK
6
CONTINUOUS
10
5.2167680314960627
20
-4.5530505118110236
11
5.2187481102362208
21
-4.5583593700787404
0
LINE
8
BLACK
6
CONTINUOUS
10
5.2187481102362208
20
-4.5583593700787404
11
5.2187482677165349
21
-4.5583596456692916
0
LINE
8
BLACK
6
CONTINUOUS
10
5.2187482677165349
20
-4.5583596456692916
11
5.2221437795275589
21
-4.5628954330708664
0
LINE
8
BLACK
6
CONTINUOUS
10
5.2221437795275589
20
-4.5628954330708664
11
5.2221438976377952
21
-4.5628955511811027
0
LINE
8
BLACK
6
CONTINUOUS
10
5.2221438976377952
20
-4.5628955511811027
11
5.22667968503937
21
-4.5662910629921258
0
LINE
8
BLACK
6
CONTINUOUS
10
5.22667968503937
20
-4.5662910629921258
11
5.2266799606299212
21
-4.5662912204724408
0
LINE
8
BLACK
6
CONTINUOUS
10
5.2266799606299212
20
-4.5662912204724408
11
5.2319888582677168
21
-4.568271299212598
0
LINE
8
BLACK
6
CONTINUOUS
10
5.2319888582677168
20
-4.568271299212598
11
5.231988818897638
21
-4.568271299212598
0
LINE
8
BLACK
6
CONTINUOUS
10
5.231988818897638
20
-4.568271299212598
11
5.2322615748031494
21
-4.5683005905511811
0
LINE
8
BLACK
6
CONTINUOUS
10
5.2322615748031494
20
-4.5683005905511811
11
5.2343357086614173
21
-4.5685236220472438
0
LINE
8
BLACK
6
CONTINUOUS
10
5.2343357086614173
20
-4.5685236220472438
11
5.356215433070866
21
-4.5685235826771651
0
LINE
8
BLACK
6
CONTINUOUS
10
5.356215433070866
20
-4.5685235826771651
11
5.3585623228346453
21
-4.568271299212598
0
LINE
8
BLACK
6
CONTINUOUS
10
5.3585623228346453
20
-4.568271299212598
11
5.3638712992125983
21
-4.5662911811023621
0
LINE
8
BLACK
6
CONTINUOUS
10
5.3638712992125983
20
-4.5662911811023621
11
5.3684073228346456
21
-4.5628955118110239
0
LINE
8
BLACK
6
CONTINUOUS
10
5.3684073228346456
20
-4.5628955118110239
11
5.3718029921259838
21
-4.5583594881889766
0
LINE
8
BLACK
6
CONTINUOUS
10
5.3718029921259838
20
-4.5583594881889766
11
5.3737831102362206
21
-4.5530505118110236
0
LINE
8
BLACK
6
CONTINUOUS
10
5.3737831102362206
20
-4.5530505118110236
11
5.3740354330708664
21
-4.5507036614173231
0
LINE
8
BLACK
6
CONTINUOUS
10
5.3740354330708664
20
-4.5507036614173231
11
5.3740353937007876
21
-4.5075640944881892
0
LINE
8
BLACK
6
CONTINUOUS
10
5.3740353937007876
20
-4.5075640944881892
11
5.3737831102362206
21
-4.505217204724409
0
LINE
8
BLACK
6
CONTINUOUS
10
5.3737831102362206
20
-4.505217204724409
11
5.3718029921259838
21
-4.4999082283464569
0
LINE
8
BLACK
6
CONTINUOUS
10
5.3718029921259838
20
-4.4999082283464569
11
5.371802952755905
21
-4.4999081889763781
0
LINE
8
BLACK
6
CONTINUOUS
10
5.371802952755905
20
-4.4999081889763781
11
5.3718028740157475
21
-4.4999080314960631
0
LINE
8
BLACK
6
CONTINUOUS
10
5.3718028740157475
20
-4.4999080314960631
11
5.3684073622047244
21
-4.4953722440944883
0
LINE
8
BLACK
6
CONTINUOUS
10
5.3684073622047244
20
-4.4953722440944883
11
5.3684072440944881
21
-4.4953721259842521
0
LINE
8
BLACK
6
CONTINUOUS
10
5.3684072440944881
20
-4.4953721259842521
11
5.3638714566929133
21
-4.491976614173228
0
LINE
8
BLACK
6
CONTINUOUS
10
5.3638714566929133
20
-4.491976614173228
11
5.3638711811023621
21
-4.491976456692913
0
LINE
8
BLACK
6
CONTINUOUS
10
5.3638711811023621
20
-4.491976456692913
11
5.3585622834645665
21
-4.4899963779527559
0
LINE
8
BLACK
6
CONTINUOUS
10
5.3585622834645665
20
-4.4899963779527559
11
5.3585623228346453
21
-4.4899963779527559
0
LINE
8
BLACK
6
CONTINUOUS
10
5.3585623228346453
20
-4.4899963779527559
11
5.3562158661417323
21
-4.4897441338582675
0
LINE
8
BLACK
6
CONTINUOUS
10
5.3562158661417323
20
-4.4897441338582675
11
5.3562157874015748
21
-4.4897440944881888
0
LINE
8
BLACK
6
CONTINUOUS
10
5.3562157874015748
20
-4.4897440944881888
11
5.3562154724409448
21
-4.4897440944881888
0
LINE
8
BLACK
6
CONTINUOUS
10
5.3562154724409448
20
-4.4897440944881888
11
5.3562151574803147
21
-4.4897440944881888
0
LINE
8
BLACK
6
CONTINUOUS
10
5.3562151574803147
20
-4.4897440944881888
11
5.2394298818897633
21
-4.4897440944881888
0
LINE
8
BLACK
6
CONTINUOUS
10
5.2394298818897633
20
-4.4897440944881888
11
5.2367905511811026
21
-4.4889690944881888
0
LINE
8
BLACK
6
CONTINUOUS
10
5.2367905511811026
20
-4.4889690944881888
11
5.2359778740157479
21
-4.488314212598425
0
LINE
8
BLACK
6
CONTINUOUS
10
5.2359778740157479
20
-4.488314212598425
11
5.2258590157480311
21
-4.4781953543307083
0
LINE
8
BLACK
6
CONTINUOUS
10
5.2258590157480311
20
-4.4781953543307083
11
5.2245407086614168
21
-4.4757810629921257
0
LINE
8
BLACK
6
CONTINUOUS
10
5.2245407086614168
20
-4.4757810629921257
11
5.2244291338582673
21
-4.4747433464566928
0
LINE
8
BLACK
6
CONTINUOUS
10
5.2244291338582673
20
-4.4747433464566928
11
5.2244291338582673
21
-4.3724829133858263
0
LINE
8
BLACK
6
CONTINUOUS
10
5.2244291338582673
20
-4.3724829133858263
11
5.2252041338582673
21
-4.3698435826771655
0
LINE
8
BLACK
6
CONTINUOUS
10
5.2252041338582673
20
-4.3698435826771655
11
5.2272830314960625
21
-4.368042204724409
0
LINE
8
BLACK
6
CONTINUOUS
10
5.2272830314960625
20
-4.368042204724409
11
5.2300057874015744
21
-4.3676507086614169
0
LINE
8
BLACK
6
CONTINUOUS
10
5.2300057874015744
20
-4.3676507086614169
11
5.2310170472440944
21
-4.3679088188976376
0
LINE
8
BLACK
6
CONTINUOUS
10
5.2310170472440944
20
-4.3679088188976376
11
5.2319888582677168
21
-4.3682712992125987
0
LINE
8
BLACK
6
CONTINUOUS
10
5.2319888582677168
20
-4.3682712992125987
11
5.231988818897638
21
-4.3682712992125987
0
LINE
8
BLACK
6
CONTINUOUS
10
5.231988818897638
20
-4.3682712992125987
11
5.2322615748031494
21
-4.3683005905511809
0
LINE
8
BLACK
6
CONTINUOUS
10
5.2322615748031494
20
-4.3683005905511809
11
5.2343357086614173
21
-4.3685236220472436
0
LINE
8
BLACK
6
CONTINUOUS
10
5.2343357086614173
20
-4.3685236220472436
11
5.356215433070866
21
-4.3685235826771649
0
LINE
8
BLACK
6
CONTINUOUS
10
5.356215433070866
20
-4.3685235826771649
11
5.3585623228346453
21
-4.3682712992125987
0
LINE
8
BLACK
6
CONTINUOUS
10
5.3585623228346453
20
-4.3682712992125987
11
5.3638712992125983
21
-4.3662911811023619
0
LINE
8
BLACK
6
CONTINUOUS
10
5.3638712992125983
20
-4.3662911811023619
11
5.3684073228346456
21
-4.3628955118110238
0
LINE
8
BLACK
6
CONTINUOUS
10
5.3684073228346456
20
-4.3628955118110238
11
5.3718029921259838
21
-4.3583594881889764
0
LINE
8
BLACK
6
CONTINUOUS
10
5.3718029921259838
20
-4.3583594881889764
11
5.3737831102362206
21
-4.3530505118110234
0
LINE
8
BLACK
6
CONTINUOUS
10
5.3737831102362206
20
-4.3530505118110234
11
5.3740354330708664
21
-4.3507036614173229
0
LINE
8
BLACK
6
CONTINUOUS
10
5.3740354330708664
20
-4.3507036614173229
11
5.3740353937007876
21
-4.307564094488189
0
LINE
8
BLACK
6
CONTINUOUS
10
5.3740353937007876
20
-4.307564094488189
11
5.3737831102362206
21
-4.3052172047244097
0
LINE
8
BLACK
6
CONTINUOUS
10
5.3737831102362206
20
-4.3052172047244097
11
5.3718029921259838
21
-4.2999082283464567
0
LINE
8
BLACK
6
CONTINUOUS
10
5.3718029921259838
20
-4.2999082283464567
11
5.3718029133858263
21
-4.2999081102362204
0
LINE
8
BLACK
6
CONTINUOUS
10
5.3718029133858263
20
-4.2999081102362204
11
5.3718028740157475
21
-4.2999080314960629
0
LINE
8
BLACK
6
CONTINUOUS
10
5.3718028740157475
20
-4.2999080314960629
11
5.3684073622047244
21
-4.2953722440944881
0
LINE
8
BLACK
6
CONTINUOUS
10
5.3684073622047244
20
-4.2953722440944881
11
5.3684072440944881
21
-4.2953721259842519
0
LINE
8
BLACK
6
CONTINUOUS
10
5.3684072440944881
20
-4.2953721259842519
11
5.3638714566929133
21
-4.2919766141732278
0
LINE
8
BLACK
6
CONTINUOUS
10
5.3638714566929133
20
-4.2919766141732278
11
5.3638711811023621
21
-4.2919764566929137
0
LINE
8
BLACK
6
CONTINUOUS
10
5.3638711811023621
20
-4.2919764566929137
11
5.3585622834645665
21
-4.2899963779527557
0
LINE
8
BLACK
6
CONTINUOUS
10
5.3585622834645665
20
-4.2899963779527557
11
5.3585623228346453
21
-4.2899963779527557
0
LINE
8
BLACK
6
CONTINUOUS
10
5.3585623228346453
20
-4.2899963779527557
11
5.3562158661417323
21
-4.2897441338582674
0
LINE
8
BLACK
6
CONTINUOUS
10
5.3562158661417323
20
-4.2897441338582674
11
5.3562157874015748
21
-4.2897440944881886
0
LINE
8
BLACK
6
CONTINUOUS
10
5.3562157874015748
20
-4.2897440944881886
11
5.3562154724409448
21
-4.2897440944881886
0
LINE
8
BLACK
6
CONTINUOUS
10
5.3562154724409448
20
-4.2897440944881886
11
5.3562151574803147
21
-4.2897440944881886
0
LINE
8
BLACK
6
CONTINUOUS
10
5.3562151574803147
20
-4.2897440944881886
11
5.2969101574803146
21
-4.2897440944881886
0
LINE
8
BLACK
6
CONTINUOUS
10
5.2969101574803146
20
-4.2897440944881886
11
5.2942708267716538
21
-4.2889690944881886
0
LINE
8
BLACK
6
CONTINUOUS
10
5.2942708267716538
20
-4.2889690944881886
11
5.2934581496062991
21
-4.2883142125984248
0
LINE
8
BLACK
6
CONTINUOUS
10
5.2934581496062991
20
-4.2883142125984248
11
5.2652290944881885
21
-4.2600851181102364
0
LINE
8
BLACK
6
CONTINUOUS
10
5.2652290944881885
20
-4.2600851181102364
11
5.2639107874015743
21
-4.2576708267716539
0
LINE
8
BLACK
6
CONTINUOUS
10
5.2639107874015743
20
-4.2576708267716539
11
5.2637992125984248
21
-4.25663311023622
0
LINE
8
BLACK
6
CONTINUOUS
10
5.2637992125984248
20
-4.25663311023622
11
5.2637992125984248
21
-4.2319101574803151
0
LINE
8
BLACK
6
CONTINUOUS
10
5.2637992125984248
20
-4.2319101574803151
11
5.2645742125984247
21
-4.2292708267716534
0
LINE
8
BLACK
6
CONTINUOUS
10
5.2645742125984247
20
-4.2292708267716534
11
5.26665311023622
21
-4.2274694488188977
0
LINE
8
BLACK
6
CONTINUOUS
10
5.26665311023622
20
-4.2274694488188977
11
5.2693758661417318
21
-4.2270779527559057
0
LINE
8
BLACK
6
CONTINUOUS
10
5.2693758661417318
20
-4.2270779527559057
11
5.2718780708661415
21
-4.2282206692913382
0
LINE
8
BLACK
6
CONTINUOUS
10
5.2718780708661415
20
-4.2282206692913382
11
5.2721331102362203
21
-4.2284581496062987
0
LINE
8
BLACK
6
CONTINUOUS
10
5.2721331102362203
20
-4.2284581496062987
11
5.3132238582677163
21
-4.2695488976377955
0
LINE
8
BLACK
6
CONTINUOUS
10
5.3132238582677163
20
-4.2695488976377955
11
5.3170652755905508
21
-4.27339031496063
0
LINE
8
BLACK
6
CONTINUOUS
10
5.3170652755905508
20
-4.27339031496063
11
5.3170653149606295
21
-4.2733903543307088
0
LINE
8
BLACK
6
CONTINUOUS
10
5.3170653149606295
20
-4.2733903543307088
11
5.3215819685039367
21
-4.2764083070866139
0
LINE
8
BLACK
6
CONTINUOUS
10
5.3215819685039367
20
-4.2764083070866139
11
5.3215821259842517
21
-4.2764083858267714
0
LINE
8
BLACK
6
CONTINUOUS
10
5.3215821259842517
20
-4.2764083858267714
11
5.321582244094488
21
-4.2764084645669289
0
LINE
8
BLACK
6
CONTINUOUS
10
5.321582244094488
20
-4.2764084645669289
11
5.3245222834645665
21
-4.2776262598425197
0
LINE
8
BLACK
6
CONTINUOUS
10
5.3245222834645665
20
-4.2776262598425197
11
5.3266012204724404
21
-4.2784874015748029
0
LINE
8
BLACK
6
CONTINUOUS
10
5.3266012204724404
20
-4.2784874015748029
11
5.3276610629921262
21
-4.278698188976378
0
LINE
8
BLACK
6
CONTINUOUS
10
5.3276610629921262
20
-4.278698188976378
11
5.3314814960629917
21
-4.2794581496062989
0
LINE
8
BLACK
6
CONTINUOUS
10
5.3314814960629917
20
-4.2794581496062989
11
5.3319293700787398
21
-4.2795472440944877
0
LINE
8
BLACK
6
CONTINUOUS
10
5.3319293700787398
20
-4.2795472440944877
11
5.3319294094488185
21
-4.2795472440944877
0
LINE
8
BLACK
6
CONTINUOUS
10
5.3319294094488185
20
-4.2795472440944877
11
5.5196252362204721
21
-4.2795472440944877
0
LINE
8
BLACK
6
CONTINUOUS
10
5.5196252362204721
20
-4.2795472440944877
11
5.5222645669291337
21
-4.2803222440944877
0
LINE
8
BLACK
6
CONTINUOUS
10
5.5222645669291337
20
-4.2803222440944877
11
5.5230772440944884
21
-4.2809771259842515
0
LINE
8
BLACK
6
CONTINUOUS
10
5.5230772440944884
20
-4.2809771259842515
11
5.5342707086614169
21
-4.2921705905511809
0
LINE
8
BLACK
6
CONTINUOUS
10
5.5342707086614169
20
-4.2921705905511809
11
5.5355890157480312
21
-4.2945848818897634
0
LINE
8
BLACK
6
CONTINUOUS
10
5.5355890157480312
20
-4.2945848818897634
11
5.5353927952755901
21
-4.2973286614173229
0
LINE
8
BLACK
6
CONTINUOUS
10
5.5353927952755901
20
-4.2973286614173229
11
5.5347269291338579
21
-4.2985481102362204
0
LINE
8
BLACK
6
CONTINUOUS
10
5.5347269291338579
20
-4.2985481102362204
11
5.5337088582677163
21
-4.2999081102362204
0
LINE
8
BLACK
6
CONTINUOUS
10
5.5337088582677163
20
-4.2999081102362204
11
5.53370874015748
21
-4.2999083070866142
0
LINE
8
BLACK
6
CONTINUOUS
10
5.53370874015748
20
-4.2999083070866142
11
5.5317286614173229
21
-4.3052172047244097
0
LINE
8
BLACK
6
CONTINUOUS
10
5.5317286614173229
20
-4.3052172047244097
11
5.5314764173228346
21
-4.307563622047244
0
LINE
8
BLACK
6
CONTINUOUS
10
5.5314764173228346
20
-4.307563622047244
11
5.5314764173228346
21
-4.3075638976377952
0
LINE
8
BLACK
6
CONTINUOUS
10
5.5314764173228346
20
-4.3075638976377952
11
5.5314763779527558
21
-4.3075643700787403
0
LINE
8
BLACK
6
CONTINUOUS
10
5.5314763779527558
20
-4.3075643700787403
11
5.5314763779527558
21
-4.3507035433070866
0
LINE
8
BLACK
6
CONTINUOUS
10
5.5314763779527558
20
-4.3507035433070866
11
5.5314764173228346
21
-4.3507037795275592
0
LINE
8
BLACK
6
CONTINUOUS
10
5.5314764173228346
20
-4.3507037795275592
11
5.5317286614173229
21
-4.3530505118110234
0
LINE
8
BLACK
6
CONTINUOUS
10
5.5317286614173229
20
-4.3530505118110234
11
5.53370874015748
21
-4.3583593700787402
0
LINE
8
BLACK
6
CONTINUOUS
10
5.53370874015748
20
-4.3583593700787402
11
5.5337088976377951
21
-4.3583596456692915
0
LINE
8
BLACK
6
CONTINUOUS
10
5.5337088976377951
20
-4.3583596456692915
11
5.5371044094488191
21
-4.3628954330708662
0
LINE
8
BLACK
6
CONTINUOUS
10
5.5371044094488191
20
-4.3628954330708662
11
5.5371045275590554
21
-4.3628955511811025
0
LINE
8
BLACK
6
CONTINUOUS
10
5.5371045275590554
20
-4.3628955511811025
11
5.5416403149606301
21
-4.3662910629921257
0
LINE
8
BLACK
6
CONTINUOUS
10
5.5416403149606301
20
-4.3662910629921257
11
5.5416405905511814
21
-4.3662912204724407
0
LINE
8
BLACK
6
CONTINUOUS
10
5.5416405905511814
20
-4.3662912204724407
11
5.546949488188976
21
-4.3682712992125987
0
LINE
8
BLACK
6
CONTINUOUS
10
5.546949488188976
20
-4.3682712992125987
11
5.5469494488188973
21
-4.3682712992125987
0
LINE
8
BLACK
6
CONTINUOUS
10
5.5469494488188973
20
-4.3682712992125987
11
5.5472222047244095
21
-4.3683005905511809
0
LINE
8
BLACK
6
CONTINUOUS
10
5.5472222047244095
20
-4.3683005905511809
11
5.5492963385826775
21
-4.3685236220472436
0
LINE
8
BLACK
6
CONTINUOUS
10
5.5492963385826775
20
-4.3685236220472436
11
5.6711760629921262
21
-4.3685235826771649
0
LINE
8
BLACK
6
CONTINUOUS
10
5.6711760629921262
20
-4.3685235826771649
11
5.6735229527559055
21
-4.3682712992125987
0
LINE
8
BLACK
6
CONTINUOUS
10
5.6735229527559055
20
-4.3682712992125987
11
5.6744946850393703
21
-4.3679088188976376
0
LINE
8
BLACK
6
CONTINUOUS
10
5.6744946850393703
20
-4.3679088188976376
11
5.6772384251968502
21
-4.3677125590551178
0
LINE
8
BLACK
6
CONTINUOUS
10
5.6772384251968502
20
-4.3677125590551178
11
5.6796527559055114
21
-4.3690308661417321
0
LINE
8
BLACK
6
CONTINUOUS
10
5.6796527559055114
20
-4.3690308661417321
11
5.6809711023622045
21
-4.3714451181102358
0
LINE
8
BLACK
6
CONTINUOUS
10
5.6809711023622045
20
-4.3714451181102358
11
5.681082677165354
21
-4.3724829133858263
0
LINE
8
BLACK
6
CONTINUOUS
10
5.681082677165354
20
-4.3724829133858263
11
5.681082677165354
21
-4.4747433070866141
0
LINE
8
BLACK
6
CONTINUOUS
10
5.681082677165354
20
-4.4747433070866141
11
5.680307677165354
21
-4.4773826377952757
0
LINE
8
BLACK
6
CONTINUOUS
10
5.680307677165354
20
-4.4773826377952757
11
5.6796527952755902
21
-4.4781953149606295
0
LINE
8
BLACK
6
CONTINUOUS
10
5.6796527952755902
20
-4.4781953149606295
11
5.6695338976377956
21
-4.488314212598425
0
LINE
8
BLACK
6
CONTINUOUS
10
5.6695338976377956
20
-4.488314212598425
11
5.6671196062992122
21
-4.4896325196850393
0
LINE
8
BLACK
6
CONTINUOUS
10
5.6671196062992122
20
-4.4896325196850393
11
5.6660818897637792
21
-4.4897440944881888
0
LINE
8
BLACK
6
CONTINUOUS
10
5.6660818897637792
20
-4.4897440944881888
11
5.549296417322835
21
-4.4897440944881888
0
LINE
8
BLACK
6
CONTINUOUS
10
5.549296417322835
20
-4.4897440944881888
11
5.5492961811023624
21
-4.4897441338582675
0
LINE
8
BLACK
6
CONTINUOUS
10
5.5492961811023624
20
-4.4897441338582675
11
5.5469494488188973
21
-4.4899963779527559
0
LINE
8
BLACK
6
CONTINUOUS
10
5.5469494488188973
20
-4.4899963779527559
11
5.5416405905511814
21
-4.491976456692913
0
LINE
8
BLACK
6
CONTINUOUS
10
5.5416405905511814
20
-4.491976456692913
11
5.5416403149606301
21
-4.491976614173228
0
LINE
8
BLACK
6
CONTINUOUS
10
5.5416403149606301
20
-4.491976614173228
11
5.5371045275590554
21
-4.4953721259842521
0
LINE
8
BLACK
6
CONTINUOUS
10
5.5371045275590554
20
-4.4953721259842521
11
5.5371044094488191
21
-4.4953722440944883
0
LINE
8
BLACK
6
CONTINUOUS
10
5.5371044094488191
20
-4.4953722440944883
11
5.5337088976377951
21
-4.4999080314960631
0
LINE
8
BLACK
6
CONTINUOUS
10
5.5337088976377951
20
-4.4999080314960631
11
5.53370874015748
21
-4.4999083070866144
0
LINE
8
BLACK
6
CONTINUOUS
10
5.53370874015748
20
-4.4999083070866144
11
5.5317286614173229
21
-4.505217204724409
0
LINE
8
BLACK
6
CONTINUOUS
10
5.5317286614173229
20
-4.505217204724409
11
5.5314764173228346
21
-4.5075636220472441
0
LINE
8
BLACK
6
CONTINUOUS
10
5.5314764173228346
20
-4.5075636220472441
11
5.5314764173228346
21
-4.5075638976377954
0
LINE
8
BLACK
6
CONTINUOUS
10
5.5314764173228346
20
-4.5075638976377954
11
5.5314763779527558
21
-4.5075643700787404
0
LINE
8
BLACK
6
CONTINUOUS
10
5.5314763779527558
20
-4.5075643700787404
11
5.5314763779527558
21
-4.5507035433070868
0
LINE
8
BLACK
6
CONTINUOUS
10
5.5314763779527558
20
-4.5507035433070868
11
5.5314764173228346
21
-4.5507037795275593
0
LINE
8
BLACK
6
CONTINUOUS
10
5.5314764173228346
20
-4.5507037795275593
11
5.5317286614173229
21
-4.5530505118110236
0
LINE
8
BLACK
6
CONTINUOUS
10
5.5317286614173229
20
-4.5530505118110236
11
5.53370874015748
21
-4.5583593700787404
0
LINE
8
BLACK
6
CONTINUOUS
10
5.53370874015748
20
-4.5583593700787404
11
5.5337088976377951
21
-4.5583596456692916
0
LINE
8
BLACK
6
CONTINUOUS
10
5.5337088976377951
20
-4.5583596456692916
11
5.5371044094488191
21
-4.5628954330708664
0
LINE
8
BLACK
6
CONTINUOUS
10
5.5371044094488191
20
-4.5628954330708664
11
5.5371045275590554
21
-4.5628955511811027
0
LINE
8
BLACK
6
CONTINUOUS
10
5.5371045275590554
20
-4.5628955511811027
11
5.5416403149606301
21
-4.5662910629921258
0
LINE
8
BLACK
6
CONTINUOUS
10
5.5416403149606301
20
-4.5662910629921258
11
5.5416405905511814
21
-4.5662912204724408
0
LINE
8
BLACK
6
CONTINUOUS
10
5.5416405905511814
20
-4.5662912204724408
11
5.546949488188976
21
-4.568271299212598
0
LINE
8
BLACK
6
CONTINUOUS
10
5.546949488188976
20
-4.568271299212598
11
5.5469494488188973
21
-4.568271299212598
0
LINE
8
BLACK
6
CONTINUOUS
10
5.5469494488188973
20
-4.568271299212598
11
5.5472222047244095
21
-4.5683005905511811
0
LINE
8
BLACK
6
CONTINUOUS
10
5.5472222047244095
20
-4.5683005905511811
11
5.5492963385826775
21
-4.5685236220472438
0
LINE
8
BLACK
6
CONTINUOUS
10
5.5492963385826775
20
-4.5685236220472438
11
5.6711760629921262
21
-4.5685235826771651
0
LINE
8
BLACK
6
CONTINUOUS
10
5.6711760629921262
20
-4.5685235826771651
11
5.6735229527559055
21
-4.568271299212598
0
LINE
8
BLACK
6
CONTINUOUS
10
5.6735229527559055
20
-4.568271299212598
11
5.6788319291338585
21
-4.5662911811023621
0
LINE
8
BLACK
6
CONTINUOUS
10
5.6788319291338585
20
-4.5662911811023621
11
5.6833679527559058
21
-4.5628955118110239
0
LINE
8
BLACK
6
CONTINUOUS
10
5.6833679527559058
20
-4.5628955118110239
11
5.6867636220472439
21
-4.5583594881889766
0
LINE
8
BLACK
6
CONTINUOUS
10
5.6867636220472439
20
-4.5583594881889766
11
5.6887437401574799
21
-4.5530505118110236
0
LINE
8
BLACK
6
CONTINUOUS
10
5.6887437401574799
20
-4.5530505118110236
11
5.6889960629921257
21
-4.5507036614173231
0
LINE
8
BLACK
6
CONTINUOUS
10
5.6889960629921257
20
-4.5507036614173231
11
5.6889960629921257
21
-4.5488786220472441
0
LINE
8
BLACK
6
CONTINUOUS
10
5.6889960629921257
20
-4.5488786220472441
11
5.6897709448818894
21
-4.5462394094488188
0
LINE
8
BLACK
6
CONTINUOUS
10
5.6897709448818894
20
-4.5462394094488188
11
5.6904257086614169
21
-4.5454268503937003
0
LINE
8
BLACK
6
CONTINUOUS
10
5.6904257086614169
20
-4.5454268503937003
11
5.7300832283464569
21
-4.5057694094488188
0
LINE
8
BLACK
6
CONTINUOUS
10
5.7300832283464569
20
-4.5057694094488188
11
5.7331013779527558
21
-4.5012524015748028
0
LINE
8
BLACK
6
CONTINUOUS
10
5.7331013779527558
20
-4.5012524015748028
11
5.7351803149606297
21
-4.4962333858267716
0
LINE
8
BLACK
6
CONTINUOUS
10
5.7351803149606297
20
-4.4962333858267716
11
5.7362401574803146
21
-4.490905275590551
0
LINE
8
BLACK
6
CONTINUOUS
10
5.7362401574803146
20
-4.490905275590551
11
5.7362401574803146
21
-4.4854726771653546
0
LINE
8
BLACK
6
CONTINUOUS
10
5.7362401574803146
20
-4.4854726771653546
11
5.7362401574803146
21
-4.4249493307086611
0
LINE
8
BLACK
6
CONTINUOUS
10
5.7362401574803146
20
-4.4249493307086611
11
5.7362401574803146
21
-4.249252244094488
0
LINE
8
BLACK
6
CONTINUOUS
10
5.7362401574803146
20
-4.249252244094488
11
5.7362401574803146
21
-4.2492521259842517
0
LINE
8
BLACK
6
CONTINUOUS
10
5.7362401574803146
20
-4.2492521259842517
11
5.7351803543307085
21
-4.2439242913385824
0
LINE
8
BLACK
6
CONTINUOUS
10
5.7351803543307085
20
-4.2439242913385824
11
5.7351803149606297
21
-4.2439242519685036
0
LINE
8
BLACK
6
CONTINUOUS
10
5.7351803149606297
20
-4.2439242519685036
11
5.7351803149606297
21
-4.2439240944881886
0
LINE
8
BLACK
6
CONTINUOUS
10
5.7351803149606297
20
-4.2439240944881886
11
5.7351802362204722
21
-4.2439238976377949
0
LINE
8
BLACK
6
CONTINUOUS
10
5.7351802362204722
20
-4.2439238976377949
11
5.733101496062992
21
-4.2389053149606299
0
LINE
8
BLACK
6
CONTINUOUS
10
5.733101496062992
20
-4.2389053149606299
11
5.7331012204724408
21
-4.2389048031496062
0
LINE
8
BLACK
6
CONTINUOUS
10
5.7331012204724408
20
-4.2389048031496062
11
5.7300832677165356
21
-4.2343881496062989
0
LINE
8
BLACK
6
CONTINUOUS
10
5.7300832677165356
20
-4.2343881496062989
11
5.7300832283464569
21
-4.2343881102362202
0
LINE
8
BLACK
6
CONTINUOUS
10
5.7300832283464569
20
-4.2343881102362202
11
5.7262418110236215
21
-4.2305466929133857
0
LINE
8
BLACK
6
CONTINUOUS
10
5.7262418110236215
20
-4.2305466929133857
11
5.7115567322834648
21
-4.2158616141732281
0
LINE
8
BLACK
6
CONTINUOUS
10
5.7115567322834648
20
-4.2158616141732281
11
5.6671868503937004
21
-4.1714916535433071
0
LINE
8
BLACK
6
CONTINUOUS
10
5.6671868503937004
20
-4.1714916535433071
11
5.6671868110236217
21
-4.1714916141732283
0
LINE
8
BLACK
6
CONTINUOUS
10
5.6671868110236217
20
-4.1714916141732283
11
5.662669566929134
21
-4.1684733070866145
0
LINE
8
BLACK
6
CONTINUOUS
10
5.662669566929134
20
-4.1684733070866145
11
5.657650866141732
21
-4.1663945275590546
0
LINE
8
BLACK
6
CONTINUOUS
10
5.657650866141732
20
-4.1663945275590546
11
5.6576504724409444
21
-4.1663944094488192
0
LINE
8
BLACK
6
CONTINUOUS
10
5.6576504724409444
20
-4.1663944094488192
11
5.6523226771653539
21
-4.165334645669291
0
LINE
8
BLACK
6
CONTINUOUS
10
5.6523226771653539
20
-4.165334645669291
11
5.6523225984251964
21
-4.165334645669291
0
LINE
8
BLACK
6
CONTINUOUS
10
5.6523225984251964
20
-4.165334645669291
11
5.6523225590551176
21
-4.165334645669291
0
LINE
8
BLACK
6
CONTINUOUS
10
5.6523225590551176
20
-4.165334645669291
11
5.3874613385826766
21
-4.165334645669291
0
LINE
8
BLACK
6
CONTINUOUS
10
5.3874613385826766
20
-4.165334645669291
11
5.3848220078740159
21
-4.164559645669291
0
LINE
8
BLACK
6
CONTINUOUS
10
5.3848220078740159
20
-4.164559645669291
11
5.3840093307086612
21
-4.1639047637795272
0
LINE
8
BLACK
6
CONTINUOUS
10
5.3840093307086612
20
-4.1639047637795272
11
5.3439692519685043
21
-4.1238646456692916
0
LINE
8
BLACK
6
CONTINUOUS
10
5.3439692519685043
20
-4.1238646456692916
11
5.34265094488189
21
-4.1214503543307082
0
LINE
8
BLACK
6
CONTINUOUS
10
5.34265094488189
20
-4.1214503543307082
11
5.3425393700787405
21
-4.1204126377952752
0
LINE
8
BLACK
6
CONTINUOUS
10
5.3425393700787405
20
-4.1204126377952752
11
5.3425393700787405
21
-3.3039824015748032
0
LINE
8
BLACK
6
CONTINUOUS
10
5.3425393700787405
20
-3.3039824015748032
11
5.3425393700787405
21
-2.5561148031496064
0
LINE
8
BLACK
6
CONTINUOUS
10
5.3425393700787405
20
-2.5561148031496064
11
5.3429109842519686
21
-2.5542466141732283
0
LINE
8
BLACK
6
CONTINUOUS
10
5.3429109842519686
20
-2.5542466141732283
11
5.3452651574803145
21
-2.5485630314960628
0
LINE
8
BLACK
6
CONTINUOUS
10
5.3452651574803145
20
-2.5485630314960628
11
5.345265236220472
21
-2.5485628740157478
0
LINE
8
BLACK
6
CONTINUOUS
10
5.345265236220472
20
-2.5485628740157478
11
5.3464763779527562
21
-2.5424740944881887
0
LINE
8
BLACK
6
CONTINUOUS
10
5.3464763779527562
20
-2.5424740944881887
11
5.3464763779527562
21
-2.5362660629921261
0
LINE
8
BLACK
6
CONTINUOUS
10
5.3464763779527562
20
-2.5362660629921261
11
5.3464763779527562
21
-2.5362659448818898
0
LINE
8
BLACK
6
CONTINUOUS
10
5.3464763779527562
20
-2.5362659448818898
11
5.3464763385826775
21
-2.5362658661417323
0
LINE
8
BLACK
6
CONTINUOUS
10
5.3464763385826775
20
-2.5362658661417323
11
5.3459775590551182
21
-2.5337583070866141
0
LINE
8
BLACK
6
CONTINUOUS
10
5.3459775590551182
20
-2.5337583070866141
11
5.345265236220472
21
-2.5301772834645671
0
LINE
8
BLACK
6
CONTINUOUS
10
5.345265236220472
20
-2.5301772834645671
11
5.344872125984252
21
-2.5292282283464567
0
LINE
8
BLACK
6
CONTINUOUS
10
5.344872125984252
20
-2.5292282283464567
11
5.3428896456692909
21
-2.5244420078740157
0
LINE
8
BLACK
6
CONTINUOUS
10
5.3428896456692909
20
-2.5244420078740157
11
5.3428893700787397
21
-2.524441496062992
0
LINE
8
BLACK
6
CONTINUOUS
10
5.3428893700787397
20
-2.524441496062992
11
5.3394405118110235
21
-2.519279960629921
0
LINE
8
BLACK
6
CONTINUOUS
10
5.3394405118110235
20
-2.519279960629921
11
5.3394403937007873
21
-2.5192798031496064
0
LINE
8
BLACK
6
CONTINUOUS
10
5.3394403937007873
20
-2.5192798031496064
11
5.3350508661417324
21
-2.5148902755905511
0
LINE
8
BLACK
6
CONTINUOUS
10
5.3350508661417324
20
-2.5148902755905511
11
5.3350507086614174
21
-2.5148901574803149
0
LINE
8
BLACK
6
CONTINUOUS
10
5.3350507086614174
20
-2.5148901574803149
11
5.329889173228346
21
-2.5114412992125983
0
LINE
8
BLACK
6
CONTINUOUS
10
5.329889173228346
20
-2.5114412992125983
11
5.3298886614173231
21
-2.511441023622047
0
LINE
8
BLACK
6
CONTINUOUS
10
5.3298886614173231
20
-2.511441023622047
11
5.3241535826771651
21
-2.5090655118110234
0
LINE
8
BLACK
6
CONTINUOUS
10
5.3241535826771651
20
-2.5090655118110234
11
5.3241531102362201
21
-2.5090653937007872
0
LINE
8
BLACK
6
CONTINUOUS
10
5.3241531102362201
20
-2.5090653937007872
11
5.3180647637795273
21
-2.5078543307086614
0
LINE
8
BLACK
6
CONTINUOUS
10
5.3180647637795273
20
-2.5078543307086614
11
5.318064645669291
21
-2.5078543307086614
0
LINE
8
BLACK
6
CONTINUOUS
10
5.318064645669291
20
-2.5078543307086614
11
5.311988188976378
21
-2.5078543307086614
0
LINE
8
BLACK
6
CONTINUOUS
10
5.311988188976378
20
-2.5078543307086614
11
5.3093488582677164
21
-2.5070793307086614
0
LINE
8
BLACK
6
CONTINUOUS
10
5.3093488582677164
20
-2.5070793307086614
11
5.3075474803149607
21
-2.5050004330708662
0
LINE
8
BLACK
6
CONTINUOUS
10
5.3075474803149607
20
-2.5050004330708662
11
5.3071062992125979
21
-2.5029724409448817
0
LINE
8
BLACK
6
CONTINUOUS
10
5.3071062992125979
20
-2.5029724409448817
11
5.3071062992125979
21
-2.4968958661417324
0
LINE
8
BLACK
6
CONTINUOUS
10
5.3071062992125979
20
-2.4968958661417324
11
5.3071062598425192
21
-2.4968957874015749
0
LINE
8
BLACK
6
CONTINUOUS
10
5.3071062598425192
20
-2.4968957874015749
11
5.3058951968503933
21
-2.4908074803149605
0
LINE
8
BLACK
6
CONTINUOUS
10
5.3058951968503933
20
-2.4908074803149605
11
5.3058951574803146
21
-2.4908072047244092
0
LINE
8
BLACK
6
CONTINUOUS
10
5.3058951574803146
20
-2.4908072047244092
11
5.3058950787401571
21
-2.4908070078740159
0
LINE
8
BLACK
6
CONTINUOUS
10
5.3058950787401571
20
-2.4908070078740159
11
5.3035195669291335
21
-2.4850719291338583
0
LINE
8
BLACK
6
CONTINUOUS
10
5.3035195669291335
20
-2.4850719291338583
11
5.3035192913385822
21
-2.4850714173228345
0
LINE
8
BLACK
6
CONTINUOUS
10
5.3035192913385822
20
-2.4850714173228345
11
5.3000704330708661
21
-2.4799098818897636
0
LINE
8
BLACK
6
CONTINUOUS
10
5.3000704330708661
20
-2.4799098818897636
11
5.3000703149606299
21
-2.4799097244094486
0
LINE
8
BLACK
6
CONTINUOUS
10
5.3000703149606299
20
-2.4799097244094486
11
5.295680787401575
21
-2.4755201968503937
0
LINE
8
BLACK
6
CONTINUOUS
10
5.295680787401575
20
-2.4755201968503937
11
5.29568062992126
21
-2.4755200787401574
0
LINE
8
BLACK
6
CONTINUOUS
10
5.29568062992126
20
-2.4755200787401574
11
5.2905190944881886
21
-2.4720712204724409
0
LINE
8
BLACK
6
CONTINUOUS
10
5.2905190944881886
20
-2.4720712204724409
11
5.2905185826771648
21
-2.4720709448818896
0
LINE
8
BLACK
6
CONTINUOUS
10
5.2905185826771648
20
-2.4720709448818896
11
5.2847835039370077
21
-2.469695433070866
0
LINE
8
BLACK
6
CONTINUOUS
10
5.2847835039370077
20
-2.469695433070866
11
5.2847830314960627
21
-2.4696953149606298
0
LINE
8
BLACK
6
CONTINUOUS
10
5.2847830314960627
20
-2.4696953149606298
11
5.2786946850393699
21
-2.468484251968504
0
LINE
8
BLACK
6
CONTINUOUS
10
5.2786946850393699
20
-2.468484251968504
11
5.2786945669291336
21
-2.468484251968504
0
LINE
8
BLACK
6
CONTINUOUS
10
5.2786945669291336
20
-2.468484251968504
11
5.272486535433071
21
-2.468484251968504
0
LINE
8
BLACK
6
CONTINUOUS
10
5.272486535433071
20
-2.468484251968504
11
5.2724864173228347
21
-2.468484251968504
0
LINE
8
BLACK
6
CONTINUOUS
10
5.2724864173228347
20
-2.468484251968504
11
5.2696335039370075
21
-2.4690517322834644
0
LINE
8
BLACK
6
CONTINUOUS
10
5.2696335039370075
20
-2.4690517322834644
11
5.266893700787401
21
-2.4688065748031494
0
LINE
8
BLACK
6
CONTINUOUS
10
5.266893700787401
20
-2.4688065748031494
11
5.2647213385826772
21
-2.4671190551181104
0
LINE
8
BLACK
6
CONTINUOUS
10
5.2647213385826772
20
-2.4671190551181104
11
5.263806220472441
21
-2.4645249606299213
0
LINE
8
BLACK
6
CONTINUOUS
10
5.263806220472441
20
-2.4645249606299213
11
5.2637992125984248
21
-2.4642636614173226
0
LINE
8
BLACK
6
CONTINUOUS
10
5.2637992125984248
20
-2.4642636614173226
11
5.2637992125984248
21
-2.3979410236220473
0
LINE
8
BLACK
6
CONTINUOUS
10
5.2637992125984248
20
-2.3979410236220473
11
5.2645742125984247
21
-2.3953016929133857
0
LINE
8
BLACK
6
CONTINUOUS
10
5.2645742125984247
20
-2.3953016929133857
11
5.26665311023622
21
-2.39350031496063
0
LINE
8
BLACK
6
CONTINUOUS
10
5.26665311023622
20
-2.39350031496063
11
5.2693758661417318
21
-2.3931088188976379
0
LINE
8
BLACK
6
CONTINUOUS
10
5.2693758661417318
20
-2.3931088188976379
11
5.2696325590551183
21
-2.3931527559055117
0
LINE
8
BLACK
6
CONTINUOUS
10
5.2696325590551183
20
-2.3931527559055117
11
5.2718675196850393
21
-2.3935973228346454
0
LINE
8
BLACK
6
CONTINUOUS
10
5.2718675196850393
20
-2.3935973228346454
11
5.2724864960629922
21
-2.3937204724409447
0
LINE
8
BLACK
6
CONTINUOUS
10
5.2724864960629922
20
-2.3937204724409447
11
5.272486535433071
21
-2.3937204724409447
0
LINE
8
BLACK
6
CONTINUOUS
10
5.272486535433071
20
-2.3937204724409447
11
5.2786946456692911
21
-2.3937204724409447
0
LINE
8
BLACK
6
CONTINUOUS
10
5.2786946456692911
20
-2.3937204724409447
11
5.2786946850393699
21
-2.3937204330708659
0
LINE
8
BLACK
6
CONTINUOUS
10
5.2786946850393699
20
-2.3937204330708659
11
5.2847833464566927
21
-2.3925093307086613
0
LINE
8
BLACK
6
CONTINUOUS
10
5.2847833464566927
20
-2.3925093307086613
11
5.2905188582677161
21
-2.390133622047244
0
LINE
8
BLACK
6
CONTINUOUS
10
5.2905188582677161
20
-2.390133622047244
11
5.2956806692913387
21
-2.3866846062992124
0
LINE
8
BLACK
6
CONTINUOUS
10
5.2956806692913387
20
-2.3866846062992124
11
5.3000704330708661
21
-2.382294842519685
0
LINE
8
BLACK
6
CONTINUOUS
10
5.3000704330708661
20
-2.382294842519685
11
5.3035194488188973
21
-2.3771330314960628
0
LINE
8
BLACK
6
CONTINUOUS
10
5.3035194488188973
20
-2.3771330314960628
11
5.3058951574803146
21
-2.3713975196850394
0
LINE
8
BLACK
6
CONTINUOUS
10
5.3058951574803146
20
-2.3713975196850394
11
5.3071062992125979
21
-2.3653087401574804
0
LINE
8
BLACK
6
CONTINUOUS
10
5.3071062992125979
20
-2.3653087401574804
11
5.3071062992125979
21
-2.3629429133858268
0
LINE
8
BLACK
6
CONTINUOUS
10
5.3071062992125979
20
-2.3629429133858268
11
5.3078812992125979
21
-2.3603035826771652
0
LINE
8
BLACK
6
CONTINUOUS
10
5.3078812992125979
20
-2.3603035826771652
11
5.309960196850394
21
-2.3585022047244095
0
LINE
8
BLACK
6
CONTINUOUS
10
5.309960196850394
20
-2.3585022047244095
11
5.3124298818897637
21
-2.3580810629921261
0
LINE
8
BLACK
6
CONTINUOUS
10
5.3124298818897637
20
-2.3580810629921261
11
5.3147001574803152
21
-2.358287401574803
0
LINE
8
BLACK
6
CONTINUOUS
10
5.3147001574803152
20
-2.358287401574803
11
5.314700354330709
21
-2.358287401574803
0
LINE
8
BLACK
6
CONTINUOUS
10
5.314700354330709
20
-2.358287401574803
11
5.3545910629921263
21
-2.358287401574803
0
LINE
8
BLACK
6
CONTINUOUS
10
5.3545910629921263
20
-2.358287401574803
11
5.3545911811023617
21
-2.358287401574803
0
LINE
8
BLACK
6
CONTINUOUS
10
5.3545911811023617
20
-2.358287401574803
11
5.357369921259842
21
-2.3580348818897638
0
LINE
8
BLACK
6
CONTINUOUS
10
5.357369921259842
20
-2.3580348818897638
11
5.3637640157480311
21
-2.3560424409448819
0
LINE
8
BLACK
6
CONTINUOUS
10
5.3637640157480311
20
-2.3560424409448819
11
5.3694954724409447
21
-2.3525776377952754
0
LINE
8
BLACK
6
CONTINUOUS
10
5.3694954724409447
20
-2.3525776377952754
11
5.3742311811023624
21
-2.3478419291338581
0
LINE
8
BLACK
6
CONTINUOUS
10
5.3742311811023624
20
-2.3478419291338581
11
5.377695984251968
21
-2.3421104724409449
0
LINE
8
BLACK
6
CONTINUOUS
10
5.377695984251968
20
-2.3421104724409449
11
5.37968842519685
21
-2.3357163779527559
0
LINE
8
BLACK
6
CONTINUOUS
10
5.37968842519685
20
-2.3357163779527559
11
5.3799409448818896
21
-2.3329376377952755
0
LINE
8
BLACK
6
CONTINUOUS
10
5.3799409448818896
20
-2.3329376377952755
11
5.3799409448818896
21
-2.3127316535433069
0
LINE
8
BLACK
6
CONTINUOUS
10
5.3799409448818896
20
-2.3127316535433069
11
5.37968842519685
21
-2.3099529133858265
0
LINE
8
BLACK
6
CONTINUOUS
10
5.37968842519685
20
-2.3099529133858265
11
5.377695984251968
21
-2.3035588188976379
0
LINE
8
BLACK
6
CONTINUOUS
10
5.377695984251968
20
-2.3035588188976379
11
5.3742801574803147
21
-2.2979083858267715
0
LINE
8
BLACK
6
CONTINUOUS
10
5.3742801574803147
20
-2.2979083858267715
11
5.3735779921259841
21
-2.2952488976377952
0
LINE
8
BLACK
6
CONTINUOUS
10
5.3735779921259841
20
-2.2952488976377952
11
5.3743988582677167
21
-2.2926708267716536
0
LINE
8
BLACK
6
CONTINUOUS
10
5.3743988582677167
20
-2.2926708267716536
11
5.3759060236220471
21
-2.2904152362204724
0
LINE
8
BLACK
6
CONTINUOUS
10
5.3759060236220471
20
-2.2904152362204724
11
5.3785785039370078
21
-2.2839632283464568
0
LINE
8
BLACK
6
CONTINUOUS
10
5.3785785039370078
20
-2.2839632283464568
11
5.3799409448818896
21
-2.2771138188976376
0
LINE
8
BLACK
6
CONTINUOUS
10
5.3799409448818896
20
-2.2771138188976376
11
5.3799409448818896
21
-2.2701302755905512
0
LINE
8
BLACK
6
CONTINUOUS
10
5.3799409448818896
20
-2.2701302755905512
11
5.3799409448818896
21
-2.270130157480315
0
LINE
8
BLACK
6
CONTINUOUS
10
5.3799409448818896
20
-2.270130157480315
11
5.3799409055118108
21
-2.2701300787401575
0
LINE
8
BLACK
6
CONTINUOUS
10
5.3799409055118108
20
-2.2701300787401575
11
5.3785785826771653
21
-2.2632811417322833
0
LINE
8
BLACK
6
CONTINUOUS
10
5.3785785826771653
20
-2.2632811417322833
11
5.378578464566929
21
-2.2632807874015746
0
LINE
8
BLACK
6
CONTINUOUS
10
5.378578464566929
20
-2.2632807874015746
11
5.3759061417322833
21
-2.256829094488189
0
LINE
8
BLACK
6
CONTINUOUS
10
5.3759061417322833
20
-2.256829094488189
11
5.3759060629921258
21
-2.256828937007874
0
LINE
8
BLACK
6
CONTINUOUS
10
5.3759060629921258
20
-2.256828937007874
11
5.3759060236220471
21
-2.2568288582677165
0
LINE
8
BLACK
6
CONTINUOUS
10
5.3759060236220471
20
-2.2568288582677165
11
5.3724858267716531
21
-2.2517102362204722
0
LINE
8
BLACK
6
CONTINUOUS
10
5.3724858267716531
20
-2.2517102362204722
11
5.3716638976377951
21
-2.2490851968503938
0
LINE
8
BLACK
6
CONTINUOUS
10
5.3716638976377951
20
-2.2490851968503938
11
5.3723916141732282
21
-2.2464324409448819
0
LINE
8
BLACK
6
CONTINUOUS
10
5.3723916141732282
20
-2.2464324409448819
11
5.3724858661417318
21
-2.2462857874015749
0
LINE
8
BLACK
6
CONTINUOUS
10
5.3724858661417318
20
-2.2462857874015749
11
5.37588842519685
21
-2.2411935039370077
0
LINE
8
BLACK
6
CONTINUOUS
10
5.37588842519685
20
-2.2411935039370077
11
5.3758886220472437
21
-2.2411931496062993
0
LINE
8
BLACK
6
CONTINUOUS
10
5.3758886220472437
20
-2.2411931496062993
11
5.3785595275590552
21
-2.2347449999999998
0
LINE
8
BLACK
6
CONTINUOUS
10
5.3785595275590552
20
-2.2347449999999998
11
5.3785596456692915
21
-2.2347447244094489
0
LINE
8
BLACK
6
CONTINUOUS
10
5.3785596456692915
20
-2.2347447244094489
11
5.3786576377952757
21
-2.234251968503937
0
LINE
8
BLACK
6
CONTINUOUS
10
5.3786576377952757
20
-2.234251968503937
11
5.3567262204724404
21
-2.234251968503937
0
LINE
8
BLACK
6
CONTINUOUS
10
5.3567262204724404
20
-2.234251968503937
11
5.3540749999999999
21
-2.236903188976378
0
LINE
8
BLACK
6
CONTINUOUS
10
5.3540749999999999
20
-2.236903188976378
11
5.3505146850393697
21
-2.2389587401574804
0
LINE
8
BLACK
6
CONTINUOUS
10
5.3505146850393697
20
-2.2389587401574804
11
5.346543700787401
21
-2.2400227559055117
0
LINE
8
BLACK
6
CONTINUOUS
10
5.346543700787401
20
-2.2400227559055117
11
5.3444881889763778
21
-2.2401574803149606
0
LINE
8
BLACK
6
CONTINUOUS
10
5.3444881889763778
20
-2.2401574803149606
11
5.3248031496062991
21
-2.2401574803149606
0
LINE
8
BLACK
6
CONTINUOUS
10
5.3248031496062991
20
-2.2401574803149606
11
5.3227476377952758
21
-2.2400227559055117
0
LINE
8
BLACK
6
CONTINUOUS
10
5.3227476377952758
20
-2.2400227559055117
11
5.3187766535433072
21
-2.2389587401574804
0
LINE
8
BLACK
6
CONTINUOUS
10
5.3187766535433072
20
-2.2389587401574804
11
5.3152163385826769
21
-2.236903188976378
0
LINE
8
BLACK
6
CONTINUOUS
10
5.3152163385826769
20
-2.236903188976378
11
5.3123094094488188
21
-2.2339962598425198
0
LINE
8
BLACK
6
CONTINUOUS
10
5.3123094094488188
20
-2.2339962598425198
11
5.3102538582677168
21
-2.2304359448818896
0
LINE
8
BLACK
6
CONTINUOUS
10
5.3102538582677168
20
-2.2304359448818896
11
5.3091898425196851
21
-2.2264649606299214
0
LINE
8
BLACK
6
CONTINUOUS
10
5.3091898425196851
20
-2.2264649606299214
11
5.3091898425196851
21
-2.222353937007874
0
LINE
8
BLACK
6
CONTINUOUS
10
5.3091898425196851
20
-2.222353937007874
11
5.3102538582677168
21
-2.2183829527559054
0
LINE
8
BLACK
6
CONTINUOUS
10
5.3102538582677168
20
-2.2183829527559054
11
5.3123094094488188
21
-2.2148226377952756
0
LINE
8
BLACK
6
CONTINUOUS
10
5.3123094094488188
20
-2.2148226377952756
11
5.3152163385826769
21
-2.2119157086614174
0
LINE
8
BLACK
6
CONTINUOUS
10
5.3152163385826769
20
-2.2119157086614174
11
5.3187766535433072
21
-2.2098601574803149
0
LINE
8
BLACK
6
CONTINUOUS
10
5.3187766535433072
20
-2.2098601574803149
11
5.3227476377952758
21
-2.2087961417322832
0
LINE
8
BLACK
6
CONTINUOUS
10
5.3227476377952758
20
-2.2087961417322832
11
5.3248031496062991
21
-2.2086614173228347
0
LINE
8
BLACK
6
CONTINUOUS
10
5.3248031496062991
20
-2.2086614173228347
11
5.3444881889763778
21
-2.2086614173228347
0
LINE
8
BLACK
6
CONTINUOUS
10
5.3444881889763778
20
-2.2086614173228347
11
5.346543700787401
21
-2.2087961417322832
0
LINE
8
BLACK
6
CONTINUOUS
10
5.346543700787401
20
-2.2087961417322832
11
5.3505146850393697
21
-2.2098601574803149
0
LINE
8
BLACK
6
CONTINUOUS
10
5.3505146850393697
20
-2.2098601574803149
11
5.3540749999999999
21
-2.2119157086614174
0
LINE
8
BLACK
6
CONTINUOUS
10
5.3540749999999999
20
-2.2119157086614174
11
5.3567262204724404
21
-2.2145669291338583
0
LINE
8
BLACK
6
CONTINUOUS
10
5.3567262204724404
20
-2.2145669291338583
11
5.3786576377952757
21
-2.2145669291338583
0
LINE
8
BLACK
6
CONTINUOUS
10
5.3786576377952757
20
-2.2145669291338583
11
5.3785596456692915
21
-2.2140741338582677
0
LINE
8
BLACK
6
CONTINUOUS
10
5.3785596456692915
20
-2.2140741338582677
11
5.3785595275590552
21
-2.2140738582677164
0
LINE
8
BLACK
6
CONTINUOUS
10
5.3785595275590552
20
-2.2140738582677164
11
5.3758886220472437
21
-2.2076257086614173
0
LINE
8
BLACK
6
CONTINUOUS
10
5.3758886220472437
20
-2.2076257086614173
11
5.37588842519685
21
-2.2076253149606297
0
LINE
8
BLACK
6
CONTINUOUS
10
5.37588842519685
20
-2.2076253149606297
11
5.3724858661417318
21
-2.2025330708661417
0
LINE
8
BLACK
6
CONTINUOUS
10
5.3724858661417318
20
-2.2025330708661417
11
5.3716638976377951
21
-2.1999079921259841
0
LINE
8
BLACK
6
CONTINUOUS
10
5.3716638976377951
20
-2.1999079921259841
11
5.3723916141732282
21
-2.1972552362204723
0
LINE
8
BLACK
6
CONTINUOUS
10
5.3723916141732282
20
-2.1972552362204723
11
5.3724853937007877
21
-2.1971092913385828
0
LINE
8
BLACK
6
CONTINUOUS
10
5.3724853937007877
20
-2.1971092913385828
11
5.3759060236220471
21
-2.1919900393700789
0
LINE
8
BLACK
6
CONTINUOUS
10
5.3759060236220471
20
-2.1919900393700789
11
5.3785785039370078
21
-2.1855380314960628
0
LINE
8
BLACK
6
CONTINUOUS
10
5.3785785039370078
20
-2.1855380314960628
11
5.3785971259842515
21
-2.1854445669291338
0
LINE
8
BLACK
6
CONTINUOUS
10
5.3785971259842515
20
-2.1854445669291338
11
5.3799409055118108
21
-2.1786887795275591
0
LINE
8
BLACK
6
CONTINUOUS
10
5.3799409055118108
20
-2.1786887795275591
11
5.3799409448818896
21
-2.1786887007874016
0
LINE
8
BLACK
6
CONTINUOUS
10
5.3799409448818896
20
-2.1786887007874016
11
5.3799409448818896
21
-2.171704960629921
0
LINE
8
BLACK
6
CONTINUOUS
10
5.3799409448818896
20
-2.171704960629921
11
5.3799409055118108
21
-2.1717048818897635
0
LINE
8
BLACK
6
CONTINUOUS
10
5.3799409055118108
20
-2.1717048818897635
11
5.3785785826771653
21
-2.1648559448818898
0
LINE
8
BLACK
6
CONTINUOUS
10
5.3785785826771653
20
-2.1648559448818898
11
5.378578464566929
21
-2.164855590551181
0
LINE
8
BLACK
6
CONTINUOUS
10
5.378578464566929
20
-2.164855590551181
11
5.3759061417322833
21
-2.1584038976377951
0
LINE
8
BLACK
6
CONTINUOUS
10
5.3759061417322833
20
-2.1584038976377951
11
5.3759060629921258
21
-2.15840374015748
0
LINE
8
BLACK
6
CONTINUOUS
10
5.3759060629921258
20
-2.15840374015748
11
5.3759060236220471
21
-2.158403661417323
0
LINE
8
BLACK
6
CONTINUOUS
10
5.3759060236220471
20
-2.158403661417323
11
5.3724977165354328
21
-2.1533027952755903
0
LINE
8
BLACK
6
CONTINUOUS
10
5.3724977165354328
20
-2.1533027952755903
11
5.3716757480314961
21
-2.1506777165354332
0
LINE
8
BLACK
6
CONTINUOUS
10
5.3716757480314961
20
-2.1506777165354332
11
5.3724034645669292
21
-2.1480249606299213
0
LINE
8
BLACK
6
CONTINUOUS
10
5.3724034645669292
20
-2.1480249606299213
11
5.3724977165354328
21
-2.1478783070866143
0
LINE
8
BLACK
6
CONTINUOUS
10
5.3724977165354328
20
-2.1478783070866143
11
5.3742444094488189
21
-2.1452642125984251
0
LINE
8
BLACK
6
CONTINUOUS
10
5.3742444094488189
20
-2.1452642125984251
11
5.3759060236220471
21
-2.1427774409448817
0
LINE
8
BLACK
6
CONTINUOUS
10
5.3759060236220471
20
-2.1427774409448817
11
5.3785785039370078
21
-2.1363254330708661
0
LINE
8
BLACK
6
CONTINUOUS
10
5.3785785039370078
20
-2.1363254330708661
11
5.3788322834645665
21
-2.1350497244094488
0
LINE
8
BLACK
6
CONTINUOUS
10
5.3788322834645665
20
-2.1350497244094488
11
5.3799409055118108
21
-2.1294761811023624
0
LINE
8
BLACK
6
CONTINUOUS
10
5.3799409055118108
20
-2.1294761811023624
11
5.3799409448818896
21
-2.1294761023622049
0
LINE
8
BLACK
6
CONTINUOUS
10
5.3799409448818896
20
-2.1294761023622049
11
5.3799409448818896
21
-2.1224923622047243
0
LINE
8
BLACK
6
CONTINUOUS
10
5.3799409448818896
20
-2.1224923622047243
11
5.3799409055118108
21
-2.1224922834645668
0
LINE
8
BLACK
6
CONTINUOUS
10
5.3799409055118108
20
-2.1224922834645668
11
5.3785785826771653
21
-2.1156433464566931
0
LINE
8
BLACK
6
CONTINUOUS
10
5.3785785826771653
20
-2.1156433464566931
11
5.378578464566929
21
-2.1156429921259843
0
LINE
8
BLACK
6
CONTINUOUS
10
5.378578464566929
20
-2.1156429921259843
11
5.3785414960629918
21
-2.1155537795275592
0
LINE
8
BLACK
6
CONTINUOUS
10
5.3785414960629918
20
-2.1155537795275592
11
5.375993976377953
21
-2.1094033858267718
0
LINE
8
BLACK
6
CONTINUOUS
10
5.375993976377953
20
-2.1094033858267718
11
5.3759061417322833
21
-2.1091912992125983
0
LINE
8
BLACK
6
CONTINUOUS
10
5.3759061417322833
20
-2.1091912992125983
11
5.375905866141732
21
-2.109190787401575
0
LINE
8
BLACK
6
CONTINUOUS
10
5.375905866141732
20
-2.109190787401575
11
5.3720261417322837
21
-2.1033844488188977
0
LINE
8
BLACK
6
CONTINUOUS
10
5.3720261417322837
20
-2.1033844488188977
11
5.3720260236220474
21
-2.1033842913385827
0
LINE
8
BLACK
6
CONTINUOUS
10
5.3720260236220474
20
-2.1033842913385827
11
5.36708811023622
21
-2.0984463779527558
0
LINE
8
BLACK
6
CONTINUOUS
10
5.36708811023622
20
-2.0984463779527558
11
5.367087952755905
21
-2.0984462598425195
0
LINE
8
BLACK
6
CONTINUOUS
10
5.367087952755905
20
-2.0984462598425195
11
5.3612816141732278
21
-2.0945665354330707
0
LINE
8
BLACK
6
CONTINUOUS
10
5.3612816141732278
20
-2.0945665354330707
11
5.3612811023622049
21
-2.0945662598425194
0
LINE
8
BLACK
6
CONTINUOUS
10
5.3612811023622049
20
-2.0945662598425194
11
5.3548294094488185
21
-2.0918939370078742
0
LINE
8
BLACK
6
CONTINUOUS
10
5.3548294094488185
20
-2.0918939370078742
11
5.3548290551181097
21
-2.0918938188976379
0
LINE
8
BLACK
6
CONTINUOUS
10
5.3548290551181097
20
-2.0918938188976379
11
5.3479800787401572
21
-2.0905314960629919
0
LINE
8
BLACK
6
CONTINUOUS
10
5.3479800787401572
20
-2.0905314960629919
11
5.347979960629921
21
-2.0905314960629919
0
LINE
8
BLACK
6
CONTINUOUS
10
5.347979960629921
20
-2.0905314960629919
11
5.3213113779527559
21
-2.0905314960629919
0
LINE
8
BLACK
6
CONTINUOUS
10
5.3213113779527559
20
-2.0905314960629919
11
5.3213112598425196
21
-2.0905314960629919
0
LINE
8
BLACK
6
CONTINUOUS
10
5.3213112598425196
20
-2.0905314960629919
11
5.3144622440944884
21
-2.0918938188976379
0
LINE
8
BLACK
6
CONTINUOUS
10
5.3144622440944884
20
-2.0918938188976379
11
5.3144618897637796
21
-2.0918939370078742
0
LINE
8
BLACK
6
CONTINUOUS
10
5.3144618897637796
20
-2.0918939370078742
11
5.3080101968503932
21
-2.0945662598425194
0
LINE
8
BLACK
6
CONTINUOUS
10
5.3080101968503932
20
-2.0945662598425194
11
5.3080096850393703
21
-2.0945665354330707
0
LINE
8
BLACK
6
CONTINUOUS
10
5.3080096850393703
20
-2.0945665354330707
11
5.3022033464566931
21
-2.0984462598425195
0
LINE
8
BLACK
6
CONTINUOUS
10
5.3022033464566931
20
-2.0984462598425195
11
5.3022031889763781
21
-2.0984463779527558
0
LINE
8
BLACK
6
CONTINUOUS
10
5.3022031889763781
20
-2.0984463779527558
11
5.2972652755905507
21
-2.1033842913385827
0
LINE
8
BLACK
6
CONTINUOUS
10
5.2972652755905507
20
-2.1033842913385827
11
5.2972651574803145
21
-2.1033844488188977
0
LINE
8
BLACK
6
CONTINUOUS
10
5.2972651574803145
20
-2.1033844488188977
11
5.2933854330708661
21
-2.109190787401575
0
LINE
8
BLACK
6
CONTINUOUS
10
5.2933854330708661
20
-2.109190787401575
11
5.2933851574803148
21
-2.1091912992125983
0
LINE
8
BLACK
6
CONTINUOUS
10
5.2933851574803148
20
-2.1091912992125983
11
5.2907128346456691
21
-2.1156429921259843
0
LINE
8
BLACK
6
CONTINUOUS
10
5.2907128346456691
20
-2.1156429921259843
11
5.2907127165354328
21
-2.1156433464566931
0
LINE
8
BLACK
6
CONTINUOUS
10
5.2907127165354328
20
-2.1156433464566931
11
5.2893503937007873
21
-2.1224922834645668
0
LINE
8
BLACK
6
CONTINUOUS
10
5.2893503937007873
20
-2.1224922834645668
11
5.2893503937007873
21
-2.1294761811023624
0
LINE
8
BLACK
6
CONTINUOUS
10
5.2893503937007873
20
-2.1294761811023624
11
5.2907127165354328
21
-2.1363251181102361
0
LINE
8
BLACK
6
CONTINUOUS
10
5.2907127165354328
20
-2.1363251181102361
11
5.2907128346456691
21
-2.1363254724409448
0
LINE
8
BLACK
6
CONTINUOUS
10
5.2907128346456691
20
-2.1363254724409448
11
5.2933851574803148
21
-2.1427771653543308
0
LINE
8
BLACK
6
CONTINUOUS
10
5.2933851574803148
20
-2.1427771653543308
11
5.2933854330708661
21
-2.1427776771653542
0
LINE
8
BLACK
6
CONTINUOUS
10
5.2933854330708661
20
-2.1427776771653542
11
5.2967935826771653
21
-2.1478783070866143
0
LINE
8
BLACK
6
CONTINUOUS
10
5.2967935826771653
20
-2.1478783070866143
11
5.2976155511811021
21
-2.1505034251968502
0
LINE
8
BLACK
6
CONTINUOUS
10
5.2976155511811021
20
-2.1505034251968502
11
5.2968877952755902
21
-2.1531561811023621
0
LINE
8
BLACK
6
CONTINUOUS
10
5.2968877952755902
20
-2.1531561811023621
11
5.2967935826771653
21
-2.1533027952755903
0
LINE
8
BLACK
6
CONTINUOUS
10
5.2967935826771653
20
-2.1533027952755903
11
5.2933854330708661
21
-2.1584033858267717
0
LINE
8
BLACK
6
CONTINUOUS
10
5.2933854330708661
20
-2.1584033858267717
11
5.2933851574803148
21
-2.1584038976377951
0
LINE
8
BLACK
6
CONTINUOUS
10
5.2933851574803148
20
-2.1584038976377951
11
5.2907128346456691
21
-2.164855590551181
0
LINE
8
BLACK
6
CONTINUOUS
10
5.2907128346456691
20
-2.164855590551181
11
5.2907127165354328
21
-2.1648559448818898
0
LINE
8
BLACK
6
CONTINUOUS
10
5.2907127165354328
20
-2.1648559448818898
11
5.2893503937007873
21
-2.1717048818897635
0
LINE
8
BLACK
6
CONTINUOUS
10
5.2893503937007873
20
-2.1717048818897635
11
5.2893503937007873
21
-2.1786887795275591
0
LINE
8
BLACK
6
CONTINUOUS
10
5.2893503937007873
20
-2.1786887795275591
11
5.2907127165354328
21
-2.1855377165354328
0
LINE
8
BLACK
6
CONTINUOUS
10
5.2907127165354328
20
-2.1855377165354328
11
5.2907128346456691
21
-2.1855380708661416
0
LINE
8
BLACK
6
CONTINUOUS
10
5.2907128346456691
20
-2.1855380708661416
11
5.2919212204724406
21
-2.1884553937007873
0
LINE
8
BLACK
6
CONTINUOUS
10
5.2919212204724406
20
-2.1884553937007873
11
5.2922152755905509
21
-2.191190433070866
0
LINE
8
BLACK
6
CONTINUOUS
10
5.2922152755905509
20
-2.191190433070866
11
5.2909839370078737
21
-2.1936502362204724
0
LINE
8
BLACK
6
CONTINUOUS
10
5.2909839370078737
20
-2.1936502362204724
11
5.2886182283464569
21
-2.1950538188976378
0
LINE
8
BLACK
6
CONTINUOUS
10
5.2886182283464569
20
-2.1950538188976378
11
5.285869212598425
21
-2.1949556299212598
0
LINE
8
BLACK
6
CONTINUOUS
10
5.285869212598425
20
-2.1949556299212598
11
5.2839589370078741
21
-2.1937755905511809
0
LINE
8
BLACK
6
CONTINUOUS
10
5.2839589370078741
20
-2.1937755905511809
11
5.1750608661417319
21
-2.0848774803149608
0
LINE
8
BLACK
6
CONTINUOUS
10
5.1750608661417319
20
-2.0848774803149608
11
5.1750608267716531
21
-2.084877440944882
0
LINE
8
BLACK
6
CONTINUOUS
10
5.1750608267716531
20
-2.084877440944882
11
5.1732873228346454
21
-2.083692440944882
0
LINE
8
BLACK
6
CONTINUOUS
10
5.1732873228346454
20
-2.083692440944882
11
5.171476456692913
21
-2.0824824803149604
0
LINE
8
BLACK
6
CONTINUOUS
10
5.171476456692913
20
-2.0824824803149604
11
5.1707367716535435
21
-2.0818753937007872
0
LINE
8
BLACK
6
CONTINUOUS
10
5.1707367716535435
20
-2.0818753937007872
11
5.170680787401575
21
-2.0818194094488187
0
LINE
8
BLACK
6
CONTINUOUS
10
5.170680787401575
20
-2.0818194094488187
11
5.17068062992126
21
-2.0818192913385825
0
LINE
8
BLACK
6
CONTINUOUS
10
5.17068062992126
20
-2.0818192913385825
11
5.1655190944881886
21
-2.0783704330708659
0
LINE
8
BLACK
6
CONTINUOUS
10
5.1655190944881886
20
-2.0783704330708659
11
5.1655185826771648
21
-2.0783701574803151
0
LINE
8
BLACK
6
CONTINUOUS
10
5.1655185826771648
20
-2.0783701574803151
11
5.1597835039370077
21
-2.0759946456692915
0
LINE
8
BLACK
6
CONTINUOUS
10
5.1597835039370077
20
-2.0759946456692915
11
5.1597830314960627
21
-2.0759945275590552
0
LINE
8
BLACK
6
CONTINUOUS
10
5.1597830314960627
20
-2.0759945275590552
11
5.1536946850393699
21
-2.074783464566929
0
LINE
8
BLACK
6
CONTINUOUS
10
5.1536946850393699
20
-2.074783464566929
11
5.1536945669291336
21
-2.074783464566929
0
LINE
8
BLACK
6
CONTINUOUS
10
5.1536945669291336
20
-2.074783464566929
11
5.147486535433071
21
-2.074783464566929
0
LINE
8
BLACK
6
CONTINUOUS
10
5.147486535433071
20
-2.074783464566929
11
5.1474864173228347
21
-2.074783464566929
0
LINE
8
BLACK
6
CONTINUOUS
10
5.1474864173228347
20
-2.074783464566929
11
5.1413980314960632
21
-2.0759945275590552
0
LINE
8
BLACK
6
CONTINUOUS
10
5.1413980314960632
20
-2.0759945275590552
11
5.1413975590551182
21
-2.0759946456692915
0
LINE
8
BLACK
6
CONTINUOUS
10
5.1413975590551182
20
-2.0759946456692915
11
5.1356624803149602
21
-2.0783701574803151
0
LINE
8
BLACK
6
CONTINUOUS
10
5.1356624803149602
20
-2.0783701574803151
11
5.1356619685039373
21
-2.0783704330708659
0
LINE
8
BLACK
6
CONTINUOUS
10
5.1356619685039373
20
-2.0783704330708659
11
5.1305004330708659
21
-2.0818192913385825
0
LINE
8
BLACK
6
CONTINUOUS
10
5.1305004330708659
20
-2.0818192913385825
11
5.1305002755905509
21
-2.0818194094488187
0
LINE
8
BLACK
6
CONTINUOUS
10
5.1305002755905509
20
-2.0818194094488187
11
5.126110748031496
21
-2.086208937007874
0
LINE
8
BLACK
6
CONTINUOUS
10
5.126110748031496
20
-2.086208937007874
11
5.1261106299212598
21
-2.086209094488189
0
LINE
8
BLACK
6
CONTINUOUS
10
5.1261106299212598
20
-2.086209094488189
11
5.1226617716535428
21
-2.09137062992126
0
LINE
8
BLACK
6
CONTINUOUS
10
5.1226617716535428
20
-2.09137062992126
11
5.1226614960629924
21
-2.0913711417322833
0
LINE
8
BLACK
6
CONTINUOUS
10
5.1226614960629924
20
-2.0913711417322833
11
5.1202859842519688
21
-2.0971062204724409
0
LINE
8
BLACK
6
CONTINUOUS
10
5.1202859842519688
20
-2.0971062204724409
11
5.1202858661417325
21
-2.0971066929133859
0
LINE
8
BLACK
6
CONTINUOUS
10
5.1202858661417325
20
-2.0971066929133859
11
5.1190748031496058
21
-2.1031949999999999
0
LINE
8
BLACK
6
CONTINUOUS
10
5.1190748031496058
20
-2.1031949999999999
11
5.1190748031496058
21
-2.1094033858267718
0
LINE
8
BLACK
6
CONTINUOUS
10
5.1190748031496058
20
-2.1094033858267718
11
5.1202858661417325
21
-2.1154917716535433
0
LINE
8
BLACK
6
CONTINUOUS
10
5.1202858661417325
20
-2.1154917716535433
11
5.1203046850393701
21
-2.1155537795275592
0
LINE
8
BLACK
6
CONTINUOUS
10
5.1203046850393701
20
-2.1155537795275592
11
5.1203049606299214
21
-2.1155878346456691
0
LINE
8
BLACK
6
CONTINUOUS
10
5.1203049606299214
20
-2.1155878346456691
11
5.1203327165354331
21
-2.1157272440944883
0
LINE
8
BLACK
6
CONTINUOUS
10
5.1203327165354331
20
-2.1157272440944883
11
5.1203062598425193
21
-2.1157324803149606
0
LINE
8
BLACK
6
CONTINUOUS
10
5.1203062598425193
20
-2.1157324803149606
11
5.1203291338582675
21
-2.1183044488188978
0
LINE
8
BLACK
6
CONTINUOUS
10
5.1203291338582675
20
-2.1183044488188978
11
5.1188625984251965
21
-2.1206316929133857
0
LINE
8
BLACK
6
CONTINUOUS
10
5.1188625984251965
20
-2.1206316929133857
11
5.1163706692913387
21
-2.1217966141732285
0
LINE
8
BLACK
6
CONTINUOUS
10
5.1163706692913387
20
-2.1217966141732285
11
5.113644527559055
21
-2.1214293700787401
0
LINE
8
BLACK
6
CONTINUOUS
10
5.113644527559055
20
-2.1214293700787401
11
5.1121809448818896
21
-2.1204227952755903
0
LINE
8
BLACK
6
CONTINUOUS
10
5.1121809448818896
20
-2.1204227952755903
11
5.0510264173228343
21
-2.0592682677165355
0
LINE
8
BLACK
6
CONTINUOUS
10
5.0510264173228343
20
-2.0592682677165355
11
5.0499681496062987
21
-2.0576844488188977
0
LINE
8
BLACK
6
CONTINUOUS
10
5.0499681496062987
20
-2.0576844488188977
11
5.0476140551181103
21
-2.0520010629921259
0
LINE
8
BLACK
6
CONTINUOUS
10
5.0476140551181103
20
-2.0520010629921259
11
5.0476137795275591
21
-2.0520005511811021
0
LINE
8
BLACK
6
CONTINUOUS
10
5.0476137795275591
20
-2.0520005511811021
11
5.0441649212598421
21
-2.0468390157480316
0
LINE
8
BLACK
6
CONTINUOUS
10
5.0441649212598421
20
-2.0468390157480316
11
5.0441648031496058
21
-2.0468388582677166
0
LINE
8
BLACK
6
CONTINUOUS
10
5.0441648031496058
20
-2.0468388582677166
11
5.0397752755905509
21
-2.0424493307086613
0
LINE
8
BLACK
6
CONTINUOUS
10
5.0397752755905509
20
-2.0424493307086613
11
5.0397751181102359
21
-2.042449212598425
0
LINE
8
BLACK
6
CONTINUOUS
10
5.0397751181102359
20
-2.042449212598425
11
5.0346135826771654
21
-2.0390003543307085
0
LINE
8
BLACK
6
CONTINUOUS
10
5.0346135826771654
20
-2.0390003543307085
11
5.0346130708661416
21
-2.0390000787401577
0
LINE
8
BLACK
6
CONTINUOUS
10
5.0346130708661416
20
-2.0390000787401577
11
5.0288779921259845
21
-2.0366245669291336
0
LINE
8
BLACK
6
CONTINUOUS
10
5.0288779921259845
20
-2.0366245669291336
11
5.0288775196850395
21
-2.0366244488188974
0
LINE
8
BLACK
6
CONTINUOUS
10
5.0288775196850395
20
-2.0366244488188974
11
5.0227891732283467
21
-2.0354133858267716
0
LINE
8
BLACK
6
CONTINUOUS
10
5.0227891732283467
20
-2.0354133858267716
11
5.0227890551181105
21
-2.0354133858267716
0
LINE
8
BLACK
6
CONTINUOUS
10
5.0227890551181105
20
-2.0354133858267716
11
5.0165810236220469
21
-2.0354133858267716
0
LINE
8
BLACK
6
CONTINUOUS
10
5.0165810236220469
20
-2.0354133858267716
11
5.0165809055118107
21
-2.0354133858267716
0
LINE
8
BLACK
6
CONTINUOUS
10
5.0165809055118107
20
-2.0354133858267716
11
5.0104925196850392
21
-2.0366244488188974
0
LINE
8
BLACK
6
CONTINUOUS
10
5.0104925196850392
20
-2.0366244488188974
11
5.0104920472440941
21
-2.0366245669291336
0
LINE
8
BLACK
6
CONTINUOUS
10
5.0104920472440941
20
-2.0366245669291336
11
5.004756968503937
21
-2.0390000787401577
0
LINE
8
BLACK
6
CONTINUOUS
10
5.004756968503937
20
-2.0390000787401577
11
5.0047564566929132
21
-2.0390003543307085
0
LINE
8
BLACK
6
CONTINUOUS
10
5.0047564566929132
20
-2.0390003543307085
11
4.9995949212598427
21
-2.042449212598425
0
LINE
8
BLACK
6
CONTINUOUS
10
4.9995949212598427
20
-2.042449212598425
11
4.9995947637795277
21
-2.0424493307086613
0
LINE
8
BLACK
6
CONTINUOUS
10
4.9995947637795277
20
-2.0424493307086613
11
4.995205236220472
21
-2.0468388582677166
0
LINE
8
BLACK
6
CONTINUOUS
10
4.995205236220472
20
-2.0468388582677166
11
4.9952051181102357
21
-2.0468390157480316
0
LINE
8
BLACK
6
CONTINUOUS
10
4.9952051181102357
20
-2.0468390157480316
11
4.9917562598425196
21
-2.0520005511811021
0
LINE
8
BLACK
6
CONTINUOUS
10
4.9917562598425196
20
-2.0520005511811021
11
4.9917559842519683
21
-2.0520010629921259
0
LINE
8
BLACK
6
CONTINUOUS
10
4.9917559842519683
20
-2.0520010629921259
11
4.9893804724409447
21
-2.0577361417322835
0
LINE
8
BLACK
6
CONTINUOUS
10
4.9893804724409447
20
-2.0577361417322835
11
4.9893803543307085
21
-2.0577366141732285
0
LINE
8
BLACK
6
CONTINUOUS
10
4.9893803543307085
20
-2.0577366141732285
11
4.9881692913385827
21
-2.0638249212598425
0
LINE
8
BLACK
6
CONTINUOUS
10
4.9881692913385827
20
-2.0638249212598425
11
4.9881692913385827
21
-2.0700333070866139
0
LINE
8
BLACK
6
CONTINUOUS
10
4.9881692913385827
20
-2.0700333070866139
11
4.9893803543307085
21
-2.0761216141732284
0
LINE
8
BLACK
6
CONTINUOUS
10
4.9893803543307085
20
-2.0761216141732284
11
4.9893804724409447
21
-2.076122086614173
0
LINE
8
BLACK
6
CONTINUOUS
10
4.9893804724409447
20
-2.076122086614173
11
4.9917559842519683
21
-2.0818571653543305
0
LINE
8
BLACK
6
CONTINUOUS
10
4.9917559842519683
20
-2.0818571653543305
11
4.9917562598425196
21
-2.0818576771653543
0
LINE
8
BLACK
6
CONTINUOUS
10
4.9917562598425196
20
-2.0818576771653543
11
4.9952051181102357
21
-2.0870192125984253
0
LINE
8
BLACK
6
CONTINUOUS
10
4.9952051181102357
20
-2.0870192125984253
11
4.995205236220472
21
-2.0870193700787403
0
LINE
8
BLACK
6
CONTINUOUS
10
4.995205236220472
20
-2.0870193700787403
11
4.9995947637795277
21
-2.0914088976377951
0
LINE
8
BLACK
6
CONTINUOUS
10
4.9995947637795277
20
-2.0914088976377951
11
4.9995949212598427
21
-2.0914090157480314
0
LINE
8
BLACK
6
CONTINUOUS
10
4.9995949212598427
20
-2.0914090157480314
11
5.0047564566929132
21
-2.094857874015748
0
LINE
8
BLACK
6
CONTINUOUS
10
5.0047564566929132
20
-2.094857874015748
11
5.004756968503937
21
-2.0948581496062992
0
LINE
8
BLACK
6
CONTINUOUS
10
5.004756968503937
20
-2.0948581496062992
11
5.0104403543307088
21
-2.097212244094488
0
LINE
8
BLACK
6
CONTINUOUS
10
5.0104403543307088
20
-2.097212244094488
11
5.0120241732283466
21
-2.0982705118110236
0
LINE
8
BLACK
6
CONTINUOUS
10
5.0120241732283466
20
-2.0982705118110236
11
5.2072118503937004
21
-2.2934581889763779
0
LINE
8
BLACK
6
CONTINUOUS
10
5.2072118503937004
20
-2.2934581889763779
11
5.2085301574803147
21
-2.2958724803149604
0
LINE
8
BLACK
6
CONTINUOUS
10
5.2085301574803147
20
-2.2958724803149604
11
5.2086417322834642
21
-2.2969101968503938
0
LINE
8
BLACK
6
CONTINUOUS
10
5.2086417322834642
20
-2.2969101968503938
11
5.2086417322834642
21
-2.4019480708661418
0
LINE
8
BLACK
6
CONTINUOUS
10
5.2086417322834642
20
-2.4019480708661418
11
5.2078667322834642
21
-2.404587401574803
0
LINE
8
BLACK
6
CONTINUOUS
10
5.2078667322834642
20
-2.404587401574803
11
5.205787834645669
21
-2.4063887795275591
0
LINE
8
BLACK
6
CONTINUOUS
10
5.205787834645669
20
-2.4063887795275591
11
5.2030650787401571
21
-2.4067802755905512
0
LINE
8
BLACK
6
CONTINUOUS
10
5.2030650787401571
20
-2.4067802755905512
11
5.2005628740157483
21
-2.4056375590551182
0
LINE
8
BLACK
6
CONTINUOUS
10
5.2005628740157483
20
-2.4056375590551182
11
5.2003078346456695
21
-2.4054000787401573
0
LINE
8
BLACK
6
CONTINUOUS
10
5.2003078346456695
20
-2.4054000787401573
11
5.0510264173228343
21
-2.256118661417323
0
LINE
8
BLACK
6
CONTINUOUS
10
5.0510264173228343
20
-2.256118661417323
11
5.0499681496062987
21
-2.2545348425196852
0
LINE
8
BLACK
6
CONTINUOUS
10
5.0499681496062987
20
-2.2545348425196852
11
5.0476140551181103
21
-2.2488514566929134
0
LINE
8
BLACK
6
CONTINUOUS
10
5.0476140551181103
20
-2.2488514566929134
11
5.0476137795275591
21
-2.2488509448818896
0
LINE
8
BLACK
6
CONTINUOUS
10
5.0476137795275591
20
-2.2488509448818896
11
5.0441649212598421
21
-2.2436894094488187
0
LINE
8
BLACK
6
CONTINUOUS
10
5.0441649212598421
20
-2.2436894094488187
11
5.0441648031496058
21
-2.2436892519685041
0
LINE
8
BLACK
6
CONTINUOUS
10
5.0441648031496058
20
-2.2436892519685041
11
5.0397752755905509
21
-2.2392997244094488
0
LINE
8
BLACK
6
CONTINUOUS
10
5.0397752755905509
20
-2.2392997244094488
11
5.0397751181102359
21
-2.2392996062992125
0
LINE
8
BLACK
6
CONTINUOUS
10
5.0397751181102359
20
-2.2392996062992125
11
5.0346135826771654
21
-2.235850748031496
0
LINE
8
BLACK
6
CONTINUOUS
10
5.0346135826771654
20
-2.235850748031496
11
5.0346130708661416
21
-2.2358504724409447
0
LINE
8
BLACK
6
CONTINUOUS
10
5.0346130708661416
20
-2.2358504724409447
11
5.0288779921259845
21
-2.2334749606299211
0
LINE
8
BLACK
6
CONTINUOUS
10
5.0288779921259845
20
-2.2334749606299211
11
5.0288775196850395
21
-2.2334748425196849
0
LINE
8
BLACK
6
CONTINUOUS
10
5.0288775196850395
20
-2.2334748425196849
11
5.0227891732283467
21
-2.2322637795275591
0
LINE
8
BLACK
6
CONTINUOUS
10
5.0227891732283467
20
-2.2322637795275591
11
5.0227890551181105
21
-2.2322637795275591
0
LINE
8
BLACK
6
CONTINUOUS
10
5.0227890551181105
20
-2.2322637795275591
11
5.0165810236220469
21
-2.2322637795275591
0
LINE
8
BLACK
6
CONTINUOUS
10
5.0165810236220469
20
-2.2322637795275591
11
5.0165809055118107
21
-2.2322637795275591
0
LINE
8
BLACK
6
CONTINUOUS
10
5.0165809055118107
20
-2.2322637795275591
11
5.0137279921259843
21
-2.2328312598425195
0
LINE
8
BLACK
6
CONTINUOUS
10
5.0137279921259843
20
-2.2328312598425195
11
5.0109881889763779
21
-2.2325861023622049
0
LINE
8
BLACK
6
CONTINUOUS
10
5.0109881889763779
20
-2.2325861023622049
11
5.0088158267716532
21
-2.2308985826771655
0
LINE
8
BLACK
6
CONTINUOUS
10
5.0088158267716532
20
-2.2308985826771655
11
5.0079007086614169
21
-2.2283044881889764
0
LINE
8
BLACK
6
CONTINUOUS
10
5.0079007086614169
20
-2.2283044881889764
11
5.0078937007874016
21
-2.2280431889763781
0
LINE
8
BLACK
6
CONTINUOUS
10
5.0078937007874016
20
-2.2280431889763781
11
5.0078937007874016
21
-2.2181699999999998
0
LINE
8
BLACK
6
CONTINUOUS
10
5.0078937007874016
20
-2.2181699999999998
11
5.0086687007874016
21
-2.2155306692913386
0
LINE
8
BLACK
6
CONTINUOUS
10
5.0086687007874016
20
-2.2155306692913386
11
5.0093234251968504
21
-2.2147181496062993
0
LINE
8
BLACK
6
CONTINUOUS
10
5.0093234251968504
20
-2.2147181496062993
11
5.0273459055118108
21
-2.1966956299212597
0
LINE
8
BLACK
6
CONTINUOUS
10
5.0273459055118108
20
-2.1966956299212597
11
5.0289295275590549
21
-2.1956374803149608
0
LINE
8
BLACK
6
CONTINUOUS
10
5.0289295275590549
20
-2.1956374803149608
11
5.033727322834646
21
-2.1936502362204724
0
LINE
8
BLACK
6
CONTINUOUS
10
5.033727322834646
20
-2.1936502362204724
11
5.0346131102362204
21
-2.1932833464566928
0
LINE
8
BLACK
6
CONTINUOUS
10
5.0346131102362204
20
-2.1932833464566928
11
5.0346132283464566
21
-2.1932832677165353
0
LINE
8
BLACK
6
CONTINUOUS
10
5.0346132283464566
20
-2.1932832677165353
11
5.0346133464566929
21
-2.1932832283464565
0
LINE
8
BLACK
6
CONTINUOUS
10
5.0346133464566929
20
-2.1932832283464565
11
5.0397751574803147
21
-2.1898342125984254
0
LINE
8
BLACK
6
CONTINUOUS
10
5.0397751574803147
20
-2.1898342125984254
11
5.0441649212598421
21
-2.1854444488188975
0
LINE
8
BLACK
6
CONTINUOUS
10
5.0441649212598421
20
-2.1854444488188975
11
5.0476139370078741
21
-2.1802826377952758
0
LINE
8
BLACK
6
CONTINUOUS
10
5.0476139370078741
20
-2.1802826377952758
11
5.0499896456692914
21
-2.1745471259842519
0
LINE
8
BLACK
6
CONTINUOUS
10
5.0499896456692914
20
-2.1745471259842519
11
5.0512007874015747
21
-2.1684583464566929
0
LINE
8
BLACK
6
CONTINUOUS
10
5.0512007874015747
20
-2.1684583464566929
11
5.0512007874015747
21
-2.1622503149606298
0
LINE
8
BLACK
6
CONTINUOUS
10
5.0512007874015747
20
-2.1622503149606298
11
5.0512007874015747
21
-2.1622501968503935
0
LINE
8
BLACK
6
CONTINUOUS
10
5.0512007874015747
20
-2.1622501968503935
11
5.051200748031496
21
-2.162250118110236
0
LINE
8
BLACK
6
CONTINUOUS
10
5.051200748031496
20
-2.162250118110236
11
5.0504355905511806
21
-2.1584034251968505
0
LINE
8
BLACK
6
CONTINUOUS
10
5.0504355905511806
20
-2.1584034251968505
11
5.0499896456692914
21
-2.1561615354330708
0
LINE
8
BLACK
6
CONTINUOUS
10
5.0499896456692914
20
-2.1561615354330708
11
5.0499681496062987
21
-2.1561096062992124
0
LINE
8
BLACK
6
CONTINUOUS
10
5.0499681496062987
20
-2.1561096062992124
11
5.0476140551181103
21
-2.1504262598425194
0
LINE
8
BLACK
6
CONTINUOUS
10
5.0476140551181103
20
-2.1504262598425194
11
5.0476137795275591
21
-2.1504257480314961
0
LINE
8
BLACK
6
CONTINUOUS
10
5.0476137795275591
20
-2.1504257480314961
11
5.0441649212598421
21
-2.1452642125984251
0
LINE
8
BLACK
6
CONTINUOUS
10
5.0441649212598421
20
-2.1452642125984251
11
5.0441648031496058
21
-2.1452640551181101
0
LINE
8
BLACK
6
CONTINUOUS
10
5.0441648031496058
20
-2.1452640551181101
11
5.0397752755905509
21
-2.1408745275590553
0
LINE
8
BLACK
6
CONTINUOUS
10
5.0397752755905509
20
-2.1408745275590553
11
5.0397751181102359
21
-2.140874409448819
0
LINE
8
BLACK
6
CONTINUOUS
10
5.0397751181102359
20
-2.140874409448819
11
5.0346135826771654
21
-2.1374255511811024
0
LINE
8
BLACK
6
CONTINUOUS
10
5.0346135826771654
20
-2.1374255511811024
11
5.0346130708661416
21
-2.1374252755905512
0
LINE
8
BLACK
6
CONTINUOUS
10
5.0346130708661416
20
-2.1374252755905512
11
5.0288779921259845
21
-2.1350497637795276
0
LINE
8
BLACK
6
CONTINUOUS
10
5.0288779921259845
20
-2.1350497637795276
11
5.0288775196850395
21
-2.1350496456692913
0
LINE
8
BLACK
6
CONTINUOUS
10
5.0288775196850395
20
-2.1350496456692913
11
5.0227891732283467
21
-2.1338385826771651
0
LINE
8
BLACK
6
CONTINUOUS
10
5.0227891732283467
20
-2.1338385826771651
11
5.0227890551181105
21
-2.1338385826771651
0
LINE
8
BLACK
6
CONTINUOUS
10
5.0227890551181105
20
-2.1338385826771651
11
5.0165810236220469
21
-2.1338385826771651
0
LINE
8
BLACK
6
CONTINUOUS
10
5.0165810236220469
20
-2.1338385826771651
11
5.0165809055118107
21
-2.1338385826771651
0
LINE
8
BLACK
6
CONTINUOUS
10
5.0165809055118107
20
-2.1338385826771651
11
5.0104925196850392
21
-2.1350496456692913
0
LINE
8
BLACK
6
CONTINUOUS
10
5.0104925196850392
20
-2.1350496456692913
11
5.0104920472440941
21
-2.1350497637795276
0
LINE
8
BLACK
6
CONTINUOUS
10
5.0104920472440941
20
-2.1350497637795276
11
5.004756968503937
21
-2.1374252755905512
0
LINE
8
BLACK
6
CONTINUOUS
10
5.004756968503937
20
-2.1374252755905512
11
5.0047564566929132
21
-2.1374255511811024
0
LINE
8
BLACK
6
CONTINUOUS
10
5.0047564566929132
20
-2.1374255511811024
11
4.9995949212598427
21
-2.140874409448819
0
LINE
8
BLACK
6
CONTINUOUS
10
4.9995949212598427
20
-2.140874409448819
11
4.9995947637795277
21
-2.1408745275590553
0
LINE
8
BLACK
6
CONTINUOUS
10
4.9995947637795277
20
-2.1408745275590553
11
4.995205236220472
21
-2.1452640551181101
0
LINE
8
BLACK
6
CONTINUOUS
10
4.995205236220472
20
-2.1452640551181101
11
4.9952051181102357
21
-2.1452642125984251
0
LINE
8
BLACK
6
CONTINUOUS
10
4.9952051181102357
20
-2.1452642125984251
11
4.9917562598425196
21
-2.1504257480314961
0
LINE
8
BLACK
6
CONTINUOUS
10
4.9917562598425196
20
-2.1504257480314961
11
4.9917560629921258
21
-2.1504261023622049
0
LINE
8
BLACK
6
CONTINUOUS
10
4.9917560629921258
20
-2.1504261023622049
11
4.9894019291338578
21
-2.1561096062992124
0
LINE
8
BLACK
6
CONTINUOUS
10
4.9894019291338578
20
-2.1561096062992124
11
4.9883436614173231
21
-2.1576933858267715
0
LINE
8
BLACK
6
CONTINUOUS
10
4.9883436614173231
20
-2.1576933858267715
11
4.9588931889763774
21
-2.1871438582677163
0
LINE
8
BLACK
6
CONTINUOUS
10
4.9588931889763774
20
-2.1871438582677163
11
4.9580168897637797
21
-2.1884553937007873
0
LINE
8
BLACK
6
CONTINUOUS
10
4.9580168897637797
20
-2.1884553937007873
11
4.9569979527559056
21
-2.1899803543307086
0
LINE
8
BLACK
6
CONTINUOUS
10
4.9569979527559056
20
-2.1899803543307086
11
4.9564345275590549
21
-2.1908235433070864
0
LINE
8
BLACK
6
CONTINUOUS
10
4.9564345275590549
20
-2.1908235433070864
11
4.9558749212598423
21
-2.191661062992126
0
LINE
8
BLACK
6
CONTINUOUS
10
4.9558749212598423
20
-2.191661062992126
11
4.9537961023622046
21
-2.1966798031496064
0
LINE
8
BLACK
6
CONTINUOUS
10
4.9537961023622046
20
-2.1966798031496064
11
4.9537959842519683
21
-2.1966801968503935
0
LINE
8
BLACK
6
CONTINUOUS
10
4.9537959842519683
20
-2.1966801968503935
11
4.952736220472441
21
-2.2020080314960628
0
LINE
8
BLACK
6
CONTINUOUS
10
4.952736220472441
20
-2.2020080314960628
11
4.952736220472441
21
-2.2020081496062991
0
LINE
8
BLACK
6
CONTINUOUS
10
4.952736220472441
20
-2.2020081496062991
11
4.952736220472441
21
-2.3988585039370078
0
LINE
8
BLACK
6
CONTINUOUS
10
4.952736220472441
20
-2.3988585039370078
11
4.952736220472441
21
-2.4042911023622047
0
LINE
8
BLACK
6
CONTINUOUS
10
4.952736220472441
20
-2.4042911023622047
11
4.952736220472441
21
-2.4042911811023622
0
LINE
8
BLACK
6
CONTINUOUS
10
4.952736220472441
20
-2.4042911811023622
11
4.9527361811023622
21
-2.4042911811023622
0
LINE
8
BLACK
6
CONTINUOUS
10
4.9527361811023622
20
-2.4042911811023622
11
4.9537959842519683
21
-2.4096189763779527
0
LINE
8
BLACK
6
CONTINUOUS
10
5.8222244094488191
20
-4.4333183464566925
11
5.8235335826771655
21
-4.4415842125984248
0
LINE
8
BLACK
6
CONTINUOUS
10
5.8235335826771655
20
-4.4415842125984248
11
5.8261198425196845
21
-4.4495438582677167
0
LINE
8
BLACK
6
CONTINUOUS
10
5.8261198425196845
20
-4.4495438582677167
11
5.8299193307086616
21
-4.4570007874015749
0
LINE
8
BLACK
6
CONTINUOUS
10
5.8299193307086616
20
-4.4570007874015749
11
5.8348381889763781
21
-4.4637711023622044
0
LINE
8
BLACK
6
CONTINUOUS
10
5.8348381889763781
20
-4.4637711023622044
11
5.8407564173228348
21
-4.4696893307086611
0
LINE
8
BLACK
6
CONTINUOUS
10
5.8407564173228348
20
-4.4696893307086611
11
5.8475267322834643
21
-4.4746081889763776
0
LINE
8
BLACK
6
CONTINUOUS
10
5.8475267322834643
20
-4.4746081889763776
11
5.8475268110236218
21
-4.4746082283464563
0
LINE
8
BLACK
6
CONTINUOUS
10
5.8475268110236218
20
-4.4746082283464563
11
5.8475269291338581
21
-4.4746083070866138
0
LINE
8
BLACK
6
CONTINUOUS
10
5.8475269291338581
20
-4.4746083070866138
11
5.8549837795275588
21
-4.4784077559055113
0
LINE
8
BLACK
6
CONTINUOUS
10
5.8549837795275588
20
-4.4784077559055113
11
5.8629431889763781
21
-4.4809939370078737
0
LINE
8
BLACK
6
CONTINUOUS
10
5.8629431889763781
20
-4.4809939370078737
11
5.8712091732283467
21
-4.4823031496062988
0
LINE
8
BLACK
6
CONTINUOUS
10
5.8712091732283467
20
-4.4823031496062988
11
5.8712092125984254
21
-4.4823031496062988
0
LINE
8
BLACK
6
CONTINUOUS
10
5.8712092125984254
20
-4.4823031496062988
11
5.8795781889763781
21
-4.4823031496062988
0
LINE
8
BLACK
6
CONTINUOUS
10
5.8795781889763781
20
-4.4823031496062988
11
5.8795782283464568
21
-4.4823031496062988
0
LINE
8
BLACK
6
CONTINUOUS
10
5.8795782283464568
20
-4.4823031496062988
11
5.8878442125984254
21
-4.4809939370078737
0
LINE
8
BLACK
6
CONTINUOUS
10
5.8878442125984254
20
-4.4809939370078737
11
5.8958036220472438
21
-4.4784077559055113
0
LINE
8
BLACK
6
CONTINUOUS
10
5.8958036220472438
20
-4.4784077559055113
11
5.9032604724409445
21
-4.4746083070866138
0
LINE
8
BLACK
6
CONTINUOUS
10
5.9032604724409445
20
-4.4746083070866138
11
5.9100311811023625
21
-4.4696891338582674
0
LINE
8
BLACK
6
CONTINUOUS
10
5.9100311811023625
20
-4.4696891338582674
11
5.9145011417322833
21
-4.4652191338582679
0
LINE
8
BLACK
6
CONTINUOUS
10
5.9145011417322833
20
-4.4652191338582679
11
5.9169152755905507
21
-4.4639009448818898
0
LINE
8
BLACK
6
CONTINUOUS
10
5.9169152755905507
20
-4.4639009448818898
11
5.9196590551181103
21
-4.4640971653543309
0
LINE
8
BLACK
6
CONTINUOUS
10
5.9196590551181103
20
-4.4640971653543309
11
5.9218611811023623
21
-4.4657456299212601
0
LINE
8
BLACK
6
CONTINUOUS
10
5.9218611811023623
20
-4.4657456299212601
11
5.922527125984252
21
-4.4669652362204726
0
LINE
8
BLACK
6
CONTINUOUS
10
5.922527125984252
20
-4.4669652362204726
11
5.924456771653543
21
-4.4721388976377954
0
LINE
8
BLACK
6
CONTINUOUS
10
5.924456771653543
20
-4.4721388976377954
11
5.924456929133858
21
-4.4721391732283466
0
LINE
8
BLACK
6
CONTINUOUS
10
5.924456929133858
20
-4.4721391732283466
11
5.9278524409448821
21
-4.4766749606299214
0
LINE
8
BLACK
6
CONTINUOUS
10
5.9278524409448821
20
-4.4766749606299214
11
5.9278525590551183
21
-4.4766750787401577
0
LINE
8
BLACK
6
CONTINUOUS
10
5.9278525590551183
20
-4.4766750787401577
11
5.9323883464566931
21
-4.4800705905511808
0
LINE
8
BLACK
6
CONTINUOUS
10
5.9323883464566931
20
-4.4800705905511808
11
5.9323886220472444
21
-4.4800707480314959
0
LINE
8
BLACK
6
CONTINUOUS
10
5.9323886220472444
20
-4.4800707480314959
11
5.937697519685039
21
-4.482050826771653
0
LINE
8
BLACK
6
CONTINUOUS
10
5.937697519685039
20
-4.482050826771653
11
5.9376974803149603
21
-4.482050826771653
0
LINE
8
BLACK
6
CONTINUOUS
10
5.9376974803149603
20
-4.482050826771653
11
5.9379702362204725
21
-4.4820801181102361
0
LINE
8
BLACK
6
CONTINUOUS
10
5.9379702362204725
20
-4.4820801181102361
11
5.9400443700787404
21
-4.4823031496062988
0
LINE
8
BLACK
6
CONTINUOUS
10
5.9400443700787404
20
-4.4823031496062988
11
6.0107429921259845
21
-4.4823031102362201
0
LINE
8
BLACK
6
CONTINUOUS
10
6.0107429921259845
20
-4.4823031102362201
11
6.0130898818897638
21
-4.482050826771653
0
LINE
8
BLACK
6
CONTINUOUS
10
6.0130898818897638
20
-4.482050826771653
11
6.0183988582677168
21
-4.4800707086614171
0
LINE
8
BLACK
6
CONTINUOUS
10
6.0183988582677168
20
-4.4800707086614171
11
6.0229348818897632
21
-4.4766750393700789
0
LINE
8
BLACK
6
CONTINUOUS
10
6.0229348818897632
20
-4.4766750393700789
11
6.0263305511811023
21
-4.4721390157480316
0
LINE
8
BLACK
6
CONTINUOUS
10
6.0263305511811023
20
-4.4721390157480316
11
6.0283106692913382
21
-4.4668300393700786
0
LINE
8
BLACK
6
CONTINUOUS
10
6.0283106692913382
20
-4.4668300393700786
11
6.028562992125984
21
-4.4644831889763781
0
LINE
8
BLACK
6
CONTINUOUS
10
6.028562992125984
20
-4.4644831889763781
11
6.0285629527559053
21
-4.393784566929134
0
LINE
8
BLACK
6
CONTINUOUS
10
6.0285629527559053
20
-4.393784566929134
11
6.0283106692913382
21
-4.3914376771653538
0
LINE
8
BLACK
6
CONTINUOUS
10
6.0283106692913382
20
-4.3914376771653538
11
6.028260236220472
21
-4.3913024803149607
0
LINE
8
BLACK
6
CONTINUOUS
10
6.028260236220472
20
-4.3913024803149607
11
6.026330590551181
21
-4.3861287795275592
0
LINE
8
BLACK
6
CONTINUOUS
10
6.026330590551181
20
-4.3861287795275592
11
6.026330433070866
21
-4.3861285039370079
0
LINE
8
BLACK
6
CONTINUOUS
10
6.026330433070866
20
-4.3861285039370079
11
6.022934921259842
21
-4.3815927165354331
0
LINE
8
BLACK
6
CONTINUOUS
10
6.022934921259842
20
-4.3815927165354331
11
6.0229348031496057
21
-4.3815925984251969
0
LINE
8
BLACK
6
CONTINUOUS
10
6.0229348031496057
20
-4.3815925984251969
11
6.0183990157480309
21
-4.3781970866141728
0
LINE
8
BLACK
6
CONTINUOUS
10
6.0183990157480309
20
-4.3781970866141728
11
6.0183987401574806
21
-4.3781969291338578
0
LINE
8
BLACK
6
CONTINUOUS
10
6.0183987401574806
20
-4.3781969291338578
11
6.013089842519685
21
-4.3762168503937007
0
LINE
8
BLACK
6
CONTINUOUS
10
6.013089842519685
20
-4.3762168503937007
11
6.0130898818897638
21
-4.3762168503937007
0
LINE
8
BLACK
6
CONTINUOUS
10
6.0130898818897638
20
-4.3762168503937007
11
6.0107434251968499
21
-4.3759646062992124
0
LINE
8
BLACK
6
CONTINUOUS
10
6.0107434251968499
20
-4.3759646062992124
11
6.0107433464566924
21
-4.3759645669291336
0
LINE
8
BLACK
6
CONTINUOUS
10
6.0107433464566924
20
-4.3759645669291336
11
6.0107430314960633
21
-4.3759645669291336
0
LINE
8
BLACK
6
CONTINUOUS
10
6.0107430314960633
20
-4.3759645669291336
11
6.0107426771653545
21
-4.3759645669291336
0
LINE
8
BLACK
6
CONTINUOUS
10
6.0107426771653545
20
-4.3759645669291336
11
5.9400444488188979
21
-4.3759645669291336
0
LINE
8
BLACK
6
CONTINUOUS
10
5.9400444488188979
20
-4.3759645669291336
11
5.9400442125984254
21
-4.3759646062992124
0
LINE
8
BLACK
6
CONTINUOUS
10
5.9400442125984254
20
-4.3759646062992124
11
5.9376974803149603
21
-4.3762168503937007
0
LINE
8
BLACK
6
CONTINUOUS
10
5.9376974803149603
20
-4.3762168503937007
11
5.9323886220472444
21
-4.3781969291338578
0
LINE
8
BLACK
6
CONTINUOUS
10
5.9323886220472444
20
-4.3781969291338578
11
5.9323883464566931
21
-4.3781970866141728
0
LINE
8
BLACK
6
CONTINUOUS
10
5.9323883464566931
20
-4.3781970866141728
11
5.9278525590551183
21
-4.3815925984251969
0
LINE
8
BLACK
6
CONTINUOUS
10
5.9278525590551183
20
-4.3815925984251969
11
5.9278524409448821
21
-4.3815927165354331
0
LINE
8
BLACK
6
CONTINUOUS
10
5.9278524409448821
20
-4.3815927165354331
11
5.924456929133858
21
-4.3861285039370079
0
LINE
8
BLACK
6
CONTINUOUS
10
5.924456929133858
20
-4.3861285039370079
11
5.9244568110236218
21
-4.3861287007874017
0
LINE
8
BLACK
6
CONTINUOUS
10
5.9244568110236218
20
-4.3861287007874017
11
5.922527125984252
21
-4.3913024803149607
0
LINE
8
BLACK
6
CONTINUOUS
10
5.922527125984252
20
-4.3913024803149607
11
5.920878622047244
21
-4.3935045669291339
0
LINE
8
BLACK
6
CONTINUOUS
10
5.920878622047244
20
-4.3935045669291339
11
5.9183012992125983
21
-4.394465866141732
0
LINE
8
BLACK
6
CONTINUOUS
10
5.9183012992125983
20
-4.394465866141732
11
5.9156133858267719
21
-4.3938811417322832
0
LINE
8
BLACK
6
CONTINUOUS
10
5.9156133858267719
20
-4.3938811417322832
11
5.914501023622047
21
-4.3930484251968505
0
LINE
8
BLACK
6
CONTINUOUS
10
5.914501023622047
20
-4.3930484251968505
11
5.91003094488189
21
-4.3885783464566925
0
LINE
8
BLACK
6
CONTINUOUS
10
5.91003094488189
20
-4.3885783464566925
11
5.9032606299212596
21
-4.3836594881889761
0
LINE
8
BLACK
6
CONTINUOUS
10
5.9032606299212596
20
-4.3836594881889761
11
5.8958037007874013
21
-4.3798599999999999
0
LINE
8
BLACK
6
CONTINUOUS
10
5.8958037007874013
20
-4.3798599999999999
11
5.8958036614173226
21
-4.3798599606299211
0
LINE
8
BLACK
6
CONTINUOUS
10
5.8958036614173226
20
-4.3798599606299211
11
5.8958036220472438
21
-4.3798599606299211
0
LINE
8
BLACK
6
CONTINUOUS
10
5.8958036220472438
20
-4.3798599606299211
11
5.8878442125984254
21
-4.3772737795275587
0
LINE
8
BLACK
6
CONTINUOUS
10
5.8878442125984254
20
-4.3772737795275587
11
5.8878441338582679
21
-4.3772737401574799
0
LINE
8
BLACK
6
CONTINUOUS
10
5.8878441338582679
20
-4.3772737401574799
11
5.8878440944881891
21
-4.3772737401574799
0
LINE
8
BLACK
6
CONTINUOUS
10
5.8878440944881891
20
-4.3772737401574799
11
5.8814943700787401
21
-4.3762680314960631
0
LINE
8
BLACK
6
CONTINUOUS
10
5.8814943700787401
20
-4.3762680314960631
11
5.8795782283464568
21
-4.3759645669291336
0
LINE
8
BLACK
6
CONTINUOUS
10
5.8795782283464568
20
-4.3759645669291336
11
5.8712091732283467
21
-4.3759645669291336
0
LINE
8
BLACK
6
CONTINUOUS
10
5.8712091732283467
20
-4.3759645669291336
11
5.8692929921259838
21
-4.3762680314960631
0
LINE
8
BLACK
6
CONTINUOUS
10
5.8692929921259838
20
-4.3762680314960631
11
5.8629433070866144
21
-4.3772737401574799
0
LINE
8
BLACK
6
CONTINUOUS
10
5.8629433070866144
20
-4.3772737401574799
11
5.8549836614173225
21
-4.3798599999999999
0
LINE
8
BLACK
6
CONTINUOUS
10
5.8549836614173225
20
-4.3798599999999999
11
5.8475267322834643
21
-4.3836594881889761
0
LINE
8
BLACK
6
CONTINUOUS
10
5.8475267322834643
20
-4.3836594881889761
11
5.8407564173228348
21
-4.3885783464566925
0
LINE
8
BLACK
6
CONTINUOUS
10
5.8407564173228348
20
-4.3885783464566925
11
5.8348381889763781
21
-4.3944965748031493
0
LINE
8
BLACK
6
CONTINUOUS
10
5.8348381889763781
20
-4.3944965748031493
11
5.8299193307086616
21
-4.4012668897637797
0
LINE
8
BLACK
6
CONTINUOUS
10
5.8299193307086616
20
-4.4012668897637797
11
5.8261198425196845
21
-4.4087238188976379
0
LINE
8
BLACK
6
CONTINUOUS
10
5.8261198425196845
20
-4.4087238188976379
11
5.8235335826771655
21
-4.4166834645669288
0
LINE
8
BLACK
6
CONTINUOUS
10
5.8235335826771655
20
-4.4166834645669288
11
5.8222244094488191
21
-4.4249493307086611
0
LINE
8
BLACK
6
CONTINUOUS
10
5.8222244094488191
20
-4.4249493307086611
11
5.8222244094488191
21
-4.4333183464566925
0
LINE
8
BLACK
6
CONTINUOUS
10
5.5984055118110234
20
-3.3101907874015746
11
5.5996165748031492
21
-3.316279094488189
0
LINE
8
BLACK
6
CONTINUOUS
10
5.5996165748031492
20
-3.316279094488189
11
5.5996166929133855
21
-3.3162795669291336
0
LINE
8
BLACK
6
CONTINUOUS
10
5.5996166929133855
20
-3.3162795669291336
11
5.601970905511811
21
-3.3219631496062991
0
LINE
8
BLACK
6
CONTINUOUS
10
5.601970905511811
20
-3.3219631496062991
11
5.6023425196850392
21
-3.3238313385826772
0
LINE
8
BLACK
6
CONTINUOUS
10
5.6023425196850392
20
-3.3238313385826772
11
5.6023425196850392
21
-3.3434003937007875
0
LINE
8
BLACK
6
CONTINUOUS
10
5.6023425196850392
20
-3.3434003937007875
11
5.6023425196850392
21
-3.3488329921259843
0
LINE
8
BLACK
6
CONTINUOUS
10
5.6023425196850392
20
-3.3488329921259843
11
5.6023425196850392
21
-3.3488330708661418
0
LINE
8
BLACK
6
CONTINUOUS
10
5.6023425196850392
20
-3.3488330708661418
11
5.6023424803149604
21
-3.3488330708661418
0
LINE
8
BLACK
6
CONTINUOUS
10
5.6023424803149604
20
-3.3488330708661418
11
5.6034022834645665
21
-3.3541608661417324
0
LINE
8
BLACK
6
CONTINUOUS
10
5.6034022834645665
20
-3.3541608661417324
11
5.6034024015748027
21
-3.3541612598425194
0
LINE
8
BLACK
6
CONTINUOUS
10
5.6034024015748027
20
-3.3541612598425194
11
5.6054811811023617
21
-3.3591799606299211
0
LINE
8
BLACK
6
CONTINUOUS
10
5.6054811811023617
20
-3.3591799606299211
11
5.6084994881889765
21
-3.3636972047244096
0
LINE
8
BLACK
6
CONTINUOUS
10
5.6084994881889765
20
-3.3636972047244096
11
5.6084995275590552
21
-3.3636972440944879
0
LINE
8
BLACK
6
CONTINUOUS
10
5.6084995275590552
20
-3.3636972440944879
11
6.0235504330708656
21
-3.7787481102362204
0
LINE
8
BLACK
6
CONTINUOUS
10
6.0235504330708656
20
-3.7787481102362204
11
6.0248687401574799
21
-3.7811624015748029
0
LINE
8
BLACK
6
CONTINUOUS
10
6.0248687401574799
20
-3.7811624015748029
11
6.0249803149606294
21
-3.7822001181102363
0
LINE
8
BLACK
6
CONTINUOUS
10
6.0249803149606294
20
-3.7822001181102363
11
6.0249803149606294
21
-4.0071970866141733
0
LINE
8
BLACK
6
CONTINUOUS
10
6.0249803149606294
20
-4.0071970866141733
11
6.0242053149606294
21
-4.0098364173228349
0
LINE
8
BLACK
6
CONTINUOUS
10
6.0242053149606294
20
-4.0098364173228349
11
6.0233736220472442
21
-4.0107707480314962
0
LINE
8
BLACK
6
CONTINUOUS
10
6.0233736220472442
20
-4.0107707480314962
11
6.0233865354330707
21
-4.0107836614173227
0
LINE
8
BLACK
6
CONTINUOUS
10
6.0233865354330707
20
-4.0107836614173227
11
6.0232170472440947
21
-4.0109531102362208
0
LINE
8
BLACK
6
CONTINUOUS
10
6.0232170472440947
20
-4.0109531102362208
11
6.0232169685039372
21
-4.0109531889763774
0
LINE
8
BLACK
6
CONTINUOUS
10
6.0232169685039372
20
-4.0109531889763774
11
6.0215263385826772
21
-4.0126438188976374
0
LINE
8
BLACK
6
CONTINUOUS
10
6.0215263385826772
20
-4.0126438188976374
11
6.0188271259842514
21
-4.0153429921259844
0
LINE
8
BLACK
6
CONTINUOUS
10
6.0188271259842514
20
-4.0153429921259844
11
6.015378307086614
21
-4.0205044881889762
0
LINE
8
BLACK
6
CONTINUOUS
10
6.015378307086614
20
-4.0205044881889762
11
6.0153780314960628
21
-4.020505
0
LINE
8
BLACK
6
CONTINUOUS
10
6.0153780314960628
20
-4.020505
11
6.0130025196850392
21
-4.0262400787401571
0
LINE
8
BLACK
6
CONTINUOUS
10
6.0130025196850392
20
-4.0262400787401571
11
6.0130024015748029
21
-4.0262405511811021
0
LINE
8
BLACK
6
CONTINUOUS
10
6.0130024015748029
20
-4.0262405511811021
11
6.0117913385826771
21
-4.0323288582677161
0
LINE
8
BLACK
6
CONTINUOUS
10
6.0117913385826771
20
-4.0323288582677161
11
6.0117913385826771
21
-4.0385372440944884
0
LINE
8
BLACK
6
CONTINUOUS
10
6.0117913385826771
20
-4.0385372440944884
11
6.0130024015748029
21
-4.0446255511811025
0
LINE
8
BLACK
6
CONTINUOUS
10
6.0130024015748029
20
-4.0446255511811025
11
6.0130025196850392
21
-4.0446260236220475
0
LINE
8
BLACK
6
CONTINUOUS
10
6.0130025196850392
20
-4.0446260236220475
11
6.0153780314960628
21
-4.0503611023622046
0
LINE
8
BLACK
6
CONTINUOUS
10
6.0153780314960628
20
-4.0503611023622046
11
6.015378307086614
21
-4.0503616141732284
0
LINE
8
BLACK
6
CONTINUOUS
10
6.015378307086614
20
-4.0503616141732284
11
6.0188271653543302
21
-4.0555231496062989
0
LINE
8
BLACK
6
CONTINUOUS
10
6.0188271653543302
20
-4.0555231496062989
11
6.0188272834645664
21
-4.0555233070866139
0
LINE
8
BLACK
6
CONTINUOUS
10
6.0188272834645664
20
-4.0555233070866139
11
6.0232168110236222
21
-4.0599128346456688
0
LINE
8
BLACK
6
CONTINUOUS
10
6.0232168110236222
20
-4.0599128346456688
11
6.0232169685039372
21
-4.059912952755905
0
LINE
8
BLACK
6
CONTINUOUS
10
6.0232169685039372
20
-4.059912952755905
11
6.0283785039370077
21
-4.063361811023622
0
LINE
8
BLACK
6
CONTINUOUS
10
6.0283785039370077
20
-4.063361811023622
11
6.0283790157480315
21
-4.0633620866141733
0
LINE
8
BLACK
6
CONTINUOUS
10
6.0283790157480315
20
-4.0633620866141733
11
6.0341140944881886
21
-4.0657375984251969
0
LINE
8
BLACK
6
CONTINUOUS
10
6.0341140944881886
20
-4.0657375984251969
11
6.0341142913385823
21
-4.0657376771653544
0
LINE
8
BLACK
6
CONTINUOUS
10
6.0341142913385823
20
-4.0657376771653544
11
6.0402028740157476
21
-4.066948779527559
0
LINE
8
BLACK
6
CONTINUOUS
10
6.0402028740157476
20
-4.066948779527559
11
6.0402029921259839
21
-4.0669488188976377
0
LINE
8
BLACK
6
CONTINUOUS
10
6.0402029921259839
20
-4.0669488188976377
11
6.0402030708661414
21
-4.0669488188976377
0
LINE
8
BLACK
6
CONTINUOUS
10
6.0402030708661414
20
-4.0669488188976377
11
6.0464111811023624
21
-4.0669488188976377
0
LINE
8
BLACK
6
CONTINUOUS
10
6.0464111811023624
20
-4.0669488188976377
11
6.0464112204724412
21
-4.066948779527559
0
LINE
8
BLACK
6
CONTINUOUS
10
6.0464112204724412
20
-4.066948779527559
11
6.052499881889764
21
-4.0657376771653544
0
LINE
8
BLACK
6
CONTINUOUS
10
6.052499881889764
20
-4.0657376771653544
11
6.0582353937007873
21
-4.063361968503937
0
LINE
8
BLACK
6
CONTINUOUS
10
6.0582353937007873
20
-4.063361968503937
11
6.0633972047244091
21
-4.059912952755905
0
LINE
8
BLACK
6
CONTINUOUS
10
6.0633972047244091
20
-4.059912952755905
11
6.0677869685039365
21
-4.0555231889763776
0
LINE
8
BLACK
6
CONTINUOUS
10
6.0677869685039365
20
-4.0555231889763776
11
6.0712359842519685
21
-4.0503613779527559
0
LINE
8
BLACK
6
CONTINUOUS
10
6.0712359842519685
20
-4.0503613779527559
11
6.0730207480314959
21
-4.0460525590551182
0
LINE
8
BLACK
6
CONTINUOUS
10
6.0730207480314959
20
-4.0460525590551182
11
6.0737035039370078
21
-4.0444042519685039
0
LINE
8
BLACK
6
CONTINUOUS
10
6.0737035039370078
20
-4.0444042519685039
11
6.0737317322834645
21
-4.0444159448818899
0
LINE
8
BLACK
6
CONTINUOUS
10
6.0737317322834645
20
-4.0444159448818899
11
6.074187244094488
21
-4.043452716535433
0
LINE
8
BLACK
6
CONTINUOUS
10
6.074187244094488
20
-4.043452716535433
11
6.0769989763779524
21
-4.0392446062992127
0
LINE
8
BLACK
6
CONTINUOUS
10
6.0769989763779524
20
-4.0392446062992127
11
6.0784099212598424
21
-4.0358382677165352
0
LINE
8
BLACK
6
CONTINUOUS
10
6.0784099212598424
20
-4.0358382677165352
11
6.0790779527559051
21
-4.0342255511811027
0
LINE
8
BLACK
6
CONTINUOUS
10
6.0790779527559051
20
-4.0342255511811027
11
6.0792909842519682
21
-4.0331544094488185
0
LINE
8
BLACK
6
CONTINUOUS
10
6.0792909842519682
20
-4.0331544094488185
11
6.0795059842519681
21
-4.0320737007874019
0
LINE
8
BLACK
6
CONTINUOUS
10
6.0795059842519681
20
-4.0320737007874019
11
6.0795059842519681
21
-4.0320735826771656
0
LINE
8
BLACK
6
CONTINUOUS
10
6.0795059842519681
20
-4.0320735826771656
11
6.0801377952755908
21
-4.0288973622047246
0
LINE
8
BLACK
6
CONTINUOUS
10
6.0801377952755908
20
-4.0288973622047246
11
6.0801377952755908
21
-3.7660382283464564
0
LINE
8
BLACK
6
CONTINUOUS
10
6.0801377952755908
20
-3.7660382283464564
11
6.0796846850393695
21
-3.7637603937007875
0
LINE
8
BLACK
6
CONTINUOUS
10
6.0796846850393695
20
-3.7637603937007875
11
6.079684606299212
21
-3.7637600787401575
0
LINE
8
BLACK
6
CONTINUOUS
10
6.079684606299212
20
-3.7637600787401575
11
6.0790779921259839
21
-3.7607103543307088
0
LINE
8
BLACK
6
CONTINUOUS
10
6.0790779921259839
20
-3.7607103543307088
11
6.0790779527559051
21
-3.7607100787401575
0
LINE
8
BLACK
6
CONTINUOUS
10
6.0790779527559051
20
-3.7607100787401575
11
6.0769990157480311
21
-3.7556910629921259
0
LINE
8
BLACK
6
CONTINUOUS
10
6.0769990157480311
20
-3.7556910629921259
11
6.0739808661417323
21
-3.7511740551181103
0
LINE
8
BLACK
6
CONTINUOUS
10
6.0739808661417323
20
-3.7511740551181103
11
6.0739807874015748
21
-3.751173937007874
0
LINE
8
BLACK
6
CONTINUOUS
10
6.0739807874015748
20
-3.751173937007874
11
5.9137781102362199
21
-3.5909712598425196
0
LINE
8
BLACK
6
CONTINUOUS
10
5.9137781102362199
20
-3.5909712598425196
11
5.9127018897637793
21
-3.5920474803149607
0
LINE
8
BLACK
6
CONTINUOUS
10
5.9127018897637793
20
-3.5920474803149607
11
5.9100316929133854
21
-3.5935891338582677
0
LINE
8
BLACK
6
CONTINUOUS
10
5.9100316929133854
20
-3.5935891338582677
11
5.9070534645669293
21
-3.5943871259842517
0
LINE
8
BLACK
6
CONTINUOUS
10
5.9070534645669293
20
-3.5943871259842517
11
5.9039701574803152
21
-3.5943871259842517
0
LINE
8
BLACK
6
CONTINUOUS
10
5.9039701574803152
20
-3.5943871259842517
11
5.9009919291338582
21
-3.5935891338582677
0
LINE
8
BLACK
6
CONTINUOUS
10
5.9009919291338582
20
-3.5935891338582677
11
5.8983217322834642
21
-3.5920474803149607
0
LINE
8
BLACK
6
CONTINUOUS
10
5.8983217322834642
20
-3.5920474803149607
11
5.8961414960629916
21
-3.5898672440944881
0
LINE
8
BLACK
6
CONTINUOUS
10
5.8961414960629916
20
-3.5898672440944881
11
5.8945998425196846
21
-3.5871970472440946
0
LINE
8
BLACK
6
CONTINUOUS
10
5.8945998425196846
20
-3.5871970472440946
11
5.8938018503937011
21
-3.5842188188976376
0
LINE
8
BLACK
6
CONTINUOUS
10
5.8938018503937011
20
-3.5842188188976376
11
5.8938018503937011
21
-3.5811355118110235
0
LINE
8
BLACK
6
CONTINUOUS
10
5.8938018503937011
20
-3.5811355118110235
11
5.8945998425196846
21
-3.578157283464567
0
LINE
8
BLACK
6
CONTINUOUS
10
5.8945998425196846
20
-3.578157283464567
11
5.8961414960629916
21
-3.575487086614173
0
LINE
8
BLACK
6
CONTINUOUS
10
5.8961414960629916
20
-3.575487086614173
11
5.8972177165354331
21
-3.5744108661417324
0
LINE
8
BLACK
6
CONTINUOUS
10
5.8972177165354331
20
-3.5744108661417324
11
5.6589298818897635
21
-3.3361230314960628
0
LINE
8
BLACK
6
CONTINUOUS
10
5.6589298818897635
20
-3.3361230314960628
11
5.6576115748031492
21
-3.3337087401574803
0
LINE
8
BLACK
6
CONTINUOUS
10
5.6576115748031492
20
-3.3337087401574803
11
5.6574999999999998
21
-3.3326710236220474
0
LINE
8
BLACK
6
CONTINUOUS
10
5.6574999999999998
20
-3.3326710236220474
11
5.6574999999999998
21
-3.3257127559055117
0
LINE
8
BLACK
6
CONTINUOUS
10
5.6574999999999998
20
-3.3257127559055117
11
5.6582749999999997
21
-3.3230734251968501
0
LINE
8
BLACK
6
CONTINUOUS
10
5.6582749999999997
20
-3.3230734251968501
11
5.660353897637795
21
-3.3212720472440944
0
LINE
8
BLACK
6
CONTINUOUS
10
5.660353897637795
20
-3.3212720472440944
11
5.6630766535433068
21
-3.3208805511811024
0
LINE
8
BLACK
6
CONTINUOUS
10
5.6630766535433068
20
-3.3208805511811024
11
5.6655788582677165
21
-3.3220232677165353
0
LINE
8
BLACK
6
CONTINUOUS
10
5.6655788582677165
20
-3.3220232677165353
11
5.666441062992126
21
-3.3230005511811025
0
LINE
8
BLACK
6
CONTINUOUS
10
5.666441062992126
20
-3.3230005511811025
11
5.6675546062992126
21
-3.3246671259842517
0
LINE
8
BLACK
6
CONTINUOUS
10
5.6675546062992126
20
-3.3246671259842517
11
5.6675546456692913
21
-3.3246671653543305
0
LINE
8
BLACK
6
CONTINUOUS
10
5.6675546456692913
20
-3.3246671653543305
11
5.8383603937007873
21
-3.4954728740157481
0
LINE
8
BLACK
6
CONTINUOUS
10
5.8383603937007873
20
-3.4954728740157481
11
5.8392666141732281
21
-3.4945666929133856
0
LINE
8
BLACK
6
CONTINUOUS
10
5.8392666141732281
20
-3.4945666929133856
11
5.8419368110236221
21
-3.4930250393700786
0
LINE
8
BLACK
6
CONTINUOUS
10
5.8419368110236221
20
-3.4930250393700786
11
5.8449150393700782
21
-3.4922270472440946
0
LINE
8
BLACK
6
CONTINUOUS
10
5.8449150393700782
20
-3.4922270472440946
11
5.8479983464566931
21
-3.4922270472440946
0
LINE
8
BLACK
6
CONTINUOUS
10
5.8479983464566931
20
-3.4922270472440946
11
5.8509765748031493
21
-3.4930250393700786
0
LINE
8
BLACK
6
CONTINUOUS
10
5.8509765748031493
20
-3.4930250393700786
11
5.8536467716535432
21
-3.4945666929133856
0
LINE
8
BLACK
6
CONTINUOUS
10
5.8536467716535432
20
-3.4945666929133856
11
5.8558270078740158
21
-3.4967469291338582
0
LINE
8
BLACK
6
CONTINUOUS
10
5.8558270078740158
20
-3.4967469291338582
11
5.8573686614173228
21
-3.4994171259842517
0
LINE
8
BLACK
6
CONTINUOUS
10
5.8573686614173228
20
-3.4994171259842517
11
5.8581666535433072
21
-3.5023953543307087
0
LINE
8
BLACK
6
CONTINUOUS
10
5.8581666535433072
20
-3.5023953543307087
11
5.8581666535433072
21
-3.5054786614173228
0
LINE
8
BLACK
6
CONTINUOUS
10
5.8581666535433072
20
-3.5054786614173228
11
5.8573686614173228
21
-3.5084568897637793
0
LINE
8
BLACK
6
CONTINUOUS
10
5.8573686614173228
20
-3.5084568897637793
11
5.8558270078740158
21
-3.5111270866141733
0
LINE
8
BLACK
6
CONTINUOUS
10
5.8558270078740158
20
-3.5111270866141733
11
5.854920787401575
21
-3.5120332677165353
0
LINE
8
BLACK
6
CONTINUOUS
10
5.854920787401575
20
-3.5120332677165353
11
6.1127236614173226
21
-3.7698361417322834
0
LINE
8
BLACK
6
CONTINUOUS
10
6.1127236614173226
20
-3.7698361417322834
11
6.1140419685039369
21
-3.7722504330708659
0
LINE
8
BLACK
6
CONTINUOUS
10
6.1140419685039369
20
-3.7722504330708659
11
6.1141535433070864
21
-3.7732881496062993
0
LINE
8
BLACK
6
CONTINUOUS
10
6.1141535433070864
20
-3.7732881496062993
11
6.1141535433070864
21
-3.999003307086614
0
LINE
8
BLACK
6
CONTINUOUS
10
6.1141535433070864
20
-3.999003307086614
11
6.1137819291338582
21
-4.0008714960629916
0
LINE
8
BLACK
6
CONTINUOUS
10
6.1137819291338582
20
-4.0008714960629916
11
6.1114277165354327
21
-4.0065550393700784
0
LINE
8
BLACK
6
CONTINUOUS
10
6.1114277165354327
20
-4.0065550393700784
11
6.1114275984251965
21
-4.0065555118110234
0
LINE
8
BLACK
6
CONTINUOUS
10
6.1114275984251965
20
-4.0065555118110234
11
6.1102165354330706
21
-4.0126438188976374
0
LINE
8
BLACK
6
CONTINUOUS
10
6.1102165354330706
20
-4.0126438188976374
11
6.1102165354330706
21
-4.0188522047244097
0
LINE
8
BLACK
6
CONTINUOUS
10
6.1102165354330706
20
-4.0188522047244097
11
6.1114275984251965
21
-4.0249405118110237
0
LINE
8
BLACK
6
CONTINUOUS
10
6.1114275984251965
20
-4.0249405118110237
11
6.1114277165354327
21
-4.0249409842519688
0
LINE
8
BLACK
6
CONTINUOUS
10
6.1114277165354327
20
-4.0249409842519688
11
6.1138032283464563
21
-4.0306760629921259
0
LINE
8
BLACK
6
CONTINUOUS
10
6.1138032283464563
20
-4.0306760629921259
11
6.1138035039370076
21
-4.0306765748031497
0
LINE
8
BLACK
6
CONTINUOUS
10
6.1138035039370076
20
-4.0306765748031497
11
6.1172523622047246
21
-4.0358381102362202
0
LINE
8
BLACK
6
CONTINUOUS
10
6.1172523622047246
20
-4.0358381102362202
11
6.1172524803149608
21
-4.0358382677165352
0
LINE
8
BLACK
6
CONTINUOUS
10
6.1172524803149608
20
-4.0358382677165352
11
6.1216420078740157
21
-4.0402277952755901
0
LINE
8
BLACK
6
CONTINUOUS
10
6.1216420078740157
20
-4.0402277952755901
11
6.1216421653543307
21
-4.0402279133858263
0
LINE
8
BLACK
6
CONTINUOUS
10
6.1216421653543307
20
-4.0402279133858263
11
6.1268037007874012
21
-4.0436767716535433
0
LINE
8
BLACK
6
CONTINUOUS
10
6.1268037007874012
20
-4.0436767716535433
11
6.126804212598425
21
-4.0436770472440946
0
LINE
8
BLACK
6
CONTINUOUS
10
6.126804212598425
20
-4.0436770472440946
11
6.1325392913385821
21
-4.0460525590551182
0
LINE
8
BLACK
6
CONTINUOUS
10
6.1325392913385821
20
-4.0460525590551182
11
6.1325394881889759
21
-4.0460526377952757
0
LINE
8
BLACK
6
CONTINUOUS
10
6.1325394881889759
20
-4.0460526377952757
11
6.1386280708661412
21
-4.0472637401574802
0
LINE
8
BLACK
6
CONTINUOUS
10
6.1386280708661412
20
-4.0472637401574802
11
6.1386281889763774
21
-4.047263779527559
0
LINE
8
BLACK
6
CONTINUOUS
10
6.1386281889763774
20
-4.047263779527559
11
6.1386282677165349
21
-4.047263779527559
0
LINE
8
BLACK
6
CONTINUOUS
10
6.1386282677165349
20
-4.047263779527559
11
6.1448363779527559
21
-4.047263779527559
0
LINE
8
BLACK
6
CONTINUOUS
10
6.1448363779527559
20
-4.047263779527559
11
6.1448364173228347
21
-4.0472637401574802
0
LINE
8
BLACK
6
CONTINUOUS
10
6.1448364173228347
20
-4.0472637401574802
11
6.1509250787401575
21
-4.0460526377952757
0
LINE
8
BLACK
6
CONTINUOUS
10
6.1509250787401575
20
-4.0460526377952757
11
6.1566605905511809
21
-4.0436769291338583
0
LINE
8
BLACK
6
CONTINUOUS
10
6.1566605905511809
20
-4.0436769291338583
11
6.1618224015748027
21
-4.0402279133858263
0
LINE
8
BLACK
6
CONTINUOUS
10
6.1618224015748027
20
-4.0402279133858263
11
6.1662121653543309
21
-4.0358381496062989
0
LINE
8
BLACK
6
CONTINUOUS
10
6.1662121653543309
20
-4.0358381496062989
11
6.1696611811023621
21
-4.0306763385826772
0
LINE
8
BLACK
6
CONTINUOUS
10
6.1696611811023621
20
-4.0306763385826772
11
6.1720368897637794
21
-4.0249408267716538
0
LINE
8
BLACK
6
CONTINUOUS
10
6.1720368897637794
20
-4.0249408267716538
11
6.1732480314960627
21
-4.0188520472440947
0
LINE
8
BLACK
6
CONTINUOUS
10
6.1732480314960627
20
-4.0188520472440947
11
6.1732480314960627
21
-4.0126440157480312
0
LINE
8
BLACK
6
CONTINUOUS
10
6.1732480314960627
20
-4.0126440157480312
11
6.1732480314960627
21
-4.0126438976377949
0
LINE
8
BLACK
6
CONTINUOUS
10
6.1732480314960627
20
-4.0126438976377949
11
6.173247992125984
21
-4.0126438188976374
0
LINE
8
BLACK
6
CONTINUOUS
10
6.173247992125984
20
-4.0126438188976374
11
6.1720369291338582
21
-4.0065555118110234
0
LINE
8
BLACK
6
CONTINUOUS
10
6.1720369291338582
20
-4.0065555118110234
11
6.1720368897637794
21
-4.0065552362204722
0
LINE
8
BLACK
6
CONTINUOUS
10
6.1720368897637794
20
-4.0065552362204722
11
6.1696826377952751
21
-4.0008714960629916
0
LINE
8
BLACK
6
CONTINUOUS
10
6.1696826377952751
20
-4.0008714960629916
11
6.169311023622047
21
-3.999003307086614
0
LINE
8
BLACK
6
CONTINUOUS
10
6.169311023622047
20
-3.999003307086614
11
6.169311023622047
21
-3.7988393307086614
0
LINE
8
BLACK
6
CONTINUOUS
10
6.169311023622047
20
-3.7988393307086614
11
6.1700860236220469
21
-3.7961999999999998
0
LINE
8
BLACK
6
CONTINUOUS
10
6.1700860236220469
20
-3.7961999999999998
11
6.1721649212598422
21
-3.7943986220472441
0
LINE
8
BLACK
6
CONTINUOUS
10
6.1721649212598422
20
-3.7943986220472441
11
6.174887677165354
21
-3.794007125984252
0
LINE
8
BLACK
6
CONTINUOUS
10
6.174887677165354
20
-3.794007125984252
11
6.1773898818897637
21
-3.795149842519685
0
LINE
8
BLACK
6
CONTINUOUS
10
6.1773898818897637
20
-3.795149842519685
11
6.1776449212598425
21
-3.7953873228346455
0
LINE
8
BLACK
6
CONTINUOUS
10
6.1776449212598425
20
-3.7953873228346455
11
6.2111488582677161
21
-3.8288912598425195
0
LINE
8
BLACK
6
CONTINUOUS
10
6.2111488582677161
20
-3.8288912598425195
11
6.2124671653543304
21
-3.8313055511811021
0
LINE
8
BLACK
6
CONTINUOUS
10
6.2124671653543304
20
-3.8313055511811021
11
6.2125787401574799
21
-3.8323432677165354
0
LINE
8
BLACK
6
CONTINUOUS
10
6.2125787401574799
20
-3.8323432677165354
11
6.2125787401574799
21
-3.9399481889763779
0
LINE
8
BLACK
6
CONTINUOUS
10
6.2125787401574799
20
-3.9399481889763779
11
6.2122071259842517
21
-3.941816377952756
0
LINE
8
BLACK
6
CONTINUOUS
10
6.2122071259842517
20
-3.941816377952756
11
6.2098529133858262
21
-3.9474999212598423
0
LINE
8
BLACK
6
CONTINUOUS
10
6.2098529133858262
20
-3.9474999212598423
11
6.20985279527559
21
-3.9475003937007873
0
LINE
8
BLACK
6
CONTINUOUS
10
6.20985279527559
20
-3.9475003937007873
11
6.2086417322834642
21
-3.9535887007874013
0
LINE
8
BLACK
6
CONTINUOUS
10
6.2086417322834642
20
-3.9535887007874013
11
6.2086417322834642
21
-3.9597970866141732
0
LINE
8
BLACK
6
CONTINUOUS
10
6.2086417322834642
20
-3.9597970866141732
11
6.20985279527559
21
-3.9658853937007872
0
LINE
8
BLACK
6
CONTINUOUS
10
6.20985279527559
20
-3.9658853937007872
11
6.2098529133858262
21
-3.9658858661417322
0
LINE
8
BLACK
6
CONTINUOUS
10
6.2098529133858262
20
-3.9658858661417322
11
6.2122284251968498
21
-3.9716209448818898
0
LINE
8
BLACK
6
CONTINUOUS
10
6.2122284251968498
20
-3.9716209448818898
11
6.2122287007874011
21
-3.9716214566929131
0
LINE
8
BLACK
6
CONTINUOUS
10
6.2122287007874011
20
-3.9716214566929131
11
6.2156775590551181
21
-3.9767829921259841
0
LINE
8
BLACK
6
CONTINUOUS
10
6.2156775590551181
20
-3.9767829921259841
11
6.2156776771653544
21
-3.9767831496062991
0
LINE
8
BLACK
6
CONTINUOUS
10
6.2156776771653544
20
-3.9767831496062991
11
6.2200672047244092
21
-3.9811726771653544
0
LINE
8
BLACK
6
CONTINUOUS
10
6.2200672047244092
20
-3.9811726771653544
11
6.2200673622047242
21
-3.9811727952755906
0
LINE
8
BLACK
6
CONTINUOUS
10
6.2200673622047242
20
-3.9811727952755906
11
6.2252288976377947
21
-3.9846216535433068
0
LINE
8
BLACK
6
CONTINUOUS
10
6.2252288976377947
20
-3.9846216535433068
11
6.2252294094488185
21
-3.984621929133858
0
LINE
8
BLACK
6
CONTINUOUS
10
6.2252294094488185
20
-3.984621929133858
11
6.2309644881889765
21
-3.9869974409448816
0
LINE
8
BLACK
6
CONTINUOUS
10
6.2309644881889765
20
-3.9869974409448816
11
6.2309646850393703
21
-3.9869975196850391
0
LINE
8
BLACK
6
CONTINUOUS
10
6.2309646850393703
20
-3.9869975196850391
11
6.2370532677165356
21
-3.9882086220472441
0
LINE
8
BLACK
6
CONTINUOUS
10
6.2370532677165356
20
-3.9882086220472441
11
6.2370533858267718
21
-3.9882086614173229
0
LINE
8
BLACK
6
CONTINUOUS
10
6.2370533858267718
20
-3.9882086614173229
11
6.2370534645669293
21
-3.9882086614173229
0
LINE
8
BLACK
6
CONTINUOUS
10
6.2370534645669293
20
-3.9882086614173229
11
6.2432615748031495
21
-3.9882086614173229
0
LINE
8
BLACK
6
CONTINUOUS
10
6.2432615748031495
20
-3.9882086614173229
11
6.2432616141732282
21
-3.9882086220472441
0
LINE
8
BLACK
6
CONTINUOUS
10
6.2432616141732282
20
-3.9882086220472441
11
6.249350275590551
21
-3.9869975196850391
0
LINE
8
BLACK
6
CONTINUOUS
10
6.249350275590551
20
-3.9869975196850391
11
6.2550857874015744
21
-3.9846218110236218
0
LINE
8
BLACK
6
CONTINUOUS
10
6.2550857874015744
20
-3.9846218110236218
11
6.2602475984251971
21
-3.9811727952755906
0
LINE
8
BLACK
6
CONTINUOUS
10
6.2602475984251971
20
-3.9811727952755906
11
6.2646373622047244
21
-3.9767830314960628
0
LINE
8
BLACK
6
CONTINUOUS
10
6.2646373622047244
20
-3.9767830314960628
11
6.2680863779527556
21
-3.971621220472441
0
LINE
8
BLACK
6
CONTINUOUS
10
6.2680863779527556
20
-3.971621220472441
11
6.2704620866141729
21
-3.9658857086614172
0
LINE
8
BLACK
6
CONTINUOUS
10
6.2704620866141729
20
-3.9658857086614172
11
6.2716732283464562
21
-3.9597969291338582
0
LINE
8
BLACK
6
CONTINUOUS
10
6.2716732283464562
20
-3.9597969291338582
11
6.2716732283464562
21
-3.9535888976377951
0
LINE
8
BLACK
6
CONTINUOUS
10
6.2716732283464562
20
-3.9535888976377951
11
6.2716732283464562
21
-3.9535887795275588
0
LINE
8
BLACK
6
CONTINUOUS
10
6.2716732283464562
20
-3.9535887795275588
11
6.2716731889763775
21
-3.9535887007874013
0
LINE
8
BLACK
6
CONTINUOUS
10
6.2716731889763775
20
-3.9535887007874013
11
6.2704621259842517
21
-3.9475003937007873
0
LINE
8
BLACK
6
CONTINUOUS
10
6.2704621259842517
20
-3.9475003937007873
11
6.2704620866141729
21
-3.947500118110236
0
LINE
8
BLACK
6
CONTINUOUS
10
6.2704620866141729
20
-3.947500118110236
11
6.2681078346456696
21
-3.941816377952756
0
LINE
8
BLACK
6
CONTINUOUS
10
6.2681078346456696
20
-3.941816377952756
11
6.2677362204724405
21
-3.9399481889763779
0
LINE
8
BLACK
6
CONTINUOUS
10
6.2677362204724405
20
-3.9399481889763779
11
6.2677362204724405
21
-3.8161812598425198
0
LINE
8
BLACK
6
CONTINUOUS
10
6.2677362204724405
20
-3.8161812598425198
11
6.2666764173228344
21
-3.8108534251968504
0
LINE
8
BLACK
6
CONTINUOUS
10
6.2666764173228344
20
-3.8108534251968504
11
6.2666763779527557
21
-3.8108533858267717
0
LINE
8
BLACK
6
CONTINUOUS
10
6.2666763779527557
20
-3.8108533858267717
11
6.2666763779527557
21
-3.8108532283464567
0
LINE
8
BLACK
6
CONTINUOUS
10
6.2666763779527557
20
-3.8108532283464567
11
6.2645974409448817
21
-3.805834212598425
0
LINE
8
BLACK
6
CONTINUOUS
10
6.2645974409448817
20
-3.805834212598425
11
6.2616123228346456
21
-3.8013666535433068
0
LINE
8
BLACK
6
CONTINUOUS
10
6.2616123228346456
20
-3.8013666535433068
11
6.2615792913385828
21
-3.8013172047244095
0
LINE
8
BLACK
6
CONTINUOUS
10
6.2615792913385828
20
-3.8013172047244095
11
6.2615791732283466
21
-3.8013170866141732
0
LINE
8
BLACK
6
CONTINUOUS
10
6.2615791732283466
20
-3.8013170866141732
11
6.2615790944881891
21
-3.801316968503937
0
LINE
8
BLACK
6
CONTINUOUS
10
6.2615790944881891
20
-3.801316968503937
11
5.9217248425196853
21
-3.4614627165354328
0
LINE
8
BLACK
6
CONTINUOUS
10
5.9217248425196853
20
-3.4614627165354328
11
5.7770401181102358
21
-3.3167779921259841
0
LINE
8
BLACK
6
CONTINUOUS
10
5.7770401181102358
20
-3.3167779921259841
11
5.7757218110236215
21
-3.3143637007874016
0
LINE
8
BLACK
6
CONTINUOUS
10
5.7757218110236215
20
-3.3143637007874016
11
5.775610236220472
21
-3.3133259842519682
0
LINE
8
BLACK
6
CONTINUOUS
10
5.775610236220472
20
-3.3133259842519682
11
5.775610236220472
21
-3.2254061417322832
0
LINE
8
BLACK
6
CONTINUOUS
10
5.775610236220472
20
-3.2254061417322832
11
5.775981850393701
21
-3.2235379527559056
0
LINE
8
BLACK
6
CONTINUOUS
10
5.775981850393701
20
-3.2235379527559056
11
5.7783360236220469
21
-3.2178543700787401
0
LINE
8
BLACK
6
CONTINUOUS
10
5.7783360236220469
20
-3.2178543700787401
11
5.7783361023622044
21
-3.2178542125984251
0
LINE
8
BLACK
6
CONTINUOUS
10
5.7783361023622044
20
-3.2178542125984251
11
5.7795472440944877
21
-3.211765433070866
0
LINE
8
BLACK
6
CONTINUOUS
10
5.7795472440944877
20
-3.211765433070866
11
5.7795472440944877
21
-3.205557401574803
0
LINE
8
BLACK
6
CONTINUOUS
10
5.7795472440944877
20
-3.205557401574803
11
5.7795472440944877
21
-3.2055572834645667
0
LINE
8
BLACK
6
CONTINUOUS
10
5.7795472440944877
20
-3.2055572834645667
11
5.779547204724409
21
-3.2055572047244092
0
LINE
8
BLACK
6
CONTINUOUS
10
5.779547204724409
20
-3.2055572047244092
11
5.7783361417322832
21
-3.1994688976377952
0
LINE
8
BLACK
6
CONTINUOUS
10
5.7783361417322832
20
-3.1994688976377952
11
5.7783361023622044
21
-3.1994686220472439
0
LINE
8
BLACK
6
CONTINUOUS
10
5.7783361023622044
20
-3.1994686220472439
11
5.7783360236220469
21
-3.1994684251968502
0
LINE
8
BLACK
6
CONTINUOUS
10
5.7783360236220469
20
-3.1994684251968502
11
5.7759605118110233
21
-3.193733346456693
0
LINE
8
BLACK
6
CONTINUOUS
10
5.7759605118110233
20
-3.193733346456693
11
5.7759602362204721
21
-3.1937328346456693
0
LINE
8
BLACK
6
CONTINUOUS
10
5.7759602362204721
20
-3.1937328346456693
11
5.7725113779527559
21
-3.1885712992125983
0
LINE
8
BLACK
6
CONTINUOUS
10
5.7725113779527559
20
-3.1885712992125983
11
5.7725112598425197
21
-3.1885711417322833
0
LINE
8
BLACK
6
CONTINUOUS
10
5.7725112598425197
20
-3.1885711417322833
11
5.7681217322834648
21
-3.1841816141732284
0
LINE
8
BLACK
6
CONTINUOUS
10
5.7681217322834648
20
-3.1841816141732284
11
5.7681215748031498
21
-3.1841814960629922
0
LINE
8
BLACK
6
CONTINUOUS
10
5.7681215748031498
20
-3.1841814960629922
11
5.7629600393700784
21
-3.1807326377952756
0
LINE
8
BLACK
6
CONTINUOUS
10
5.7629600393700784
20
-3.1807326377952756
11
5.7629595275590546
21
-3.1807323622047243
0
LINE
8
BLACK
6
CONTINUOUS
10
5.7629595275590546
20
-3.1807323622047243
11
5.7572244488188975
21
-3.1783568503937007
0
LINE
8
BLACK
6
CONTINUOUS
10
5.7572244488188975
20
-3.1783568503937007
11
5.7572239763779525
21
-3.1783567322834645
0
LINE
8
BLACK
6
CONTINUOUS
10
5.7572239763779525
20
-3.1783567322834645
11
5.7511356299212597
21
-3.1771456692913387
0
LINE
8
BLACK
6
CONTINUOUS
10
5.7511356299212597
20
-3.1771456692913387
11
5.7511355118110234
21
-3.1771456692913387
0
LINE
8
BLACK
6
CONTINUOUS
10
5.7511355118110234
20
-3.1771456692913387
11
5.7449274803149608
21
-3.1771456692913387
0
LINE
8
BLACK
6
CONTINUOUS
10
5.7449274803149608
20
-3.1771456692913387
11
5.7449273622047246
21
-3.1771456692913387
0
LINE
8
BLACK
6
CONTINUOUS
10
5.7449273622047246
20
-3.1771456692913387
11
5.738838976377953
21
-3.1783567322834645
0
LINE
8
BLACK
6
CONTINUOUS
10
5.738838976377953
20
-3.1783567322834645
11
5.738838503937008
21
-3.1783568503937007
0
LINE
8
BLACK
6
CONTINUOUS
10
5.738838503937008
20
-3.1783568503937007
11
5.73310342519685
21
-3.1807323622047243
0
LINE
8
BLACK
6
CONTINUOUS
10
5.73310342519685
20
-3.1807323622047243
11
5.7331029133858262
21
-3.1807326377952756
0
LINE
8
BLACK
6
CONTINUOUS
10
5.7331029133858262
20
-3.1807326377952756
11
5.7279413779527557
21
-3.1841814960629922
0
LINE
8
BLACK
6
CONTINUOUS
10
5.7279413779527557
20
-3.1841814960629922
11
5.7279412204724407
21
-3.1841816141732284
0
LINE
8
BLACK
6
CONTINUOUS
10
5.7279412204724407
20
-3.1841816141732284
11
5.7235516929133858
21
-3.1885711417322833
0
LINE
8
BLACK
6
CONTINUOUS
10
5.7235516929133858
20
-3.1885711417322833
11
5.7235515748031496
21
-3.1885712992125983
0
LINE
8
BLACK
6
CONTINUOUS
10
5.7235515748031496
20
-3.1885712992125983
11
5.7201027165354326
21
-3.1937328346456693
0
LINE
8
BLACK
6
CONTINUOUS
10
5.7201027165354326
20
-3.1937328346456693
11
5.7201024409448822
21
-3.193733346456693
0
LINE
8
BLACK
6
CONTINUOUS
10
5.7201024409448822
20
-3.193733346456693
11
5.7177269291338577
21
-3.1994684251968502
0
LINE
8
BLACK
6
CONTINUOUS
10
5.7177269291338577
20
-3.1994684251968502
11
5.7177268110236223
21
-3.1994688976377952
0
LINE
8
BLACK
6
CONTINUOUS
10
5.7177268110236223
20
-3.1994688976377952
11
5.7165157480314956
21
-3.2055572047244092
0
LINE
8
BLACK
6
CONTINUOUS
10
5.7165157480314956
20
-3.2055572047244092
11
5.7165157480314956
21
-3.211765590551181
0
LINE
8
BLACK
6
CONTINUOUS
10
5.7165157480314956
20
-3.211765590551181
11
5.7177268110236223
21
-3.2178538976377951
0
LINE
8
BLACK
6
CONTINUOUS
10
5.7177268110236223
20
-3.2178538976377951
11
5.7177269291338577
21
-3.2178543700787401
0
LINE
8
BLACK
6
CONTINUOUS
10
5.7177269291338577
20
-3.2178543700787401
11
5.7200811417322832
21
-3.2235379527559056
0
LINE
8
BLACK
6
CONTINUOUS
10
5.7200811417322832
20
-3.2235379527559056
11
5.7204527559055114
21
-3.2254061417322832
0
LINE
8
BLACK
6
CONTINUOUS
10
5.7204527559055114
20
-3.2254061417322832
11
5.7204527559055114
21
-3.2428369685039371
0
LINE
8
BLACK
6
CONTINUOUS
10
5.7204527559055114
20
-3.2428369685039371
11
5.7196777559055114
21
-3.2454762992125983
0
LINE
8
BLACK
6
CONTINUOUS
10
5.7196777559055114
20
-3.2454762992125983
11
5.7175988582677162
21
-3.2472776771653544
0
LINE
8
BLACK
6
CONTINUOUS
10
5.7175988582677162
20
-3.2472776771653544
11
5.7148761023622043
21
-3.2476691732283465
0
LINE
8
BLACK
6
CONTINUOUS
10
5.7148761023622043
20
-3.2476691732283465
11
5.7123738976377956
21
-3.2465264566929135
0
LINE
8
BLACK
6
CONTINUOUS
10
5.7123738976377956
20
-3.2465264566929135
11
5.7121188582677167
21
-3.2462889763779526
0
LINE
8
BLACK
6
CONTINUOUS
10
5.7121188582677167
20
-3.2462889763779526
11
5.7090666141732278
21
-3.2432367322834645
0
LINE
8
BLACK
6
CONTINUOUS
10
5.7090666141732278
20
-3.2432367322834645
11
5.7090664566929137
21
-3.2432366141732283
0
LINE
8
BLACK
6
CONTINUOUS
10
5.7090664566929137
20
-3.2432366141732283
11
5.7039049212598423
21
-3.2397877559055117
0
LINE
8
BLACK
6
CONTINUOUS
10
5.7039049212598423
20
-3.2397877559055117
11
5.7039044094488185
21
-3.2397874803149604
0
LINE
8
BLACK
6
CONTINUOUS
10
5.7039044094488185
20
-3.2397874803149604
11
5.6981693307086614
21
-3.2374119685039369
0
LINE
8
BLACK
6
CONTINUOUS
10
5.6981693307086614
20
-3.2374119685039369
11
5.6981688582677164
21
-3.2374118503937006
0
LINE
8
BLACK
6
CONTINUOUS
10
5.6981688582677164
20
-3.2374118503937006
11
5.6920805118110236
21
-3.2362007874015748
0
LINE
8
BLACK
6
CONTINUOUS
10
5.6920805118110236
20
-3.2362007874015748
11
5.6920803937007873
21
-3.2362007874015748
0
LINE
8
BLACK
6
CONTINUOUS
10
5.6920803937007873
20
-3.2362007874015748
11
5.6858723622047247
21
-3.2362007874015748
0
LINE
8
BLACK
6
CONTINUOUS
10
5.6858723622047247
20
-3.2362007874015748
11
5.6858722440944884
21
-3.2362007874015748
0
LINE
8
BLACK
6
CONTINUOUS
10
5.6858722440944884
20
-3.2362007874015748
11
5.679783858267716
21
-3.2374118503937006
0
LINE
8
BLACK
6
CONTINUOUS
10
5.679783858267716
20
-3.2374118503937006
11
5.6797833858267719
21
-3.2374119685039369
0
LINE
8
BLACK
6
CONTINUOUS
10
5.6797833858267719
20
-3.2374119685039369
11
5.6740483070866139
21
-3.2397874803149604
0
LINE
8
BLACK
6
CONTINUOUS
10
5.6740483070866139
20
-3.2397874803149604
11
5.6740477952755901
21
-3.2397877559055117
0
LINE
8
BLACK
6
CONTINUOUS
10
5.6740477952755901
20
-3.2397877559055117
11
5.6688862598425196
21
-3.2432366141732283
0
LINE
8
BLACK
6
CONTINUOUS
10
5.6688862598425196
20
-3.2432366141732283
11
5.6688861023622046
21
-3.2432367322834645
0
LINE
8
BLACK
6
CONTINUOUS
10
5.6688861023622046
20
-3.2432367322834645
11
5.6644965748031497
21
-3.2476262598425194
0
LINE
8
BLACK
6
CONTINUOUS
10
5.6644965748031497
20
-3.2476262598425194
11
5.6644964566929135
21
-3.2476264173228344
0
LINE
8
BLACK
6
CONTINUOUS
10
5.6644964566929135
20
-3.2476264173228344
11
5.6610475984251964
21
-3.2527879527559054
0
LINE
8
BLACK
6
CONTINUOUS
10
5.6610475984251964
20
-3.2527879527559054
11
5.6610473228346452
21
-3.2527884645669292
0
LINE
8
BLACK
6
CONTINUOUS
10
5.6610473228346452
20
-3.2527884645669292
11
5.6586718110236216
21
-3.2585235433070867
0
LINE
8
BLACK
6
CONTINUOUS
10
5.6586718110236216
20
-3.2585235433070867
11
5.6586716929133853
21
-3.2585240157480313
0
LINE
8
BLACK
6
CONTINUOUS
10
5.6586716929133853
20
-3.2585240157480313
11
5.6574606299212595
21
-3.2646123228346458
0
LINE
8
BLACK
6
CONTINUOUS
10
5.6574606299212595
20
-3.2646123228346458
11
5.6574606299212595
21
-3.2708207086614172
0
LINE
8
BLACK
6
CONTINUOUS
10
5.6574606299212595
20
-3.2708207086614172
11
5.6586716929133853
21
-3.2769090157480316
0
LINE
8
BLACK
6
CONTINUOUS
10
5.6586716929133853
20
-3.2769090157480316
11
5.6586717716535428
21
-3.2769093307086612
0
LINE
8
BLACK
6
CONTINUOUS
10
5.6586717716535428
20
-3.2769093307086612
11
5.6594320866141734
21
-3.2787448818897635
0
LINE
8
BLACK
6
CONTINUOUS
10
5.6594320866141734
20
-3.2787448818897635
11
5.659726102362205
21
-3.2814799212598422
0
LINE
8
BLACK
6
CONTINUOUS
10
5.659726102362205
20
-3.2814799212598422
11
5.6584947637795278
21
-3.2839397244094486
0
LINE
8
BLACK
6
CONTINUOUS
10
5.6584947637795278
20
-3.2839397244094486
11
5.65612905511811
21
-3.2853433464566928
0
LINE
8
BLACK
6
CONTINUOUS
10
5.65612905511811
20
-3.2853433464566928
11
5.653380039370079
21
-3.285245118110236
0
LINE
8
BLACK
6
CONTINUOUS
10
5.653380039370079
20
-3.285245118110236
11
5.6514697637795273
21
-3.2840650787401575
0
LINE
8
BLACK
6
CONTINUOUS
10
5.6514697637795273
20
-3.2840650787401575
11
5.6500114960629917
21
-3.282606811023622
0
LINE
8
BLACK
6
CONTINUOUS
10
5.6500114960629917
20
-3.282606811023622
11
5.6500113385826767
21
-3.2826066929133857
0
LINE
8
BLACK
6
CONTINUOUS
10
5.6500113385826767
20
-3.2826066929133857
11
5.6448498031496062
21
-3.2791578346456691
0
LINE
8
BLACK
6
CONTINUOUS
10
5.6448498031496062
20
-3.2791578346456691
11
5.6448492913385824
21
-3.2791575590551179
0
LINE
8
BLACK
6
CONTINUOUS
10
5.6448492913385824
20
-3.2791575590551179
11
5.6391142125984253
21
-3.2767820472440943
0
LINE
8
BLACK
6
CONTINUOUS
10
5.6391142125984253
20
-3.2767820472440943
11
5.6391137401574802
21
-3.276781929133858
0
LINE
8
BLACK
6
CONTINUOUS
10
5.6391137401574802
20
-3.276781929133858
11
5.6330253937007875
21
-3.2755708661417322
0
LINE
8
BLACK
6
CONTINUOUS
10
5.6330253937007875
20
-3.2755708661417322
11
5.6330252755905512
21
-3.2755708661417322
0
LINE
8
BLACK
6
CONTINUOUS
10
5.6330252755905512
20
-3.2755708661417322
11
5.6268172440944877
21
-3.2755708661417322
0
LINE
8
BLACK
6
CONTINUOUS
10
5.6268172440944877
20
-3.2755708661417322
11
5.6268171259842514
21
-3.2755708661417322
0
LINE
8
BLACK
6
CONTINUOUS
10
5.6268171259842514
20
-3.2755708661417322
11
5.6207287401574799
21
-3.276781929133858
0
LINE
8
BLACK
6
CONTINUOUS
10
5.6207287401574799
20
-3.276781929133858
11
5.6207282677165349
21
-3.2767820472440943
0
LINE
8
BLACK
6
CONTINUOUS
10
5.6207282677165349
20
-3.2767820472440943
11
5.6149931889763778
21
-3.2791575590551179
0
LINE
8
BLACK
6
CONTINUOUS
10
5.6149931889763778
20
-3.2791575590551179
11
5.614992677165354
21
-3.2791578346456691
0
LINE
8
BLACK
6
CONTINUOUS
10
5.614992677165354
20
-3.2791578346456691
11
5.6098311417322835
21
-3.2826066929133857
0
LINE
8
BLACK
6
CONTINUOUS
10
5.6098311417322835
20
-3.2826066929133857
11
5.6098309842519685
21
-3.282606811023622
0
LINE
8
BLACK
6
CONTINUOUS
10
5.6098309842519685
20
-3.282606811023622
11
5.6054414566929136
21
-3.2869963385826773
0
LINE
8
BLACK
6
CONTINUOUS
10
5.6054414566929136
20
-3.2869963385826773
11
5.6054413385826773
21
-3.2869964960629923
0
LINE
8
BLACK
6
CONTINUOUS
10
5.6054413385826773
20
-3.2869964960629923
11
5.6019924803149603
21
-3.2921580314960628
0
LINE
8
BLACK
6
CONTINUOUS
10
5.6019924803149603
20
-3.2921580314960628
11
5.6019922047244091
21
-3.2921585433070866
0
LINE
8
BLACK
6
CONTINUOUS
10
5.6019922047244091
20
-3.2921585433070866
11
5.5996166929133855
21
-3.2978936220472441
0
LINE
8
BLACK
6
CONTINUOUS
10
5.5996166929133855
20
-3.2978936220472441
11
5.5996165748031492
21
-3.2978940944881887
0
LINE
8
BLACK
6
CONTINUOUS
10
5.5996165748031492
20
-3.2978940944881887
11
5.5984055118110234
21
-3.3039824015748032
0
LINE
8
BLACK
6
CONTINUOUS
10
5.5984055118110234
20
-3.3039824015748032
11
5.5984055118110234
21
-3.3101907874015746
0
LINE
8
BLACK
6
CONTINUOUS
10
4.8897440944881891
20
-3.2708207086614172
11
4.890955157480315
21
-3.2769090157480316
0
LINE
8
BLACK
6
CONTINUOUS
10
4.890955157480315
20
-3.2769090157480316
11
4.8909552755905512
21
-3.2769094881889762
0
LINE
8
BLACK
6
CONTINUOUS
10
4.8909552755905512
20
-3.2769094881889762
11
4.8933094881889767
21
-3.2825930708661417
0
LINE
8
BLACK
6
CONTINUOUS
10
4.8933094881889767
20
-3.2825930708661417
11
4.8936811023622049
21
-3.2844612598425198
0
LINE
8
BLACK
6
CONTINUOUS
10
4.8936811023622049
20
-3.2844612598425198
11
4.8936811023622049
21
-3.8218379527559052
0
LINE
8
BLACK
6
CONTINUOUS
10
4.8936811023622049
20
-3.8218379527559052
11
4.8933094881889767
21
-3.8237061417322833
0
LINE
8
BLACK
6
CONTINUOUS
10
4.8933094881889767
20
-3.8237061417322833
11
4.8909552755905512
21
-3.8293896850393701
0
LINE
8
BLACK
6
CONTINUOUS
10
4.8909552755905512
20
-3.8293896850393701
11
4.890955157480315
21
-3.8293901574803151
0
LINE
8
BLACK
6
CONTINUOUS
10
4.890955157480315
20
-3.8293901574803151
11
4.8897440944881891
21
-3.8354784645669291
0
LINE
8
BLACK
6
CONTINUOUS
10
4.8897440944881891
20
-3.8354784645669291
11
4.8897440944881891
21
-3.8416868503937005
0
LINE
8
BLACK
6
CONTINUOUS
10
4.8897440944881891
20
-3.8416868503937005
11
4.890955157480315
21
-3.847775157480315
0
LINE
8
BLACK
6
CONTINUOUS
10
4.890955157480315
20
-3.847775157480315
11
4.8909552755905512
21
-3.8477756299212595
0
LINE
8
BLACK
6
CONTINUOUS
10
4.8909552755905512
20
-3.8477756299212595
11
4.8933307874015748
21
-3.8535107086614171
0
LINE
8
BLACK
6
CONTINUOUS
10
4.8933307874015748
20
-3.8535107086614171
11
4.8933310629921261
21
-3.8535112204724409
0
LINE
8
BLACK
6
CONTINUOUS
10
4.8933310629921261
20
-3.8535112204724409
11
4.8967799212598422
21
-3.8586727559055118
0
LINE
8
BLACK
6
CONTINUOUS
10
4.8967799212598422
20
-3.8586727559055118
11
4.8967800393700784
21
-3.8586729133858269
0
LINE
8
BLACK
6
CONTINUOUS
10
4.8967800393700784
20
-3.8586729133858269
11
4.9011695669291333
21
-3.8630624409448817
0
LINE
8
BLACK
6
CONTINUOUS
10
4.9011695669291333
20
-3.8630624409448817
11
4.9011697244094483
21
-3.863062559055118
0
LINE
8
BLACK
6
CONTINUOUS
10
4.9011697244094483
20
-3.863062559055118
11
4.9063312598425197
21
-3.8665114173228345
0
LINE
8
BLACK
6
CONTINUOUS
10
4.9063312598425197
20
-3.8665114173228345
11
4.9063317716535435
21
-3.8665116929133858
0
LINE
8
BLACK
6
CONTINUOUS
10
4.9063317716535435
20
-3.8665116929133858
11
4.9093849606299216
21
-3.8677763385826771
0
LINE
8
BLACK
6
CONTINUOUS
10
4.9093849606299216
20
-3.8677763385826771
11
4.9120670472440944
21
-3.8688872834645669
0
LINE
8
BLACK
6
CONTINUOUS
10
4.9120670472440944
20
-3.8688872834645669
11
4.9181556299212597
21
-3.8700983858267715
0
LINE
8
BLACK
6
CONTINUOUS
10
4.9181556299212597
20
-3.8700983858267715
11
4.9181557480314959
21
-3.8700984251968502
0
LINE
8
BLACK
6
CONTINUOUS
10
4.9181557480314959
20
-3.8700984251968502
11
4.9181558267716534
21
-3.8700984251968502
0
LINE
8
BLACK
6
CONTINUOUS
10
4.9181558267716534
20
-3.8700984251968502
11
4.9243639370078736
21
-3.8700984251968502
0
LINE
8
BLACK
6
CONTINUOUS
10
4.9243639370078736
20
-3.8700984251968502
11
4.9243639763779523
21
-3.8700983858267715
0
LINE
8
BLACK
6
CONTINUOUS
10
4.9243639763779523
20
-3.8700983858267715
11
4.9304526377952751
21
-3.8688872834645669
0
LINE
8
BLACK
6
CONTINUOUS
10
4.9304526377952751
20
-3.8688872834645669
11
4.9361881496062994
21
-3.8665115748031496
0
LINE
8
BLACK
6
CONTINUOUS
10
4.9361881496062994
20
-3.8665115748031496
11
4.9413499606299212
21
-3.863062559055118
0
LINE
8
BLACK
6
CONTINUOUS
10
4.9413499606299212
20
-3.863062559055118
11
4.9457397244094485
21
-3.8586727952755906
0
LINE
8
BLACK
6
CONTINUOUS
10
4.9457397244094485
20
-3.8586727952755906
11
4.9491887401574806
21
-3.8535109842519684
0
LINE
8
BLACK
6
CONTINUOUS
10
4.9491887401574806
20
-3.8535109842519684
11
4.9515644488188979
21
-3.847775472440945
0
LINE
8
BLACK
6
CONTINUOUS
10
4.9515644488188979
20
-3.847775472440945
11
4.9527755905511812
21
-3.8416866929133859
0
LINE
8
BLACK
6
CONTINUOUS
10
4.9527755905511812
20
-3.8416866929133859
11
4.9527755905511812
21
-3.8354786614173229
0
LINE
8
BLACK
6
CONTINUOUS
10
4.9527755905511812
20
-3.8354786614173229
11
4.9527755905511812
21
-3.8354785433070866
0
LINE
8
BLACK
6
CONTINUOUS
10
4.9527755905511812
20
-3.8354785433070866
11
4.9527755511811025
21
-3.8354784645669291
0
LINE
8
BLACK
6
CONTINUOUS
10
4.9527755511811025
20
-3.8354784645669291
11
4.9521519291338585
21
-3.8323432677165354
0
LINE
8
BLACK
6
CONTINUOUS
10
4.9521519291338585
20
-3.8323432677165354
11
4.9515644488188979
21
-3.8293898818897638
0
LINE
8
BLACK
6
CONTINUOUS
10
4.9515644488188979
20
-3.8293898818897638
11
4.9505678346456694
21
-3.8269838188976375
0
LINE
8
BLACK
6
CONTINUOUS
10
4.9505678346456694
20
-3.8269838188976375
11
4.9492101968503937
21
-3.8237061417322833
0
LINE
8
BLACK
6
CONTINUOUS
10
4.9492101968503937
20
-3.8237061417322833
11
4.9488385826771655
21
-3.8218379527559052
0
LINE
8
BLACK
6
CONTINUOUS
10
4.9488385826771655
20
-3.8218379527559052
11
4.9488385826771655
21
-3.2844612598425198
0
LINE
8
BLACK
6
CONTINUOUS
10
4.9488385826771655
20
-3.2844612598425198
11
4.9492101968503937
21
-3.2825930708661417
0
LINE
8
BLACK
6
CONTINUOUS
10
4.9492101968503937
20
-3.2825930708661417
11
4.9506331496062987
21
-3.2791577165354329
0
LINE
8
BLACK
6
CONTINUOUS
10
4.9506331496062987
20
-3.2791577165354329
11
4.9515644488188979
21
-3.2769093307086612
0
LINE
8
BLACK
6
CONTINUOUS
10
4.9515644488188979
20
-3.2769093307086612
11
4.9527755905511812
21
-3.2708205511811022
0
LINE
8
BLACK
6
CONTINUOUS
10
4.9527755905511812
20
-3.2708205511811022
11
4.9527755905511812
21
-3.2646125196850395
0
LINE
8
BLACK
6
CONTINUOUS
10
4.9527755905511812
20
-3.2646125196850395
11
4.9527755905511812
21
-3.2646124015748033
0
LINE
8
BLACK
6
CONTINUOUS
10
4.9527755905511812
20
-3.2646124015748033
11
4.9527755511811025
21
-3.2646123228346458
0
LINE
8
BLACK
6
CONTINUOUS
10
4.9527755511811025
20
-3.2646123228346458
11
4.9515644881889767
21
-3.2585240157480313
0
LINE
8
BLACK
6
CONTINUOUS
10
4.9515644881889767
20
-3.2585240157480313
11
4.9515644488188979
21
-3.25852374015748
0
LINE
8
BLACK
6
CONTINUOUS
10
4.9515644488188979
20
-3.25852374015748
11
4.9515643700787404
21
-3.2585235433070867
0
LINE
8
BLACK
6
CONTINUOUS
10
4.9515643700787404
20
-3.2585235433070867
11
4.9491888582677168
21
-3.2527884645669292
0
LINE
8
BLACK
6
CONTINUOUS
10
4.9491888582677168
20
-3.2527884645669292
11
4.9491885826771655
21
-3.2527879527559054
0
LINE
8
BLACK
6
CONTINUOUS
10
4.9491885826771655
20
-3.2527879527559054
11
4.9457397244094485
21
-3.2476264173228344
0
LINE
8
BLACK
6
CONTINUOUS
10
4.9457397244094485
20
-3.2476264173228344
11
4.9457396062992123
21
-3.2476262598425194
0
LINE
8
BLACK
6
CONTINUOUS
10
4.9457396062992123
20
-3.2476262598425194
11
4.9413500787401574
21
-3.2432367322834645
0
LINE
8
BLACK
6
CONTINUOUS
10
4.9413500787401574
20
-3.2432367322834645
11
4.9413499212598424
21
-3.2432366141732283
0
LINE
8
BLACK
6
CONTINUOUS
10
4.9413499212598424
20
-3.2432366141732283
11
4.9361883858267719
21
-3.2397877559055117
0
LINE
8
BLACK
6
CONTINUOUS
10
4.9361883858267719
20
-3.2397877559055117
11
4.9361878740157481
21
-3.2397874803149604
0
LINE
8
BLACK
6
CONTINUOUS
10
4.9361878740157481
20
-3.2397874803149604
11
4.9304527952755901
21
-3.2374119685039369
0
LINE
8
BLACK
6
CONTINUOUS
10
4.9304527952755901
20
-3.2374119685039369
11
4.930452322834646
21
-3.2374118503937006
0
LINE
8
BLACK
6
CONTINUOUS
10
4.930452322834646
20
-3.2374118503937006
11
4.9243639763779523
21
-3.2362007874015748
0
LINE
8
BLACK
6
CONTINUOUS
10
4.9243639763779523
20
-3.2362007874015748
11
4.9243638582677161
21
-3.2362007874015748
0
LINE
8
BLACK
6
CONTINUOUS
10
4.9243638582677161
20
-3.2362007874015748
11
4.9181558267716534
21
-3.2362007874015748
0
LINE
8
BLACK
6
CONTINUOUS
10
4.9181558267716534
20
-3.2362007874015748
11
4.9181557086614172
21
-3.2362007874015748
0
LINE
8
BLACK
6
CONTINUOUS
10
4.9181557086614172
20
-3.2362007874015748
11
4.9120673228346456
21
-3.2374118503937006
0
LINE
8
BLACK
6
CONTINUOUS
10
4.9120673228346456
20
-3.2374118503937006
11
4.9120668503937006
21
-3.2374119685039369
0
LINE
8
BLACK
6
CONTINUOUS
10
4.9120668503937006
20
-3.2374119685039369
11
4.9063317716535435
21
-3.2397874803149604
0
LINE
8
BLACK
6
CONTINUOUS
10
4.9063317716535435
20
-3.2397874803149604
11
4.9063312598425197
21
-3.2397877559055117
0
LINE
8
BLACK
6
CONTINUOUS
10
4.9063312598425197
20
-3.2397877559055117
11
4.9011697244094483
21
-3.2432366141732283
0
LINE
8
BLACK
6
CONTINUOUS
10
4.9011697244094483
20
-3.2432366141732283
11
4.9011695669291333
21
-3.2432367322834645
0
LINE
8
BLACK
6
CONTINUOUS
10
4.9011695669291333
20
-3.2432367322834645
11
4.8967800393700784
21
-3.2476262598425194
0
LINE
8
BLACK
6
CONTINUOUS
10
4.8967800393700784
20
-3.2476262598425194
11
4.8967799212598422
21
-3.2476264173228344
0
LINE
8
BLACK
6
CONTINUOUS
10
4.8967799212598422
20
-3.2476264173228344
11
4.8933310629921261
21
-3.2527879527559054
0
LINE
8
BLACK
6
CONTINUOUS
10
4.8933310629921261
20
-3.2527879527559054
11
4.8933307874015748
21
-3.2527884645669292
0
LINE
8
BLACK
6
CONTINUOUS
10
4.8933307874015748
20
-3.2527884645669292
11
4.8909552755905512
21
-3.2585235433070867
0
LINE
8
BLACK
6
CONTINUOUS
10
4.8909552755905512
20
-3.2585235433070867
11
4.890955157480315
21
-3.2585240157480313
0
LINE
8
BLACK
6
CONTINUOUS
10
4.890955157480315
20
-3.2585240157480313
11
4.8897440944881891
21
-3.2646123228346458
0
LINE
8
BLACK
6
CONTINUOUS
10
4.8897440944881891
20
-3.2646123228346458
11
4.8897440944881891
21
-3.2708207086614172
0
LINE
8
BLACK
6
CONTINUOUS
10
4.2401377952755901
20
-3.4676711023622047
11
4.2413488582677168
21
-3.4737594094488187
0
LINE
8
BLACK
6
CONTINUOUS
10
4.2413488582677168
20
-3.4737594094488187
11
4.2413489763779531
21
-3.4737598818897637
0
LINE
8
BLACK
6
CONTINUOUS
10
4.2413489763779531
20
-3.4737598818897637
11
4.2437244881889766
21
-3.4794949606299213
0
LINE
8
BLACK
6
CONTINUOUS
10
4.2437244881889766
20
-3.4794949606299213
11
4.2437247637795279
21
-3.4794954724409446
0
LINE
8
BLACK
6
CONTINUOUS
10
4.2437247637795279
20
-3.4794954724409446
11
4.247173622047244
21
-3.4846570078740156
0
LINE
8
BLACK
6
CONTINUOUS
10
4.247173622047244
20
-3.4846570078740156
11
4.2471737401574803
21
-3.4846571653543306
0
LINE
8
BLACK
6
CONTINUOUS
10
4.2471737401574803
20
-3.4846571653543306
11
4.2515632677165351
21
-3.4890466929133859
0
LINE
8
BLACK
6
CONTINUOUS
10
4.2515632677165351
20
-3.4890466929133859
11
4.2515634251968502
21
-3.4890468110236221
0
LINE
8
BLACK
6
CONTINUOUS
10
4.2515634251968502
20
-3.4890468110236221
11
4.2567249606299216
21
-3.4924956692913387
0
LINE
8
BLACK
6
CONTINUOUS
10
4.2567249606299216
20
-3.4924956692913387
11
4.2567254724409445
21
-3.4924959448818895
0
LINE
8
BLACK
6
CONTINUOUS
10
4.2567254724409445
20
-3.4924959448818895
11
4.2593319291338583
21
-3.4935755511811024
0
LINE
8
BLACK
6
CONTINUOUS
10
4.2593319291338583
20
-3.4935755511811024
11
4.2624607480314962
21
-3.4948715354330706
0
LINE
8
BLACK
6
CONTINUOUS
10
4.2624607480314962
20
-3.4948715354330706
11
4.2685493307086615
21
-3.4960826377952756
0
LINE
8
BLACK
6
CONTINUOUS
10
4.2685493307086615
20
-3.4960826377952756
11
4.2685494488188978
21
-3.4960826771653544
0
LINE
8
BLACK
6
CONTINUOUS
10
4.2685494488188978
20
-3.4960826771653544
11
4.2685495275590553
21
-3.4960826771653544
0
LINE
8
BLACK
6
CONTINUOUS
10
4.2685495275590553
20
-3.4960826771653544
11
4.2747576377952754
21
-3.4960826771653544
0
LINE
8
BLACK
6
CONTINUOUS
10
4.2747576377952754
20
-3.4960826771653544
11
4.2747576771653542
21
-3.4960826377952756
0
LINE
8
BLACK
6
CONTINUOUS
10
4.2747576771653542
20
-3.4960826377952756
11
4.2808463385826769
21
-3.4948715354330706
0
LINE
8
BLACK
6
CONTINUOUS
10
4.2808463385826769
20
-3.4948715354330706
11
4.2839751574803149
21
-3.4935755511811024
0
LINE
8
BLACK
6
CONTINUOUS
10
4.2839751574803149
20
-3.4935755511811024
11
4.2865300787401575
21
-3.4925172834645668
0
LINE
8
BLACK
6
CONTINUOUS
10
4.2865300787401575
20
-3.4925172834645668
11
4.2883982677165351
21
-3.4921456692913386
0
LINE
8
BLACK
6
CONTINUOUS
10
4.2883982677165351
20
-3.4921456692913386
11
4.5698694488188973
21
-3.4921456692913386
0
LINE
8
BLACK
6
CONTINUOUS
10
4.5698694488188973
20
-3.4921456692913386
11
4.5717376377952759
21
-3.4925172834645668
0
LINE
8
BLACK
6
CONTINUOUS
10
4.5717376377952759
20
-3.4925172834645668
11
4.5742925590551184
21
-3.4935755511811024
0
LINE
8
BLACK
6
CONTINUOUS
10
4.5742925590551184
20
-3.4935755511811024
11
4.5774213779527555
21
-3.4948715354330706
0
LINE
8
BLACK
6
CONTINUOUS
10
4.5774213779527555
20
-3.4948715354330706
11
4.5835099606299208
21
-3.4960826377952756
0
LINE
8
BLACK
6
CONTINUOUS
10
4.5835099606299208
20
-3.4960826377952756
11
4.583510078740157
21
-3.4960826771653544
0
LINE
8
BLACK
6
CONTINUOUS
10
4.583510078740157
20
-3.4960826771653544
11
4.5835101574803145
21
-3.4960826771653544
0
LINE
8
BLACK
6
CONTINUOUS
10
4.5835101574803145
20
-3.4960826771653544
11
4.5897182677165356
21
-3.4960826771653544
0
LINE
8
BLACK
6
CONTINUOUS
10
4.5897182677165356
20
-3.4960826771653544
11
4.5897183070866143
21
-3.4960826377952756
0
LINE
8
BLACK
6
CONTINUOUS
10
4.5897183070866143
20
-3.4960826377952756
11
4.5958069685039371
21
-3.4948715354330706
0
LINE
8
BLACK
6
CONTINUOUS
10
4.5958069685039371
20
-3.4948715354330706
11
4.6015424803149605
21
-3.4924958267716533
0
LINE
8
BLACK
6
CONTINUOUS
10
4.6015424803149605
20
-3.4924958267716533
11
4.6067042913385823
21
-3.4890468110236221
0
LINE
8
BLACK
6
CONTINUOUS
10
4.6067042913385823
20
-3.4890468110236221
11
4.6110940551181105
21
-3.4846570472440943
0
LINE
8
BLACK
6
CONTINUOUS
10
4.6110940551181105
20
-3.4846570472440943
11
4.6145430708661417
21
-3.4794952362204725
0
LINE
8
BLACK
6
CONTINUOUS
10
4.6145430708661417
20
-3.4794952362204725
11
4.616918779527559
21
-3.4737597244094487
0
LINE
8
BLACK
6
CONTINUOUS
10
4.616918779527559
20
-3.4737597244094487
11
4.6181299212598423
21
-3.4676709448818896
0
LINE
8
BLACK
6
CONTINUOUS
10
4.6181299212598423
20
-3.4676709448818896
11
4.6181299212598423
21
-3.4614629133858266
0
LINE
8
BLACK
6
CONTINUOUS
10
4.6181299212598423
20
-3.4614629133858266
11
4.6181299212598423
21
-3.4614627952755903
0
LINE
8
BLACK
6
CONTINUOUS
10
4.6181299212598423
20
-3.4614627952755903
11
4.6181298818897636
21
-3.4614627165354328
0
LINE
8
BLACK
6
CONTINUOUS
10
4.6181298818897636
20
-3.4614627165354328
11
4.6169188188976378
21
-3.4553744094488188
0
LINE
8
BLACK
6
CONTINUOUS
10
4.6169188188976378
20
-3.4553744094488188
11
4.616918779527559
21
-3.4553741338582675
0
LINE
8
BLACK
6
CONTINUOUS
10
4.616918779527559
20
-3.4553741338582675
11
4.6151377952755901
21
-3.4510744094488186
0
LINE
8
BLACK
6
CONTINUOUS
10
4.6151377952755901
20
-3.4510744094488186
11
4.6145431889763779
21
-3.4496388582677167
0
LINE
8
BLACK
6
CONTINUOUS
10
4.6145431889763779
20
-3.4496388582677167
11
4.6145429133858267
21
-3.4496383464566929
0
LINE
8
BLACK
6
CONTINUOUS
10
4.6145429133858267
20
-3.4496383464566929
11
4.6110940551181105
21
-3.4444768110236219
0
LINE
8
BLACK
6
CONTINUOUS
10
4.6110940551181105
20
-3.4444768110236219
11
4.6110939370078743
21
-3.4444766535433069
0
LINE
8
BLACK
6
CONTINUOUS
10
4.6110939370078743
20
-3.4444766535433069
11
4.6067044094488185
21
-3.440087125984252
0
LINE
8
BLACK
6
CONTINUOUS
10
4.6067044094488185
20
-3.440087125984252
11
4.6067042519685035
21
-3.4400870078740158
0
LINE
8
BLACK
6
CONTINUOUS
10
4.6067042519685035
20
-3.4400870078740158
11
4.601542716535433
21
-3.4366381496062992
0
LINE
8
BLACK
6
CONTINUOUS
10
4.601542716535433
20
-3.4366381496062992
11
4.6015422047244092
21
-3.4366378740157479
0
LINE
8
BLACK
6
CONTINUOUS
10
4.6015422047244092
20
-3.4366378740157479
11
4.5958071259842521
21
-3.4342623622047244
0
LINE
8
BLACK
6
CONTINUOUS
10
4.5958071259842521
20
-3.4342623622047244
11
4.5958066535433071
21
-3.4342622440944881
0
LINE
8
BLACK
6
CONTINUOUS
10
4.5958066535433071
20
-3.4342622440944881
11
4.5897183070866143
21
-3.4330511811023623
0
LINE
8
BLACK
6
CONTINUOUS
10
4.5897183070866143
20
-3.4330511811023623
11
4.5897181889763781
21
-3.4330511811023623
0
LINE
8
BLACK
6
CONTINUOUS
10
4.5897181889763781
20
-3.4330511811023623
11
4.5835101574803145
21
-3.4330511811023623
0
LINE
8
BLACK
6
CONTINUOUS
10
4.5835101574803145
20
-3.4330511811023623
11
4.5835100393700783
21
-3.4330511811023623
0
LINE
8
BLACK
6
CONTINUOUS
10
4.5835100393700783
20
-3.4330511811023623
11
4.5774216535433068
21
-3.4342622440944881
0
LINE
8
BLACK
6
CONTINUOUS
10
4.5774216535433068
20
-3.4342622440944881
11
4.5774211811023617
21
-3.4342623622047244
0
LINE
8
BLACK
6
CONTINUOUS
10
4.5774211811023617
20
-3.4342623622047244
11
4.5717376377952759
21
-3.4366165748031494
0
LINE
8
BLACK
6
CONTINUOUS
10
4.5717376377952759
20
-3.4366165748031494
11
4.5698694488188973
21
-3.436988188976378
0
LINE
8
BLACK
6
CONTINUOUS
10
4.5698694488188973
20
-3.436988188976378
11
4.2883982677165351
21
-3.436988188976378
0
LINE
8
BLACK
6
CONTINUOUS
10
4.2883982677165351
20
-3.436988188976378
11
4.2865300787401575
21
-3.4366165748031494
0
LINE
8
BLACK
6
CONTINUOUS
10
4.2865300787401575
20
-3.4366165748031494
11
4.2808464960629919
21
-3.4342623622047244
0
LINE
8
BLACK
6
CONTINUOUS
10
4.2808464960629919
20
-3.4342623622047244
11
4.2808460236220469
21
-3.4342622440944881
0
LINE
8
BLACK
6
CONTINUOUS
10
4.2808460236220469
20
-3.4342622440944881
11
4.2747576771653542
21
-3.4330511811023623
0
LINE
8
BLACK
6
CONTINUOUS
10
4.2747576771653542
20
-3.4330511811023623
11
4.2747575590551179
21
-3.4330511811023623
0
LINE
8
BLACK
6
CONTINUOUS
10
4.2747575590551179
20
-3.4330511811023623
11
4.2685495275590553
21
-3.4330511811023623
0
LINE
8
BLACK
6
CONTINUOUS
10
4.2685495275590553
20
-3.4330511811023623
11
4.268549409448819
21
-3.4330511811023623
0
LINE
8
BLACK
6
CONTINUOUS
10
4.268549409448819
20
-3.4330511811023623
11
4.2624610236220475
21
-3.4342622440944881
0
LINE
8
BLACK
6
CONTINUOUS
10
4.2624610236220475
20
-3.4342622440944881
11
4.2624605511811025
21
-3.4342623622047244
0
LINE
8
BLACK
6
CONTINUOUS
10
4.2624605511811025
20
-3.4342623622047244
11
4.2567254724409445
21
-3.4366378740157479
0
LINE
8
BLACK
6
CONTINUOUS
10
4.2567254724409445
20
-3.4366378740157479
11
4.2567249606299216
21
-3.4366381496062992
0
LINE
8
BLACK
6
CONTINUOUS
10
4.2567249606299216
20
-3.4366381496062992
11
4.2515634251968502
21
-3.4400870078740158
0
LINE
8
BLACK
6
CONTINUOUS
10
4.2515634251968502
20
-3.4400870078740158
11
4.2515632677165351
21
-3.440087125984252
0
LINE
8
BLACK
6
CONTINUOUS
10
4.2515632677165351
20
-3.440087125984252
11
4.2471737401574803
21
-3.4444766535433069
0
LINE
8
BLACK
6
CONTINUOUS
10
4.2471737401574803
20
-3.4444766535433069
11
4.247173622047244
21
-3.4444768110236219
0
LINE
8
BLACK
6
CONTINUOUS
10
4.247173622047244
20
-3.4444768110236219
11
4.2437247637795279
21
-3.4496383464566929
0
LINE
8
BLACK
6
CONTINUOUS
10
4.2437247637795279
20
-3.4496383464566929
11
4.2437244881889766
21
-3.4496388582677167
0
LINE
8
BLACK
6
CONTINUOUS
10
4.2437244881889766
20
-3.4496388582677167
11
4.2413489763779531
21
-3.4553739370078738
0
LINE
8
BLACK
6
CONTINUOUS
10
4.2413489763779531
20
-3.4553739370078738
11
4.2413488582677168
21
-3.4553744094488188
0
LINE
8
BLACK
6
CONTINUOUS
10
4.2413488582677168
20
-3.4553744094488188
11
4.2401377952755901
21
-3.4614627165354328
0
LINE
8
BLACK
6
CONTINUOUS
10
4.2401377952755901
20
-3.4614627165354328
11
4.2401377952755901
21
-3.4676711023622047
0
LINE
8
BLACK
6
CONTINUOUS
10
4.7913188976377947
20
-1.4597970866141732
11
4.7925299606299214
21
-1.4658853937007874
0
LINE
8
BLACK
6
CONTINUOUS
10
4.7925299606299214
20
-1.4658853937007874
11
4.7925300787401577
21
-1.4658858661417322
0
LINE
8
BLACK
6
CONTINUOUS
10
4.7925300787401577
20
-1.4658858661417322
11
4.7948842913385823
21
-1.4715694488188975
0
LINE
8
BLACK
6
CONTINUOUS
10
4.7948842913385823
20
-1.4715694488188975
11
4.7952559055118114
21
-1.4734376377952756
0
LINE
8
BLACK
6
CONTINUOUS
10
4.7952559055118114
20
-1.4734376377952756
11
4.7952559055118114
21
-1.5720868503937007
0
LINE
8
BLACK
6
CONTINUOUS
10
4.7952559055118114
20
-1.5720868503937007
11
4.7952559055118114
21
-1.5775194488188975
0
LINE
8
BLACK
6
CONTINUOUS
10
4.7952559055118114
20
-1.5775194488188975
11
4.7952559055118114
21
-1.577519527559055
0
LINE
8
BLACK
6
CONTINUOUS
10
4.7952559055118114
20
-1.577519527559055
11
4.7952558661417326
21
-1.577519527559055
0
LINE
8
BLACK
6
CONTINUOUS
10
4.7952558661417326
20
-1.577519527559055
11
4.7963156692913387
21
-1.5828473228346456
0
LINE
8
BLACK
6
CONTINUOUS
10
4.7963156692913387
20
-1.5828473228346456
11
4.7963157874015749
21
-1.5828477165354331
0
LINE
8
BLACK
6
CONTINUOUS
10
4.7963157874015749
20
-1.5828477165354331
11
4.7983945669291339
21
-1.5878664173228345
0
LINE
8
BLACK
6
CONTINUOUS
10
4.7983945669291339
20
-1.5878664173228345
11
4.8014128740157478
21
-1.5923836614173228
0
LINE
8
BLACK
6
CONTINUOUS
10
4.8014128740157478
20
-1.5923836614173228
11
4.9233643307086616
21
-1.7143351181102362
0
LINE
8
BLACK
6
CONTINUOUS
10
4.9233643307086616
20
-1.7143351181102362
11
4.9278815748031493
21
-1.7173534251968503
0
LINE
8
BLACK
6
CONTINUOUS
10
4.9278815748031493
20
-1.7173534251968503
11
4.9329002755905513
21
-1.7194322047244095
0
LINE
8
BLACK
6
CONTINUOUS
10
4.9329002755905513
20
-1.7194322047244095
11
4.9329004724409451
21
-1.7194322834645668
0
LINE
8
BLACK
6
CONTINUOUS
10
4.9329004724409451
20
-1.7194322834645668
11
4.9329006299212601
21
-1.7194322834645668
0
LINE
8
BLACK
6
CONTINUOUS
10
4.9329006299212601
20
-1.7194322834645668
11
4.9329006692913389
21
-1.7194323228346455
0
LINE
8
BLACK
6
CONTINUOUS
10
4.9329006692913389
20
-1.7194323228346455
11
4.9382284645669294
21
-1.7204921259842518
0
LINE
8
BLACK
6
CONTINUOUS
10
4.9382284645669294
20
-1.7204921259842518
11
4.9382285826771648
21
-1.7204921259842518
0
LINE
8
BLACK
6
CONTINUOUS
10
4.9382285826771648
20
-1.7204921259842518
11
4.9382286220472436
21
-1.7204921259842518
0
LINE
8
BLACK
6
CONTINUOUS
10
4.9382286220472436
20
-1.7204921259842518
11
5.5351298031496059
21
-1.7204921259842518
0
LINE
8
BLACK
6
CONTINUOUS
10
5.5351298031496059
20
-1.7204921259842518
11
5.5377691338582675
21
-1.721267125984252
0
LINE
8
BLACK
6
CONTINUOUS
10
5.5377691338582675
20
-1.721267125984252
11
5.5395705118110232
21
-1.7233460236220473
0
LINE
8
BLACK
6
CONTINUOUS
10
5.5395705118110232
20
-1.7233460236220473
11
5.5399620078740153
21
-1.7260687795275591
0
LINE
8
BLACK
6
CONTINUOUS
10
5.5399620078740153
20
-1.7260687795275591
11
5.5399178740157478
21
-1.7263264173228345
0
LINE
8
BLACK
6
CONTINUOUS
10
5.5399178740157478
20
-1.7263264173228345
11
5.5393503937007873
21
-1.7291792519685039
0
LINE
8
BLACK
6
CONTINUOUS
10
5.5393503937007873
20
-1.7291792519685039
11
5.5393503937007873
21
-1.7353876377952755
0
LINE
8
BLACK
6
CONTINUOUS
10
5.5393503937007873
20
-1.7353876377952755
11
5.5405614566929131
21
-1.7414759448818897
0
LINE
8
BLACK
6
CONTINUOUS
10
5.5405614566929131
20
-1.7414759448818897
11
5.5405615748031494
21
-1.7414764173228345
0
LINE
8
BLACK
6
CONTINUOUS
10
5.5405615748031494
20
-1.7414764173228345
11
5.5429370866141729
21
-1.7472114960629921
0
LINE
8
BLACK
6
CONTINUOUS
10
5.5429370866141729
20
-1.7472114960629921
11
5.5429373622047242
21
-1.7472120078740156
0
LINE
8
BLACK
6
CONTINUOUS
10
5.5429373622047242
20
-1.7472120078740156
11
5.5463862204724412
21
-1.7523735433070866
0
LINE
8
BLACK
6
CONTINUOUS
10
5.5463862204724412
20
-1.7523735433070866
11
5.5463863385826766
21
-1.7523737007874016
0
LINE
8
BLACK
6
CONTINUOUS
10
5.5463863385826766
20
-1.7523737007874016
11
5.5507758661417324
21
-1.7567632283464567
0
LINE
8
BLACK
6
CONTINUOUS
10
5.5507758661417324
20
-1.7567632283464567
11
5.5507760236220474
21
-1.756763346456693
0
LINE
8
BLACK
6
CONTINUOUS
10
5.5507760236220474
20
-1.756763346456693
11
5.5559375590551179
21
-1.7602122047244093
0
LINE
8
BLACK
6
CONTINUOUS
10
5.5559375590551179
20
-1.7602122047244093
11
5.5559380708661417
21
-1.7602124803149606
0
LINE
8
BLACK
6
CONTINUOUS
10
5.5559380708661417
20
-1.7602124803149606
11
5.5616731496062988
21
-1.7625879921259842
0
LINE
8
BLACK
6
CONTINUOUS
10
5.5616731496062988
20
-1.7625879921259842
11
5.5616733464566925
21
-1.7625880708661417
0
LINE
8
BLACK
6
CONTINUOUS
10
5.5616733464566925
20
-1.7625880708661417
11
5.5658038582677163
21
-1.7634096850393701
0
LINE
8
BLACK
6
CONTINUOUS
10
5.5658038582677163
20
-1.7634096850393701
11
5.5677619291338578
21
-1.7637991732283465
0
LINE
8
BLACK
6
CONTINUOUS
10
5.5677619291338578
20
-1.7637991732283465
11
5.5677620472440941
21
-1.7637992125984252
0
LINE
8
BLACK
6
CONTINUOUS
10
5.5677620472440941
20
-1.7637992125984252
11
5.5677621259842516
21
-1.7637992125984252
0
LINE
8
BLACK
6
CONTINUOUS
10
5.5677621259842516
20
-1.7637992125984252
11
5.5739702362204726
21
-1.7637992125984252
0
LINE
8
BLACK
6
CONTINUOUS
10
5.5739702362204726
20
-1.7637992125984252
11
5.5739702755905514
21
-1.7637991732283465
0
LINE
8
BLACK
6
CONTINUOUS
10
5.5739702755905514
20
-1.7637991732283465
11
5.5800589370078741
21
-1.7625880708661417
0
LINE
8
BLACK
6
CONTINUOUS
10
5.5800589370078741
20
-1.7625880708661417
11
5.5818945275590552
21
-1.761827716535433
0
LINE
8
BLACK
6
CONTINUOUS
10
5.5818945275590552
20
-1.761827716535433
11
5.5846294488188972
21
-1.7615337007874015
0
LINE
8
BLACK
6
CONTINUOUS
10
5.5846294488188972
20
-1.7615337007874015
11
5.5870892519685036
21
-1.7627649999999999
0
LINE
8
BLACK
6
CONTINUOUS
10
5.5870892519685036
20
-1.7627649999999999
11
5.588492913385827
21
-1.7651306692913384
0
LINE
8
BLACK
6
CONTINUOUS
10
5.588492913385827
20
-1.7651306692913384
11
5.5883947637795277
21
-1.7678796850393701
0
LINE
8
BLACK
6
CONTINUOUS
10
5.5883947637795277
20
-1.7678796850393701
11
5.5872147244094483
21
-1.76979
0
LINE
8
BLACK
6
CONTINUOUS
10
5.5872147244094483
20
-1.76979
11
5.5857564566929137
21
-1.7712482677165353
0
LINE
8
BLACK
6
CONTINUOUS
10
5.5857564566929137
20
-1.7712482677165353
11
5.5857562992125986
21
-1.7712484645669291
0
LINE
8
BLACK
6
CONTINUOUS
10
5.5857562992125986
20
-1.7712484645669291
11
5.5823074409448816
21
-1.77641
0
LINE
8
BLACK
6
CONTINUOUS
10
5.5823074409448816
20
-1.77641
11
5.5823071653543304
21
-1.7764105118110236
0
LINE
8
BLACK
6
CONTINUOUS
10
5.5823071653543304
20
-1.7764105118110236
11
5.5799316535433068
21
-1.7821455905511812
0
LINE
8
BLACK
6
CONTINUOUS
10
5.5799316535433068
20
-1.7821455905511812
11
5.5799315354330705
21
-1.782146062992126
0
LINE
8
BLACK
6
CONTINUOUS
10
5.5799315354330705
20
-1.782146062992126
11
5.5787204724409447
21
-1.7882343700787402
0
LINE
8
BLACK
6
CONTINUOUS
10
5.5787204724409447
20
-1.7882343700787402
11
5.5787204724409447
21
-1.7944427559055118
0
LINE
8
BLACK
6
CONTINUOUS
10
5.5787204724409447
20
-1.7944427559055118
11
5.5799315354330705
21
-1.8005310629921258
0
LINE
8
BLACK
6
CONTINUOUS
10
5.5799315354330705
20
-1.8005310629921258
11
5.5799316535433068
21
-1.8005315354330709
0
LINE
8
BLACK
6
CONTINUOUS
10
5.5799316535433068
20
-1.8005315354330709
11
5.5823071653543304
21
-1.8062666141732282
0
LINE
8
BLACK
6
CONTINUOUS
10
5.5823071653543304
20
-1.8062666141732282
11
5.5823074409448816
21
-1.806267125984252
0
LINE
8
BLACK
6
CONTINUOUS
10
5.5823074409448816
20
-1.806267125984252
11
5.5857562992125986
21
-1.8114286614173227
0
LINE
8
BLACK
6
CONTINUOUS
10
5.5857562992125986
20
-1.8114286614173227
11
5.5857564173228349
21
-1.8114288188976377
0
LINE
8
BLACK
6
CONTINUOUS
10
5.5857564173228349
20
-1.8114288188976377
11
5.5901459448818898
21
-1.8158183464566928
0
LINE
8
BLACK
6
CONTINUOUS
10
5.5901459448818898
20
-1.8158183464566928
11
5.5901461023622048
21
-1.8158184645669291
0
LINE
8
BLACK
6
CONTINUOUS
10
5.5901461023622048
20
-1.8158184645669291
11
5.5953076377952753
21
-1.8192673228346457
0
LINE
8
BLACK
6
CONTINUOUS
10
5.5953076377952753
20
-1.8192673228346457
11
5.5953081496062991
21
-1.8192675984251969
0
LINE
8
BLACK
6
CONTINUOUS
10
5.5953081496062991
20
-1.8192675984251969
11
5.6010432283464562
21
-1.8216431102362205
0
LINE
8
BLACK
6
CONTINUOUS
10
5.6010432283464562
20
-1.8216431102362205
11
5.6010434251968499
21
-1.821643188976378
0
LINE
8
BLACK
6
CONTINUOUS
10
5.6010434251968499
20
-1.821643188976378
11
5.6071320078740152
21
-1.8228542913385826
0
LINE
8
BLACK
6
CONTINUOUS
10
5.6071320078740152
20
-1.8228542913385826
11
5.6071321259842515
21
-1.8228543307086613
0
LINE
8
BLACK
6
CONTINUOUS
10
5.6071321259842515
20
-1.8228543307086613
11
5.607132204724409
21
-1.8228543307086613
0
LINE
8
BLACK
6
CONTINUOUS
10
5.607132204724409
20
-1.8228543307086613
11
5.61334031496063
21
-1.8228543307086613
0
LINE
8
BLACK
6
CONTINUOUS
10
5.61334031496063
20
-1.8228543307086613
11
5.6133403543307088
21
-1.8228542913385826
0
LINE
8
BLACK
6
CONTINUOUS
10
5.6133403543307088
20
-1.8228542913385826
11
5.6194290157480316
21
-1.821643188976378
0
LINE
8
BLACK
6
CONTINUOUS
10
5.6194290157480316
20
-1.821643188976378
11
5.6224001181102361
21
-1.8204125196850394
0
LINE
8
BLACK
6
CONTINUOUS
10
5.6224001181102361
20
-1.8204125196850394
11
5.6251127559055121
21
-1.819288937007874
0
LINE
8
BLACK
6
CONTINUOUS
10
5.6251127559055121
20
-1.819288937007874
11
5.6269809448818897
21
-1.8189173228346456
0
LINE
8
BLACK
6
CONTINUOUS
10
5.6269809448818897
20
-1.8189173228346456
11
5.8098029921259844
21
-1.8189173228346456
0
LINE
8
BLACK
6
CONTINUOUS
10
5.8098029921259844
20
-1.8189173228346456
11
5.8133874015748033
21
-1.8182042913385827
0
LINE
8
BLACK
6
CONTINUOUS
10
5.8133874015748033
20
-1.8182042913385827
11
5.8151310236220475
21
-1.8178574803149605
0
LINE
8
BLACK
6
CONTINUOUS
10
5.8151310236220475
20
-1.8178574803149605
11
5.8176405118110237
21
-1.8168179921259842
0
LINE
8
BLACK
6
CONTINUOUS
10
5.8176405118110237
20
-1.8168179921259842
11
5.8201498818897637
21
-1.8157786220472441
0
LINE
8
BLACK
6
CONTINUOUS
10
5.8201498818897637
20
-1.8157786220472441
11
5.8201499212598424
21
-1.8157785826771653
0
LINE
8
BLACK
6
CONTINUOUS
10
5.8201499212598424
20
-1.8157785826771653
11
5.8201500393700787
21
-1.8157785433070865
0
LINE
8
BLACK
6
CONTINUOUS
10
5.8201500393700787
20
-1.8157785433070865
11
5.8246670472440947
21
-1.8127603937007875
0
LINE
8
BLACK
6
CONTINUOUS
10
5.8246670472440947
20
-1.8127603937007875
11
5.8678785039370078
21
-1.7695489370078741
0
LINE
8
BLACK
6
CONTINUOUS
10
5.8678785039370078
20
-1.7695489370078741
11
5.8708966535433067
21
-1.7650319291338583
0
LINE
8
BLACK
6
CONTINUOUS
10
5.8708966535433067
20
-1.7650319291338583
11
5.871407283464567
21
-1.7637992125984252
0
LINE
8
BLACK
6
CONTINUOUS
10
5.871407283464567
20
-1.7637992125984252
11
5.8728929133858268
21
-1.7602124803149606
0
LINE
8
BLACK
6
CONTINUOUS
10
5.8728929133858268
20
-1.7602124803149606
11
5.8729755905511807
21
-1.7600129133858267
0
LINE
8
BLACK
6
CONTINUOUS
10
5.8729755905511807
20
-1.7600129133858267
11
5.8740354330708664
21
-1.7546848031496063
0
LINE
8
BLACK
6
CONTINUOUS
10
5.8740354330708664
20
-1.7546848031496063
11
5.8740354330708664
21
-1.7492522047244095
0
LINE
8
BLACK
6
CONTINUOUS
10
5.8740354330708664
20
-1.7492522047244095
11
5.8740354330708664
21
-1.7096581102362205
0
LINE
8
BLACK
6
CONTINUOUS
10
5.8740354330708664
20
-1.7096581102362205
11
5.8744070472440946
21
-1.7077899212598424
0
LINE
8
BLACK
6
CONTINUOUS
10
5.8744070472440946
20
-1.7077899212598424
11
5.8758299999999997
21
-1.7043545669291338
0
LINE
8
BLACK
6
CONTINUOUS
10
5.8758299999999997
20
-1.7043545669291338
11
5.8767612992125979
21
-1.7021061811023621
0
LINE
8
BLACK
6
CONTINUOUS
10
5.8767612992125979
20
-1.7021061811023621
11
5.8779724409448821
21
-1.6960174015748031
0
LINE
8
BLACK
6
CONTINUOUS
10
5.8779724409448821
20
-1.6960174015748031
11
5.8779724409448821
21
-1.6898093700787402
0
LINE
8
BLACK
6
CONTINUOUS
10
5.8779724409448821
20
-1.6898093700787402
11
5.8779724409448821
21
-1.689809251968504
0
LINE
8
BLACK
6
CONTINUOUS
10
5.8779724409448821
20
-1.689809251968504
11
5.8779724015748034
21
-1.6898091732283465
0
LINE
8
BLACK
6
CONTINUOUS
10
5.8779724015748034
20
-1.6898091732283465
11
5.8767613385826767
21
-1.6837208661417322
0
LINE
8
BLACK
6
CONTINUOUS
10
5.8767613385826767
20
-1.6837208661417322
11
5.8767612992125979
21
-1.6837205905511812
0
LINE
8
BLACK
6
CONTINUOUS
10
5.8767612992125979
20
-1.6837205905511812
11
5.8767612204724404
21
-1.6837203937007874
0
LINE
8
BLACK
6
CONTINUOUS
10
5.8767612204724404
20
-1.6837203937007874
11
5.8743857086614168
21
-1.6779853149606299
0
LINE
8
BLACK
6
CONTINUOUS
10
5.8743857086614168
20
-1.6779853149606299
11
5.8743854330708656
21
-1.6779848031496063
0
LINE
8
BLACK
6
CONTINUOUS
10
5.8743854330708656
20
-1.6779848031496063
11
5.8709365748031495
21
-1.6728232677165353
0
LINE
8
BLACK
6
CONTINUOUS
10
5.8709365748031495
20
-1.6728232677165353
11
5.8709364566929132
21
-1.6728231102362205
0
LINE
8
BLACK
6
CONTINUOUS
10
5.8709364566929132
20
-1.6728231102362205
11
5.8665469291338583
21
-1.6684335826771652
0
LINE
8
BLACK
6
CONTINUOUS
10
5.8665469291338583
20
-1.6684335826771652
11
5.8665467716535433
21
-1.6684334645669292
0
LINE
8
BLACK
6
CONTINUOUS
10
5.8665467716535433
20
-1.6684334645669292
11
5.8613852362204719
21
-1.6649846062992126
0
LINE
8
BLACK
6
CONTINUOUS
10
5.8613852362204719
20
-1.6649846062992126
11
5.861384724409449
21
-1.6649843307086614
0
LINE
8
BLACK
6
CONTINUOUS
10
5.861384724409449
20
-1.6649843307086614
11
5.855649645669291
21
-1.6626088188976378
0
LINE
8
BLACK
6
CONTINUOUS
10
5.855649645669291
20
-1.6626088188976378
11
5.855649173228346
21
-1.6626087007874015
0
LINE
8
BLACK
6
CONTINUOUS
10
5.855649173228346
20
-1.6626087007874015
11
5.8495608267716532
21
-1.6613976377952755
0
LINE
8
BLACK
6
CONTINUOUS
10
5.8495608267716532
20
-1.6613976377952755
11
5.849560708661417
21
-1.6613976377952755
0
LINE
8
BLACK
6
CONTINUOUS
10
5.849560708661417
20
-1.6613976377952755
11
5.8433526771653543
21
-1.6613976377952755
0
LINE
8
BLACK
6
CONTINUOUS
10
5.8433526771653543
20
-1.6613976377952755
11
5.8433525590551181
21
-1.6613976377952755
0
LINE
8
BLACK
6
CONTINUOUS
10
5.8433525590551181
20
-1.6613976377952755
11
5.8372641732283466
21
-1.6626087007874015
0
LINE
8
BLACK
6
CONTINUOUS
10
5.8372641732283466
20
-1.6626087007874015
11
5.8372637007874015
21
-1.6626088188976378
0
LINE
8
BLACK
6
CONTINUOUS
10
5.8372637007874015
20
-1.6626088188976378
11
5.8315286220472435
21
-1.6649843307086614
0
LINE
8
BLACK
6
CONTINUOUS
10
5.8315286220472435
20
-1.6649843307086614
11
5.8315281102362206
21
-1.6649846062992126
0
LINE
8
BLACK
6
CONTINUOUS
10
5.8315281102362206
20
-1.6649846062992126
11
5.8263665748031492
21
-1.6684334645669292
0
LINE
8
BLACK
6
CONTINUOUS
10
5.8263665748031492
20
-1.6684334645669292
11
5.8263664173228342
21
-1.6684335826771652
0
LINE
8
BLACK
6
CONTINUOUS
10
5.8263664173228342
20
-1.6684335826771652
11
5.8219768897637794
21
-1.6728231102362205
0
LINE
8
BLACK
6
CONTINUOUS
10
5.8219768897637794
20
-1.6728231102362205
11
5.8219767716535431
21
-1.6728232677165353
0
LINE
8
BLACK
6
CONTINUOUS
10
5.8219767716535431
20
-1.6728232677165353
11
5.818527913385827
21
-1.6779848031496063
0
LINE
8
BLACK
6
CONTINUOUS
10
5.818527913385827
20
-1.6779848031496063
11
5.8185276377952757
21
-1.6779853149606299
0
LINE
8
BLACK
6
CONTINUOUS
10
5.8185276377952757
20
-1.6779853149606299
11
5.8161521259842521
21
-1.6837203937007874
0
LINE
8
BLACK
6
CONTINUOUS
10
5.8161521259842521
20
-1.6837203937007874
11
5.8161520078740159
21
-1.6837208661417322
0
LINE
8
BLACK
6
CONTINUOUS
10
5.8161520078740159
20
-1.6837208661417322
11
5.8149409448818901
21
-1.6898091732283465
0
LINE
8
BLACK
6
CONTINUOUS
10
5.8149409448818901
20
-1.6898091732283465
11
5.8149409448818901
21
-1.6960175590551181
0
LINE
8
BLACK
6
CONTINUOUS
10
5.8149409448818901
20
-1.6960175590551181
11
5.8161520078740159
21
-1.7021058661417323
0
LINE
8
BLACK
6
CONTINUOUS
10
5.8161520078740159
20
-1.7021058661417323
11
5.8161520866141734
21
-1.7021061811023621
0
LINE
8
BLACK
6
CONTINUOUS
10
5.8161520866141734
20
-1.7021061811023621
11
5.816912401574803
21
-1.7039417322834645
0
LINE
8
BLACK
6
CONTINUOUS
10
5.816912401574803
20
-1.7039417322834645
11
5.8172064173228346
21
-1.7066767716535434
0
LINE
8
BLACK
6
CONTINUOUS
10
5.8172064173228346
20
-1.7066767716535434
11
5.8159750787401574
21
-1.7091365748031495
0
LINE
8
BLACK
6
CONTINUOUS
10
5.8159750787401574
20
-1.7091365748031495
11
5.8136093700787397
21
-1.7105401968503937
0
LINE
8
BLACK
6
CONTINUOUS
10
5.8136093700787397
20
-1.7105401968503937
11
5.8108603543307087
21
-1.7104419685039369
0
LINE
8
BLACK
6
CONTINUOUS
10
5.8108603543307087
20
-1.7104419685039369
11
5.8089500787401578
21
-1.7092619291338582
0
LINE
8
BLACK
6
CONTINUOUS
10
5.8089500787401578
20
-1.7092619291338582
11
5.8074918110236222
21
-1.7078036614173229
0
LINE
8
BLACK
6
CONTINUOUS
10
5.8074918110236222
20
-1.7078036614173229
11
5.8074916535433072
21
-1.7078035433070866
0
LINE
8
BLACK
6
CONTINUOUS
10
5.8074916535433072
20
-1.7078035433070866
11
5.8023301181102358
21
-1.70435468503937
0
LINE
8
BLACK
6
CONTINUOUS
10
5.8023301181102358
20
-1.70435468503937
11
5.8023296062992129
21
-1.7043544094488188
0
LINE
8
BLACK
6
CONTINUOUS
10
5.8023296062992129
20
-1.7043544094488188
11
5.7965945275590549
21
-1.7019788976377952
0
LINE
8
BLACK
6
CONTINUOUS
10
5.7965945275590549
20
-1.7019788976377952
11
5.7965940551181099
21
-1.7019787795275589
0
LINE
8
BLACK
6
CONTINUOUS
10
5.7965940551181099
20
-1.7019787795275589
11
5.7905057086614171
21
-1.7007677165354331
0
LINE
8
BLACK
6
CONTINUOUS
10
5.7905057086614171
20
-1.7007677165354331
11
5.7905055905511809
21
-1.7007677165354331
0
LINE
8
BLACK
6
CONTINUOUS
10
5.7905055905511809
20
-1.7007677165354331
11
5.7842975590551182
21
-1.7007677165354331
0
LINE
8
BLACK
6
CONTINUOUS
10
5.7842975590551182
20
-1.7007677165354331
11
5.784297440944882
21
-1.7007677165354331
0
LINE
8
BLACK
6
CONTINUOUS
10
5.784297440944882
20
-1.7007677165354331
11
5.7782090551181104
21
-1.7019787795275589
0
LINE
8
BLACK
6
CONTINUOUS
10
5.7782090551181104
20
-1.7019787795275589
11
5.7782085826771654
21
-1.7019788976377952
0
LINE
8
BLACK
6
CONTINUOUS
10
5.7782085826771654
20
-1.7019788976377952
11
5.7725250393700787
21
-1.7043331102362205
0
LINE
8
BLACK
6
CONTINUOUS
10
5.7725250393700787
20
-1.7043331102362205
11
5.770656850393701
21
-1.7047047244094489
0
LINE
8
BLACK
6
CONTINUOUS
10
5.770656850393701
20
-1.7047047244094489
11
5.6656575984251969
21
-1.7047047244094489
0
LINE
8
BLACK
6
CONTINUOUS
10
5.6656575984251969
20
-1.7047047244094489
11
5.6630182677165353
21
-1.7039297244094487
0
LINE
8
BLACK
6
CONTINUOUS
10
5.6630182677165353
20
-1.7039297244094487
11
5.6612168897637796
21
-1.7018508267716534
0
LINE
8
BLACK
6
CONTINUOUS
10
5.6612168897637796
20
-1.7018508267716534
11
5.6608253937007875
21
-1.6991280708661416
0
LINE
8
BLACK
6
CONTINUOUS
10
5.6608253937007875
20
-1.6991280708661416
11
5.660869527559055
21
-1.6988704330708662
0
LINE
8
BLACK
6
CONTINUOUS
10
5.660869527559055
20
-1.6988704330708662
11
5.6614369685039367
21
-1.6960175590551181
0
LINE
8
BLACK
6
CONTINUOUS
10
5.6614369685039367
20
-1.6960175590551181
11
5.6614370078740155
21
-1.6960174803149606
0
LINE
8
BLACK
6
CONTINUOUS
10
5.6614370078740155
20
-1.6960174803149606
11
5.6614370078740155
21
-1.689809251968504
0
LINE
8
BLACK
6
CONTINUOUS
10
5.6614370078740155
20
-1.689809251968504
11
5.6614369685039367
21
-1.6898091732283465
0
LINE
8
BLACK
6
CONTINUOUS
10
5.6614369685039367
20
-1.6898091732283465
11
5.6602259055118109
21
-1.6837208661417322
0
LINE
8
BLACK
6
CONTINUOUS
10
5.6602259055118109
20
-1.6837208661417322
11
5.6602258661417322
21
-1.6837205905511812
0
LINE
8
BLACK
6
CONTINUOUS
10
5.6602258661417322
20
-1.6837205905511812
11
5.6602257874015747
21
-1.6837203937007874
0
LINE
8
BLACK
6
CONTINUOUS
10
5.6602257874015747
20
-1.6837203937007874
11
5.6578502755905511
21
-1.6779853149606299
0
LINE
8
BLACK
6
CONTINUOUS
10
5.6578502755905511
20
-1.6779853149606299
11
5.6578499999999998
21
-1.6779848031496063
0
LINE
8
BLACK
6
CONTINUOUS
10
5.6578499999999998
20
-1.6779848031496063
11
5.6544011417322837
21
-1.6728232677165353
0
LINE
8
BLACK
6
CONTINUOUS
10
5.6544011417322837
20
-1.6728232677165353
11
5.6544010236220474
21
-1.6728231102362205
0
LINE
8
BLACK
6
CONTINUOUS
10
5.6544010236220474
20
-1.6728231102362205
11
5.6500114960629917
21
-1.6684335826771652
0
LINE
8
BLACK
6
CONTINUOUS
10
5.6500114960629917
20
-1.6684335826771652
11
5.6500113385826767
21
-1.6684334645669292
0
LINE
8
BLACK
6
CONTINUOUS
10
5.6500113385826767
20
-1.6684334645669292
11
5.6448498031496062
21
-1.6649846062992126
0
LINE
8
BLACK
6
CONTINUOUS
10
5.6448498031496062
20
-1.6649846062992126
11
5.6448492913385824
21
-1.6649843307086614
0
LINE
8
BLACK
6
CONTINUOUS
10
5.6448492913385824
20
-1.6649843307086614
11
5.6391142125984253
21
-1.6626088188976378
0
LINE
8
BLACK
6
CONTINUOUS
10
5.6391142125984253
20
-1.6626088188976378
11
5.6391137401574802
21
-1.6626087007874015
0
LINE
8
BLACK
6
CONTINUOUS
10
5.6391137401574802
20
-1.6626087007874015
11
5.6330253937007875
21
-1.6613976377952755
0
LINE
8
BLACK
6
CONTINUOUS
10
5.6330253937007875
20
-1.6613976377952755
11
5.6330252755905512
21
-1.6613976377952755
0
LINE
8
BLACK
6
CONTINUOUS
10
5.6330252755905512
20
-1.6613976377952755
11
5.6268172440944877
21
-1.6613976377952755
0
LINE
8
BLACK
6
CONTINUOUS
10
5.6268172440944877
20
-1.6613976377952755
11
5.6268171259842514
21
-1.6613976377952755
0
LINE
8
BLACK
6
CONTINUOUS
10
5.6268171259842514
20
-1.6613976377952755
11
5.6207287401574799
21
-1.6626087007874015
0
LINE
8
BLACK
6
CONTINUOUS
10
5.6207287401574799
20
-1.6626087007874015
11
5.6207282677165349
21
-1.6626088188976378
0
LINE
8
BLACK
6
CONTINUOUS
10
5.6207282677165349
20
-1.6626088188976378
11
5.615044724409449
21
-1.6649630314960631
0
LINE
8
BLACK
6
CONTINUOUS
10
5.615044724409449
20
-1.6649630314960631
11
5.6131765354330705
21
-1.6653346456692912
0
LINE
8
BLACK
6
CONTINUOUS
10
5.6131765354330705
20
-1.6653346456692912
11
4.9543905118110239
21
-1.6653346456692912
0
LINE
8
BLACK
6
CONTINUOUS
10
4.9543905118110239
20
-1.6653346456692912
11
4.9517511811023622
21
-1.6645596456692913
0
LINE
8
BLACK
6
CONTINUOUS
10
4.9517511811023622
20
-1.6645596456692913
11
4.9509385039370075
21
-1.6639047637795275
0
LINE
8
BLACK
6
CONTINUOUS
10
4.9509385039370075
20
-1.6639047637795275
11
4.8518432677165357
21
-1.564809527559055
0
LINE
8
BLACK
6
CONTINUOUS
10
4.8518432677165357
20
-1.564809527559055
11
4.8505249606299214
21
-1.5623952362204725
0
LINE
8
BLACK
6
CONTINUOUS
10
4.8505249606299214
20
-1.5623952362204725
11
4.850413385826772
21
-1.5613575196850393
0
LINE
8
BLACK
6
CONTINUOUS
10
4.850413385826772
20
-1.5613575196850393
11
4.850413385826772
21
-1.4734376377952756
0
LINE
8
BLACK
6
CONTINUOUS
10
4.850413385826772
20
-1.4734376377952756
11
4.8507850000000001
21
-1.4715694488188975
0
LINE
8
BLACK
6
CONTINUOUS
10
4.8507850000000001
20
-1.4715694488188975
11
4.853139173228346
21
-1.4658858661417322
0
LINE
8
BLACK
6
CONTINUOUS
10
4.853139173228346
20
-1.4658858661417322
11
4.8531392519685035
21
-1.4658857086614172
0
LINE
8
BLACK
6
CONTINUOUS
10
4.8531392519685035
20
-1.4658857086614172
11
4.8543503937007877
21
-1.4597969291338582
0
LINE
8
BLACK
6
CONTINUOUS
10
4.8543503937007877
20
-1.4597969291338582
11
4.8543503937007877
21
-1.4535888976377953
0
LINE
8
BLACK
6
CONTINUOUS
10
4.8543503937007877
20
-1.4535888976377953
11
4.8543503937007877
21
-1.453588779527559
0
LINE
8
BLACK
6
CONTINUOUS
10
4.8543503937007877
20
-1.453588779527559
11
4.8543503543307089
21
-1.4535887007874015
0
LINE
8
BLACK
6
CONTINUOUS
10
4.8543503543307089
20
-1.4535887007874015
11
4.8531392913385822
21
-1.4475003937007873
0
LINE
8
BLACK
6
CONTINUOUS
10
4.8531392913385822
20
-1.4475003937007873
11
4.8531392519685035
21
-1.4475001181102363
0
LINE
8
BLACK
6
CONTINUOUS
10
4.8531392519685035
20
-1.4475001181102363
11
4.853139173228346
21
-1.4474999212598425
0
LINE
8
BLACK
6
CONTINUOUS
10
4.853139173228346
20
-1.4474999212598425
11
4.8507636614173224
21
-1.441764842519685
0
LINE
8
BLACK
6
CONTINUOUS
10
4.8507636614173224
20
-1.441764842519685
11
4.8507633858267711
21
-1.4417643307086614
0
LINE
8
BLACK
6
CONTINUOUS
10
4.8507633858267711
20
-1.4417643307086614
11
4.847314527559055
21
-1.4366027952755904
0
LINE
8
BLACK
6
CONTINUOUS
10
4.847314527559055
20
-1.4366027952755904
11
4.8473144094488188
21
-1.4366026377952756
0
LINE
8
BLACK
6
CONTINUOUS
10
4.8473144094488188
20
-1.4366026377952756
11
4.8429248818897639
21
-1.4322131102362203
0
LINE
8
BLACK
6
CONTINUOUS
10
4.8429248818897639
20
-1.4322131102362203
11
4.8429247244094489
21
-1.4322129921259843
0
LINE
8
BLACK
6
CONTINUOUS
10
4.8429247244094489
20
-1.4322129921259843
11
4.8377631889763775
21
-1.4287641338582677
0
LINE
8
BLACK
6
CONTINUOUS
10
4.8377631889763775
20
-1.4287641338582677
11
4.8377626771653546
21
-1.4287638582677165
0
LINE
8
BLACK
6
CONTINUOUS
10
4.8377626771653546
20
-1.4287638582677165
11
4.8320275984251966
21
-1.4263883464566929
0
LINE
8
BLACK
6
CONTINUOUS
10
4.8320275984251966
20
-1.4263883464566929
11
4.8320271259842515
21
-1.4263882283464566
0
LINE
8
BLACK
6
CONTINUOUS
10
4.8320271259842515
20
-1.4263882283464566
11
4.8259387795275588
21
-1.4251771653543306
0
LINE
8
BLACK
6
CONTINUOUS
10
4.8259387795275588
20
-1.4251771653543306
11
4.8259386614173225
21
-1.4251771653543306
0
LINE
8
BLACK
6
CONTINUOUS
10
4.8259386614173225
20
-1.4251771653543306
11
4.8197306299212599
21
-1.4251771653543306
0
LINE
8
BLACK
6
CONTINUOUS
10
4.8197306299212599
20
-1.4251771653543306
11
4.8197305118110236
21
-1.4251771653543306
0
LINE
8
BLACK
6
CONTINUOUS
10
4.8197305118110236
20
-1.4251771653543306
11
4.8136421259842521
21
-1.4263882283464566
0
LINE
8
BLACK
6
CONTINUOUS
10
4.8136421259842521
20
-1.4263882283464566
11
4.8136416535433071
21
-1.4263883464566929
0
LINE
8
BLACK
6
CONTINUOUS
10
4.8136416535433071
20
-1.4263883464566929
11
4.8079065748031491
21
-1.4287638582677165
0
LINE
8
BLACK
6
CONTINUOUS
10
4.8079065748031491
20
-1.4287638582677165
11
4.8079060629921262
21
-1.4287641338582677
0
LINE
8
BLACK
6
CONTINUOUS
10
4.8079060629921262
20
-1.4287641338582677
11
4.8027445275590548
21
-1.4322129921259843
0
LINE
8
BLACK
6
CONTINUOUS
10
4.8027445275590548
20
-1.4322129921259843
11
4.8027443700787398
21
-1.4322131102362203
0
LINE
8
BLACK
6
CONTINUOUS
10
4.8027443700787398
20
-1.4322131102362203
11
4.7983548425196849
21
-1.4366026377952756
0
LINE
8
BLACK
6
CONTINUOUS
10
4.7983548425196849
20
-1.4366026377952756
11
4.7983547244094487
21
-1.4366027952755904
0
LINE
8
BLACK
6
CONTINUOUS
10
4.7983547244094487
20
-1.4366027952755904
11
4.7949058661417325
21
-1.4417643307086614
0
LINE
8
BLACK
6
CONTINUOUS
10
4.7949058661417325
20
-1.4417643307086614
11
4.7949055905511813
21
-1.441764842519685
0
LINE
8
BLACK
6
CONTINUOUS
10
4.7949055905511813
20
-1.441764842519685
11
4.7925300787401577
21
-1.4474999212598425
0
LINE
8
BLACK
6
CONTINUOUS
10
4.7925300787401577
20
-1.4474999212598425
11
4.7925299606299214
21
-1.4475003937007873
0
LINE
8
BLACK
6
CONTINUOUS
10
4.7925299606299214
20
-1.4475003937007873
11
4.7913188976377947
21
-1.4535887007874015
0
LINE
8
BLACK
6
CONTINUOUS
10
4.7913188976377947
20
-1.4535887007874015
11
4.7913188976377947
21
-1.4597970866141732
0
LINE
8
BLACK
6
CONTINUOUS
10
4.5123938976377955
20
-3.5520801574803147
11
4.5150640944881886
21
-3.5536218110236222
0
LINE
8
BLACK
6
CONTINUOUS
10
4.5150640944881886
20
-3.5536218110236222
11
4.5172443307086612
21
-3.5558020472440943
0
LINE
8
BLACK
6
CONTINUOUS
10
4.5172443307086612
20
-3.5558020472440943
11
4.5187859842519682
21
-3.5584722440944883
0
LINE
8
BLACK
6
CONTINUOUS
10
4.5187859842519682
20
-3.5584722440944883
11
4.5195839763779526
21
-3.5614504724409448
0
LINE
8
BLACK
6
CONTINUOUS
10
4.5195839763779526
20
-3.5614504724409448
11
4.5195839763779526
21
-3.5645337795275589
0
LINE
8
BLACK
6
CONTINUOUS
10
4.5195839763779526
20
-3.5645337795275589
11
4.5187859842519682
21
-3.5675120078740155
0
LINE
8
BLACK
6
CONTINUOUS
10
4.5187859842519682
20
-3.5675120078740155
11
4.5172443307086612
21
-3.5701822047244094
0
LINE
8
BLACK
6
CONTINUOUS
10
4.5172443307086612
20
-3.5701822047244094
11
4.5150640944881886
21
-3.572362440944882
0
LINE
8
BLACK
6
CONTINUOUS
10
4.5150640944881886
20
-3.572362440944882
11
4.5123938976377955
21
-3.573904094488189
0
LINE
8
BLACK
6
CONTINUOUS
10
4.5123938976377955
20
-3.573904094488189
11
4.5094156692913385
21
-3.574702086614173
0
LINE
8
BLACK
6
CONTINUOUS
10
4.5094156692913385
20
-3.574702086614173
11
4.5072995669291336
21
-3.574702086614173
0
LINE
8
BLACK
6
CONTINUOUS
10
4.5072995669291336
20
-3.574702086614173
11
4.2598425196850389
21
-3.8221591338582677
0
LINE
8
BLACK
6
CONTINUOUS
10
4.2598425196850389
20
-3.8221591338582677
11
4.2598425196850389
21
-3.8298962992125984
0
LINE
8
BLACK
6
CONTINUOUS
10
4.2598425196850389
20
-3.8298962992125984
11
4.261338818897638
21
-3.8313925984251966
0
LINE
8
BLACK
6
CONTINUOUS
10
4.261338818897638
20
-3.8313925984251966
11
4.262880472440945
21
-3.8340627952755906
0
LINE
8
BLACK
6
CONTINUOUS
10
4.262880472440945
20
-3.8340627952755906
11
4.2636784645669294
21
-3.8370410236220471
0
LINE
8
BLACK
6
CONTINUOUS
10
4.2636784645669294
20
-3.8370410236220471
11
4.2636784645669294
21
-3.8401243307086612
0
LINE
8
BLACK
6
CONTINUOUS
10
4.2636784645669294
20
-3.8401243307086612
11
4.262880472440945
21
-3.8431025590551182
0
LINE
8
BLACK
6
CONTINUOUS
10
4.262880472440945
20
-3.8431025590551182
11
4.261338818897638
21
-3.8457727559055117
0
LINE
8
BLACK
6
CONTINUOUS
10
4.261338818897638
20
-3.8457727559055117
11
4.2591585826771654
21
-3.8479529921259843
0
LINE
8
BLACK
6
CONTINUOUS
10
4.2591585826771654
20
-3.8479529921259843
11
4.2564883858267715
21
-3.8494946456692913
0
LINE
8
BLACK
6
CONTINUOUS
10
4.2564883858267715
20
-3.8494946456692913
11
4.2535101574803145
21
-3.8502926377952753
0
LINE
8
BLACK
6
CONTINUOUS
10
4.2535101574803145
20
-3.8502926377952753
11
4.2504268503937004
21
-3.8502926377952753
0
LINE
8
BLACK
6
CONTINUOUS
10
4.2504268503937004
20
-3.8502926377952753
11
4.2474486220472443
21
-3.8494946456692913
0
LINE
8
BLACK
6
CONTINUOUS
10
4.2474486220472443
20
-3.8494946456692913
11
4.2447784251968503
21
-3.8479529921259843
0
LINE
8
BLACK
6
CONTINUOUS
10
4.2447784251968503
20
-3.8479529921259843
11
4.2425981889763777
21
-3.8457727559055117
0
LINE
8
BLACK
6
CONTINUOUS
10
4.2425981889763777
20
-3.8457727559055117
11
4.2410565354330707
21
-3.8431025590551182
0
LINE
8
BLACK
6
CONTINUOUS
10
4.2410565354330707
20
-3.8431025590551182
11
4.2402585433070863
21
-3.8401243307086612
0
LINE
8
BLACK
6
CONTINUOUS
10
4.2402585433070863
20
-3.8401243307086612
11
4.2402585433070863
21
-3.8370410236220471
0
LINE
8
BLACK
6
CONTINUOUS
10
4.2402585433070863
20
-3.8370410236220471
11
4.2410565354330707
21
-3.8340627952755906
0
LINE
8
BLACK
6
CONTINUOUS
10
4.2410565354330707
20
-3.8340627952755906
11
4.2425981889763777
21
-3.8313925984251966
0
LINE
8
BLACK
6
CONTINUOUS
10
4.2425981889763777
20
-3.8313925984251966
11
4.2440944881889759
21
-3.8298962992125984
0
LINE
8
BLACK
6
CONTINUOUS
10
4.2440944881889759
20
-3.8298962992125984
11
4.2440944881889759
21
-3.8188976377952755
0
LINE
8
BLACK
6
CONTINUOUS
10
4.2440944881889759
20
-3.8188976377952755
11
4.2442457874015744
21
-3.817361496062992
0
LINE
8
BLACK
6
CONTINUOUS
10
4.2442457874015744
20
-3.817361496062992
11
4.2454214960629919
21
-3.8145230708661417
0
LINE
8
BLACK
6
CONTINUOUS
10
4.2454214960629919
20
-3.8145230708661417
11
4.2464007480314958
21
-3.8133298818897639
0
LINE
8
BLACK
6
CONTINUOUS
10
4.2464007480314958
20
-3.8133298818897639
11
4.4961640551181103
21
-3.5635665748031493
0
LINE
8
BLACK
6
CONTINUOUS
10
4.4961640551181103
20
-3.5635665748031493
11
4.4961640551181103
21
-3.5614504724409448
0
LINE
8
BLACK
6
CONTINUOUS
10
4.4961640551181103
20
-3.5614504724409448
11
4.4969620472440948
21
-3.5584722440944883
0
LINE
8
BLACK
6
CONTINUOUS
10
4.4969620472440948
20
-3.5584722440944883
11
4.4985037007874018
21
-3.5558020472440943
0
LINE
8
BLACK
6
CONTINUOUS
10
4.4985037007874018
20
-3.5558020472440943
11
4.5006839370078735
21
-3.5536218110236222
0
LINE
8
BLACK
6
CONTINUOUS
10
4.5006839370078735
20
-3.5536218110236222
11
4.5033541338582674
21
-3.5520801574803147
0
LINE
8
BLACK
6
CONTINUOUS
10
4.5033541338582674
20
-3.5520801574803147
11
4.5063323622047244
21
-3.5512821653543307
0
LINE
8
BLACK
6
CONTINUOUS
10
4.5063323622047244
20
-3.5512821653543307
11
4.5094156692913385
21
-3.5512821653543307
0
LINE
8
BLACK
6
CONTINUOUS
10
4.5094156692913385
20
-3.5512821653543307
11
4.5123938976377955
21
-3.5520801574803147
0
CIRCLE
8
BLACK
10
5.3346456692913389
20
-2.3228346456692912
40
0.0068897637795276
0
CIRCLE
8
BLACK
10
5.3346456692913389
20
-2.2736220472440944
40
0.0068897637795276
0
CIRCLE
8
BLACK
10
5.3346456692913389
20
-2.2244094488188977
40
0.0068897637795276
0
CIRCLE
8
BLACK
10
5.3346456692913389
20
-2.1751968503937009
40
0.0068897637795276
0
CIRCLE
8
BLACK
10
5.3346456692913389
20
-2.1259842519685037
40
0.0068897637795276
0
CIRCLE
8
BLACK
10
5.9753937007874018
20
-4.4291338582677167
40
0.0068897637795276
0
CIRCLE
8
BLACK
10
5.8753937007874013
20
-4.4291338582677167
40
0.0068897637795276
0
CIRCLE
8
BLACK
10
5.4921259842519685
20
-4.8196850393700785
40
0.0068897637795276
0
CIRCLE
8
BLACK
10
5.392125984251968
20
-4.8196850393700785
40
0.0068897637795276
0
CIRCLE
8
BLACK
10
5.4921259842519685
20
-4.9196850393700791
40
0.0068897637795276
0
CIRCLE
8
BLACK
10
5.392125984251968
20
-4.9196850393700791
40
0.0068897637795276
0
CIRCLE
8
BLACK
10
5.4921259842519685
20
-5.0196850393700787
40
0.0068897637795276
0
CIRCLE
8
BLACK
10
5.392125984251968
20
-5.0196850393700787
40
0.0068897637795276
0
CIRCLE
8
BLACK
10
5.4921259842519685
20
-5.1196850393700783
40
0.0068897637795276
0
CIRCLE
8
BLACK
10
5.392125984251968
20
-5.1196850393700783
40
0.0068897637795276
0
CIRCLE
8
BLACK
10
5.4921259842519685
20
-5.2196850393700789
40
0.0068897637795276
0
CIRCLE
8
BLACK
10
5.392125984251968
20
-5.2196850393700789
40
0.0068897637795276
0
CIRCLE
8
BLACK
10
5.6299212598425195
20
-1.6929133858267715
40
0.0059055118110236
0
CIRCLE
8
BLACK
10
4.8228346456692917
20
-1.4566929133858268
40
0.0059055118110236
0
CIRCLE
8
BLACK
10
4.2519685039370074
20
-3.8385826771653542
40
0.0059055118110236
0
CIRCLE
8
BLACK
10
4.5078740157480315
20
-3.5629921259842519
40
0.0059055118110236
0
CIRCLE
8
BLACK
10
5.5708661417322833
20
-1.7322834645669292
40
0.0059055118110236
0
CIRCLE
8
BLACK
10
5.7874015748031491
20
-1.7322834645669292
40
0.0059055118110236
0
CIRCLE
8
BLACK
10
5.6102362204724407
20
-1.7913385826771653
40
0.0059055118110236
0
CIRCLE
8
BLACK
10
5.8464566929133861
20
-1.6929133858267715
40
0.0059055118110236
0
CIRCLE
8
BLACK
10
6.7716535433070861
20
-5.7874015748031491
40
0.0059055118110236
0
CIRCLE
8
BLACK
10
6.1338582677165352
20
-3.3937007874015745
40
0.0059055118110236
0
CIRCLE
8
BLACK
10
4.5866141732283463
20
-3.4645669291338583
40
0.0059055118110236
0
CIRCLE
8
BLACK
10
6.5551181102362204
20
-6.0629921259842519
40
0.0059055118110236
0
CIRCLE
8
BLACK
10
6.0629921259842519
20
-3.4645669291338583
40
0.0059055118110236
0
CIRCLE
8
BLACK
10
4.2716535433070861
20
-3.4645669291338583
40
0.0059055118110236
0
CIRCLE
8
BLACK
10
5.3149606299212593
20
-2.5393700787401574
40
0.0059055118110236
0
CIRCLE
8
BLACK
10
5.0196850393700787
20
-2.1653543307086616
40
0.0059055118110236
0
CIRCLE
8
BLACK
10
5.1181102362204722
20
-2.5393700787401574
40
0.0059055118110236
0
CIRCLE
8
BLACK
10
5.2755905511811019
20
-2.5
40
0.0059055118110236
0
CIRCLE
8
BLACK
10
5.0196850393700787
20
-2.3622047244094486
40
0.0059055118110236
0
CIRCLE
8
BLACK
10
5.1574803149606296
20
-2.5
40
0.0059055118110236
0
CIRCLE
8
BLACK
10
5.0196850393700787
20
-2.0669291338582676
40
0.0059055118110236
0
CIRCLE
8
BLACK
10
5.0196850393700787
20
-2.2637795275590551
40
0.0059055118110236
0
CIRCLE
8
BLACK
10
6.0433070866141732
20
-4.0354330708661417
40
0.0059055118110236
0
CIRCLE
8
BLACK
10
5.6299212598425195
20
-3.3070866141732282
40
0.0059055118110236
0
CIRCLE
8
BLACK
10
6.2401574803149602
20
-3.9566929133858268
40
0.0059055118110236
0
CIRCLE
8
BLACK
10
5.7480314960629917
20
-3.2086614173228347
40
0.0059055118110236
0
CIRCLE
8
BLACK
10
5.6889763779527556
20
-3.2677165354330708
40
0.0059055118110236
0
CIRCLE
8
BLACK
10
6.1417322834645667
20
-4.015748031496063
40
0.0059055118110236
0
CIRCLE
8
BLACK
10
5.4330708661417324
20
-1.5354330708661417
40
0.0059055118110236
0
CIRCLE
8
BLACK
10
4.8622047244094491
20
-3.5039370078740157
40
0.0059055118110236
0
CIRCLE
8
BLACK
10
4.3503937007874018
20
-3.0314960629921259
40
0.0059055118110236
0
CIRCLE
8
BLACK
10
5.8464566929133861
20
-3.5039370078740157
40
0.0059055118110236
0
CIRCLE
8
BLACK
10
4.9606299212598426
20
-5.8464566929133861
40
0.0059055118110236
0
CIRCLE
8
BLACK
10
4.1732283464566926
20
-5.2755905511811019
40
0.0059055118110236
0
CIRCLE
8
BLACK
10
5.4330708661417324
20
-2.106299212598425
40
0.0059055118110236
0
CIRCLE
8
BLACK
10
6.2204724409448815
20
-4.0551181102362204
40
0.0059055118110236
0
CIRCLE
8
BLACK
10
4.4881889763779528
20
-3.0511811023622046
40
0.0059055118110236
0
CIRCLE
8
BLACK
10
6.7519685039370074
20
-6.0039370078740157
40
0.0059055118110236
0
CIRCLE
8
BLACK
10
4.2716535433070861
20
-3.7401574803149606
40
0.0059055118110236
0
CIRCLE
8
BLACK
10
4.2322834645669287
20
-2.5393700787401574
40
0.0059055118110236
0
CIRCLE
8
BLACK
10
6.71259842519685
20
-3.0511811023622046
40
0.0059055118110236
0
CIRCLE
8
BLACK
10
6.5748031496062991
20
-3.0314960629921259
40
0.0059055118110236
0
CIRCLE
8
BLACK
10
4.2322834645669287
20
-2.0078740157480315
40
0.0059055118110236
0
CIRCLE
8
BLACK
10
4.8425196850393704
20
-2.3622047244094486
40
0.0059055118110236
0
CIRCLE
8
BLACK
10
6.0826771653543306
20
-5.8661417322834648
40
0.0059055118110236
0
CIRCLE
8
BLACK
10
4.1732283464566926
20
-4.7834645669291334
40
0.0059055118110236
0
CIRCLE
8
BLACK
10
4.409448818897638
20
-3.5433070866141732
40
0.0059055118110236
0
CIRCLE
8
BLACK
10
5.5511811023622046
20
-2.106299212598425
40
0.0059055118110236
0
CIRCLE
8
BLACK
10
5.7874015748031491
20
-3.0511811023622046
40
0.0059055118110236
0
CIRCLE
8
BLACK
10
5.393700787401575
20
-3.7598425196850394
40
0.0059055118110236
0
CIRCLE
8
BLACK
10
5.7874015748031491
20
-2.8740157480314958
40
0.0059055118110236
0
CIRCLE
8
BLACK
10
5.7568897637795278
20
-2.2189960629921259
40
0.0059055118110236
0
CIRCLE
8
BLACK
10
4.8622047244094491
20
-3.7598425196850394
40
0.0059055118110236
0
CIRCLE
8
BLACK
10
6.4566929133858268
20
-3.6614173228346454
40
0.0059055118110236
0
CIRCLE
8
BLACK
10
6.4763779527559056
20
-5.9251968503937009
40
0.0059055118110236
0
CIRCLE
8
BLACK
10
6.6535433070866139
20
-5.7480314960629917
40
0.0059055118110236
0
CIRCLE
8
BLACK
10
4.4881889763779528
20
-3.8385826771653542
40
0.0059055118110236
0
CIRCLE
8
BLACK
10
6.4173228346456694
20
-4.7244094488188972
40
0.0059055118110236
0
CIRCLE
8
BLACK
10
4.5669291338582676
20
-5.8464566929133861
40
0.0059055118110236
0
CIRCLE
8
BLACK
10
4.9015748031496065
20
-5.7086614173228343
40
0.0059055118110236
0
CIRCLE
8
BLACK
10
4.1732283464566926
20
-6.0433070866141732
40
0.0059055118110236
0
CIRCLE
8
BLACK
10
4.3700787401574805
20
-5.6299212598425195
40
0.0059055118110236
0
CIRCLE
8
BLACK
10
6.4960629921259843
20
-4.6259842519685037
40
0.0059055118110236
0
CIRCLE
8
BLACK
10
6.71259842519685
20
-1.5748031496062991
40
0.0059055118110236
0
CIRCLE
8
BLACK
10
6.515748031496063
20
-3.5433070866141732
40
0.0059055118110236
0
CIRCLE
8
BLACK
10
4.5669291338582676
20
-1.7716535433070866
40
0.0059055118110236
0
CIRCLE
8
BLACK
10
4.8425196850393704
20
-2.0669291338582676
40
0.0059055118110236
0
CIRCLE
8
BLACK
10
6.5551181102362204
20
-1.9881889763779528
40
0.0059055118110236
0
CIRCLE
8
BLACK
10
5.9645669291338583
20
-5.6889763779527556
40
0.0059055118110236
0
CIRCLE
8
BLACK
10
4.4881889763779528
20
-2.0078740157480315
40
0.0059055118110236
0
CIRCLE
8
BLACK
10
6.4763779527559056
20
-5.728346456692913
40
0.0059055118110236
0
CIRCLE
8
BLACK
10
6.2204724409448815
20
-4.2322834645669287
40
0.0059055118110236
0
CIRCLE
8
BLACK
10
5.4330708661417324
20
-5.7086614173228343
40
0.0059055118110236
0
CIRCLE
8
BLACK
10
4.2322834645669287
20
-3.0511811023622046
40
0.0059055118110236
0
CIRCLE
8
BLACK
10
4.8622047244094491
20
-3.6023622047244093
40
0.0059055118110236
0
CIRCLE
8
BLACK
10
4.4881889763779528
20
-2.5393700787401574
40
0.0059055118110236
0
CIRCLE
8
BLACK
10
6.5748031496062991
20
-5.8070866141732278
40
0.0059055118110236
0
CIRCLE
8
BLACK
10
6.4960629921259843
20
-4.1929133858267713
40
0.0059055118110236
0
CIRCLE
8
BLACK
10
6.4370078740157481
20
-1.6141732283464567
40
0.0059055118110236
0
CIRCLE
8
BLACK
10
6.4173228346456694
20
-5.2362204724409445
40
0.0059055118110236
0
CIRCLE
8
BLACK
10
6.71259842519685
20
-2.0275590551181102
40
0.0059055118110236
0
CIRCLE
8
BLACK
10
6.377952755905512
20
-6.0433070866141732
40
0.0059055118110236
0
CIRCLE
8
BLACK
10
6.4173228346456694
20
-3.0511811023622046
40
0.0059055118110236
0
CIRCLE
8
BLACK
10
4.1535433070866139
20
-1.2992125984251968
40
0.0059055118110236
0
CIRCLE
8
BLACK
10
5.8661417322834648
20
-6.0433070866141732
40
0.0059055118110236
0
CIRCLE
8
BLACK
10
4.3110236220472444
20
-4.7834645669291334
40
0.0059055118110236
0
CIRCLE
8
BLACK
10
4.4488188976377954
20
-4.2322834645669287
40
0.0059055118110236
0
CIRCLE
8
BLACK
10
5.9055118110236222
20
-3.7598425196850394
40
0.0059055118110236
0
CIRCLE
8
BLACK
10
4.3110236220472444
20
-5.2755905511811019
40
0.0059055118110236
0
CIRCLE
8
BLACK
10
4.4488188976377954
20
-5.2755905511811019
40
0.0059055118110236
0
CIRCLE
8
BLACK
10
5.9055118110236222
20
-3.5826771653543306
40
0.0059055118110236
0
CIRCLE
8
BLACK
10
5.3346456692913389
20
-6.0433070866141732
40
0.0059055118110236
0
CIRCLE
8
BLACK
10
6.4173228346456694
20
-4.2322834645669287
40
0.0059055118110236
0
CIRCLE
8
BLACK
10
6.2204724409448815
20
-1.7519685039370079
40
0.0059055118110236
0
CIRCLE
8
BLACK
10
5.9251968503937009
20
-1.2992125984251968
40
0.0059055118110236
0
CIRCLE
8
BLACK
10
6.71259842519685
20
-4.7244094488188972
40
0.0059055118110236
0
CIRCLE
8
BLACK
10
5.8267716535433074
20
-4.0944881889763778
40
0.0059055118110236
0
CIRCLE
8
BLACK
10
5.9645669291338583
20
-2.204724409448819
40
0.0059055118110236
0
CIRCLE
8
BLACK
10
6.2007874015748028
20
-3.3858267716535431
40
0.0059055118110236
0
CIRCLE
8
BLACK
10
6.71259842519685
20
-5.1771653543307083
40
0.0059055118110236
0
CIRCLE
8
BLACK
10
4.2716535433070861
20
-3.5236220472440944
40
0.0059055118110236
0
CIRCLE
8
BLACK
10
5.6496062992125982
20
-2.6574803149606296
40
0.0059055118110236
0
CIRCLE
8
BLACK
10
6.3582677165354333
20
-5.9055118110236222
40
0.0059055118110236
0
CIRCLE
8
BLACK
10
5.4133858267716537
20
-3.5039370078740157
40
0.0059055118110236
0
CIRCLE
8
BLACK
10
4.8425196850393704
20
-2.1653543307086616
40
0.0059055118110236
0
CIRCLE
8
BLACK
10
4.8031496062992121
20
-3.4645669291338583
40
0.0059055118110236
0
CIRCLE
8
BLACK
10
4.1732283464566926
20
-4.2322834645669287
40
0.0059055118110236
0
CIRCLE
8
BLACK
10
6.3976377952755907
20
-1.4763779527559056
40
0.0059055118110236
0
CIRCLE
8
BLACK
10
6.6141732283464565
20
-3.4645669291338583
40
0.0059055118110236
0
CIRCLE
8
BLACK
10
6.3976377952755907
20
-1.2992125984251968
40
0.0059055118110236
0
CIRCLE
8
BLACK
10
6.71259842519685
20
-1.2992125984251968
40
0.0059055118110236
0
CIRCLE
8
BLACK
10
6.3385826771653546
20
-5.590551181102362
40
0.0059055118110236
0
CIRCLE
8
BLACK
10
4.4488188976377954
20
-4.7834645669291334
40
0.0059055118110236
0
CIRCLE
8
BLACK
10
5.3543307086614176
20
-3.6417322834645667
40
0.0059055118110236
0
CIRCLE
8
BLACK
10
6.71259842519685
20
-2.5393700787401574
40
0.0059055118110236
0
CIRCLE
8
BLACK
10
4.7440944881889759
20
-3.622047244094488
40
0.0059055118110236
0
CIRCLE
8
BLACK
10
4.4291338582677167
20
-1.2992125984251968
40
0.0059055118110236
0
CIRCLE
8
BLACK
10
5.7677165354330704
20
-2.5
40
0.0059055118110236
0
CIRCLE
8
BLACK
10
5.590551181102362
20
-2.3425196850393699
40
0.0059055118110236
0
CIRCLE
8
BLACK
10
5.9645669291338583
20
-2.5393700787401574
40
0.0059055118110236
0
CIRCLE
8
BLACK
10
4.8425196850393704
20
-2.2637795275590551
40
0.0059055118110236
0
CIRCLE
8
BLACK
10
4.8818897637795278
20
-1.5354330708661417
40
0.0059055118110236
0
CIRCLE
8
BLACK
10
4.5472440944881889
20
-3.6614173228346454
40
0.0059055118110236
0
CIRCLE
8
BLACK
10
4.1535433070866139
20
-5.7086614173228343
40
0.0059055118110236
0
CIRCLE
8
BLACK
10
5.7874015748031491
20
-3.0118110236220472
40
0.0059055118110236
0
CIRCLE
8
BLACK
10
5.9251968503937009
20
-1.5354330708661417
40
0.0059055118110236
0
CIRCLE
8
BLACK
10
4.8031496062992121
20
-6.0433070866141732
40
0.0059055118110236
0
CIRCLE
8
BLACK
10
5.8070866141732278
20
-4.5866141732283463
40
0.0059055118110236
0
CIRCLE
8
BLACK
10
6.318897637795275
20
-5.8070866141732278
40
0.0059055118110236
0
CIRCLE
8
BLACK
10
4.8818897637795278
20
-1.2992125984251968
40
0.0059055118110236
0
CIRCLE
8
BLACK
10
4.3110236220472444
20
-4.2322834645669287
40
0.0059055118110236
0
CIRCLE
8
BLACK
10
6.3976377952755907
20
-2.0275590551181102
40
0.0059055118110236
0
CIRCLE
8
BLACK
10
6.4173228346456694
20
-2.5393700787401574
40
0.0059055118110236
0
CIRCLE
8
BLACK
10
4.6653543307086611
20
-3.4645669291338583
40
0.0059055118110236
0
CIRCLE
8
BLACK
10
5.4330708661417324
20
-1.2992125984251968
40
0.0059055118110236
0
CIRCLE
8
BLACK
10
6.71259842519685
20
-4.2322834645669287
40
0.0059055118110236
0
CIRCLE
8
BLACK
10
5.4921259842519685
20
-5.8267716535433074
40
0.0059055118110236
0
CIRCLE
8
BLACK
10
5.9645669291338583
20
-5.8858267716535435
40
0.0059055118110236
0
CIRCLE
8
BLACK
10
5.2755905511811019
20
-2.3622047244094486
40
0.0059055118110236
0
CIRCLE
8
BLACK
10
5.1505905511811019
20
-2.106299212598425
40
0.0059055118110236
0
CIRCLE
8
BLACK
10
6.2204724409448815
20
-5.6102362204724407
40
0.0118110236220472
0
CIRCLE
8
BLACK
10
4.9212598425196852
20
-3.2677165354330708
40
0.0059055118110236
0
CIRCLE
8
BLACK
10
4.9212598425196852
20
-3.8385826771653542
40
0.0059055118110236
0
CIRCLE
8
BLACK
10
6.4763779527559056
20
-5.8661417322834648
40
0.0118110236220472
0
CIRCLE
8
WHITE
10
5.6299212598425195
20
-1.6929133858267715
40
0.0059055118110236
0
CIRCLE
8
WHITE
10
4.8228346456692917
20
-1.4566929133858268
40
0.0059055118110236
0
CIRCLE
8
WHITE
10
4.2519685039370074
20
-3.8385826771653542
40
0.0059055118110236
0
CIRCLE
8
WHITE
10
4.5078740157480315
20
-3.5629921259842519
40
0.0059055118110236
0
CIRCLE
8
WHITE
10
5.5708661417322833
20
-1.7322834645669292
40
0.0059055118110236
0
CIRCLE
8
WHITE
10
5.7874015748031491
20
-1.7322834645669292
40
0.0059055118110236
0
CIRCLE
8
WHITE
10
5.6102362204724407
20
-1.7913385826771653
40
0.0059055118110236
0
CIRCLE
8
WHITE
10
5.8464566929133861
20
-1.6929133858267715
40
0.0059055118110236
0
CIRCLE
8
WHITE
10
6.7716535433070861
20
-5.7874015748031491
40
0.0059055118110236
0
CIRCLE
8
WHITE
10
6.1338582677165352
20
-3.3937007874015745
40
0.0059055118110236
0
CIRCLE
8
WHITE
10
4.5866141732283463
20
-3.4645669291338583
40
0.0059055118110236
0
CIRCLE
8
WHITE
10
6.5551181102362204
20
-6.0629921259842519
40
0.0059055118110236
0
CIRCLE
8
WHITE
10
6.0629921259842519
20
-3.4645669291338583
40
0.0059055118110236
0
CIRCLE
8
WHITE
10
4.2716535433070861
20
-3.4645669291338583
40
0.0059055118110236
0
CIRCLE
8
WHITE
10
5.3149606299212593
20
-2.5393700787401574
40
0.0059055118110236
0
CIRCLE
8
WHITE
10
5.0196850393700787
20
-2.1653543307086616
40
0.0059055118110236
0
CIRCLE
8
WHITE
10
5.1181102362204722
20
-2.5393700787401574
40
0.0059055118110236
0
CIRCLE
8
WHITE
10
5.2755905511811019
20
-2.5
40
0.0059055118110236
0
CIRCLE
8
WHITE
10
5.0196850393700787
20
-2.3622047244094486
40
0.0059055118110236
0
CIRCLE
8
WHITE
10
5.1574803149606296
20
-2.5
40
0.0059055118110236
0
CIRCLE
8
WHITE
10
5.0196850393700787
20
-2.0669291338582676
40
0.0059055118110236
0
CIRCLE
8
WHITE
10
5.0196850393700787
20
-2.2637795275590551
40
0.0059055118110236
0
CIRCLE
8
WHITE
10
6.0433070866141732
20
-4.0354330708661417
40
0.0059055118110236
0
CIRCLE
8
WHITE
10
5.6299212598425195
20
-3.3070866141732282
40
0.0059055118110236
0
CIRCLE
8
WHITE
10
6.2401574803149602
20
-3.9566929133858268
40
0.0059055118110236
0
CIRCLE
8
WHITE
10
5.7480314960629917
20
-3.2086614173228347
40
0.0059055118110236
0
CIRCLE
8
WHITE
10
5.6889763779527556
20
-3.2677165354330708
40
0.0059055118110236
0
CIRCLE
8
WHITE
10
6.1417322834645667
20
-4.015748031496063
40
0.0059055118110236
0
CIRCLE
8
WHITE
10
5.4330708661417324
20
-1.5354330708661417
40
0.0059055118110236
0
CIRCLE
8
WHITE
10
4.8622047244094491
20
-3.5039370078740157
40
0.0059055118110236
0
CIRCLE
8
WHITE
10
4.3503937007874018
20
-3.0314960629921259
40
0.0059055118110236
0
CIRCLE
8
WHITE
10
5.8464566929133861
20
-3.5039370078740157
40
0.0059055118110236
0
CIRCLE
8
WHITE
10
4.9606299212598426
20
-5.8464566929133861
40
0.0059055118110236
0
CIRCLE
8
WHITE
10
4.1732283464566926
20
-5.2755905511811019
40
0.0059055118110236
0
CIRCLE
8
WHITE
10
5.4330708661417324
20
-2.106299212598425
40
0.0059055118110236
0
CIRCLE
8
WHITE
10
6.2204724409448815
20
-4.0551181102362204
40
0.0059055118110236
0
CIRCLE
8
WHITE
10
4.4881889763779528
20
-3.0511811023622046
40
0.0059055118110236
0
CIRCLE
8
WHITE
10
6.7519685039370074
20
-6.0039370078740157
40
0.0059055118110236
0
CIRCLE
8
WHITE
10
4.2716535433070861
20
-3.7401574803149606
40
0.0059055118110236
0
CIRCLE
8
WHITE
10
4.2322834645669287
20
-2.5393700787401574
40
0.0059055118110236
0
CIRCLE
8
WHITE
10
6.71259842519685
20
-3.0511811023622046
40
0.0059055118110236
0
CIRCLE
8
WHITE
10
6.5748031496062991
20
-3.0314960629921259
40
0.0059055118110236
0
CIRCLE
8
WHITE
10
4.2322834645669287
20
-2.0078740157480315
40
0.0059055118110236
0
CIRCLE
8
WHITE
10
4.8425196850393704
20
-2.3622047244094486
40
0.0059055118110236
0
CIRCLE
8
WHITE
10
6.0826771653543306
20
-5.8661417322834648
40
0.0059055118110236
0
CIRCLE
8
WHITE
10
4.1732283464566926
20
-4.7834645669291334
40
0.0059055118110236
0
CIRCLE
8
WHITE
10
4.409448818897638
20
-3.5433070866141732
40
0.0059055118110236
0
CIRCLE
8
WHITE
10
5.5511811023622046
20
-2.106299212598425
40
0.0059055118110236
0
CIRCLE
8
WHITE
10
5.7874015748031491
20
-3.0511811023622046
40
0.0059055118110236
0
CIRCLE
8
WHITE
10
5.393700787401575
20
-3.7598425196850394
40
0.0059055118110236
0
CIRCLE
8
WHITE
10
5.7874015748031491
20
-2.8740157480314958
40
0.0059055118110236
0
CIRCLE
8
WHITE
10
5.7568897637795278
20
-2.2189960629921259
40
0.0059055118110236
0
CIRCLE
8
WHITE
10
4.8622047244094491
20
-3.7598425196850394
40
0.0059055118110236
0
CIRCLE
8
WHITE
10
6.4566929133858268
20
-3.6614173228346454
40
0.0059055118110236
0
CIRCLE
8
WHITE
10
6.4763779527559056
20
-5.9251968503937009
40
0.0059055118110236
0
CIRCLE
8
WHITE
10
6.6535433070866139
20
-5.7480314960629917
40
0.0059055118110236
0
CIRCLE
8
WHITE
10
4.4881889763779528
20
-3.8385826771653542
40
0.0059055118110236
0
CIRCLE
8
WHITE
10
6.4173228346456694
20
-4.7244094488188972
40
0.0059055118110236
0
CIRCLE
8
WHITE
10
4.5669291338582676
20
-5.8464566929133861
40
0.0059055118110236
0
CIRCLE
8
WHITE
10
4.9015748031496065
20
-5.7086614173228343
40
0.0059055118110236
0
CIRCLE
8
WHITE
10
4.1732283464566926
20
-6.0433070866141732
40
0.0059055118110236
0
CIRCLE
8
WHITE
10
4.3700787401574805
20
-5.6299212598425195
40
0.0059055118110236
0
CIRCLE
8
WHITE
10
6.4960629921259843
20
-4.6259842519685037
40
0.0059055118110236
0
CIRCLE
8
WHITE
10
6.71259842519685
20
-1.5748031496062991
40
0.0059055118110236
0
CIRCLE
8
WHITE
10
6.515748031496063
20
-3.5433070866141732
40
0.0059055118110236
0
CIRCLE
8
WHITE
10
4.5669291338582676
20
-1.7716535433070866
40
0.0059055118110236
0
CIRCLE
8
WHITE
10
4.8425196850393704
20
-2.0669291338582676
40
0.0059055118110236
0
CIRCLE
8
WHITE
10
6.5551181102362204
20
-1.9881889763779528
40
0.0059055118110236
0
CIRCLE
8
WHITE
10
5.9645669291338583
20
-5.6889763779527556
40
0.0059055118110236
0
CIRCLE
8
WHITE
10
4.4881889763779528
20
-2.0078740157480315
40
0.0059055118110236
0
CIRCLE
8
WHITE
10
6.4763779527559056
20
-5.728346456692913
40
0.0059055118110236
0
CIRCLE
8
WHITE
10
6.2204724409448815
20
-4.2322834645669287
40
0.0059055118110236
0
CIRCLE
8
WHITE
10
5.4330708661417324
20
-5.7086614173228343
40
0.0059055118110236
0
CIRCLE
8
WHITE
10
4.2322834645669287
20
-3.0511811023622046
40
0.0059055118110236
0
CIRCLE
8
WHITE
10
4.8622047244094491
20
-3.6023622047244093
40
0.0059055118110236
0
CIRCLE
8
WHITE
10
4.4881889763779528
20
-2.5393700787401574
40
0.0059055118110236
0
CIRCLE
8
WHITE
10
6.5748031496062991
20
-5.8070866141732278
40
0.0059055118110236
0
CIRCLE
8
WHITE
10
6.4960629921259843
20
-4.1929133858267713
40
0.0059055118110236
0
CIRCLE
8
WHITE
10
6.4370078740157481
20
-1.6141732283464567
40
0.0059055118110236
0
CIRCLE
8
WHITE
10
6.4173228346456694
20
-5.2362204724409445
40
0.0059055118110236
0
CIRCLE
8
WHITE
10
6.71259842519685
20
-2.0275590551181102
40
0.0059055118110236
0
CIRCLE
8
WHITE
10
6.377952755905512
20
-6.0433070866141732
40
0.0059055118110236
0
CIRCLE
8
WHITE
10
6.4173228346456694
20
-3.0511811023622046
40
0.0059055118110236
0
CIRCLE
8
WHITE
10
4.1535433070866139
20
-1.2992125984251968
40
0.0059055118110236
0
CIRCLE
8
WHITE
10
5.8661417322834648
20
-6.0433070866141732
40
0.0059055118110236
0
CIRCLE
8
WHITE
10
4.3110236220472444
20
-4.7834645669291334
40
0.0059055118110236
0
CIRCLE
8
WHITE
10
4.4488188976377954
20
-4.2322834645669287
40
0.0059055118110236
0
CIRCLE
8
WHITE
10
5.9055118110236222
20
-3.7598425196850394
40
0.0059055118110236
0
CIRCLE
8
WHITE
10
4.3110236220472444
20
-5.2755905511811019
40
0.0059055118110236
0
CIRCLE
8
WHITE
10
4.4488188976377954
20
-5.2755905511811019
40
0.0059055118110236
0
CIRCLE
8
WHITE
10
5.9055118110236222
20
-3.5826771653543306
40
0.0059055118110236
0
CIRCLE
8
WHITE
10
5.3346456692913389
20
-6.0433070866141732
40
0.0059055118110236
0
CIRCLE
8
WHITE
10
6.4173228346456694
20
-4.2322834645669287
40
0.0059055118110236
0
CIRCLE
8
WHITE
10
6.2204724409448815
20
-1.7519685039370079
40
0.0059055118110236
0
CIRCLE
8
WHITE
10
5.9251968503937009
20
-1.2992125984251968
40
0.0059055118110236
0
CIRCLE
8
WHITE
10
6.71259842519685
20
-4.7244094488188972
40
0.0059055118110236
0
CIRCLE
8
WHITE
10
5.8267716535433074
20
-4.0944881889763778
40
0.0059055118110236
0
CIRCLE
8
WHITE
10
5.9645669291338583
20
-2.204724409448819
40
0.0059055118110236
0
CIRCLE
8
WHITE
10
6.2007874015748028
20
-3.3858267716535431
40
0.0059055118110236
0
CIRCLE
8
WHITE
10
6.71259842519685
20
-5.1771653543307083
40
0.0059055118110236
0
CIRCLE
8
WHITE
10
4.2716535433070861
20
-3.5236220472440944
40
0.0059055118110236
0
CIRCLE
8
WHITE
10
5.6496062992125982
20
-2.6574803149606296
40
0.0059055118110236
0
CIRCLE
8
WHITE
10
6.3582677165354333
20
-5.9055118110236222
40
0.0059055118110236
0
CIRCLE
8
WHITE
10
5.4133858267716537
20
-3.5039370078740157
40
0.0059055118110236
0
CIRCLE
8
WHITE
10
4.8425196850393704
20
-2.1653543307086616
40
0.0059055118110236
0
CIRCLE
8
WHITE
10
4.8031496062992121
20
-3.4645669291338583
40
0.0059055118110236
0
CIRCLE
8
WHITE
10
4.1732283464566926
20
-4.2322834645669287
40
0.0059055118110236
0
CIRCLE
8
WHITE
10
6.3976377952755907
20
-1.4763779527559056
40
0.0059055118110236
0
CIRCLE
8
WHITE
10
6.6141732283464565
20
-3.4645669291338583
40
0.0059055118110236
0
CIRCLE
8
WHITE
10
6.3976377952755907
20
-1.2992125984251968
40
0.0059055118110236
0
CIRCLE
8
WHITE
10
6.71259842519685
20
-1.2992125984251968
40
0.0059055118110236
0
CIRCLE
8
WHITE
10
6.3385826771653546
20
-5.590551181102362
40
0.0059055118110236
0
CIRCLE
8
WHITE
10
4.4488188976377954
20
-4.7834645669291334
40
0.0059055118110236
0
CIRCLE
8
WHITE
10
5.3543307086614176
20
-3.6417322834645667
40
0.0059055118110236
0
CIRCLE
8
WHITE
10
6.71259842519685
20
-2.5393700787401574
40
0.0059055118110236
0
CIRCLE
8
WHITE
10
4.7440944881889759
20
-3.622047244094488
40
0.0059055118110236
0
CIRCLE
8
WHITE
10
4.4291338582677167
20
-1.2992125984251968
40
0.0059055118110236
0
CIRCLE
8
WHITE
10
5.7677165354330704
20
-2.5
40
0.0059055118110236
0
CIRCLE
8
WHITE
10
5.590551181102362
20
-2.3425196850393699
40
0.0059055118110236
0
CIRCLE
8
WHITE
10
5.9645669291338583
20
-2.5393700787401574
40
0.0059055118110236
0
CIRCLE
8
WHITE
10
4.8425196850393704
20
-2.2637795275590551
40
0.0059055118110236
0
CIRCLE
8
WHITE
10
4.8818897637795278
20
-1.5354330708661417
40
0.0059055118110236
0
CIRCLE
8
WHITE
10
4.5472440944881889
20
-3.6614173228346454
40
0.0059055118110236
0
CIRCLE
8
WHITE
10
4.1535433070866139
20
-5.7086614173228343
40
0.0059055118110236
0
CIRCLE
8
WHITE
10
5.7874015748031491
20
-3.0118110236220472
40
0.0059055118110236
0
CIRCLE
8
WHITE
10
5.9251968503937009
20
-1.5354330708661417
40
0.0059055118110236
0
CIRCLE
8
WHITE
10
4.8031496062992121
20
-6.0433070866141732
40
0.0059055118110236
0
CIRCLE
8
WHITE
10
5.8070866141732278
20
-4.5866141732283463
40
0.0059055118110236
0
CIRCLE
8
WHITE
10
6.318897637795275
20
-5.8070866141732278
40
0.0059055118110236
0
CIRCLE
8
WHITE
10
4.8818897637795278
20
-1.2992125984251968
40
0.0059055118110236
0
CIRCLE
8
WHITE
10
4.3110236220472444
20
-4.2322834645669287
40
0.0059055118110236
0
CIRCLE
8
WHITE
10
6.3976377952755907
20
-2.0275590551181102
40
0.0059055118110236
0
CIRCLE
8
WHITE
10
6.4173228346456694
20
-2.5393700787401574
40
0.0059055118110236
0
CIRCLE
8
WHITE
10
4.6653543307086611
20
-3.4645669291338583
40
0.0059055118110236
0
CIRCLE
8
WHITE
10
5.4330708661417324
20
-1.2992125984251968
40
0.0059055118110236
0
CIRCLE
8
WHITE
10
6.71259842519685
20
-4.2322834645669287
40
0.0059055118110236
0
CIRCLE
8
WHITE
10
5.4921259842519685
20
-5.8267716535433074
40
0.0059055118110236
0
CIRCLE
8
WHITE
10
5.9645669291338583
20
-5.8858267716535435
40
0.0059055118110236
0
CIRCLE
8
WHITE
10
5.2755905511811019
20
-2.3622047244094486
40
0.0059055118110236
0
CIRCLE
8
WHITE
10
5.1505905511811019
20
-2.106299212598425
40
0.0059055118110236
0
CIRCLE
8
WHITE
10
6.2204724409448815
20
-5.6102362204724407
40
0.0068897637795276
0
CIRCLE
8
WHITE
10
4.9212598425196852
20
-3.2677165354330708
40
0.0059055118110236
0
CIRCLE
8
WHITE
10
4.9212598425196852
20
-3.8385826771653542
40
0.0059055118110236
0
CIRCLE
8
WHITE
10
6.4763779527559056
20
-5.8661417322834648
40
0.0068897637795276
0
CIRCLE
8
WHITE
10
5.3346456692913389
20
-2.3228346456692912
40
0.0068897637795276
0
CIRCLE
8
WHITE
10
5.3346456692913389
20
-2.2736220472440944
40
0.0068897637795276
0
CIRCLE
8
WHITE
10
5.3346456692913389
20
-2.2244094488188977
40
0.0068897637795276
0
CIRCLE
8
WHITE
10
5.3346456692913389
20
-2.1751968503937009
40
0.0068897637795276
0
CIRCLE
8
WHITE
10
5.3346456692913389
20
-2.1259842519685037
40
0.0068897637795276
0
CIRCLE
8
WHITE
10
5.9753937007874018
20
-4.4291338582677167
40
0.0068897637795276
0
CIRCLE
8
WHITE
10
5.8753937007874013
20
-4.4291338582677167
40
0.0068897637795276
0
CIRCLE
8
WHITE
10
5.4921259842519685
20
-4.8196850393700785
40
0.0068897637795276
0
CIRCLE
8
WHITE
10
5.392125984251968
20
-4.8196850393700785
40
0.0068897637795276
0
CIRCLE
8
WHITE
10
5.4921259842519685
20
-4.9196850393700791
40
0.0068897637795276
0
CIRCLE
8
WHITE
10
5.392125984251968
20
-4.9196850393700791
40
0.0068897637795276
0
CIRCLE
8
WHITE
10
5.4921259842519685
20
-5.0196850393700787
40
0.0068897637795276
0
CIRCLE
8
WHITE
10
5.392125984251968
20
-5.0196850393700787
40
0.0068897637795276
0
CIRCLE
8
WHITE
10
5.4921259842519685
20
-5.1196850393700783
40
0.0068897637795276
0
CIRCLE
8
WHITE
10
5.392125984251968
20
-5.1196850393700783
40
0.0068897637795276
0
CIRCLE
8
WHITE
10
5.4921259842519685
20
-5.2196850393700789
40
0.0068897637795276
0
CIRCLE
8
WHITE
10
5.392125984251968
20
-5.2196850393700789
40
0.0068897637795276
  0
ENDSEC
  0
EOF
