  0
SECTION
  2
HEADER
  9
$ANGBASE
  50
0.0
  9
$ANGDIR
  70
1
  9
$MEASUREMENT
  70
0
  0
ENDSEC
  0
SECTION
  2
TABLES
  0
TABLE
  2
LTYPE
  70
4
  0
LTYPE
  5
40F
  2
CONTINUOUS
  70
0
  3
Solid line
  72
65
  73
0
  40
0.0
  0
LTYPE
  5
410
  2
DASHDOT
 70
0
  3
Dash Dot ____ _ ____ _
 72
65
 73
4
 40
2.0
 49
1.25
 49
-0.25
 49
0.25
 49
-0.25
  0
LTYPE
  5
411
  2
DASHED
 70
0
  3
Dashed __ __ __ __ __
 72
65
 73
2
 40
0.75
 49
0.5
 49
-0.25
  0
LTYPE
  5
43B
  2
DOTTED
 70
0
  3
Dotted .  .  .  .
 72
65
 73
2
 40
0.2
 49
0.0
 49
-0.2
  0
ENDTAB
  0
TABLE
  2
STYLE
  70
4
  0
STYLE
  2
KICAD
  70
0
  40
0
  41
1
  42
1
  50
0
  71
0
  3
isocp.shx
  0
STYLE
  2
KICADB
  70
0
  40
0
  41
1
  42
1
  50
0
  71
0
  3
isocp.shx
  0
STYLE
  2
KICADI
  70
0
  40
0
  41
1
  42
1
  50
15
  71
0
  3
isocp.shx
  0
STYLE
  2
KICADBI
  70
0
  40
0
  41
1
  42
1
  50
15
  71
0
  3
isocp.shx
  0
ENDTAB
  0
TABLE
  2
LAYER
  70
1
  0
LAYER
  2
BLACK
  70
0
  62
7
  6
CONTINUOUS
  0
ENDTAB
  0
ENDSEC
  0
SECTION
  2
ENTITIES
0
LINE
8
BLACK
6
CONTINUOUS
10
4.790181023622047
20
-5.3603107480314955
11
4.7903250393700789
21
-5.3602963779527562
0
LINE
8
BLACK
6
CONTINUOUS
10
4.7903250393700789
20
-5.3602963779527562
11
4.7904656692913381
21
-5.3603387795275586
0
LINE
8
BLACK
6
CONTINUOUS
10
4.7904656692913381
20
-5.3603387795275586
11
4.7909070866141734
21
-5.3603822834645669
0
LINE
8
BLACK
6
CONTINUOUS
10
4.7909070866141734
20
-5.3603822834645669
11
4.7917046850393703
21
-5.3607126377952756
0
LINE
8
BLACK
6
CONTINUOUS
10
4.7917046850393703
20
-5.3607126377952756
11
4.7925310236220469
21
-5.3609620078740159
0
LINE
8
BLACK
6
CONTINUOUS
10
4.7925310236220469
20
-5.3609620078740159
11
4.7927611023622045
21
-5.3611502362204719
0
LINE
8
BLACK
6
CONTINUOUS
10
4.7927611023622045
20
-5.3611502362204719
11
4.793035905511811
21
-5.3612640944881891
0
LINE
8
BLACK
6
CONTINUOUS
10
4.793035905511811
20
-5.3612640944881891
11
4.7936463385826773
21
-5.3618745275590554
0
LINE
8
BLACK
6
CONTINUOUS
10
4.7936463385826773
20
-5.3618745275590554
11
4.7943143700787401
21
-5.3624211023622044
0
LINE
8
BLACK
6
CONTINUOUS
10
4.7943143700787401
20
-5.3624211023622044
11
4.7944549212598426
21
-5.3626831102362207
0
LINE
8
BLACK
6
CONTINUOUS
10
4.7944549212598426
20
-5.3626831102362207
11
4.7946651968503939
21
-5.3628933858267711
0
LINE
8
BLACK
6
CONTINUOUS
10
4.7946651968503939
20
-5.3628933858267711
11
4.7949955511811027
21
-5.3636909055118105
0
LINE
8
BLACK
6
CONTINUOUS
10
4.7949955511811027
20
-5.3636909055118105
11
4.7954036220472442
21
-5.3644516141732286
0
LINE
8
BLACK
6
CONTINUOUS
10
4.7954036220472442
20
-5.3644516141732286
11
4.7954907874015751
21
-5.3648865354330706
0
LINE
8
BLACK
6
CONTINUOUS
10
4.7954907874015751
20
-5.3648865354330706
11
4.7955470078740152
21
-5.3650222047244096
0
LINE
8
BLACK
6
CONTINUOUS
10
4.7955470078740152
20
-5.3650222047244096
11
4.7955470078740152
21
-5.3651668503937007
0
LINE
8
BLACK
6
CONTINUOUS
10
4.7955470078740152
20
-5.3651668503937007
11
4.7956311811023618
21
-5.3655867322834645
0
LINE
8
BLACK
6
CONTINUOUS
10
4.7956311811023618
20
-5.3655867322834645
11
4.7984433070866137
21
-5.3937081889763778
0
LINE
8
BLACK
6
CONTINUOUS
10
4.7984433070866137
20
-5.3937081889763778
11
4.7984450393700788
21
-5.3948659055118107
0
LINE
8
BLACK
6
CONTINUOUS
10
4.7984450393700788
20
-5.3948659055118107
11
4.7983590944881884
21
-5.3951507086614168
0
LINE
8
BLACK
6
CONTINUOUS
10
4.7983590944881884
20
-5.3951507086614168
11
4.7983590944881884
21
-5.3954479527559052
0
LINE
8
BLACK
6
CONTINUOUS
10
4.7983590944881884
20
-5.3954479527559052
11
4.7980287795275594
21
-5.3962453149606295
0
LINE
8
BLACK
6
CONTINUOUS
10
4.7980287795275594
20
-5.3962453149606295
11
4.7977794094488191
21
-5.3970718897637795
0
LINE
8
BLACK
6
CONTINUOUS
10
4.7977794094488191
20
-5.3970718897637795
11
4.7975911023622047
21
-5.3973019685039372
0
LINE
8
BLACK
6
CONTINUOUS
10
4.7975911023622047
20
-5.3973019685039372
11
4.7974773228346459
21
-5.3975767716535428
0
LINE
8
BLACK
6
CONTINUOUS
10
4.7974773228346459
20
-5.3975767716535428
11
4.7968667716535434
21
-5.3981872440944878
0
LINE
8
BLACK
6
CONTINUOUS
10
4.7968667716535434
20
-5.3981872440944878
11
4.7963203149606297
21
-5.3988551968503939
0
LINE
8
BLACK
6
CONTINUOUS
10
4.7963203149606297
20
-5.3988551968503939
11
4.7960582677165355
21
-5.3989957480314956
0
LINE
8
BLACK
6
CONTINUOUS
10
4.7960582677165355
20
-5.3989957480314956
11
4.7958479527559055
21
-5.3992061023622044
0
LINE
8
BLACK
6
CONTINUOUS
10
4.7958479527559055
20
-5.3992061023622044
11
4.7950503937007873
21
-5.3995364173228344
0
LINE
8
BLACK
6
CONTINUOUS
10
4.7950503937007873
20
-5.3995364173228344
11
4.7942898031496064
21
-5.399944488188976
0
LINE
8
BLACK
6
CONTINUOUS
10
4.7942898031496064
20
-5.399944488188976
11
4.7939938582677168
21
-5.3999740551181103
0
LINE
8
BLACK
6
CONTINUOUS
10
4.7939938582677168
20
-5.3999740551181103
11
4.7937191338582679
21
-5.4000878740157479
0
LINE
8
BLACK
6
CONTINUOUS
10
4.7937191338582679
20
-5.4000878740157479
11
4.7928559055118107
21
-5.4000878346456691
0
LINE
8
BLACK
6
CONTINUOUS
10
4.7928559055118107
20
-5.4000878346456691
11
4.7919970078740155
21
-5.4001737401574799
0
LINE
8
BLACK
6
CONTINUOUS
10
4.7919970078740155
20
-5.4001737401574799
11
4.7917122834645669
21
-5.4000878346456691
0
LINE
8
BLACK
6
CONTINUOUS
10
4.7917122834645669
20
-5.4000878346456691
11
4.791414960629921
21
-5.4000878346456691
0
LINE
8
BLACK
6
CONTINUOUS
10
4.791414960629921
20
-5.4000878346456691
11
4.7906174409448816
21
-5.3997574803149604
0
LINE
8
BLACK
6
CONTINUOUS
10
4.7906174409448816
20
-5.3997574803149604
11
4.7897910236220476
21
-5.3995081496062989
0
LINE
8
BLACK
6
CONTINUOUS
10
4.7897910236220476
20
-5.3995081496062989
11
4.7895608661417324
21
-5.3993198425196853
0
LINE
8
BLACK
6
CONTINUOUS
10
4.7895608661417324
20
-5.3993198425196853
11
4.7892861417322834
21
-5.3992060629921257
0
LINE
8
BLACK
6
CONTINUOUS
10
4.7892861417322834
20
-5.3992060629921257
11
4.788391220472441
21
-5.3984716141732285
0
LINE
8
BLACK
6
CONTINUOUS
10
4.788391220472441
20
-5.3984716141732285
11
4.7862566929133861
21
-5.3963370866141727
0
LINE
8
BLACK
6
CONTINUOUS
10
4.7862566929133861
20
-5.3963370866141727
11
4.7827365748031498
21
-5.3945770472440939
0
LINE
8
BLACK
6
CONTINUOUS
10
4.7827365748031498
20
-5.3945770472440939
11
4.7714640157480313
21
-5.3945770472440939
0
LINE
8
BLACK
6
CONTINUOUS
10
4.7714640157480313
20
-5.3945770472440939
11
4.7679437795275588
21
-5.3963371259842514
0
LINE
8
BLACK
6
CONTINUOUS
10
4.7679437795275588
20
-5.3963371259842514
11
4.7664869291338583
21
-5.3977939763779528
0
LINE
8
BLACK
6
CONTINUOUS
10
4.7664869291338583
20
-5.3977939763779528
11
4.7647268110236221
21
-5.4013142125984253
0
LINE
8
BLACK
6
CONTINUOUS
10
4.7647268110236221
20
-5.4013142125984253
11
4.7647268110236221
21
-5.4125867322834642
0
LINE
8
BLACK
6
CONTINUOUS
10
4.7647268110236221
20
-5.4125867322834642
11
4.7664869291338583
21
-5.4161069685039367
0
LINE
8
BLACK
6
CONTINUOUS
10
4.7664869291338583
20
-5.4161069685039367
11
4.7679437795275588
21
-5.4175638188976381
0
LINE
8
BLACK
6
CONTINUOUS
10
4.7679437795275588
20
-5.4175638188976381
11
4.7714640157480313
21
-5.4193239370078743
0
LINE
8
BLACK
6
CONTINUOUS
10
4.7714640157480313
20
-5.4193239370078743
11
4.7827365748031498
21
-5.4193239370078743
0
LINE
8
BLACK
6
CONTINUOUS
10
4.7827365748031498
20
-5.4193239370078743
11
4.7862566929133861
21
-5.4175638582677168
0
LINE
8
BLACK
6
CONTINUOUS
10
4.7862566929133861
20
-5.4175638582677168
11
4.788391220472441
21
-5.4154293700787397
0
LINE
8
BLACK
6
CONTINUOUS
10
4.788391220472441
20
-5.4154293700787397
11
4.7892861417322834
21
-5.4146949212598425
0
LINE
8
BLACK
6
CONTINUOUS
10
4.7892861417322834
20
-5.4146949212598425
11
4.791414960629921
21
-5.4138131496062991
0
LINE
8
BLACK
6
CONTINUOUS
10
4.791414960629921
20
-5.4138131496062991
11
4.7937191338582679
21
-5.4138131102362204
0
LINE
8
BLACK
6
CONTINUOUS
10
4.7937191338582679
20
-5.4138131102362204
11
4.7958479527559055
21
-5.4146948818897638
0
LINE
8
BLACK
6
CONTINUOUS
10
4.7958479527559055
20
-5.4146948818897638
11
4.7974773228346459
21
-5.4163242125984254
0
LINE
8
BLACK
6
CONTINUOUS
10
4.7974773228346459
20
-5.4163242125984254
11
4.7983590944881884
21
-5.4184530314960631
0
LINE
8
BLACK
6
CONTINUOUS
10
4.7983590944881884
20
-5.4184530314960631
11
4.7983591338582672
21
-5.420757204724409
0
LINE
8
BLACK
6
CONTINUOUS
10
4.7983591338582672
20
-5.420757204724409
11
4.7974773622047246
21
-5.4228860629921263
0
LINE
8
BLACK
6
CONTINUOUS
10
4.7974773622047246
20
-5.4228860629921263
11
4.7967429527559053
21
-5.4237809448818899
0
LINE
8
BLACK
6
CONTINUOUS
10
4.7967429527559053
20
-5.4237809448818899
11
4.7939308267716534
21
-5.4265931102362206
0
LINE
8
BLACK
6
CONTINUOUS
10
4.7939308267716534
20
-5.4265931102362206
11
4.7934779527559055
21
-5.4269647244094488
0
LINE
8
BLACK
6
CONTINUOUS
10
4.7934779527559055
20
-5.4269647244094488
11
4.7933757480314956
21
-5.4270826377952757
0
LINE
8
BLACK
6
CONTINUOUS
10
4.7933757480314956
20
-5.4270826377952757
11
4.7931979921259842
21
-5.4271944881889764
0
LINE
8
BLACK
6
CONTINUOUS
10
4.7931979921259842
20
-5.4271944881889764
11
4.793035905511811
21
-5.4273275590551178
0
LINE
8
BLACK
6
CONTINUOUS
10
4.793035905511811
20
-5.4273275590551178
11
4.7928918503937004
21
-5.4273872047244094
0
LINE
8
BLACK
6
CONTINUOUS
10
4.7928918503937004
20
-5.4273872047244094
11
4.7923959842519688
21
-5.4276993700787397
0
LINE
8
BLACK
6
CONTINUOUS
10
4.7923959842519688
20
-5.4276993700787397
11
4.7867716929133861
21
-5.4305114960629917
0
LINE
8
BLACK
6
CONTINUOUS
10
4.7867716929133861
20
-5.4305114960629917
11
4.7856904330708661
21
-5.4309252755905515
0
LINE
8
BLACK
6
CONTINUOUS
10
4.7856904330708661
20
-5.4309252755905515
11
4.7854787795275593
21
-5.4309402755905509
0
LINE
8
BLACK
6
CONTINUOUS
10
4.7854787795275593
20
-5.4309402755905509
11
4.7852827952755908
21
-5.4310214960629919
0
LINE
8
BLACK
6
CONTINUOUS
10
4.7852827952755908
20
-5.4310214960629919
11
4.7841306692913381
21
-5.4311349606299215
0
LINE
8
BLACK
6
CONTINUOUS
10
4.7841306692913381
20
-5.4311349606299215
11
4.7700699212598421
21
-5.4311349606299215
0
LINE
8
BLACK
6
CONTINUOUS
10
4.7700699212598421
20
-5.4311349606299215
11
4.7689177952755903
21
-5.4310214960629919
0
LINE
8
BLACK
6
CONTINUOUS
10
4.7689177952755903
20
-5.4310214960629919
11
4.7687217716535431
21
-5.4309402755905509
0
LINE
8
BLACK
6
CONTINUOUS
10
4.7687217716535431
20
-5.4309402755905509
11
4.768510157480315
21
-5.4309252755905515
0
LINE
8
BLACK
6
CONTINUOUS
10
4.768510157480315
20
-5.4309252755905515
11
4.7674289370078737
21
-5.4305114960629917
0
LINE
8
BLACK
6
CONTINUOUS
10
4.7674289370078737
20
-5.4305114960629917
11
4.7618046062992123
21
-5.4276993700787397
0
LINE
8
BLACK
6
CONTINUOUS
10
4.7618046062992123
20
-5.4276993700787397
11
4.7613088582677161
21
-5.4273872834645669
0
LINE
8
BLACK
6
CONTINUOUS
10
4.7613088582677161
20
-5.4273872834645669
11
4.7611647244094488
21
-5.4273275984251965
0
LINE
8
BLACK
6
CONTINUOUS
10
4.7611647244094488
20
-5.4273275984251965
11
4.7610024015748031
21
-5.4271943700787402
0
LINE
8
BLACK
6
CONTINUOUS
10
4.7610024015748031
20
-5.4271943700787402
11
4.7608248818897634
21
-5.4270826377952757
0
LINE
8
BLACK
6
CONTINUOUS
10
4.7608248818897634
20
-5.4270826377952757
11
4.7607227165354331
21
-5.426964842519685
0
LINE
8
BLACK
6
CONTINUOUS
10
4.7607227165354331
20
-5.426964842519685
11
4.7602698031496065
21
-5.4265931496062993
0
LINE
8
BLACK
6
CONTINUOUS
10
4.7602698031496065
20
-5.4265931496062993
11
4.7574576377952758
21
-5.4237809842519686
0
LINE
8
BLACK
6
CONTINUOUS
10
4.7574576377952758
20
-5.4237809842519686
11
4.7570859842519688
21
-5.4233281496062995
0
LINE
8
BLACK
6
CONTINUOUS
10
4.7570859842519688
20
-5.4233281496062995
11
4.7569681496062994
21
-5.4232259448818896
0
LINE
8
BLACK
6
CONTINUOUS
10
4.7569681496062994
20
-5.4232259448818896
11
4.7568562992125987
21
-5.4230482283464569
0
LINE
8
BLACK
6
CONTINUOUS
10
4.7568562992125987
20
-5.4230482283464569
11
4.7567231889763777
21
-5.4228860629921263
0
LINE
8
BLACK
6
CONTINUOUS
10
4.7567231889763777
20
-5.4228860629921263
11
4.7566635039370082
21
-5.4227419685039369
0
LINE
8
BLACK
6
CONTINUOUS
10
4.7566635039370082
20
-5.4227419685039369
11
4.7563514173228345
21
-5.4222461811023619
0
LINE
8
BLACK
6
CONTINUOUS
10
4.7563514173228345
20
-5.4222461811023619
11
4.7535392519685038
21
-5.4166218897637792
0
LINE
8
BLACK
6
CONTINUOUS
10
4.7535392519685038
20
-5.4166218897637792
11
4.7531255118110236
21
-5.4155406692913388
0
LINE
8
BLACK
6
CONTINUOUS
10
4.7531255118110236
20
-5.4155406692913388
11
4.7531104724409445
21
-5.4153290551181099
0
LINE
8
BLACK
6
CONTINUOUS
10
4.7531104724409445
20
-5.4153290551181099
11
4.7530292519685036
21
-5.4151329921259839
0
LINE
8
BLACK
6
CONTINUOUS
10
4.7530292519685036
20
-5.4151329921259839
11
4.7529157874015748
21
-5.4139808661417321
0
LINE
8
BLACK
6
CONTINUOUS
10
4.7529157874015748
20
-5.4139808661417321
11
4.7529157874015748
21
-5.3999201181102361
0
LINE
8
BLACK
6
CONTINUOUS
10
4.7529157874015748
20
-5.3999201181102361
11
4.7530292519685036
21
-5.3987679921259843
0
LINE
8
BLACK
6
CONTINUOUS
10
4.7530292519685036
20
-5.3987679921259843
11
4.7531104724409445
21
-5.3985718897637796
0
LINE
8
BLACK
6
CONTINUOUS
10
4.7531104724409445
20
-5.3985718897637796
11
4.7531255118110236
21
-5.3983603149606294
0
LINE
8
BLACK
6
CONTINUOUS
10
4.7531255118110236
20
-5.3983603149606294
11
4.7535392519685038
21
-5.397279094488189
0
LINE
8
BLACK
6
CONTINUOUS
10
4.7535392519685038
20
-5.397279094488189
11
4.7563514173228345
21
-5.3916548031496063
0
LINE
8
BLACK
6
CONTINUOUS
10
4.7563514173228345
20
-5.3916548031496063
11
4.7566635039370082
21
-5.3911589763779526
0
LINE
8
BLACK
6
CONTINUOUS
10
4.7566635039370082
20
-5.3911589763779526
11
4.7567231889763777
21
-5.3910149212598428
0
LINE
8
BLACK
6
CONTINUOUS
10
4.7567231889763777
20
-5.3910149212598428
11
4.7568562992125987
21
-5.3908527165354325
0
LINE
8
BLACK
6
CONTINUOUS
10
4.7568562992125987
20
-5.3908527165354325
11
4.7569681496062994
21
-5.3906750393700786
0
LINE
8
BLACK
6
CONTINUOUS
10
4.7569681496062994
20
-5.3906750393700786
11
4.7570859842519688
21
-5.3905727952755909
0
LINE
8
BLACK
6
CONTINUOUS
10
4.7570859842519688
20
-5.3905727952755909
11
4.7574576377952758
21
-5.3901199999999996
0
LINE
8
BLACK
6
CONTINUOUS
10
4.7574576377952758
20
-5.3901199999999996
11
4.7602698031496065
21
-5.3873078346456689
0
LINE
8
BLACK
6
CONTINUOUS
10
4.7602698031496065
20
-5.3873078346456689
11
4.7607227165354331
21
-5.3869361023622044
0
LINE
8
BLACK
6
CONTINUOUS
10
4.7607227165354331
20
-5.3869361023622044
11
4.7608248818897634
21
-5.3868183464566926
0
LINE
8
BLACK
6
CONTINUOUS
10
4.7608248818897634
20
-5.3868183464566926
11
4.7610024015748031
21
-5.3867065748031493
0
LINE
8
BLACK
6
CONTINUOUS
10
4.7610024015748031
20
-5.3867065748031493
11
4.7611647244094488
21
-5.3865733858267717
0
LINE
8
BLACK
6
CONTINUOUS
10
4.7611647244094488
20
-5.3865733858267717
11
4.7613088582677161
21
-5.3865136614173226
0
LINE
8
BLACK
6
CONTINUOUS
10
4.7613088582677161
20
-5.3865136614173226
11
4.7618046062992123
21
-5.3862016141732285
0
LINE
8
BLACK
6
CONTINUOUS
10
4.7618046062992123
20
-5.3862016141732285
11
4.7674289370078737
21
-5.3833894881889766
0
LINE
8
BLACK
6
CONTINUOUS
10
4.7674289370078737
20
-5.3833894881889766
11
4.768510157480315
21
-5.3829757086614176
0
LINE
8
BLACK
6
CONTINUOUS
10
4.768510157480315
20
-5.3829757086614176
11
4.7687217716535431
21
-5.3829606692913385
0
LINE
8
BLACK
6
CONTINUOUS
10
4.7687217716535431
20
-5.3829606692913385
11
4.7689177952755903
21
-5.3828794881889763
0
LINE
8
BLACK
6
CONTINUOUS
10
4.7689177952755903
20
-5.3828794881889763
11
4.7700699212598421
21
-5.3827660236220467
0
LINE
8
BLACK
6
CONTINUOUS
10
4.7700699212598421
20
-5.3827660236220467
11
4.7841306692913381
21
-5.3827660236220467
0
LINE
8
BLACK
6
CONTINUOUS
10
4.7841306692913381
20
-5.3827660236220467
11
4.7852827952755908
21
-5.3828794881889763
0
LINE
8
BLACK
6
CONTINUOUS
10
4.7852827952755908
20
-5.3828794881889763
11
4.7854787795275593
21
-5.3829606692913385
0
LINE
8
BLACK
6
CONTINUOUS
10
4.7854787795275593
20
-5.3829606692913385
11
4.7854987401574798
21
-5.3829620866141727
0
LINE
8
BLACK
6
CONTINUOUS
10
4.7854987401574798
20
-5.3829620866141727
11
4.7844105118110232
21
-5.3720798425196845
0
LINE
8
BLACK
6
CONTINUOUS
10
4.7844105118110232
20
-5.3720798425196845
11
4.7616334645669287
21
-5.3720798425196845
0
LINE
8
BLACK
6
CONTINUOUS
10
4.7616334645669287
20
-5.3720798425196845
11
4.760481338582677
21
-5.3719663779527558
0
LINE
8
BLACK
6
CONTINUOUS
10
4.760481338582677
20
-5.3719663779527558
11
4.7583525196850394
21
-5.3710845669291336
0
LINE
8
BLACK
6
CONTINUOUS
10
4.7583525196850394
20
-5.3710845669291336
11
4.7567232283464564
21
-5.3694552755905507
0
LINE
8
BLACK
6
CONTINUOUS
10
4.7567232283464564
20
-5.3694552755905507
11
4.7558414173228343
21
-5.3673264566929131
0
LINE
8
BLACK
6
CONTINUOUS
10
4.7558414173228343
20
-5.3673264566929131
11
4.7558414173228343
21
-5.3650222047244096
0
LINE
8
BLACK
6
CONTINUOUS
10
4.7558414173228343
20
-5.3650222047244096
11
4.7567232283464564
21
-5.3628933858267711
0
LINE
8
BLACK
6
CONTINUOUS
10
4.7567232283464564
20
-5.3628933858267711
11
4.7583525196850394
21
-5.3612640944881891
0
LINE
8
BLACK
6
CONTINUOUS
10
4.7583525196850394
20
-5.3612640944881891
11
4.760481338582677
21
-5.3603822834645669
0
LINE
8
BLACK
6
CONTINUOUS
10
4.760481338582677
20
-5.3603822834645669
11
4.7616334645669287
21
-5.3602688188976373
0
LINE
8
BLACK
6
CONTINUOUS
10
4.7616334645669287
20
-5.3602688188976373
11
4.7897549606299208
21
-5.3602688188976373
0
LINE
8
BLACK
6
CONTINUOUS
10
4.7897549606299208
20
-5.3602688188976373
11
4.790181023622047
21
-5.3603107480314955
0
LINE
8
BLACK
6
CONTINUOUS
10
4.8415257480314962
20
-5.3603822834645669
11
4.8417218110236222
21
-5.3604635039370079
0
LINE
8
BLACK
6
CONTINUOUS
10
4.8417218110236222
20
-5.3604635039370079
11
4.8419334251968502
21
-5.3604785433070861
0
LINE
8
BLACK
6
CONTINUOUS
10
4.8419334251968502
20
-5.3604785433070861
11
4.8430146456692915
21
-5.3608922834645671
0
LINE
8
BLACK
6
CONTINUOUS
10
4.8430146456692915
20
-5.3608922834645671
11
4.8486389370078742
21
-5.3637044488188979
0
LINE
8
BLACK
6
CONTINUOUS
10
4.8486389370078742
20
-5.3637044488188979
11
4.8491347244094491
21
-5.3640165354330707
0
LINE
8
BLACK
6
CONTINUOUS
10
4.8491347244094491
20
-5.3640165354330707
11
4.8492788188976377
21
-5.364076220472441
0
LINE
8
BLACK
6
CONTINUOUS
10
4.8492788188976377
20
-5.364076220472441
11
4.8494409842519683
21
-5.3642093307086611
0
LINE
8
BLACK
6
CONTINUOUS
10
4.8494409842519683
20
-5.3642093307086611
11
4.8496187007874019
21
-5.3643211811023619
0
LINE
8
BLACK
6
CONTINUOUS
10
4.8496187007874019
20
-5.3643211811023619
11
4.8497209055118109
21
-5.3644390157480313
0
LINE
8
BLACK
6
CONTINUOUS
10
4.8497209055118109
20
-5.3644390157480313
11
4.85017374015748
21
-5.3648106692913382
0
LINE
8
BLACK
6
CONTINUOUS
10
4.85017374015748
20
-5.3648106692913382
11
4.852985866141732
21
-5.3676227952755902
0
LINE
8
BLACK
6
CONTINUOUS
10
4.852985866141732
20
-5.3676227952755902
11
4.8537203149606301
21
-5.3685176771653538
0
LINE
8
BLACK
6
CONTINUOUS
10
4.8537203149606301
20
-5.3685176771653538
11
4.8546020472440947
21
-5.370646535433071
0
LINE
8
BLACK
6
CONTINUOUS
10
4.8546020472440947
20
-5.370646535433071
11
4.8546020472440947
21
-5.372950708661417
0
LINE
8
BLACK
6
CONTINUOUS
10
4.8546020472440947
20
-5.372950708661417
11
4.8537203149606301
21
-5.3750795275590546
0
LINE
8
BLACK
6
CONTINUOUS
10
4.8537203149606301
20
-5.3750795275590546
11
4.8520909448818896
21
-5.376708897637795
0
LINE
8
BLACK
6
CONTINUOUS
10
4.8520909448818896
20
-5.376708897637795
11
4.849962125984252
21
-5.3775906299212597
0
LINE
8
BLACK
6
CONTINUOUS
10
4.849962125984252
20
-5.3775906299212597
11
4.8476579527559052
21
-5.3775906299212597
0
LINE
8
BLACK
6
CONTINUOUS
10
4.8476579527559052
20
-5.3775906299212597
11
4.8455290944881888
21
-5.376708897637795
0
LINE
8
BLACK
6
CONTINUOUS
10
4.8455290944881888
20
-5.376708897637795
11
4.8446342125984252
21
-5.3759744488188979
0
LINE
8
BLACK
6
CONTINUOUS
10
4.8446342125984252
20
-5.3759744488188979
11
4.842499724409449
21
-5.3738399606299208
0
LINE
8
BLACK
6
CONTINUOUS
10
4.842499724409449
20
-5.3738399606299208
11
4.8389795275590552
21
-5.3720798425196845
0
LINE
8
BLACK
6
CONTINUOUS
10
4.8389795275590552
20
-5.3720798425196845
11
4.8277069685039367
21
-5.3720798425196845
0
LINE
8
BLACK
6
CONTINUOUS
10
4.8277069685039367
20
-5.3720798425196845
11
4.8241867322834642
21
-5.3738399606299208
0
LINE
8
BLACK
6
CONTINUOUS
10
4.8241867322834642
20
-5.3738399606299208
11
4.8227298818897637
21
-5.3752967716535434
0
LINE
8
BLACK
6
CONTINUOUS
10
4.8227298818897637
20
-5.3752967716535434
11
4.8209697637795275
21
-5.3788170078740158
0
LINE
8
BLACK
6
CONTINUOUS
10
4.8209697637795275
20
-5.3788170078740158
11
4.8209697637795275
21
-5.3820888976377947
0
LINE
8
BLACK
6
CONTINUOUS
10
4.8209697637795275
20
-5.3820888976377947
11
4.8230379921259843
21
-5.3882935826771652
0
LINE
8
BLACK
6
CONTINUOUS
10
4.8230379921259843
20
-5.3882935826771652
11
4.8557980314960627
21
-5.4210536220472436
0
LINE
8
BLACK
6
CONTINUOUS
10
4.8557980314960627
20
-5.4210536220472436
11
4.8565324803149608
21
-5.4219485039370081
0
LINE
8
BLACK
6
CONTINUOUS
10
4.8565324803149608
20
-5.4219485039370081
11
4.8571559448818897
21
-5.423453818897638
0
LINE
8
BLACK
6
CONTINUOUS
10
4.8571559448818897
20
-5.423453818897638
11
4.8572914566929128
21
-5.4237809448818899
0
LINE
8
BLACK
6
CONTINUOUS
10
4.8572914566929128
20
-5.4237809448818899
11
4.8574142519685042
21
-5.4240773622047245
0
LINE
8
BLACK
6
CONTINUOUS
10
4.8574142519685042
20
-5.4240773622047245
11
4.8574142519685042
21
-5.4263815354330704
0
LINE
8
BLACK
6
CONTINUOUS
10
4.8574142519685042
20
-5.4263815354330704
11
4.8565324803149608
21
-5.4285103543307089
0
LINE
8
BLACK
6
CONTINUOUS
10
4.8565324803149608
20
-5.4285103543307089
11
4.8549031102362203
21
-5.4301397244094485
0
LINE
8
BLACK
6
CONTINUOUS
10
4.8549031102362203
20
-5.4301397244094485
11
4.8540055511811024
21
-5.4305114960629917
0
LINE
8
BLACK
6
CONTINUOUS
10
4.8540055511811024
20
-5.4305114960629917
11
4.8527743307086615
21
-5.4310214960629919
0
LINE
8
BLACK
6
CONTINUOUS
10
4.8527743307086615
20
-5.4310214960629919
11
4.8516222047244097
21
-5.4311349606299215
0
LINE
8
BLACK
6
CONTINUOUS
10
4.8516222047244097
20
-5.4311349606299215
11
4.8150642519685034
21
-5.4311349606299215
0
LINE
8
BLACK
6
CONTINUOUS
10
4.8150642519685034
20
-5.4311349606299215
11
4.8139121259842517
21
-5.4310214960629919
0
LINE
8
BLACK
6
CONTINUOUS
10
4.8139121259842517
20
-5.4310214960629919
11
4.8117833070866141
21
-5.4301396850393697
0
LINE
8
BLACK
6
CONTINUOUS
10
4.8117833070866141
20
-5.4301396850393697
11
4.8101540157480311
21
-5.4285103937007877
0
LINE
8
BLACK
6
CONTINUOUS
10
4.8101540157480311
20
-5.4285103937007877
11
4.809272204724409
21
-5.4263815748031492
0
LINE
8
BLACK
6
CONTINUOUS
10
4.809272204724409
20
-5.4263815748031492
11
4.809272204724409
21
-5.4240773228346457
0
LINE
8
BLACK
6
CONTINUOUS
10
4.809272204724409
20
-5.4240773228346457
11
4.8101540157480311
21
-5.4219485039370081
0
LINE
8
BLACK
6
CONTINUOUS
10
4.8101540157480311
20
-5.4219485039370081
11
4.8117833070866141
21
-5.4203192125984252
0
LINE
8
BLACK
6
CONTINUOUS
10
4.8117833070866141
20
-5.4203192125984252
11
4.8139121259842517
21
-5.419437401574803
0
LINE
8
BLACK
6
CONTINUOUS
10
4.8139121259842517
20
-5.419437401574803
11
4.8150642519685034
21
-5.4193239370078743
0
LINE
8
BLACK
6
CONTINUOUS
10
4.8150642519685034
20
-5.4193239370078743
11
4.8373650393700789
21
-5.4193239370078743
0
LINE
8
BLACK
6
CONTINUOUS
10
4.8373650393700789
20
-5.4193239370078743
11
4.8137005905511812
21
-5.3956594881889766
0
LINE
8
BLACK
6
CONTINUOUS
10
4.8137005905511812
20
-5.3956594881889766
11
4.8129661417322831
21
-5.3947645669291333
0
LINE
8
BLACK
6
CONTINUOUS
10
4.8129661417322831
20
-5.3947645669291333
11
4.8128849212598421
21
-5.3945685039370082
0
LINE
8
BLACK
6
CONTINUOUS
10
4.8128849212598421
20
-5.3945685039370082
11
4.8127459448818897
21
-5.3944082677165355
0
LINE
8
BLACK
6
CONTINUOUS
10
4.8127459448818897
20
-5.3944082677165355
11
4.812273976377953
21
-5.3933511417322837
0
LINE
8
BLACK
6
CONTINUOUS
10
4.812273976377953
20
-5.3933511417322837
11
4.8094618110236222
21
-5.3849147637795278
0
LINE
8
BLACK
6
CONTINUOUS
10
4.8094618110236222
20
-5.3849147637795278
11
4.8093318897637793
21
-5.384343503937008
0
LINE
8
BLACK
6
CONTINUOUS
10
4.8093318897637793
20
-5.384343503937008
11
4.809272204724409
21
-5.3841993700787398
0
LINE
8
BLACK
6
CONTINUOUS
10
4.809272204724409
20
-5.3841993700787398
11
4.8092516141732284
21
-5.3839903543307086
0
LINE
8
BLACK
6
CONTINUOUS
10
4.8092516141732284
20
-5.3839903543307086
11
4.8092051181102358
21
-5.3837858661417322
0
LINE
8
BLACK
6
CONTINUOUS
10
4.8092051181102358
20
-5.3837858661417322
11
4.809216141732283
21
-5.3836303543307089
0
LINE
8
BLACK
6
CONTINUOUS
10
4.809216141732283
20
-5.3836303543307089
11
4.8091587401574802
21
-5.3830472440944881
0
LINE
8
BLACK
6
CONTINUOUS
10
4.8091587401574802
20
-5.3830472440944881
11
4.8091587401574802
21
-5.3774229133858267
0
LINE
8
BLACK
6
CONTINUOUS
10
4.8091587401574802
20
-5.3774229133858267
11
4.809272204724409
21
-5.3762707874015749
0
LINE
8
BLACK
6
CONTINUOUS
10
4.809272204724409
20
-5.3762707874015749
11
4.8093534251968499
21
-5.3760746850393701
0
LINE
8
BLACK
6
CONTINUOUS
10
4.8093534251968499
20
-5.3760746850393701
11
4.809368464566929
21
-5.37586311023622
0
LINE
8
BLACK
6
CONTINUOUS
10
4.809368464566929
20
-5.37586311023622
11
4.8097822047244092
21
-5.3747818897637796
0
LINE
8
BLACK
6
CONTINUOUS
10
4.8097822047244092
20
-5.3747818897637796
11
4.8125943700787399
21
-5.3691575984251969
0
LINE
8
BLACK
6
CONTINUOUS
10
4.8125943700787399
20
-5.3691575984251969
11
4.8129064960629924
21
-5.3686616929133857
0
LINE
8
BLACK
6
CONTINUOUS
10
4.8129064960629924
20
-5.3686616929133857
11
4.8129661811023619
21
-5.3685176771653538
0
LINE
8
BLACK
6
CONTINUOUS
10
4.8129661811023619
20
-5.3685176771653538
11
4.8130992125984253
21
-5.3683555511811019
0
LINE
8
BLACK
6
CONTINUOUS
10
4.8130992125984253
20
-5.3683555511811019
11
4.8132111023622048
21
-5.3681778346456692
0
LINE
8
BLACK
6
CONTINUOUS
10
4.8132111023622048
20
-5.3681778346456692
11
4.813328976377953
21
-5.3680755905511806
0
LINE
8
BLACK
6
CONTINUOUS
10
4.813328976377953
20
-5.3680755905511806
11
4.8137006299212599
21
-5.3676227559055114
0
LINE
8
BLACK
6
CONTINUOUS
10
4.8137006299212599
20
-5.3676227559055114
11
4.8165127952755906
21
-5.3648106299212595
0
LINE
8
BLACK
6
CONTINUOUS
10
4.8165127952755906
20
-5.3648106299212595
11
4.8169655511811023
21
-5.3644390157480313
0
LINE
8
BLACK
6
CONTINUOUS
10
4.8169655511811023
20
-5.3644390157480313
11
4.81706779527559
21
-5.3643211811023619
0
LINE
8
BLACK
6
CONTINUOUS
10
4.81706779527559
20
-5.3643211811023619
11
4.8172454330708661
21
-5.3642093307086611
0
LINE
8
BLACK
6
CONTINUOUS
10
4.8172454330708661
20
-5.3642093307086611
11
4.8174076771653542
21
-5.364076220472441
0
LINE
8
BLACK
6
CONTINUOUS
10
4.8174076771653542
20
-5.364076220472441
11
4.8175517322834649
21
-5.3640165354330707
0
LINE
8
BLACK
6
CONTINUOUS
10
4.8175517322834649
20
-5.3640165354330707
11
4.8180475590551177
21
-5.3637044488188979
0
LINE
8
BLACK
6
CONTINUOUS
10
4.8180475590551177
20
-5.3637044488188979
11
4.8236718110236216
21
-5.3608922834645671
0
LINE
8
BLACK
6
CONTINUOUS
10
4.8236718110236216
20
-5.3608922834645671
11
4.8247530708661417
21
-5.3604785433070861
0
LINE
8
BLACK
6
CONTINUOUS
10
4.8247530708661417
20
-5.3604785433070861
11
4.824964645669291
21
-5.3604635039370079
0
LINE
8
BLACK
6
CONTINUOUS
10
4.824964645669291
20
-5.3604635039370079
11
4.8251607480314957
21
-5.3603822834645669
0
LINE
8
BLACK
6
CONTINUOUS
10
4.8251607480314957
20
-5.3603822834645669
11
4.8263128740157475
21
-5.3602688188976373
0
LINE
8
BLACK
6
CONTINUOUS
10
4.8263128740157475
20
-5.3602688188976373
11
4.8403736220472444
21
-5.3602688188976373
0
LINE
8
BLACK
6
CONTINUOUS
10
4.8403736220472444
20
-5.3602688188976373
11
4.8415257480314962
21
-5.3603822834645669
0
LINE
8
BLACK
6
CONTINUOUS
10
4.8921443700787401
20
-5.3603822834645669
11
4.8923403149606299
21
-5.3604634251968504
0
LINE
8
BLACK
6
CONTINUOUS
10
4.8923403149606299
20
-5.3604634251968504
11
4.8925520472440942
21
-5.3604785039370073
0
LINE
8
BLACK
6
CONTINUOUS
10
4.8925520472440942
20
-5.3604785039370073
11
4.8936332677165355
21
-5.3608922834645671
0
LINE
8
BLACK
6
CONTINUOUS
10
4.8936332677165355
20
-5.3608922834645671
11
4.8992575984251969
21
-5.3637044488188979
0
LINE
8
BLACK
6
CONTINUOUS
10
4.8992575984251969
20
-5.3637044488188979
11
4.8997533858267719
21
-5.3640165354330707
0
LINE
8
BLACK
6
CONTINUOUS
10
4.8997533858267719
20
-5.3640165354330707
11
4.8998974803149604
21
-5.364076220472441
0
LINE
8
BLACK
6
CONTINUOUS
10
4.8998974803149604
20
-5.364076220472441
11
4.9000596456692911
21
-5.3642093307086611
0
LINE
8
BLACK
6
CONTINUOUS
10
4.9000596456692911
20
-5.3642093307086611
11
4.9002373622047246
21
-5.3643211811023619
0
LINE
8
BLACK
6
CONTINUOUS
10
4.9002373622047246
20
-5.3643211811023619
11
4.9003395669291336
21
-5.3644390157480313
0
LINE
8
BLACK
6
CONTINUOUS
10
4.9003395669291336
20
-5.3644390157480313
11
4.9007924015748028
21
-5.3648106692913382
0
LINE
8
BLACK
6
CONTINUOUS
10
4.9007924015748028
20
-5.3648106692913382
11
4.9036045275590547
21
-5.3676227952755902
0
LINE
8
BLACK
6
CONTINUOUS
10
4.9036045275590547
20
-5.3676227952755902
11
4.9039761811023617
21
-5.3680756299212593
0
LINE
8
BLACK
6
CONTINUOUS
10
4.9039761811023617
20
-5.3680756299212593
11
4.9040940157480311
21
-5.3681778346456692
0
LINE
8
BLACK
6
CONTINUOUS
10
4.9040940157480311
20
-5.3681778346456692
11
4.9042057480314956
21
-5.3683553543307081
0
LINE
8
BLACK
6
CONTINUOUS
10
4.9042057480314956
20
-5.3683553543307081
11
4.9043389763779528
21
-5.3685176771653538
0
LINE
8
BLACK
6
CONTINUOUS
10
4.9043389763779528
20
-5.3685176771653538
11
4.9043986614173223
21
-5.3686618503937007
0
LINE
8
BLACK
6
CONTINUOUS
10
4.9043986614173223
20
-5.3686618503937007
11
4.904710748031496
21
-5.3691575984251969
0
LINE
8
BLACK
6
CONTINUOUS
10
4.904710748031496
20
-5.3691575984251969
11
4.9075229133858267
21
-5.3747818503937008
0
LINE
8
BLACK
6
CONTINUOUS
10
4.9075229133858267
20
-5.3747818503937008
11
4.9075551574803145
21
-5.3748661811023624
0
LINE
8
BLACK
6
CONTINUOUS
10
4.9075551574803145
20
-5.3748661811023624
11
4.9075805511811019
21
-5.3749004330708656
0
LINE
8
BLACK
6
CONTINUOUS
10
4.9075805511811019
20
-5.3749004330708656
11
4.9077531496062994
21
-5.3753835433070867
0
LINE
8
BLACK
6
CONTINUOUS
10
4.9077531496062994
20
-5.3753835433070867
11
4.9079366535433069
21
-5.37586311023622
0
LINE
8
BLACK
6
CONTINUOUS
10
4.9079366535433069
20
-5.37586311023622
11
4.9079396456692912
21
-5.3759056299212595
0
LINE
8
BLACK
6
CONTINUOUS
10
4.9079396456692912
20
-5.3759056299212595
11
4.9079700393700785
21
-5.3759906299212599
0
LINE
8
BLACK
6
CONTINUOUS
10
4.9079700393700785
20
-5.3759906299212599
11
4.9107821653543304
21
-5.387239251968504
0
LINE
8
BLACK
6
CONTINUOUS
10
4.9107821653543304
20
-5.387239251968504
11
4.9108116535433073
21
-5.3874388976377947
0
LINE
8
BLACK
6
CONTINUOUS
10
4.9108116535433073
20
-5.3874388976377947
11
4.9108450393700789
21
-5.387519409448819
0
LINE
8
BLACK
6
CONTINUOUS
10
4.9108450393700789
20
-5.387519409448819
11
4.9108877559055113
21
-5.3879533464566931
0
LINE
8
BLACK
6
CONTINUOUS
10
4.9108877559055113
20
-5.3879533464566931
11
4.9109515354330711
21
-5.3883844881889766
0
LINE
8
BLACK
6
CONTINUOUS
10
4.9109515354330711
20
-5.3883844881889766
11
4.9109387007874012
21
-5.3884705905511812
0
LINE
8
BLACK
6
CONTINUOUS
10
4.9109387007874012
20
-5.3884705905511812
11
4.9109585039370076
21
-5.3886715354330708
0
LINE
8
BLACK
6
CONTINUOUS
10
4.9109585039370076
20
-5.3886715354330708
11
4.9109585039370076
21
-5.4027322834645668
0
LINE
8
BLACK
6
CONTINUOUS
10
4.9109585039370076
20
-5.4027322834645668
11
4.9109387007874012
21
-5.4029331889763776
0
LINE
8
BLACK
6
CONTINUOUS
10
4.9109387007874012
20
-5.4029331889763776
11
4.9109515354330711
21
-5.4030193307086609
0
LINE
8
BLACK
6
CONTINUOUS
10
4.9109515354330711
20
-5.4030193307086609
11
4.9108877559055113
21
-5.4034504330708657
0
LINE
8
BLACK
6
CONTINUOUS
10
4.9108877559055113
20
-5.4034504330708657
11
4.9108450393700789
21
-5.4038844094488185
0
LINE
8
BLACK
6
CONTINUOUS
10
4.9108450393700789
20
-5.4038844094488185
11
4.9108116535433073
21
-5.4039648818897641
0
LINE
8
BLACK
6
CONTINUOUS
10
4.9108116535433073
20
-5.4039648818897641
11
4.9107821653543304
21
-5.4041645669291336
0
LINE
8
BLACK
6
CONTINUOUS
10
4.9107821653543304
20
-5.4041645669291336
11
4.9079700393700785
21
-5.4154131496062989
0
LINE
8
BLACK
6
CONTINUOUS
10
4.9079700393700785
20
-5.4154131496062989
11
4.9079396456692912
21
-5.4154981102362205
0
LINE
8
BLACK
6
CONTINUOUS
10
4.9079396456692912
20
-5.4154981102362205
11
4.9079366535433069
21
-5.4155406692913388
0
LINE
8
BLACK
6
CONTINUOUS
10
4.9079366535433069
20
-5.4155406692913388
11
4.9077531496062994
21
-5.4160201968503934
0
LINE
8
BLACK
6
CONTINUOUS
10
4.9077531496062994
20
-5.4160201968503934
11
4.9075805511811019
21
-5.4165033464566932
0
LINE
8
BLACK
6
CONTINUOUS
10
4.9075805511811019
20
-5.4165033464566932
11
4.9075551574803145
21
-5.4165375590551177
0
LINE
8
BLACK
6
CONTINUOUS
10
4.9075551574803145
20
-5.4165375590551177
11
4.9075229133858267
21
-5.416621929133858
0
LINE
8
BLACK
6
CONTINUOUS
10
4.9075229133858267
20
-5.416621929133858
11
4.904710748031496
21
-5.4222461811023619
0
LINE
8
BLACK
6
CONTINUOUS
10
4.904710748031496
20
-5.4222461811023619
11
4.9043986220472444
21
-5.4227419685039369
0
LINE
8
BLACK
6
CONTINUOUS
10
4.9043986220472444
20
-5.4227419685039369
11
4.9043389763779528
21
-5.4228860629921263
0
LINE
8
BLACK
6
CONTINUOUS
10
4.9043389763779528
20
-5.4228860629921263
11
4.9042058267716531
21
-5.4230482677165357
0
LINE
8
BLACK
6
CONTINUOUS
10
4.9042058267716531
20
-5.4230482677165357
11
4.9040940157480311
21
-5.4232259448818896
0
LINE
8
BLACK
6
CONTINUOUS
10
4.9040940157480311
20
-5.4232259448818896
11
4.9039761417322829
21
-5.4233281496062995
0
LINE
8
BLACK
6
CONTINUOUS
10
4.9039761417322829
20
-5.4233281496062995
11
4.9036045669291335
21
-5.4237809448818899
0
LINE
8
BLACK
6
CONTINUOUS
10
4.9036045669291335
20
-5.4237809448818899
11
4.9007924409448815
21
-5.4265931102362206
0
LINE
8
BLACK
6
CONTINUOUS
10
4.9007924409448815
20
-5.4265931102362206
11
4.9003394488188974
21
-5.426964842519685
0
LINE
8
BLACK
6
CONTINUOUS
10
4.9003394488188974
20
-5.426964842519685
11
4.9002373228346459
21
-5.4270826377952757
0
LINE
8
BLACK
6
CONTINUOUS
10
4.9002373228346459
20
-5.4270826377952757
11
4.9000597244094486
21
-5.4271944094488189
0
LINE
8
BLACK
6
CONTINUOUS
10
4.9000597244094486
20
-5.4271944094488189
11
4.8998975196850392
21
-5.4273275590551178
0
LINE
8
BLACK
6
CONTINUOUS
10
4.8998975196850392
20
-5.4273275590551178
11
4.8997534251968506
21
-5.4273872047244094
0
LINE
8
BLACK
6
CONTINUOUS
10
4.8997534251968506
20
-5.4273872047244094
11
4.8992575984251969
21
-5.4276993700787397
0
LINE
8
BLACK
6
CONTINUOUS
10
4.8992575984251969
20
-5.4276993700787397
11
4.8936332283464568
21
-5.4305114960629917
0
LINE
8
BLACK
6
CONTINUOUS
10
4.8936332283464568
20
-5.4305114960629917
11
4.8925520078740155
21
-5.4309252755905515
0
LINE
8
BLACK
6
CONTINUOUS
10
4.8925520078740155
20
-5.4309252755905515
11
4.8923403543307087
21
-5.4309402755905509
0
LINE
8
BLACK
6
CONTINUOUS
10
4.8923403543307087
20
-5.4309402755905509
11
4.8921443700787401
21
-5.4310214960629919
0
LINE
8
BLACK
6
CONTINUOUS
10
4.8921443700787401
20
-5.4310214960629919
11
4.8909922440944884
21
-5.4311349606299215
0
LINE
8
BLACK
6
CONTINUOUS
10
4.8909922440944884
20
-5.4311349606299215
11
4.8853679527559057
21
-5.4311349606299215
0
LINE
8
BLACK
6
CONTINUOUS
10
4.8853679527559057
20
-5.4311349606299215
11
4.8842158267716531
21
-5.4310214960629919
0
LINE
8
BLACK
6
CONTINUOUS
10
4.8842158267716531
20
-5.4310214960629919
11
4.8840198031496058
21
-5.4309402755905509
0
LINE
8
BLACK
6
CONTINUOUS
10
4.8840198031496058
20
-5.4309402755905509
11
4.8838081889763778
21
-5.4309252755905515
0
LINE
8
BLACK
6
CONTINUOUS
10
4.8838081889763778
20
-5.4309252755905515
11
4.8827269685039365
21
-5.4305114960629917
0
LINE
8
BLACK
6
CONTINUOUS
10
4.8827269685039365
20
-5.4305114960629917
11
4.8771026377952751
21
-5.4276993700787397
0
LINE
8
BLACK
6
CONTINUOUS
10
4.8771026377952751
20
-5.4276993700787397
11
4.8766067716535435
21
-5.4273872047244094
0
LINE
8
BLACK
6
CONTINUOUS
10
4.8766067716535435
20
-5.4273872047244094
11
4.8764627165354328
21
-5.4273275590551178
0
LINE
8
BLACK
6
CONTINUOUS
10
4.8764627165354328
20
-5.4273275590551178
11
4.8763004724409447
21
-5.4271944094488189
0
LINE
8
BLACK
6
CONTINUOUS
10
4.8763004724409447
20
-5.4271944094488189
11
4.876122913385827
21
-5.4270826377952757
0
LINE
8
BLACK
6
CONTINUOUS
10
4.876122913385827
20
-5.4270826377952757
11
4.8760207480314959
21
-5.426964842519685
0
LINE
8
BLACK
6
CONTINUOUS
10
4.8760207480314959
20
-5.426964842519685
11
4.8755677952755905
21
-5.4265931102362206
0
LINE
8
BLACK
6
CONTINUOUS
10
4.8755677952755905
20
-5.4265931102362206
11
4.8727556692913385
21
-5.4237809448818899
0
LINE
8
BLACK
6
CONTINUOUS
10
4.8727556692913385
20
-5.4237809448818899
11
4.8723840944881891
21
-5.4233281889763783
0
LINE
8
BLACK
6
CONTINUOUS
10
4.8723840944881891
20
-5.4233281889763783
11
4.872266220472441
21
-5.4232259448818896
0
LINE
8
BLACK
6
CONTINUOUS
10
4.872266220472441
20
-5.4232259448818896
11
4.8721542913385827
21
-5.4230481102362207
0
LINE
8
BLACK
6
CONTINUOUS
10
4.8721542913385827
20
-5.4230481102362207
11
4.8720212598425192
21
-5.4228860236220475
0
LINE
8
BLACK
6
CONTINUOUS
10
4.8720212598425192
20
-5.4228860236220475
11
4.8719616141732285
21
-5.4227420472440944
0
LINE
8
BLACK
6
CONTINUOUS
10
4.8719616141732285
20
-5.4227420472440944
11
4.871649488188976
21
-5.4222461811023619
0
LINE
8
BLACK
6
CONTINUOUS
10
4.871649488188976
20
-5.4222461811023619
11
4.8688373228346453
21
-5.4166218897637792
0
LINE
8
BLACK
6
CONTINUOUS
10
4.8688373228346453
20
-5.4166218897637792
11
4.8688050393700788
21
-5.4165375984251964
0
LINE
8
BLACK
6
CONTINUOUS
10
4.8688050393700788
20
-5.4165375984251964
11
4.8687796850393701
21
-5.4165033464566932
0
LINE
8
BLACK
6
CONTINUOUS
10
4.8687796850393701
20
-5.4165033464566932
11
4.8686069685039373
21
-5.4160199606299209
0
LINE
8
BLACK
6
CONTINUOUS
10
4.8686069685039373
20
-5.4160199606299209
11
4.8684235826771651
21
-5.4155406692913388
0
LINE
8
BLACK
6
CONTINUOUS
10
4.8684235826771651
20
-5.4155406692913388
11
4.8684205511811021
21
-5.4154981102362205
0
LINE
8
BLACK
6
CONTINUOUS
10
4.8684205511811021
20
-5.4154981102362205
11
4.8683901968503935
21
-5.4154131496062989
0
LINE
8
BLACK
6
CONTINUOUS
10
4.8683901968503935
20
-5.4154131496062989
11
4.8655780314960628
21
-5.4041646062992124
0
LINE
8
BLACK
6
CONTINUOUS
10
4.8655780314960628
20
-5.4041646062992124
11
4.8655484645669294
21
-5.4039648818897641
0
LINE
8
BLACK
6
CONTINUOUS
10
4.8655484645669294
20
-5.4039648818897641
11
4.8655151574803153
21
-5.4038844094488185
0
LINE
8
BLACK
6
CONTINUOUS
10
4.8655151574803153
20
-5.4038844094488185
11
4.8654724015748032
21
-5.4034504724409445
0
LINE
8
BLACK
6
CONTINUOUS
10
4.8654724015748032
20
-5.4034504724409445
11
4.8654086614173231
21
-5.4030193307086609
0
LINE
8
BLACK
6
CONTINUOUS
10
4.8654086614173231
20
-5.4030193307086609
11
4.8654214566929133
21
-5.4029331889763776
0
LINE
8
BLACK
6
CONTINUOUS
10
4.8654214566929133
20
-5.4029331889763776
11
4.8654016929133856
21
-5.4027322834645668
0
LINE
8
BLACK
6
CONTINUOUS
10
4.8654016929133856
20
-5.4027322834645668
11
4.8654016929133856
21
-5.3886715354330708
0
LINE
8
BLACK
6
CONTINUOUS
10
4.8654016929133856
20
-5.3886715354330708
11
4.8654214566929133
21
-5.3884705905511812
0
LINE
8
BLACK
6
CONTINUOUS
10
4.8654214566929133
20
-5.3884705905511812
11
4.8654086614173231
21
-5.3883844881889766
0
LINE
8
BLACK
6
CONTINUOUS
10
4.8654086614173231
20
-5.3883844881889766
11
4.8654724015748032
21
-5.3879533464566931
0
LINE
8
BLACK
6
CONTINUOUS
10
4.8654724015748032
20
-5.3879533464566931
11
4.8655151574803153
21
-5.387519409448819
0
LINE
8
BLACK
6
CONTINUOUS
10
4.8655151574803153
20
-5.387519409448819
11
4.8655485039370081
21
-5.3874388976377947
0
LINE
8
BLACK
6
CONTINUOUS
10
4.8655485039370081
20
-5.3874388976377947
11
4.8655780314960628
21
-5.387239251968504
0
LINE
8
BLACK
6
CONTINUOUS
10
4.8655780314960628
20
-5.387239251968504
11
4.8683901968503935
21
-5.3759906299212599
0
LINE
8
BLACK
6
CONTINUOUS
10
4.8683901968503935
20
-5.3759906299212599
11
4.8684205511811021
21
-5.3759056299212595
0
LINE
8
BLACK
6
CONTINUOUS
10
4.8684205511811021
20
-5.3759056299212595
11
4.8684235826771651
21
-5.37586311023622
0
LINE
8
BLACK
6
CONTINUOUS
10
4.8684235826771651
20
-5.37586311023622
11
4.8686069685039373
21
-5.3753837795275592
0
LINE
8
BLACK
6
CONTINUOUS
10
4.8686069685039373
20
-5.3753837795275592
11
4.8687796850393701
21
-5.3749004330708656
0
LINE
8
BLACK
6
CONTINUOUS
10
4.8687796850393701
20
-5.3749004330708656
11
4.8688050393700788
21
-5.3748661417322836
0
LINE
8
BLACK
6
CONTINUOUS
10
4.8688050393700788
20
-5.3748661417322836
11
4.8688373228346453
21
-5.3747818897637796
0
LINE
8
BLACK
6
CONTINUOUS
10
4.8688373228346453
20
-5.3747818897637796
11
4.871649488188976
21
-5.3691575984251969
0
LINE
8
BLACK
6
CONTINUOUS
10
4.871649488188976
20
-5.3691575984251969
11
4.8719615748031497
21
-5.3686617716535432
0
LINE
8
BLACK
6
CONTINUOUS
10
4.8719615748031497
20
-5.3686617716535432
11
4.8720212598425192
21
-5.3685177165354325
0
LINE
8
BLACK
6
CONTINUOUS
10
4.8720212598425192
20
-5.3685177165354325
11
4.8721543700787402
21
-5.3683555118110231
0
LINE
8
BLACK
6
CONTINUOUS
10
4.8721543700787402
20
-5.3683555118110231
11
4.872266220472441
21
-5.3681778346456692
0
LINE
8
BLACK
6
CONTINUOUS
10
4.872266220472441
20
-5.3681778346456692
11
4.8723840551181103
21
-5.3680755905511806
0
LINE
8
BLACK
6
CONTINUOUS
10
4.8723840551181103
20
-5.3680755905511806
11
4.8727557086614173
21
-5.3676227952755902
0
LINE
8
BLACK
6
CONTINUOUS
10
4.8727557086614173
20
-5.3676227952755902
11
4.8755678346456692
21
-5.3648106692913382
0
LINE
8
BLACK
6
CONTINUOUS
10
4.8755678346456692
20
-5.3648106692913382
11
4.8760206692913384
21
-5.3644389763779525
0
LINE
8
BLACK
6
CONTINUOUS
10
4.8760206692913384
20
-5.3644389763779525
11
4.8761228740157483
21
-5.3643211811023619
0
LINE
8
BLACK
6
CONTINUOUS
10
4.8761228740157483
20
-5.3643211811023619
11
4.8763003937007872
21
-5.3642094094488186
0
LINE
8
BLACK
6
CONTINUOUS
10
4.8763003937007872
20
-5.3642094094488186
11
4.8764627165354328
21
-5.364076220472441
0
LINE
8
BLACK
6
CONTINUOUS
10
4.8764627165354328
20
-5.364076220472441
11
4.8766068897637798
21
-5.3640164960629919
0
LINE
8
BLACK
6
CONTINUOUS
10
4.8766068897637798
20
-5.3640164960629919
11
4.8771026377952751
21
-5.3637044488188979
0
LINE
8
BLACK
6
CONTINUOUS
10
4.8771026377952751
20
-5.3637044488188979
11
4.882726889763779
21
-5.3608922834645671
0
LINE
8
BLACK
6
CONTINUOUS
10
4.882726889763779
20
-5.3608922834645671
11
4.8838081496062991
21
-5.3604785433070861
0
LINE
8
BLACK
6
CONTINUOUS
10
4.8838081496062991
20
-5.3604785433070861
11
4.8840197244094483
21
-5.3604635039370079
0
LINE
8
BLACK
6
CONTINUOUS
10
4.8840197244094483
20
-5.3604635039370079
11
4.8842158267716531
21
-5.3603822834645669
0
LINE
8
BLACK
6
CONTINUOUS
10
4.8842158267716531
20
-5.3603822834645669
11
4.8853679527559057
21
-5.3602688188976373
0
LINE
8
BLACK
6
CONTINUOUS
10
4.8853679527559057
20
-5.3602688188976373
11
4.8909922440944884
21
-5.3602688188976373
0
LINE
8
BLACK
6
CONTINUOUS
10
4.8909922440944884
20
-5.3602688188976373
11
4.8921443700787401
21
-5.3603822834645669
0
LINE
8
BLACK
6
CONTINUOUS
10
4.8832418503937003
20
-5.373839921259842
11
4.8817849999999998
21
-5.3752967716535434
0
LINE
8
BLACK
6
CONTINUOUS
10
4.8817849999999998
20
-5.3752967716535434
11
4.879691299212598
21
-5.3794841338582673
0
LINE
8
BLACK
6
CONTINUOUS
10
4.879691299212598
20
-5.3794841338582673
11
4.8772127165354329
21
-5.3893984645669288
0
LINE
8
BLACK
6
CONTINUOUS
10
4.8772127165354329
20
-5.3893984645669288
11
4.8772127165354329
21
-5.4020052755905512
0
LINE
8
BLACK
6
CONTINUOUS
10
4.8772127165354329
20
-5.4020052755905512
11
4.879691299212598
21
-5.4119196062992128
0
LINE
8
BLACK
6
CONTINUOUS
10
4.879691299212598
20
-5.4119196062992128
11
4.8817849999999998
21
-5.4161070078740154
0
LINE
8
BLACK
6
CONTINUOUS
10
4.8817849999999998
20
-5.4161070078740154
11
4.8832418503937003
21
-5.4175638582677168
0
LINE
8
BLACK
6
CONTINUOUS
10
4.8832418503937003
20
-5.4175638582677168
11
4.886762047244094
21
-5.4193239370078743
0
LINE
8
BLACK
6
CONTINUOUS
10
4.886762047244094
20
-5.4193239370078743
11
4.889598188976378
21
-5.4193239370078743
0
LINE
8
BLACK
6
CONTINUOUS
10
4.889598188976378
20
-5.4193239370078743
11
4.8931183858267717
21
-5.4175638188976381
0
LINE
8
BLACK
6
CONTINUOUS
10
4.8931183858267717
20
-5.4175638188976381
11
4.8945751968503934
21
-5.4161069685039367
0
LINE
8
BLACK
6
CONTINUOUS
10
4.8945751968503934
20
-5.4161069685039367
11
4.8966688976377952
21
-5.411919566929134
0
LINE
8
BLACK
6
CONTINUOUS
10
4.8966688976377952
20
-5.411919566929134
11
4.8991474803149604
21
-5.4020053543307087
0
LINE
8
BLACK
6
CONTINUOUS
10
4.8991474803149604
20
-5.4020053543307087
11
4.8991474803149604
21
-5.3893984251968501
0
LINE
8
BLACK
6
CONTINUOUS
10
4.8991474803149604
20
-5.3893984251968501
11
4.8966688976377952
21
-5.379484173228346
0
LINE
8
BLACK
6
CONTINUOUS
10
4.8966688976377952
20
-5.379484173228346
11
4.8945752362204722
21
-5.3752968110236221
0
LINE
8
BLACK
6
CONTINUOUS
10
4.8945752362204722
20
-5.3752968110236221
11
4.8931183858267717
21
-5.3738399606299208
0
LINE
8
BLACK
6
CONTINUOUS
10
4.8931183858267717
20
-5.3738399606299208
11
4.8895981496062992
21
-5.3720798425196845
0
LINE
8
BLACK
6
CONTINUOUS
10
4.8895981496062992
20
-5.3720798425196845
11
4.886762047244094
21
-5.3720798425196845
0
LINE
8
BLACK
6
CONTINUOUS
10
4.886762047244094
20
-5.3720798425196845
11
4.8832418503937003
21
-5.373839921259842
0
LINE
8
BLACK
6
CONTINUOUS
10
4.954011653543307
20
-5.3603822834645669
11
4.954207716535433
21
-5.3604635039370079
0
LINE
8
BLACK
6
CONTINUOUS
10
4.954207716535433
20
-5.3604635039370079
11
4.954419330708661
21
-5.3604785433070861
0
LINE
8
BLACK
6
CONTINUOUS
10
4.954419330708661
20
-5.3604785433070861
11
4.9555005511811023
21
-5.3608922834645671
0
LINE
8
BLACK
6
CONTINUOUS
10
4.9555005511811023
20
-5.3608922834645671
11
4.961124842519685
21
-5.3637044488188979
0
LINE
8
BLACK
6
CONTINUOUS
10
4.961124842519685
20
-5.3637044488188979
11
4.96162062992126
21
-5.3640165354330707
0
LINE
8
BLACK
6
CONTINUOUS
10
4.96162062992126
20
-5.3640165354330707
11
4.9617647244094485
21
-5.364076220472441
0
LINE
8
BLACK
6
CONTINUOUS
10
4.9617647244094485
20
-5.364076220472441
11
4.9619268897637792
21
-5.3642093307086611
0
LINE
8
BLACK
6
CONTINUOUS
10
4.9619268897637792
20
-5.3642093307086611
11
4.9621046062992127
21
-5.3643211811023619
0
LINE
8
BLACK
6
CONTINUOUS
10
4.9621046062992127
20
-5.3643211811023619
11
4.9622068110236217
21
-5.3644390157480313
0
LINE
8
BLACK
6
CONTINUOUS
10
4.9622068110236217
20
-5.3644390157480313
11
4.9626596456692909
21
-5.3648106692913382
0
LINE
8
BLACK
6
CONTINUOUS
10
4.9626596456692909
20
-5.3648106692913382
11
4.9654717716535428
21
-5.3676227952755902
0
LINE
8
BLACK
6
CONTINUOUS
10
4.9654717716535428
20
-5.3676227952755902
11
4.9662062204724409
21
-5.3685176771653538
0
LINE
8
BLACK
6
CONTINUOUS
10
4.9662062204724409
20
-5.3685176771653538
11
4.9670879527559055
21
-5.370646535433071
0
LINE
8
BLACK
6
CONTINUOUS
10
4.9670879527559055
20
-5.370646535433071
11
4.9670879527559055
21
-5.372950708661417
0
LINE
8
BLACK
6
CONTINUOUS
10
4.9670879527559055
20
-5.372950708661417
11
4.9662062204724409
21
-5.3750795275590546
0
LINE
8
BLACK
6
CONTINUOUS
10
4.9662062204724409
20
-5.3750795275590546
11
4.9645768503937004
21
-5.376708897637795
0
LINE
8
BLACK
6
CONTINUOUS
10
4.9645768503937004
20
-5.376708897637795
11
4.9624480314960628
21
-5.3775906299212597
0
LINE
8
BLACK
6
CONTINUOUS
10
4.9624480314960628
20
-5.3775906299212597
11
4.9601438582677169
21
-5.3775906299212597
0
LINE
8
BLACK
6
CONTINUOUS
10
4.9601438582677169
20
-5.3775906299212597
11
4.9580149999999996
21
-5.376708897637795
0
LINE
8
BLACK
6
CONTINUOUS
10
4.9580149999999996
20
-5.376708897637795
11
4.957120118110236
21
-5.3759744488188979
0
LINE
8
BLACK
6
CONTINUOUS
10
4.957120118110236
20
-5.3759744488188979
11
4.9549856299212598
21
-5.3738399606299208
0
LINE
8
BLACK
6
CONTINUOUS
10
4.9549856299212598
20
-5.3738399606299208
11
4.9514654330708661
21
-5.3720798425196845
0
LINE
8
BLACK
6
CONTINUOUS
10
4.9514654330708661
20
-5.3720798425196845
11
4.9401928740157484
21
-5.3720798425196845
0
LINE
8
BLACK
6
CONTINUOUS
10
4.9401928740157484
20
-5.3720798425196845
11
4.9366726377952759
21
-5.3738399606299208
0
LINE
8
BLACK
6
CONTINUOUS
10
4.9366726377952759
20
-5.3738399606299208
11
4.9352157874015745
21
-5.3752967716535434
0
LINE
8
BLACK
6
CONTINUOUS
10
4.9352157874015745
20
-5.3752967716535434
11
4.9334556692913383
21
-5.3788170078740158
0
LINE
8
BLACK
6
CONTINUOUS
10
4.9334556692913383
20
-5.3788170078740158
11
4.9334556692913383
21
-5.3820888976377947
0
LINE
8
BLACK
6
CONTINUOUS
10
4.9334556692913383
20
-5.3820888976377947
11
4.9355238976377951
21
-5.3882935826771652
0
LINE
8
BLACK
6
CONTINUOUS
10
4.9355238976377951
20
-5.3882935826771652
11
4.9682839370078735
21
-5.4210536220472436
0
LINE
8
BLACK
6
CONTINUOUS
10
4.9682839370078735
20
-5.4210536220472436
11
4.9690183858267716
21
-5.4219485039370081
0
LINE
8
BLACK
6
CONTINUOUS
10
4.9690183858267716
20
-5.4219485039370081
11
4.9696418503937005
21
-5.423453818897638
0
LINE
8
BLACK
6
CONTINUOUS
10
4.9696418503937005
20
-5.423453818897638
11
4.9697773622047245
21
-5.4237809448818899
0
LINE
8
BLACK
6
CONTINUOUS
10
4.9697773622047245
20
-5.4237809448818899
11
4.969900157480315
21
-5.4240773622047245
0
LINE
8
BLACK
6
CONTINUOUS
10
4.969900157480315
20
-5.4240773622047245
11
4.969900157480315
21
-5.4263815354330704
0
LINE
8
BLACK
6
CONTINUOUS
10
4.969900157480315
20
-5.4263815354330704
11
4.9690183858267716
21
-5.4285103543307089
0
LINE
8
BLACK
6
CONTINUOUS
10
4.9690183858267716
20
-5.4285103543307089
11
4.9673890157480312
21
-5.4301397244094485
0
LINE
8
BLACK
6
CONTINUOUS
10
4.9673890157480312
20
-5.4301397244094485
11
4.9664914566929133
21
-5.4305114960629917
0
LINE
8
BLACK
6
CONTINUOUS
10
4.9664914566929133
20
-5.4305114960629917
11
4.9652602362204723
21
-5.4310214960629919
0
LINE
8
BLACK
6
CONTINUOUS
10
4.9652602362204723
20
-5.4310214960629919
11
4.9641081102362206
21
-5.4311349606299215
0
LINE
8
BLACK
6
CONTINUOUS
10
4.9641081102362206
20
-5.4311349606299215
11
4.9275501574803151
21
-5.4311349606299215
0
LINE
8
BLACK
6
CONTINUOUS
10
4.9275501574803151
20
-5.4311349606299215
11
4.9263980314960625
21
-5.4310214960629919
0
LINE
8
BLACK
6
CONTINUOUS
10
4.9263980314960625
20
-5.4310214960629919
11
4.9242692125984249
21
-5.4301396850393697
0
LINE
8
BLACK
6
CONTINUOUS
10
4.9242692125984249
20
-5.4301396850393697
11
4.9226399212598428
21
-5.4285103937007877
0
LINE
8
BLACK
6
CONTINUOUS
10
4.9226399212598428
20
-5.4285103937007877
11
4.9217581102362207
21
-5.4263815748031492
0
LINE
8
BLACK
6
CONTINUOUS
10
4.9217581102362207
20
-5.4263815748031492
11
4.9217581102362207
21
-5.4240773228346457
0
LINE
8
BLACK
6
CONTINUOUS
10
4.9217581102362207
20
-5.4240773228346457
11
4.9226399212598428
21
-5.4219485039370081
0
LINE
8
BLACK
6
CONTINUOUS
10
4.9226399212598428
20
-5.4219485039370081
11
4.9242692125984249
21
-5.4203192125984252
0
LINE
8
BLACK
6
CONTINUOUS
10
4.9242692125984249
20
-5.4203192125984252
11
4.9263980314960625
21
-5.419437401574803
0
LINE
8
BLACK
6
CONTINUOUS
10
4.9263980314960625
20
-5.419437401574803
11
4.9275501574803151
21
-5.4193239370078743
0
LINE
8
BLACK
6
CONTINUOUS
10
4.9275501574803151
20
-5.4193239370078743
11
4.9498509448818897
21
-5.4193239370078743
0
LINE
8
BLACK
6
CONTINUOUS
10
4.9498509448818897
20
-5.4193239370078743
11
4.926186496062992
21
-5.3956594881889766
0
LINE
8
BLACK
6
CONTINUOUS
10
4.926186496062992
20
-5.3956594881889766
11
4.9254520472440948
21
-5.3947645669291333
0
LINE
8
BLACK
6
CONTINUOUS
10
4.9254520472440948
20
-5.3947645669291333
11
4.9253708267716538
21
-5.3945685039370082
0
LINE
8
BLACK
6
CONTINUOUS
10
4.9253708267716538
20
-5.3945685039370082
11
4.9252318503937005
21
-5.3944082677165355
0
LINE
8
BLACK
6
CONTINUOUS
10
4.9252318503937005
20
-5.3944082677165355
11
4.9247598818897638
21
-5.3933511417322837
0
LINE
8
BLACK
6
CONTINUOUS
10
4.9247598818897638
20
-5.3933511417322837
11
4.9219477165354331
21
-5.3849147637795278
0
LINE
8
BLACK
6
CONTINUOUS
10
4.9219477165354331
20
-5.3849147637795278
11
4.9218177952755902
21
-5.384343503937008
0
LINE
8
BLACK
6
CONTINUOUS
10
4.9218177952755902
20
-5.384343503937008
11
4.9217581102362207
21
-5.3841993700787398
0
LINE
8
BLACK
6
CONTINUOUS
10
4.9217581102362207
20
-5.3841993700787398
11
4.9217375196850393
21
-5.3839903543307086
0
LINE
8
BLACK
6
CONTINUOUS
10
4.9217375196850393
20
-5.3839903543307086
11
4.9216910236220475
21
-5.3837858661417322
0
LINE
8
BLACK
6
CONTINUOUS
10
4.9216910236220475
20
-5.3837858661417322
11
4.9217020472440947
21
-5.3836303543307089
0
LINE
8
BLACK
6
CONTINUOUS
10
4.9217020472440947
20
-5.3836303543307089
11
4.9216446456692911
21
-5.3830472440944881
0
LINE
8
BLACK
6
CONTINUOUS
10
4.9216446456692911
20
-5.3830472440944881
11
4.9216446456692911
21
-5.3774229133858267
0
LINE
8
BLACK
6
CONTINUOUS
10
4.9216446456692911
20
-5.3774229133858267
11
4.9217581102362207
21
-5.3762707874015749
0
LINE
8
BLACK
6
CONTINUOUS
10
4.9217581102362207
20
-5.3762707874015749
11
4.9218393307086616
21
-5.3760746850393701
0
LINE
8
BLACK
6
CONTINUOUS
10
4.9218393307086616
20
-5.3760746850393701
11
4.9218543700787398
21
-5.37586311023622
0
LINE
8
BLACK
6
CONTINUOUS
10
4.9218543700787398
20
-5.37586311023622
11
4.92226811023622
21
-5.3747818897637796
0
LINE
8
BLACK
6
CONTINUOUS
10
4.92226811023622
20
-5.3747818897637796
11
4.9250802755905507
21
-5.3691575984251969
0
LINE
8
BLACK
6
CONTINUOUS
10
4.9250802755905507
20
-5.3691575984251969
11
4.9253924015748032
21
-5.3686616929133857
0
LINE
8
BLACK
6
CONTINUOUS
10
4.9253924015748032
20
-5.3686616929133857
11
4.9254520866141736
21
-5.3685176771653538
0
LINE
8
BLACK
6
CONTINUOUS
10
4.9254520866141736
20
-5.3685176771653538
11
4.9255851181102361
21
-5.3683555511811019
0
LINE
8
BLACK
6
CONTINUOUS
10
4.9255851181102361
20
-5.3683555511811019
11
4.9256970078740157
21
-5.3681778346456692
0
LINE
8
BLACK
6
CONTINUOUS
10
4.9256970078740157
20
-5.3681778346456692
11
4.9258148818897638
21
-5.3680755905511806
0
LINE
8
BLACK
6
CONTINUOUS
10
4.9258148818897638
20
-5.3680755905511806
11
4.9261865354330707
21
-5.3676227559055114
0
LINE
8
BLACK
6
CONTINUOUS
10
4.9261865354330707
20
-5.3676227559055114
11
4.9289987007874014
21
-5.3648106299212595
0
LINE
8
BLACK
6
CONTINUOUS
10
4.9289987007874014
20
-5.3648106299212595
11
4.9294514566929131
21
-5.3644390157480313
0
LINE
8
BLACK
6
CONTINUOUS
10
4.9294514566929131
20
-5.3644390157480313
11
4.9295537007874017
21
-5.3643211811023619
0
LINE
8
BLACK
6
CONTINUOUS
10
4.9295537007874017
20
-5.3643211811023619
11
4.9297313385826769
21
-5.3642093307086611
0
LINE
8
BLACK
6
CONTINUOUS
10
4.9297313385826769
20
-5.3642093307086611
11
4.929893582677165
21
-5.364076220472441
0
LINE
8
BLACK
6
CONTINUOUS
10
4.929893582677165
20
-5.364076220472441
11
4.9300376377952757
21
-5.3640165354330707
0
LINE
8
BLACK
6
CONTINUOUS
10
4.9300376377952757
20
-5.3640165354330707
11
4.9305334645669294
21
-5.3637044488188979
0
LINE
8
BLACK
6
CONTINUOUS
10
4.9305334645669294
20
-5.3637044488188979
11
4.9361577165354333
21
-5.3608922834645671
0
LINE
8
BLACK
6
CONTINUOUS
10
4.9361577165354333
20
-5.3608922834645671
11
4.9372389763779525
21
-5.3604785433070861
0
LINE
8
BLACK
6
CONTINUOUS
10
4.9372389763779525
20
-5.3604785433070861
11
4.9374505511811027
21
-5.3604635039370079
0
LINE
8
BLACK
6
CONTINUOUS
10
4.9374505511811027
20
-5.3604635039370079
11
4.9376466535433066
21
-5.3603822834645669
0
LINE
8
BLACK
6
CONTINUOUS
10
4.9376466535433066
20
-5.3603822834645669
11
4.9387987795275592
21
-5.3602688188976373
0
LINE
8
BLACK
6
CONTINUOUS
10
4.9387987795275592
20
-5.3602688188976373
11
4.9528595275590552
21
-5.3602688188976373
0
LINE
8
BLACK
6
CONTINUOUS
10
4.9528595275590552
20
-5.3602688188976373
11
4.954011653543307
21
-5.3603822834645669
0
LINE
8
BLACK
6
CONTINUOUS
10
5.6345516141732279
20
-5.3603822834645669
11
5.634747677165354
21
-5.3604635039370079
0
LINE
8
BLACK
6
CONTINUOUS
10
5.634747677165354
20
-5.3604635039370079
11
5.6349592913385829
21
-5.3604785433070861
0
LINE
8
BLACK
6
CONTINUOUS
10
5.6349592913385829
20
-5.3604785433070861
11
5.6360405118110233
21
-5.3608922834645671
0
LINE
8
BLACK
6
CONTINUOUS
10
5.6360405118110233
20
-5.3608922834645671
11
5.6416648031496059
21
-5.3637044488188979
0
LINE
8
BLACK
6
CONTINUOUS
10
5.6416648031496059
20
-5.3637044488188979
11
5.6421605905511809
21
-5.3640165354330707
0
LINE
8
BLACK
6
CONTINUOUS
10
5.6421605905511809
20
-5.3640165354330707
11
5.6423046850393703
21
-5.364076220472441
0
LINE
8
BLACK
6
CONTINUOUS
10
5.6423046850393703
20
-5.364076220472441
11
5.642466850393701
21
-5.3642093307086611
0
LINE
8
BLACK
6
CONTINUOUS
10
5.642466850393701
20
-5.3642093307086611
11
5.6426445669291336
21
-5.3643211811023619
0
LINE
8
BLACK
6
CONTINUOUS
10
5.6426445669291336
20
-5.3643211811023619
11
5.6427467716535435
21
-5.3644390157480313
0
LINE
8
BLACK
6
CONTINUOUS
10
5.6427467716535435
20
-5.3644390157480313
11
5.6431996062992127
21
-5.3648106692913382
0
LINE
8
BLACK
6
CONTINUOUS
10
5.6431996062992127
20
-5.3648106692913382
11
5.6460117322834646
21
-5.3676227952755902
0
LINE
8
BLACK
6
CONTINUOUS
10
5.6460117322834646
20
-5.3676227952755902
11
5.6467461811023618
21
-5.3685176771653538
0
LINE
8
BLACK
6
CONTINUOUS
10
5.6467461811023618
20
-5.3685176771653538
11
5.6476279133858265
21
-5.370646535433071
0
LINE
8
BLACK
6
CONTINUOUS
10
5.6476279133858265
20
-5.370646535433071
11
5.6476279133858265
21
-5.372950708661417
0
LINE
8
BLACK
6
CONTINUOUS
10
5.6476279133858265
20
-5.372950708661417
11
5.6467461811023618
21
-5.3750795275590546
0
LINE
8
BLACK
6
CONTINUOUS
10
5.6467461811023618
20
-5.3750795275590546
11
5.6451168110236223
21
-5.376708897637795
0
LINE
8
BLACK
6
CONTINUOUS
10
5.6451168110236223
20
-5.376708897637795
11
5.6429879921259838
21
-5.3775906299212597
0
LINE
8
BLACK
6
CONTINUOUS
10
5.6429879921259838
20
-5.3775906299212597
11
5.6406838188976378
21
-5.3775906299212597
0
LINE
8
BLACK
6
CONTINUOUS
10
5.6406838188976378
20
-5.3775906299212597
11
5.6385549606299215
21
-5.376708897637795
0
LINE
8
BLACK
6
CONTINUOUS
10
5.6385549606299215
20
-5.376708897637795
11
5.637660078740157
21
-5.3759744488188979
0
LINE
8
BLACK
6
CONTINUOUS
10
5.637660078740157
20
-5.3759744488188979
11
5.6355255905511807
21
-5.3738399606299208
0
LINE
8
BLACK
6
CONTINUOUS
10
5.6355255905511807
20
-5.3738399606299208
11
5.632005393700787
21
-5.3720798425196845
0
LINE
8
BLACK
6
CONTINUOUS
10
5.632005393700787
20
-5.3720798425196845
11
5.6207328346456693
21
-5.3720798425196845
0
LINE
8
BLACK
6
CONTINUOUS
10
5.6207328346456693
20
-5.3720798425196845
11
5.6172125984251968
21
-5.3738399606299208
0
LINE
8
BLACK
6
CONTINUOUS
10
5.6172125984251968
20
-5.3738399606299208
11
5.6157557480314964
21
-5.3752967716535434
0
LINE
8
BLACK
6
CONTINUOUS
10
5.6157557480314964
20
-5.3752967716535434
11
5.6139956299212601
21
-5.3788170078740158
0
LINE
8
BLACK
6
CONTINUOUS
10
5.6139956299212601
20
-5.3788170078740158
11
5.6139956299212601
21
-5.3820888976377947
0
LINE
8
BLACK
6
CONTINUOUS
10
5.6139956299212601
20
-5.3820888976377947
11
5.616063858267716
21
-5.3882935826771652
0
LINE
8
BLACK
6
CONTINUOUS
10
5.616063858267716
20
-5.3882935826771652
11
5.6488238976377954
21
-5.4210536220472436
0
LINE
8
BLACK
6
CONTINUOUS
10
5.6488238976377954
20
-5.4210536220472436
11
5.6495583464566925
21
-5.4219485039370081
0
LINE
8
BLACK
6
CONTINUOUS
10
5.6495583464566925
20
-5.4219485039370081
11
5.6501818110236215
21
-5.423453818897638
0
LINE
8
BLACK
6
CONTINUOUS
10
5.6501818110236215
20
-5.423453818897638
11
5.6503173228346455
21
-5.4237809448818899
0
LINE
8
BLACK
6
CONTINUOUS
10
5.6503173228346455
20
-5.4237809448818899
11
5.6504401181102359
21
-5.4240773622047245
0
LINE
8
BLACK
6
CONTINUOUS
10
5.6504401181102359
20
-5.4240773622047245
11
5.6504401181102359
21
-5.4263815354330704
0
LINE
8
BLACK
6
CONTINUOUS
10
5.6504401181102359
20
-5.4263815354330704
11
5.6495583464566925
21
-5.4285103543307089
0
LINE
8
BLACK
6
CONTINUOUS
10
5.6495583464566925
20
-5.4285103543307089
11
5.647928976377953
21
-5.4301397244094485
0
LINE
8
BLACK
6
CONTINUOUS
10
5.647928976377953
20
-5.4301397244094485
11
5.6470314173228342
21
-5.4305114960629917
0
LINE
8
BLACK
6
CONTINUOUS
10
5.6470314173228342
20
-5.4305114960629917
11
5.6458001968503932
21
-5.4310214960629919
0
LINE
8
BLACK
6
CONTINUOUS
10
5.6458001968503932
20
-5.4310214960629919
11
5.6446480708661415
21
-5.4311349606299215
0
LINE
8
BLACK
6
CONTINUOUS
10
5.6446480708661415
20
-5.4311349606299215
11
5.6080901181102361
21
-5.4311349606299215
0
LINE
8
BLACK
6
CONTINUOUS
10
5.6080901181102361
20
-5.4311349606299215
11
5.6069379921259843
21
-5.4310214960629919
0
LINE
8
BLACK
6
CONTINUOUS
10
5.6069379921259843
20
-5.4310214960629919
11
5.6048091732283467
21
-5.4301396850393697
0
LINE
8
BLACK
6
CONTINUOUS
10
5.6048091732283467
20
-5.4301396850393697
11
5.6031798818897638
21
-5.4285103937007877
0
LINE
8
BLACK
6
CONTINUOUS
10
5.6031798818897638
20
-5.4285103937007877
11
5.6022980708661416
21
-5.4263815748031492
0
LINE
8
BLACK
6
CONTINUOUS
10
5.6022980708661416
20
-5.4263815748031492
11
5.6022980708661416
21
-5.4240773228346457
0
LINE
8
BLACK
6
CONTINUOUS
10
5.6022980708661416
20
-5.4240773228346457
11
5.6031798818897638
21
-5.4219485039370081
0
LINE
8
BLACK
6
CONTINUOUS
10
5.6031798818897638
20
-5.4219485039370081
11
5.6048091732283467
21
-5.4203192125984252
0
LINE
8
BLACK
6
CONTINUOUS
10
5.6048091732283467
20
-5.4203192125984252
11
5.6069379921259843
21
-5.419437401574803
0
LINE
8
BLACK
6
CONTINUOUS
10
5.6069379921259843
20
-5.419437401574803
11
5.6080901181102361
21
-5.4193239370078743
0
LINE
8
BLACK
6
CONTINUOUS
10
5.6080901181102361
20
-5.4193239370078743
11
5.6303909055118107
21
-5.4193239370078743
0
LINE
8
BLACK
6
CONTINUOUS
10
5.6303909055118107
20
-5.4193239370078743
11
5.6067264566929129
21
-5.3956594881889766
0
LINE
8
BLACK
6
CONTINUOUS
10
5.6067264566929129
20
-5.3956594881889766
11
5.6059920078740157
21
-5.3947645669291333
0
LINE
8
BLACK
6
CONTINUOUS
10
5.6059920078740157
20
-5.3947645669291333
11
5.6059107874015748
21
-5.3945685039370082
0
LINE
8
BLACK
6
CONTINUOUS
10
5.6059107874015748
20
-5.3945685039370082
11
5.6057718110236223
21
-5.3944082677165355
0
LINE
8
BLACK
6
CONTINUOUS
10
5.6057718110236223
20
-5.3944082677165355
11
5.6052998425196847
21
-5.3933511417322837
0
LINE
8
BLACK
6
CONTINUOUS
10
5.6052998425196847
20
-5.3933511417322837
11
5.602487677165354
21
-5.3849147637795278
0
LINE
8
BLACK
6
CONTINUOUS
10
5.602487677165354
20
-5.3849147637795278
11
5.602357755905512
21
-5.384343503937008
0
LINE
8
BLACK
6
CONTINUOUS
10
5.602357755905512
20
-5.384343503937008
11
5.6022980708661416
21
-5.3841993700787398
0
LINE
8
BLACK
6
CONTINUOUS
10
5.6022980708661416
20
-5.3841993700787398
11
5.6022774803149602
21
-5.3839903543307086
0
LINE
8
BLACK
6
CONTINUOUS
10
5.6022774803149602
20
-5.3839903543307086
11
5.6022309842519684
21
-5.3837858661417322
0
LINE
8
BLACK
6
CONTINUOUS
10
5.6022309842519684
20
-5.3837858661417322
11
5.6022420078740156
21
-5.3836303543307089
0
LINE
8
BLACK
6
CONTINUOUS
10
5.6022420078740156
20
-5.3836303543307089
11
5.6021846062992129
21
-5.3830472440944881
0
LINE
8
BLACK
6
CONTINUOUS
10
5.6021846062992129
20
-5.3830472440944881
11
5.6021846062992129
21
-5.3774229133858267
0
LINE
8
BLACK
6
CONTINUOUS
10
5.6021846062992129
20
-5.3774229133858267
11
5.6022980708661416
21
-5.3762707874015749
0
LINE
8
BLACK
6
CONTINUOUS
10
5.6022980708661416
20
-5.3762707874015749
11
5.6023792913385826
21
-5.3760746850393701
0
LINE
8
BLACK
6
CONTINUOUS
10
5.6023792913385826
20
-5.3760746850393701
11
5.6023943307086617
21
-5.37586311023622
0
LINE
8
BLACK
6
CONTINUOUS
10
5.6023943307086617
20
-5.37586311023622
11
5.6028080708661419
21
-5.3747818897637796
0
LINE
8
BLACK
6
CONTINUOUS
10
5.6028080708661419
20
-5.3747818897637796
11
5.6056202362204726
21
-5.3691575984251969
0
LINE
8
BLACK
6
CONTINUOUS
10
5.6056202362204726
20
-5.3691575984251969
11
5.6059323622047241
21
-5.3686616929133857
0
LINE
8
BLACK
6
CONTINUOUS
10
5.6059323622047241
20
-5.3686616929133857
11
5.6059920472440945
21
-5.3685176771653538
0
LINE
8
BLACK
6
CONTINUOUS
10
5.6059920472440945
20
-5.3685176771653538
11
5.6061250787401571
21
-5.3683555511811019
0
LINE
8
BLACK
6
CONTINUOUS
10
5.6061250787401571
20
-5.3683555511811019
11
5.6062369685039366
21
-5.3681778346456692
0
LINE
8
BLACK
6
CONTINUOUS
10
5.6062369685039366
20
-5.3681778346456692
11
5.6063548425196847
21
-5.3680755905511806
0
LINE
8
BLACK
6
CONTINUOUS
10
5.6063548425196847
20
-5.3680755905511806
11
5.6067264960629917
21
-5.3676227559055114
0
LINE
8
BLACK
6
CONTINUOUS
10
5.6067264960629917
20
-5.3676227559055114
11
5.6095386614173224
21
-5.3648106299212595
0
LINE
8
BLACK
6
CONTINUOUS
10
5.6095386614173224
20
-5.3648106299212595
11
5.6099914173228349
21
-5.3644390157480313
0
LINE
8
BLACK
6
CONTINUOUS
10
5.6099914173228349
20
-5.3644390157480313
11
5.6100936614173227
21
-5.3643211811023619
0
LINE
8
BLACK
6
CONTINUOUS
10
5.6100936614173227
20
-5.3643211811023619
11
5.6102712992125987
21
-5.3642093307086611
0
LINE
8
BLACK
6
CONTINUOUS
10
5.6102712992125987
20
-5.3642093307086611
11
5.6104335433070869
21
-5.364076220472441
0
LINE
8
BLACK
6
CONTINUOUS
10
5.6104335433070869
20
-5.364076220472441
11
5.6105775984251967
21
-5.3640165354330707
0
LINE
8
BLACK
6
CONTINUOUS
10
5.6105775984251967
20
-5.3640165354330707
11
5.6110734251968504
21
-5.3637044488188979
0
LINE
8
BLACK
6
CONTINUOUS
10
5.6110734251968504
20
-5.3637044488188979
11
5.6166976771653543
21
-5.3608922834645671
0
LINE
8
BLACK
6
CONTINUOUS
10
5.6166976771653543
20
-5.3608922834645671
11
5.6177789370078735
21
-5.3604785433070861
0
LINE
8
BLACK
6
CONTINUOUS
10
5.6177789370078735
20
-5.3604785433070861
11
5.6179905118110236
21
-5.3604635039370079
0
LINE
8
BLACK
6
CONTINUOUS
10
5.6179905118110236
20
-5.3604635039370079
11
5.6181866141732284
21
-5.3603822834645669
0
LINE
8
BLACK
6
CONTINUOUS
10
5.6181866141732284
20
-5.3603822834645669
11
5.6193387401574801
21
-5.3602688188976373
0
LINE
8
BLACK
6
CONTINUOUS
10
5.6193387401574801
20
-5.3602688188976373
11
5.6333994881889762
21
-5.3602688188976373
0
LINE
8
BLACK
6
CONTINUOUS
10
5.6333994881889762
20
-5.3602688188976373
11
5.6345516141732279
21
-5.3603822834645669
0
LINE
8
BLACK
6
CONTINUOUS
10
5.6851702362204719
20
-5.3603822834645669
11
5.6853661811023617
21
-5.3604634251968504
0
LINE
8
BLACK
6
CONTINUOUS
10
5.6853661811023617
20
-5.3604634251968504
11
5.6855779133858269
21
-5.3604785039370073
0
LINE
8
BLACK
6
CONTINUOUS
10
5.6855779133858269
20
-5.3604785039370073
11
5.6866591338582673
21
-5.3608922834645671
0
LINE
8
BLACK
6
CONTINUOUS
10
5.6866591338582673
20
-5.3608922834645671
11
5.6922834645669287
21
-5.3637044488188979
0
LINE
8
BLACK
6
CONTINUOUS
10
5.6922834645669287
20
-5.3637044488188979
11
5.6927792519685037
21
-5.3640165354330707
0
LINE
8
BLACK
6
CONTINUOUS
10
5.6927792519685037
20
-5.3640165354330707
11
5.6929233464566931
21
-5.364076220472441
0
LINE
8
BLACK
6
CONTINUOUS
10
5.6929233464566931
20
-5.364076220472441
11
5.6930855118110237
21
-5.3642093307086611
0
LINE
8
BLACK
6
CONTINUOUS
10
5.6930855118110237
20
-5.3642093307086611
11
5.6932632283464564
21
-5.3643211811023619
0
LINE
8
BLACK
6
CONTINUOUS
10
5.6932632283464564
20
-5.3643211811023619
11
5.6933654330708663
21
-5.3644390157480313
0
LINE
8
BLACK
6
CONTINUOUS
10
5.6933654330708663
20
-5.3644390157480313
11
5.6938182677165354
21
-5.3648106692913382
0
LINE
8
BLACK
6
CONTINUOUS
10
5.6938182677165354
20
-5.3648106692913382
11
5.6966303937007874
21
-5.3676227952755902
0
LINE
8
BLACK
6
CONTINUOUS
10
5.6966303937007874
20
-5.3676227952755902
11
5.6970020472440943
21
-5.3680756299212593
0
LINE
8
BLACK
6
CONTINUOUS
10
5.6970020472440943
20
-5.3680756299212593
11
5.6971198818897637
21
-5.3681778346456692
0
LINE
8
BLACK
6
CONTINUOUS
10
5.6971198818897637
20
-5.3681778346456692
11
5.6972316141732282
21
-5.3683553543307081
0
LINE
8
BLACK
6
CONTINUOUS
10
5.6972316141732282
20
-5.3683553543307081
11
5.6973648425196846
21
-5.3685176771653538
0
LINE
8
BLACK
6
CONTINUOUS
10
5.6973648425196846
20
-5.3685176771653538
11
5.6974245275590549
21
-5.3686618503937007
0
LINE
8
BLACK
6
CONTINUOUS
10
5.6974245275590549
20
-5.3686618503937007
11
5.6977366141732286
21
-5.3691575984251969
0
LINE
8
BLACK
6
CONTINUOUS
10
5.6977366141732286
20
-5.3691575984251969
11
5.7005487795275593
21
-5.3747818503937008
0
LINE
8
BLACK
6
CONTINUOUS
10
5.7005487795275593
20
-5.3747818503937008
11
5.7005810236220471
21
-5.3748661811023624
0
LINE
8
BLACK
6
CONTINUOUS
10
5.7005810236220471
20
-5.3748661811023624
11
5.7006064173228346
21
-5.3749004330708656
0
LINE
8
BLACK
6
CONTINUOUS
10
5.7006064173228346
20
-5.3749004330708656
11
5.7007790157480311
21
-5.3753835433070867
0
LINE
8
BLACK
6
CONTINUOUS
10
5.7007790157480311
20
-5.3753835433070867
11
5.7009625196850395
21
-5.37586311023622
0
LINE
8
BLACK
6
CONTINUOUS
10
5.7009625196850395
20
-5.37586311023622
11
5.7009655118110238
21
-5.3759056299212595
0
LINE
8
BLACK
6
CONTINUOUS
10
5.7009655118110238
20
-5.3759056299212595
11
5.7009959055118111
21
-5.3759906299212599
0
LINE
8
BLACK
6
CONTINUOUS
10
5.7009959055118111
20
-5.3759906299212599
11
5.7038080314960631
21
-5.387239251968504
0
LINE
8
BLACK
6
CONTINUOUS
10
5.7038080314960631
20
-5.387239251968504
11
5.703837519685039
21
-5.3874388976377947
0
LINE
8
BLACK
6
CONTINUOUS
10
5.703837519685039
20
-5.3874388976377947
11
5.7038709055118106
21
-5.387519409448819
0
LINE
8
BLACK
6
CONTINUOUS
10
5.7038709055118106
20
-5.387519409448819
11
5.7039136220472439
21
-5.3879533464566931
0
LINE
8
BLACK
6
CONTINUOUS
10
5.7039136220472439
20
-5.3879533464566931
11
5.7039774015748028
21
-5.3883844881889766
0
LINE
8
BLACK
6
CONTINUOUS
10
5.7039774015748028
20
-5.3883844881889766
11
5.7039645669291339
21
-5.3884705905511812
0
LINE
8
BLACK
6
CONTINUOUS
10
5.7039645669291339
20
-5.3884705905511812
11
5.7039843700787403
21
-5.3886715354330708
0
LINE
8
BLACK
6
CONTINUOUS
10
5.7039843700787403
20
-5.3886715354330708
11
5.7039843700787403
21
-5.4027322834645668
0
LINE
8
BLACK
6
CONTINUOUS
10
5.7039843700787403
20
-5.4027322834645668
11
5.7039645669291339
21
-5.4029331889763776
0
LINE
8
BLACK
6
CONTINUOUS
10
5.7039645669291339
20
-5.4029331889763776
11
5.7039774015748028
21
-5.4030193307086609
0
LINE
8
BLACK
6
CONTINUOUS
10
5.7039774015748028
20
-5.4030193307086609
11
5.7039136220472439
21
-5.4034504330708657
0
LINE
8
BLACK
6
CONTINUOUS
10
5.7039136220472439
20
-5.4034504330708657
11
5.7038709055118106
21
-5.4038844094488185
0
LINE
8
BLACK
6
CONTINUOUS
10
5.7038709055118106
20
-5.4038844094488185
11
5.703837519685039
21
-5.4039648818897641
0
LINE
8
BLACK
6
CONTINUOUS
10
5.703837519685039
20
-5.4039648818897641
11
5.7038080314960631
21
-5.4041645669291336
0
LINE
8
BLACK
6
CONTINUOUS
10
5.7038080314960631
20
-5.4041645669291336
11
5.7009959055118111
21
-5.4154131496062989
0
LINE
8
BLACK
6
CONTINUOUS
10
5.7009959055118111
20
-5.4154131496062989
11
5.7009655118110238
21
-5.4154981102362205
0
LINE
8
BLACK
6
CONTINUOUS
10
5.7009655118110238
20
-5.4154981102362205
11
5.7009625196850395
21
-5.4155406692913388
0
LINE
8
BLACK
6
CONTINUOUS
10
5.7009625196850395
20
-5.4155406692913388
11
5.7007790157480311
21
-5.4160201968503934
0
LINE
8
BLACK
6
CONTINUOUS
10
5.7007790157480311
20
-5.4160201968503934
11
5.7006064173228346
21
-5.4165033464566932
0
LINE
8
BLACK
6
CONTINUOUS
10
5.7006064173228346
20
-5.4165033464566932
11
5.7005810236220471
21
-5.4165375590551177
0
LINE
8
BLACK
6
CONTINUOUS
10
5.7005810236220471
20
-5.4165375590551177
11
5.7005487795275593
21
-5.416621929133858
0
LINE
8
BLACK
6
CONTINUOUS
10
5.7005487795275593
20
-5.416621929133858
11
5.6977366141732286
21
-5.4222461811023619
0
LINE
8
BLACK
6
CONTINUOUS
10
5.6977366141732286
20
-5.4222461811023619
11
5.6974244881889762
21
-5.4227419685039369
0
LINE
8
BLACK
6
CONTINUOUS
10
5.6974244881889762
20
-5.4227419685039369
11
5.6973648425196846
21
-5.4228860629921263
0
LINE
8
BLACK
6
CONTINUOUS
10
5.6973648425196846
20
-5.4228860629921263
11
5.6972316929133857
21
-5.4230482677165357
0
LINE
8
BLACK
6
CONTINUOUS
10
5.6972316929133857
20
-5.4230482677165357
11
5.6971198818897637
21
-5.4232259448818896
0
LINE
8
BLACK
6
CONTINUOUS
10
5.6971198818897637
20
-5.4232259448818896
11
5.6970020078740156
21
-5.4233281496062995
0
LINE
8
BLACK
6
CONTINUOUS
10
5.6970020078740156
20
-5.4233281496062995
11
5.6966304330708661
21
-5.4237809448818899
0
LINE
8
BLACK
6
CONTINUOUS
10
5.6966304330708661
20
-5.4237809448818899
11
5.6938183070866142
21
-5.4265931102362206
0
LINE
8
BLACK
6
CONTINUOUS
10
5.6938183070866142
20
-5.4265931102362206
11
5.69336531496063
21
-5.426964842519685
0
LINE
8
BLACK
6
CONTINUOUS
10
5.69336531496063
20
-5.426964842519685
11
5.6932631889763776
21
-5.4270826377952757
0
LINE
8
BLACK
6
CONTINUOUS
10
5.6932631889763776
20
-5.4270826377952757
11
5.6930855905511812
21
-5.4271944094488189
0
LINE
8
BLACK
6
CONTINUOUS
10
5.6930855905511812
20
-5.4271944094488189
11
5.6929233858267718
21
-5.4273275590551178
0
LINE
8
BLACK
6
CONTINUOUS
10
5.6929233858267718
20
-5.4273275590551178
11
5.6927792913385824
21
-5.4273872047244094
0
LINE
8
BLACK
6
CONTINUOUS
10
5.6927792913385824
20
-5.4273872047244094
11
5.6922834645669287
21
-5.4276993700787397
0
LINE
8
BLACK
6
CONTINUOUS
10
5.6922834645669287
20
-5.4276993700787397
11
5.6866590944881885
21
-5.4305114960629917
0
LINE
8
BLACK
6
CONTINUOUS
10
5.6866590944881885
20
-5.4305114960629917
11
5.6855778740157481
21
-5.4309252755905515
0
LINE
8
BLACK
6
CONTINUOUS
10
5.6855778740157481
20
-5.4309252755905515
11
5.6853662204724404
21
-5.4309402755905509
0
LINE
8
BLACK
6
CONTINUOUS
10
5.6853662204724404
20
-5.4309402755905509
11
5.6851702362204719
21
-5.4310214960629919
0
LINE
8
BLACK
6
CONTINUOUS
10
5.6851702362204719
20
-5.4310214960629919
11
5.6840181102362202
21
-5.4311349606299215
0
LINE
8
BLACK
6
CONTINUOUS
10
5.6840181102362202
20
-5.4311349606299215
11
5.6783938188976375
21
-5.4311349606299215
0
LINE
8
BLACK
6
CONTINUOUS
10
5.6783938188976375
20
-5.4311349606299215
11
5.6772416929133858
21
-5.4310214960629919
0
LINE
8
BLACK
6
CONTINUOUS
10
5.6772416929133858
20
-5.4310214960629919
11
5.6770456692913385
21
-5.4309402755905509
0
LINE
8
BLACK
6
CONTINUOUS
10
5.6770456692913385
20
-5.4309402755905509
11
5.6768340551181105
21
-5.4309252755905515
0
LINE
8
BLACK
6
CONTINUOUS
10
5.6768340551181105
20
-5.4309252755905515
11
5.6757528346456692
21
-5.4305114960629917
0
LINE
8
BLACK
6
CONTINUOUS
10
5.6757528346456692
20
-5.4305114960629917
11
5.6701285039370077
21
-5.4276993700787397
0
LINE
8
BLACK
6
CONTINUOUS
10
5.6701285039370077
20
-5.4276993700787397
11
5.6696326377952753
21
-5.4273872047244094
0
LINE
8
BLACK
6
CONTINUOUS
10
5.6696326377952753
20
-5.4273872047244094
11
5.6694885826771655
21
-5.4273275590551178
0
LINE
8
BLACK
6
CONTINUOUS
10
5.6694885826771655
20
-5.4273275590551178
11
5.6693263385826773
21
-5.4271944094488189
0
LINE
8
BLACK
6
CONTINUOUS
10
5.6693263385826773
20
-5.4271944094488189
11
5.6691487795275588
21
-5.4270826377952757
0
LINE
8
BLACK
6
CONTINUOUS
10
5.6691487795275588
20
-5.4270826377952757
11
5.6690466141732285
21
-5.426964842519685
0
LINE
8
BLACK
6
CONTINUOUS
10
5.6690466141732285
20
-5.426964842519685
11
5.6685936614173231
21
-5.4265931102362206
0
LINE
8
BLACK
6
CONTINUOUS
10
5.6685936614173231
20
-5.4265931102362206
11
5.6657815354330712
21
-5.4237809448818899
0
LINE
8
BLACK
6
CONTINUOUS
10
5.6657815354330712
20
-5.4237809448818899
11
5.6654099606299209
21
-5.4233281889763783
0
LINE
8
BLACK
6
CONTINUOUS
10
5.6654099606299209
20
-5.4233281889763783
11
5.6652920866141727
21
-5.4232259448818896
0
LINE
8
BLACK
6
CONTINUOUS
10
5.6652920866141727
20
-5.4232259448818896
11
5.6651801574803144
21
-5.4230481102362207
0
LINE
8
BLACK
6
CONTINUOUS
10
5.6651801574803144
20
-5.4230481102362207
11
5.6650471259842519
21
-5.4228860236220475
0
LINE
8
BLACK
6
CONTINUOUS
10
5.6650471259842519
20
-5.4228860236220475
11
5.6649874803149602
21
-5.4227420472440944
0
LINE
8
BLACK
6
CONTINUOUS
10
5.6649874803149602
20
-5.4227420472440944
11
5.6646753543307087
21
-5.4222461811023619
0
LINE
8
BLACK
6
CONTINUOUS
10
5.6646753543307087
20
-5.4222461811023619
11
5.661863188976378
21
-5.4166218897637792
0
LINE
8
BLACK
6
CONTINUOUS
10
5.661863188976378
20
-5.4166218897637792
11
5.6618309055118106
21
-5.4165375984251964
0
LINE
8
BLACK
6
CONTINUOUS
10
5.6618309055118106
20
-5.4165375984251964
11
5.6618055511811018
21
-5.4165033464566932
0
LINE
8
BLACK
6
CONTINUOUS
10
5.6618055511811018
20
-5.4165033464566932
11
5.661632834645669
21
-5.4160199606299209
0
LINE
8
BLACK
6
CONTINUOUS
10
5.661632834645669
20
-5.4160199606299209
11
5.6614494488188978
21
-5.4155406692913388
0
LINE
8
BLACK
6
CONTINUOUS
10
5.6614494488188978
20
-5.4155406692913388
11
5.6614464173228347
21
-5.4154981102362205
0
LINE
8
BLACK
6
CONTINUOUS
10
5.6614464173228347
20
-5.4154981102362205
11
5.6614160629921262
21
-5.4154131496062989
0
LINE
8
BLACK
6
CONTINUOUS
10
5.6614160629921262
20
-5.4154131496062989
11
5.6586038976377955
21
-5.4041646062992124
0
LINE
8
BLACK
6
CONTINUOUS
10
5.6586038976377955
20
-5.4041646062992124
11
5.6585743307086611
21
-5.4039648818897641
0
LINE
8
BLACK
6
CONTINUOUS
10
5.6585743307086611
20
-5.4039648818897641
11
5.658541023622047
21
-5.4038844094488185
0
LINE
8
BLACK
6
CONTINUOUS
10
5.658541023622047
20
-5.4038844094488185
11
5.658498267716535
21
-5.4034504724409445
0
LINE
8
BLACK
6
CONTINUOUS
10
5.658498267716535
20
-5.4034504724409445
11
5.6584345275590548
21
-5.4030193307086609
0
LINE
8
BLACK
6
CONTINUOUS
10
5.6584345275590548
20
-5.4030193307086609
11
5.6584473228346459
21
-5.4029331889763776
0
LINE
8
BLACK
6
CONTINUOUS
10
5.6584473228346459
20
-5.4029331889763776
11
5.6584275590551183
21
-5.4027322834645668
0
LINE
8
BLACK
6
CONTINUOUS
10
5.6584275590551183
20
-5.4027322834645668
11
5.6584275590551183
21
-5.3886715354330708
0
LINE
8
BLACK
6
CONTINUOUS
10
5.6584275590551183
20
-5.3886715354330708
11
5.6584473228346459
21
-5.3884705905511812
0
LINE
8
BLACK
6
CONTINUOUS
10
5.6584473228346459
20
-5.3884705905511812
11
5.6584345275590548
21
-5.3883844881889766
0
LINE
8
BLACK
6
CONTINUOUS
10
5.6584345275590548
20
-5.3883844881889766
11
5.658498267716535
21
-5.3879533464566931
0
LINE
8
BLACK
6
CONTINUOUS
10
5.658498267716535
20
-5.3879533464566931
11
5.658541023622047
21
-5.387519409448819
0
LINE
8
BLACK
6
CONTINUOUS
10
5.658541023622047
20
-5.387519409448819
11
5.6585743700787399
21
-5.3874388976377947
0
LINE
8
BLACK
6
CONTINUOUS
10
5.6585743700787399
20
-5.3874388976377947
11
5.6586038976377955
21
-5.387239251968504
0
LINE
8
BLACK
6
CONTINUOUS
10
5.6586038976377955
20
-5.387239251968504
11
5.6614160629921262
21
-5.3759906299212599
0
LINE
8
BLACK
6
CONTINUOUS
10
5.6614160629921262
20
-5.3759906299212599
11
5.6614464173228347
21
-5.3759056299212595
0
LINE
8
BLACK
6
CONTINUOUS
10
5.6614464173228347
20
-5.3759056299212595
11
5.6614494488188978
21
-5.37586311023622
0
LINE
8
BLACK
6
CONTINUOUS
10
5.6614494488188978
20
-5.37586311023622
11
5.661632834645669
21
-5.3753837795275592
0
LINE
8
BLACK
6
CONTINUOUS
10
5.661632834645669
20
-5.3753837795275592
11
5.6618055511811018
21
-5.3749004330708656
0
LINE
8
BLACK
6
CONTINUOUS
10
5.6618055511811018
20
-5.3749004330708656
11
5.6618309055118106
21
-5.3748661417322836
0
LINE
8
BLACK
6
CONTINUOUS
10
5.6618309055118106
20
-5.3748661417322836
11
5.661863188976378
21
-5.3747818897637796
0
LINE
8
BLACK
6
CONTINUOUS
10
5.661863188976378
20
-5.3747818897637796
11
5.6646753543307087
21
-5.3691575984251969
0
LINE
8
BLACK
6
CONTINUOUS
10
5.6646753543307087
20
-5.3691575984251969
11
5.6649874409448815
21
-5.3686617716535432
0
LINE
8
BLACK
6
CONTINUOUS
10
5.6649874409448815
20
-5.3686617716535432
11
5.6650471259842519
21
-5.3685177165354325
0
LINE
8
BLACK
6
CONTINUOUS
10
5.6650471259842519
20
-5.3685177165354325
11
5.665180236220472
21
-5.3683555118110231
0
LINE
8
BLACK
6
CONTINUOUS
10
5.665180236220472
20
-5.3683555118110231
11
5.6652920866141727
21
-5.3681778346456692
0
LINE
8
BLACK
6
CONTINUOUS
10
5.6652920866141727
20
-5.3681778346456692
11
5.6654099212598421
21
-5.3680755905511806
0
LINE
8
BLACK
6
CONTINUOUS
10
5.6654099212598421
20
-5.3680755905511806
11
5.665781574803149
21
-5.3676227952755902
0
LINE
8
BLACK
6
CONTINUOUS
10
5.665781574803149
20
-5.3676227952755902
11
5.6685937007874019
21
-5.3648106692913382
0
LINE
8
BLACK
6
CONTINUOUS
10
5.6685937007874019
20
-5.3648106692913382
11
5.669046535433071
21
-5.3644389763779525
0
LINE
8
BLACK
6
CONTINUOUS
10
5.669046535433071
20
-5.3644389763779525
11
5.66914874015748
21
-5.3643211811023619
0
LINE
8
BLACK
6
CONTINUOUS
10
5.66914874015748
20
-5.3643211811023619
11
5.6693262598425198
21
-5.3642094094488186
0
LINE
8
BLACK
6
CONTINUOUS
10
5.6693262598425198
20
-5.3642094094488186
11
5.6694885826771655
21
-5.364076220472441
0
LINE
8
BLACK
6
CONTINUOUS
10
5.6694885826771655
20
-5.364076220472441
11
5.6696327559055115
21
-5.3640164960629919
0
LINE
8
BLACK
6
CONTINUOUS
10
5.6696327559055115
20
-5.3640164960629919
11
5.6701285039370077
21
-5.3637044488188979
0
LINE
8
BLACK
6
CONTINUOUS
10
5.6701285039370077
20
-5.3637044488188979
11
5.6757527559055116
21
-5.3608922834645671
0
LINE
8
BLACK
6
CONTINUOUS
10
5.6757527559055116
20
-5.3608922834645671
11
5.6768340157480317
21
-5.3604785433070861
0
LINE
8
BLACK
6
CONTINUOUS
10
5.6768340157480317
20
-5.3604785433070861
11
5.677045590551181
21
-5.3604635039370079
0
LINE
8
BLACK
6
CONTINUOUS
10
5.677045590551181
20
-5.3604635039370079
11
5.6772416929133858
21
-5.3603822834645669
0
LINE
8
BLACK
6
CONTINUOUS
10
5.6772416929133858
20
-5.3603822834645669
11
5.6783938188976375
21
-5.3602688188976373
0
LINE
8
BLACK
6
CONTINUOUS
10
5.6783938188976375
20
-5.3602688188976373
11
5.6840181102362202
21
-5.3602688188976373
0
LINE
8
BLACK
6
CONTINUOUS
10
5.6840181102362202
20
-5.3602688188976373
11
5.6851702362204719
21
-5.3603822834645669
0
LINE
8
BLACK
6
CONTINUOUS
10
5.6762677165354329
20
-5.373839921259842
11
5.6748108661417325
21
-5.3752967716535434
0
LINE
8
BLACK
6
CONTINUOUS
10
5.6748108661417325
20
-5.3752967716535434
11
5.6727171653543307
21
-5.3794841338582673
0
LINE
8
BLACK
6
CONTINUOUS
10
5.6727171653543307
20
-5.3794841338582673
11
5.6702385826771655
21
-5.3893984645669288
0
LINE
8
BLACK
6
CONTINUOUS
10
5.6702385826771655
20
-5.3893984645669288
11
5.6702385826771655
21
-5.4020052755905512
0
LINE
8
BLACK
6
CONTINUOUS
10
5.6702385826771655
20
-5.4020052755905512
11
5.6727171653543307
21
-5.4119196062992128
0
LINE
8
BLACK
6
CONTINUOUS
10
5.6727171653543307
20
-5.4119196062992128
11
5.6748108661417325
21
-5.4161070078740154
0
LINE
8
BLACK
6
CONTINUOUS
10
5.6748108661417325
20
-5.4161070078740154
11
5.6762677165354329
21
-5.4175638582677168
0
LINE
8
BLACK
6
CONTINUOUS
10
5.6762677165354329
20
-5.4175638582677168
11
5.6797879133858267
21
-5.4193239370078743
0
LINE
8
BLACK
6
CONTINUOUS
10
5.6797879133858267
20
-5.4193239370078743
11
5.6826240551181098
21
-5.4193239370078743
0
LINE
8
BLACK
6
CONTINUOUS
10
5.6826240551181098
20
-5.4193239370078743
11
5.6861442519685035
21
-5.4175638188976381
0
LINE
8
BLACK
6
CONTINUOUS
10
5.6861442519685035
20
-5.4175638188976381
11
5.6876010629921261
21
-5.4161069685039367
0
LINE
8
BLACK
6
CONTINUOUS
10
5.6876010629921261
20
-5.4161069685039367
11
5.689694763779527
21
-5.411919566929134
0
LINE
8
BLACK
6
CONTINUOUS
10
5.689694763779527
20
-5.411919566929134
11
5.692173346456693
21
-5.4020053543307087
0
LINE
8
BLACK
6
CONTINUOUS
10
5.692173346456693
20
-5.4020053543307087
11
5.692173346456693
21
-5.3893984251968501
0
LINE
8
BLACK
6
CONTINUOUS
10
5.692173346456693
20
-5.3893984251968501
11
5.689694763779527
21
-5.379484173228346
0
LINE
8
BLACK
6
CONTINUOUS
10
5.689694763779527
20
-5.379484173228346
11
5.6876011023622048
21
-5.3752968110236221
0
LINE
8
BLACK
6
CONTINUOUS
10
5.6876011023622048
20
-5.3752968110236221
11
5.6861442519685035
21
-5.3738399606299208
0
LINE
8
BLACK
6
CONTINUOUS
10
5.6861442519685035
20
-5.3738399606299208
11
5.682624015748031
21
-5.3720798425196845
0
LINE
8
BLACK
6
CONTINUOUS
10
5.682624015748031
20
-5.3720798425196845
11
5.6797879133858267
21
-5.3720798425196845
0
LINE
8
BLACK
6
CONTINUOUS
10
5.6797879133858267
20
-5.3720798425196845
11
5.6762677165354329
21
-5.373839921259842
0
LINE
8
BLACK
6
CONTINUOUS
10
5.7380320472440944
20
-5.3603262204724409
11
5.7381875590551177
21
-5.3603151968503937
0
LINE
8
BLACK
6
CONTINUOUS
10
5.7381875590551177
20
-5.3603151968503937
11
5.7383920472440941
21
-5.3603616929133855
0
LINE
8
BLACK
6
CONTINUOUS
10
5.7383920472440941
20
-5.3603616929133855
11
5.7386010629921262
21
-5.3603822834645669
0
LINE
8
BLACK
6
CONTINUOUS
10
5.7386010629921262
20
-5.3603822834645669
11
5.7387452362204723
21
-5.360442007874016
0
LINE
8
BLACK
6
CONTINUOUS
10
5.7387452362204723
20
-5.360442007874016
11
5.7393164173228346
21
-5.3605718897637793
0
LINE
8
BLACK
6
CONTINUOUS
10
5.7393164173228346
20
-5.3605718897637793
11
5.747752874015748
21
-5.3633840157480313
0
LINE
8
BLACK
6
CONTINUOUS
10
5.747752874015748
20
-5.3633840157480313
11
5.7488099999999998
21
-5.3638560236220467
0
LINE
8
BLACK
6
CONTINUOUS
10
5.7488099999999998
20
-5.3638560236220467
11
5.7489702362204724
21
-5.3639950000000001
0
LINE
8
BLACK
6
CONTINUOUS
10
5.7489702362204724
20
-5.3639950000000001
11
5.7491662992125985
21
-5.364076220472441
0
LINE
8
BLACK
6
CONTINUOUS
10
5.7491662992125985
20
-5.364076220472441
11
5.7500612204724408
21
-5.3648106692913382
0
LINE
8
BLACK
6
CONTINUOUS
10
5.7500612204724408
20
-5.3648106692913382
11
5.7556855118110235
21
-5.3704349606299209
0
LINE
8
BLACK
6
CONTINUOUS
10
5.7556855118110235
20
-5.3704349606299209
11
5.7560571653543304
21
-5.37088779527559
0
LINE
8
BLACK
6
CONTINUOUS
10
5.7560571653543304
20
-5.37088779527559
11
5.7561749999999998
21
-5.3709899999999999
0
LINE
8
BLACK
6
CONTINUOUS
10
5.7561749999999998
20
-5.3709899999999999
11
5.7562867322834643
21
-5.3711675196850388
0
LINE
8
BLACK
6
CONTINUOUS
10
5.7562867322834643
20
-5.3711675196850388
11
5.7564199606299216
21
-5.3713298425196845
0
LINE
8
BLACK
6
CONTINUOUS
10
5.7564199606299216
20
-5.3713298425196845
11
5.756479645669291
21
-5.3714740157480314
0
LINE
8
BLACK
6
CONTINUOUS
10
5.756479645669291
20
-5.3714740157480314
11
5.7567917322834647
21
-5.3719697637795276
0
LINE
8
BLACK
6
CONTINUOUS
10
5.7567917322834647
20
-5.3719697637795276
11
5.7596038976377955
21
-5.3775940157480315
0
LINE
8
BLACK
6
CONTINUOUS
10
5.7596038976377955
20
-5.3775940157480315
11
5.7596361417322832
21
-5.3776783464566931
0
LINE
8
BLACK
6
CONTINUOUS
10
5.7596361417322832
20
-5.3776783464566931
11
5.7596615354330707
21
-5.3777125984251963
0
LINE
8
BLACK
6
CONTINUOUS
10
5.7596615354330707
20
-5.3777125984251963
11
5.7598341338582673
21
-5.3781957086614174
0
LINE
8
BLACK
6
CONTINUOUS
10
5.7598341338582673
20
-5.3781957086614174
11
5.7600176377952756
21
-5.3786752755905507
0
LINE
8
BLACK
6
CONTINUOUS
10
5.7600176377952756
20
-5.3786752755905507
11
5.76002062992126
21
-5.3787177952755902
0
LINE
8
BLACK
6
CONTINUOUS
10
5.76002062992126
20
-5.3787177952755902
11
5.7600510236220472
21
-5.3788027952755906
0
LINE
8
BLACK
6
CONTINUOUS
10
5.7600510236220472
20
-5.3788027952755906
11
5.7628631496062992
21
-5.3900513779527559
0
LINE
8
BLACK
6
CONTINUOUS
10
5.7628631496062992
20
-5.3900513779527559
11
5.7628926377952752
21
-5.3902510236220476
0
LINE
8
BLACK
6
CONTINUOUS
10
5.7628926377952752
20
-5.3902510236220476
11
5.7629260236220468
21
-5.390331535433071
0
LINE
8
BLACK
6
CONTINUOUS
10
5.7629260236220468
20
-5.390331535433071
11
5.7629687401574801
21
-5.3907654724409451
0
LINE
8
BLACK
6
CONTINUOUS
10
5.7629687401574801
20
-5.3907654724409451
11
5.7630325196850389
21
-5.3911966141732286
0
LINE
8
BLACK
6
CONTINUOUS
10
5.7630325196850389
20
-5.3911966141732286
11
5.76301968503937
21
-5.3912827165354331
0
LINE
8
BLACK
6
CONTINUOUS
10
5.76301968503937
20
-5.3912827165354331
11
5.7630394881889764
21
-5.3914836614173227
0
LINE
8
BLACK
6
CONTINUOUS
10
5.7630394881889764
20
-5.3914836614173227
11
5.7630394881889764
21
-5.3999201181102361
0
LINE
8
BLACK
6
CONTINUOUS
10
5.7630394881889764
20
-5.3999201181102361
11
5.76301968503937
21
-5.4001210236220469
0
LINE
8
BLACK
6
CONTINUOUS
10
5.76301968503937
20
-5.4001210236220469
11
5.7630325196850389
21
-5.4002071653543302
0
LINE
8
BLACK
6
CONTINUOUS
10
5.7630325196850389
20
-5.4002071653543302
11
5.7629687401574801
21
-5.400638267716535
0
LINE
8
BLACK
6
CONTINUOUS
10
5.7629687401574801
20
-5.400638267716535
11
5.7629260236220468
21
-5.4010722440944878
0
LINE
8
BLACK
6
CONTINUOUS
10
5.7629260236220468
20
-5.4010722440944878
11
5.7628926377952752
21
-5.4011527165354334
0
LINE
8
BLACK
6
CONTINUOUS
10
5.7628926377952752
20
-5.4011527165354334
11
5.7628631496062992
21
-5.4013524015748029
0
LINE
8
BLACK
6
CONTINUOUS
10
5.7628631496062992
20
-5.4013524015748029
11
5.7600510236220472
21
-5.4126009842519682
0
LINE
8
BLACK
6
CONTINUOUS
10
5.7600510236220472
20
-5.4126009842519682
11
5.76002062992126
21
-5.4126859448818898
0
LINE
8
BLACK
6
CONTINUOUS
10
5.76002062992126
20
-5.4126859448818898
11
5.7600176377952756
21
-5.4127285039370081
0
LINE
8
BLACK
6
CONTINUOUS
10
5.7600176377952756
20
-5.4127285039370081
11
5.7598341338582673
21
-5.4132080314960627
0
LINE
8
BLACK
6
CONTINUOUS
10
5.7598341338582673
20
-5.4132080314960627
11
5.7596615354330707
21
-5.4136911811023625
0
LINE
8
BLACK
6
CONTINUOUS
10
5.7596615354330707
20
-5.4136911811023625
11
5.7596361417322832
21
-5.413725393700787
0
LINE
8
BLACK
6
CONTINUOUS
10
5.7596361417322832
20
-5.413725393700787
11
5.7596038976377955
21
-5.4138097637795273
0
LINE
8
BLACK
6
CONTINUOUS
10
5.7596038976377955
20
-5.4138097637795273
11
5.7567917322834647
21
-5.4194340157480312
0
LINE
8
BLACK
6
CONTINUOUS
10
5.7567917322834647
20
-5.4194340157480312
11
5.7564796062992123
21
-5.4199298031496062
0
LINE
8
BLACK
6
CONTINUOUS
10
5.7564796062992123
20
-5.4199298031496062
11
5.7564199606299216
21
-5.4200738976377956
0
LINE
8
BLACK
6
CONTINUOUS
10
5.7564199606299216
20
-5.4200738976377956
11
5.7562868110236218
21
-5.4202360629921262
0
LINE
8
BLACK
6
CONTINUOUS
10
5.7562868110236218
20
-5.4202360629921262
11
5.7561749999999998
21
-5.4204137795275589
0
LINE
8
BLACK
6
CONTINUOUS
10
5.7561749999999998
20
-5.4204137795275589
11
5.7560570866141729
21
-5.4205159842519688
0
LINE
8
BLACK
6
CONTINUOUS
10
5.7560570866141729
20
-5.4205159842519688
11
5.7556855118110235
21
-5.4209688188976379
0
LINE
8
BLACK
6
CONTINUOUS
10
5.7556855118110235
20
-5.4209688188976379
11
5.7500612204724408
21
-5.4265931496062993
0
LINE
8
BLACK
6
CONTINUOUS
10
5.7500612204724408
20
-5.4265931496062993
11
5.7491663385826772
21
-5.4273275984251965
0
LINE
8
BLACK
6
CONTINUOUS
10
5.7491663385826772
20
-5.4273275984251965
11
5.7489702755905512
21
-5.4274087795275587
0
LINE
8
BLACK
6
CONTINUOUS
10
5.7489702755905512
20
-5.4274087795275587
11
5.7488099999999998
21
-5.4275478346456696
0
LINE
8
BLACK
6
CONTINUOUS
10
5.7488099999999998
20
-5.4275478346456696
11
5.747752874015748
21
-5.4280198031496063
0
LINE
8
BLACK
6
CONTINUOUS
10
5.747752874015748
20
-5.4280198031496063
11
5.7393164173228346
21
-5.4308319291338583
0
LINE
8
BLACK
6
CONTINUOUS
10
5.7393164173228346
20
-5.4308319291338583
11
5.7387450393700785
21
-5.4309618110236215
0
LINE
8
BLACK
6
CONTINUOUS
10
5.7387450393700785
20
-5.4309618110236215
11
5.7386010629921262
21
-5.4310214960629919
0
LINE
8
BLACK
6
CONTINUOUS
10
5.7386010629921262
20
-5.4310214960629919
11
5.7383922834645666
21
-5.4310420472440946
0
LINE
8
BLACK
6
CONTINUOUS
10
5.7383922834645666
20
-5.4310420472440946
11
5.7381875196850389
21
-5.4310886220472439
0
LINE
8
BLACK
6
CONTINUOUS
10
5.7381875196850389
20
-5.4310886220472439
11
5.7380318110236219
21
-5.4310775196850392
0
LINE
8
BLACK
6
CONTINUOUS
10
5.7380318110236219
20
-5.4310775196850392
11
5.7374489370078736
21
-5.4311349606299215
0
LINE
8
BLACK
6
CONTINUOUS
10
5.7374489370078736
20
-5.4311349606299215
11
5.731824645669291
21
-5.4311349606299215
0
LINE
8
BLACK
6
CONTINUOUS
10
5.731824645669291
20
-5.4311349606299215
11
5.7312417322834648
21
-5.4310775196850392
0
LINE
8
BLACK
6
CONTINUOUS
10
5.7312417322834648
20
-5.4310775196850392
11
5.7310860629921256
21
-5.4310886220472439
0
LINE
8
BLACK
6
CONTINUOUS
10
5.7310860629921256
20
-5.4310886220472439
11
5.7308812598425192
21
-5.4310420472440946
0
LINE
8
BLACK
6
CONTINUOUS
10
5.7308812598425192
20
-5.4310420472440946
11
5.7306725196850392
21
-5.4310214960629919
0
LINE
8
BLACK
6
CONTINUOUS
10
5.7306725196850392
20
-5.4310214960629919
11
5.7305285039370073
21
-5.4309618110236215
0
LINE
8
BLACK
6
CONTINUOUS
10
5.7305285039370073
20
-5.4309618110236215
11
5.7299571653543309
21
-5.4308319291338583
0
LINE
8
BLACK
6
CONTINUOUS
10
5.7299571653543309
20
-5.4308319291338583
11
5.7215207086614175
21
-5.4280198031496063
0
LINE
8
BLACK
6
CONTINUOUS
10
5.7215207086614175
20
-5.4280198031496063
11
5.7204635826771648
21
-5.4275478346456696
0
LINE
8
BLACK
6
CONTINUOUS
10
5.7204635826771648
20
-5.4275478346456696
11
5.7203031496062993
21
-5.4274087007874012
0
LINE
8
BLACK
6
CONTINUOUS
10
5.7203031496062993
20
-5.4274087007874012
11
5.7201072440944882
21
-5.4273275590551178
0
LINE
8
BLACK
6
CONTINUOUS
10
5.7201072440944882
20
-5.4273275590551178
11
5.7192123228346459
21
-5.4265931102362206
0
LINE
8
BLACK
6
CONTINUOUS
10
5.7192123228346459
20
-5.4265931102362206
11
5.7164001968503939
21
-5.4237809448818899
0
LINE
8
BLACK
6
CONTINUOUS
10
5.7164001968503939
20
-5.4237809448818899
11
5.7156659448818896
21
-5.4228862204724404
0
LINE
8
BLACK
6
CONTINUOUS
10
5.7156659448818896
20
-5.4228862204724404
11
5.7156658267716534
21
-5.422886102362205
0
LINE
8
BLACK
6
CONTINUOUS
10
5.7156658267716534
20
-5.422886102362205
11
5.7147840157480312
21
-5.4207572834645665
0
LINE
8
BLACK
6
CONTINUOUS
10
5.7147840157480312
20
-5.4207572834645665
11
5.7146705511811025
21
-5.4196051574803148
0
LINE
8
BLACK
6
CONTINUOUS
10
5.7146705511811025
20
-5.4196051574803148
11
5.7146705511811025
21
-5.3999201181102361
0
LINE
8
BLACK
6
CONTINUOUS
10
5.7146705511811025
20
-5.3999201181102361
11
5.7147840157480312
21
-5.3987679921259843
0
LINE
8
BLACK
6
CONTINUOUS
10
5.7147840157480312
20
-5.3987679921259843
11
5.7156658267716534
21
-5.3966391732283467
0
LINE
8
BLACK
6
CONTINUOUS
10
5.7156658267716534
20
-5.3966391732283467
11
5.7172951181102363
21
-5.3950098818897638
0
LINE
8
BLACK
6
CONTINUOUS
10
5.7172951181102363
20
-5.3950098818897638
11
5.7194239370078739
21
-5.3941280708661417
0
LINE
8
BLACK
6
CONTINUOUS
10
5.7194239370078739
20
-5.3941280708661417
11
5.7205760629921256
21
-5.394014606299212
0
LINE
8
BLACK
6
CONTINUOUS
10
5.7205760629921256
20
-5.394014606299212
11
5.731824645669291
21
-5.394014606299212
0
LINE
8
BLACK
6
CONTINUOUS
10
5.731824645669291
20
-5.394014606299212
11
5.7329767716535436
21
-5.3941280708661417
0
LINE
8
BLACK
6
CONTINUOUS
10
5.7329767716535436
20
-5.3941280708661417
11
5.7351055905511812
21
-5.3950098818897638
0
LINE
8
BLACK
6
CONTINUOUS
10
5.7351055905511812
20
-5.3950098818897638
11
5.7367348818897632
21
-5.3966391732283467
0
LINE
8
BLACK
6
CONTINUOUS
10
5.7367348818897632
20
-5.3966391732283467
11
5.7376166929133854
21
-5.3987679921259843
0
LINE
8
BLACK
6
CONTINUOUS
10
5.7376166929133854
20
-5.3987679921259843
11
5.7376166929133854
21
-5.4010722440944878
0
LINE
8
BLACK
6
CONTINUOUS
10
5.7376166929133854
20
-5.4010722440944878
11
5.7367348818897632
21
-5.4032010629921254
0
LINE
8
BLACK
6
CONTINUOUS
10
5.7367348818897632
20
-5.4032010629921254
11
5.7351055905511812
21
-5.4048303543307084
0
LINE
8
BLACK
6
CONTINUOUS
10
5.7351055905511812
20
-5.4048303543307084
11
5.7329767716535436
21
-5.4057121653543305
0
LINE
8
BLACK
6
CONTINUOUS
10
5.7329767716535436
20
-5.4057121653543305
11
5.731824645669291
21
-5.4058256299212601
0
LINE
8
BLACK
6
CONTINUOUS
10
5.731824645669291
20
-5.4058256299212601
11
5.7264815748031497
21
-5.4058256299212601
0
LINE
8
BLACK
6
CONTINUOUS
10
5.7264815748031497
20
-5.4058256299212601
11
5.7264815748031497
21
-5.4171590157480312
0
LINE
8
BLACK
6
CONTINUOUS
10
5.7264815748031497
20
-5.4171590157480312
11
5.7265781889763776
21
-5.4172556692913387
0
LINE
8
BLACK
6
CONTINUOUS
10
5.7265781889763776
20
-5.4172556692913387
11
5.7327830314960631
21
-5.4193239370078743
0
LINE
8
BLACK
6
CONTINUOUS
10
5.7327830314960631
20
-5.4193239370078743
11
5.7364905511811024
21
-5.4193239370078743
0
LINE
8
BLACK
6
CONTINUOUS
10
5.7364905511811024
20
-5.4193239370078743
11
5.7426953543307082
21
-5.4172556692913387
0
LINE
8
BLACK
6
CONTINUOUS
10
5.7426953543307082
20
-5.4172556692913387
11
5.746656220472441
21
-5.413294803149606
0
LINE
8
BLACK
6
CONTINUOUS
10
5.746656220472441
20
-5.413294803149606
11
5.748749881889764
21
-5.4091074015748033
0
LINE
8
BLACK
6
CONTINUOUS
10
5.748749881889764
20
-5.4091074015748033
11
5.7512284645669292
21
-5.399193188976378
0
LINE
8
BLACK
6
CONTINUOUS
10
5.7512284645669292
20
-5.399193188976378
11
5.7512284645669292
21
-5.392210551181102
0
LINE
8
BLACK
6
CONTINUOUS
10
5.7512284645669292
20
-5.392210551181102
11
5.748749881889764
21
-5.3822963385826768
0
LINE
8
BLACK
6
CONTINUOUS
10
5.748749881889764
20
-5.3822963385826768
11
5.746656220472441
21
-5.3781089763779528
0
LINE
8
BLACK
6
CONTINUOUS
10
5.746656220472441
20
-5.3781089763779528
11
5.7426953149606295
21
-5.3741480708661413
0
LINE
8
BLACK
6
CONTINUOUS
10
5.7426953149606295
20
-5.3741480708661413
11
5.7364906692913387
21
-5.3720798425196845
0
LINE
8
BLACK
6
CONTINUOUS
10
5.7364906692913387
20
-5.3720798425196845
11
5.7304066141732282
21
-5.3720798425196845
0
LINE
8
BLACK
6
CONTINUOUS
10
5.7304066141732282
20
-5.3720798425196845
11
5.7260292125984247
21
-5.3742685433070863
0
LINE
8
BLACK
6
CONTINUOUS
10
5.7260292125984247
20
-5.3742685433070863
11
5.7249479921259843
21
-5.3746823228346452
0
LINE
8
BLACK
6
CONTINUOUS
10
5.7249479921259843
20
-5.3746823228346452
11
5.7226495275590548
21
-5.3748456299212597
0
LINE
8
BLACK
6
CONTINUOUS
10
5.7226495275590548
20
-5.3748456299212597
11
5.7204636220472436
21
-5.3741169685039365
0
LINE
8
BLACK
6
CONTINUOUS
10
5.7204636220472436
20
-5.3741169685039365
11
5.7187228740157483
21
-5.3726072834645668
0
LINE
8
BLACK
6
CONTINUOUS
10
5.7187228740157483
20
-5.3726072834645668
11
5.7176923622047244
21
-5.3705462992125987
0
LINE
8
BLACK
6
CONTINUOUS
10
5.7176923622047244
20
-5.3705462992125987
11
5.7175290551181099
21
-5.3682478346456692
0
LINE
8
BLACK
6
CONTINUOUS
10
5.7175290551181099
20
-5.3682478346456692
11
5.7182577165354331
21
-5.366061929133858
0
LINE
8
BLACK
6
CONTINUOUS
10
5.7182577165354331
20
-5.366061929133858
11
5.7197674015748028
21
-5.3643211811023619
0
LINE
8
BLACK
6
CONTINUOUS
10
5.7197674015748028
20
-5.3643211811023619
11
5.7207471653543305
21
-5.3637044488188979
0
LINE
8
BLACK
6
CONTINUOUS
10
5.7207471653543305
20
-5.3637044488188979
11
5.7263714960629919
21
-5.3608922834645671
0
LINE
8
BLACK
6
CONTINUOUS
10
5.7263714960629919
20
-5.3608922834645671
11
5.7274527165354332
21
-5.3604785039370073
0
LINE
8
BLACK
6
CONTINUOUS
10
5.7274527165354332
20
-5.3604785039370073
11
5.7276644094488187
21
-5.3604634251968504
0
LINE
8
BLACK
6
CONTINUOUS
10
5.7276644094488187
20
-5.3604634251968504
11
5.7278603937007873
21
-5.3603822834645669
0
LINE
8
BLACK
6
CONTINUOUS
10
5.7278603937007873
20
-5.3603822834645669
11
5.729012519685039
21
-5.3602688188976373
0
LINE
8
BLACK
6
CONTINUOUS
10
5.729012519685039
20
-5.3602688188976373
11
5.7374489370078736
21
-5.3602688188976373
0
LINE
8
BLACK
6
CONTINUOUS
10
5.7374489370078736
20
-5.3602688188976373
11
5.7380320472440944
21
-5.3603262204724409
0
LINE
8
BLACK
6
CONTINUOUS
10
5.8089048031496064
20
-5.3603822834645669
11
5.8110336220472441
21
-5.3612640944881891
0
LINE
8
BLACK
6
CONTINUOUS
10
5.8110336220472441
20
-5.3612640944881891
11
5.812662913385827
21
-5.3628933858267711
0
LINE
8
BLACK
6
CONTINUOUS
10
5.812662913385827
20
-5.3628933858267711
11
5.8135447244094482
21
-5.3650222047244096
0
LINE
8
BLACK
6
CONTINUOUS
10
5.8135447244094482
20
-5.3650222047244096
11
5.8136581889763779
21
-5.3661743307086613
0
LINE
8
BLACK
6
CONTINUOUS
10
5.8136581889763779
20
-5.3661743307086613
11
5.8136581889763779
21
-5.4252294488188975
0
LINE
8
BLACK
6
CONTINUOUS
10
5.8136581889763779
20
-5.4252294488188975
11
5.8135447244094482
21
-5.4263815354330704
0
LINE
8
BLACK
6
CONTINUOUS
10
5.8135447244094482
20
-5.4263815354330704
11
5.8135447244094482
21
-5.4263815748031492
0
LINE
8
BLACK
6
CONTINUOUS
10
5.8135447244094482
20
-5.4263815748031492
11
5.812662913385827
21
-5.4285103937007877
0
LINE
8
BLACK
6
CONTINUOUS
10
5.812662913385827
20
-5.4285103937007877
11
5.8110336220472441
21
-5.4301396850393697
0
LINE
8
BLACK
6
CONTINUOUS
10
5.8110336220472441
20
-5.4301396850393697
11
5.8089048031496064
21
-5.4310214960629919
0
LINE
8
BLACK
6
CONTINUOUS
10
5.8089048031496064
20
-5.4310214960629919
11
5.8077526771653538
21
-5.4311349606299215
0
LINE
8
BLACK
6
CONTINUOUS
10
5.8077526771653538
20
-5.4311349606299215
11
5.7796311811023617
21
-5.4311349606299215
0
LINE
8
BLACK
6
CONTINUOUS
10
5.7796311811023617
20
-5.4311349606299215
11
5.77847905511811
21
-5.4310214960629919
0
LINE
8
BLACK
6
CONTINUOUS
10
5.77847905511811
20
-5.4310214960629919
11
5.7763502362204724
21
-5.4301396850393697
0
LINE
8
BLACK
6
CONTINUOUS
10
5.7763502362204724
20
-5.4301396850393697
11
5.7747209448818895
21
-5.4285103937007877
0
LINE
8
BLACK
6
CONTINUOUS
10
5.7747209448818895
20
-5.4285103937007877
11
5.7738391338582673
21
-5.4263815748031492
0
LINE
8
BLACK
6
CONTINUOUS
10
5.7738391338582673
20
-5.4263815748031492
11
5.7738391338582673
21
-5.4240773228346457
0
LINE
8
BLACK
6
CONTINUOUS
10
5.7738391338582673
20
-5.4240773228346457
11
5.7747209448818895
21
-5.4219485039370081
0
LINE
8
BLACK
6
CONTINUOUS
10
5.7747209448818895
20
-5.4219485039370081
11
5.7763502362204724
21
-5.4203192125984252
0
LINE
8
BLACK
6
CONTINUOUS
10
5.7763502362204724
20
-5.4203192125984252
11
5.77847905511811
21
-5.419437401574803
0
LINE
8
BLACK
6
CONTINUOUS
10
5.77847905511811
20
-5.419437401574803
11
5.7796311811023617
21
-5.4193239370078743
0
LINE
8
BLACK
6
CONTINUOUS
10
5.7796311811023617
20
-5.4193239370078743
11
5.8018471653543306
21
-5.4193239370078743
0
LINE
8
BLACK
6
CONTINUOUS
10
5.8018471653543306
20
-5.4193239370078743
11
5.8018471653543306
21
-5.4002013385826775
0
LINE
8
BLACK
6
CONTINUOUS
10
5.8018471653543306
20
-5.4002013385826775
11
5.7880676377952751
21
-5.4002013385826775
0
LINE
8
BLACK
6
CONTINUOUS
10
5.7880676377952751
20
-5.4002013385826775
11
5.7869155118110234
21
-5.4000878740157479
0
LINE
8
BLACK
6
CONTINUOUS
10
5.7869155118110234
20
-5.4000878740157479
11
5.7847866929133858
21
-5.3992060629921257
0
LINE
8
BLACK
6
CONTINUOUS
10
5.7847866929133858
20
-5.3992060629921257
11
5.7831574015748028
21
-5.3975767716535428
0
LINE
8
BLACK
6
CONTINUOUS
10
5.7831574015748028
20
-5.3975767716535428
11
5.7822755905511807
21
-5.3954479527559052
0
LINE
8
BLACK
6
CONTINUOUS
10
5.7822755905511807
20
-5.3954479527559052
11
5.7822755905511807
21
-5.3931437007874017
0
LINE
8
BLACK
6
CONTINUOUS
10
5.7822755905511807
20
-5.3931437007874017
11
5.7831574015748028
21
-5.3910148818897641
0
LINE
8
BLACK
6
CONTINUOUS
10
5.7831574015748028
20
-5.3910148818897641
11
5.7847866929133858
21
-5.3893855905511812
0
LINE
8
BLACK
6
CONTINUOUS
10
5.7847866929133858
20
-5.3893855905511812
11
5.7869155118110234
21
-5.388503779527559
0
LINE
8
BLACK
6
CONTINUOUS
10
5.7869155118110234
20
-5.388503779527559
11
5.7880676377952751
21
-5.3883903149606294
0
LINE
8
BLACK
6
CONTINUOUS
10
5.7880676377952751
20
-5.3883903149606294
11
5.8018471653543306
21
-5.3883903149606294
0
LINE
8
BLACK
6
CONTINUOUS
10
5.8018471653543306
20
-5.3883903149606294
11
5.8018471653543306
21
-5.3720798425196845
0
LINE
8
BLACK
6
CONTINUOUS
10
5.8018471653543306
20
-5.3720798425196845
11
5.7796311811023617
21
-5.3720798425196845
0
LINE
8
BLACK
6
CONTINUOUS
10
5.7796311811023617
20
-5.3720798425196845
11
5.77847905511811
21
-5.3719663779527558
0
LINE
8
BLACK
6
CONTINUOUS
10
5.77847905511811
20
-5.3719663779527558
11
5.7763502362204724
21
-5.3710845669291336
0
LINE
8
BLACK
6
CONTINUOUS
10
5.7763502362204724
20
-5.3710845669291336
11
5.7747209448818895
21
-5.3694552755905507
0
LINE
8
BLACK
6
CONTINUOUS
10
5.7747209448818895
20
-5.3694552755905507
11
5.7738391338582673
21
-5.3673264566929131
0
LINE
8
BLACK
6
CONTINUOUS
10
5.7738391338582673
20
-5.3673264566929131
11
5.7738391338582673
21
-5.3650222047244096
0
LINE
8
BLACK
6
CONTINUOUS
10
5.7738391338582673
20
-5.3650222047244096
11
5.7747209448818895
21
-5.3628933858267711
0
LINE
8
BLACK
6
CONTINUOUS
10
5.7747209448818895
20
-5.3628933858267711
11
5.7763502362204724
21
-5.3612640944881891
0
LINE
8
BLACK
6
CONTINUOUS
10
5.7763502362204724
20
-5.3612640944881891
11
5.77847905511811
21
-5.3603822834645669
0
LINE
8
BLACK
6
CONTINUOUS
10
5.77847905511811
20
-5.3603822834645669
11
5.7796311811023617
21
-5.3602688188976373
0
LINE
8
BLACK
6
CONTINUOUS
10
5.7796311811023617
20
-5.3602688188976373
11
5.8077526771653538
21
-5.3602688188976373
0
LINE
8
BLACK
6
CONTINUOUS
10
5.8077526771653538
20
-5.3602688188976373
11
5.8089048031496064
21
-5.3603822834645669
0
LINE
8
BLACK
6
CONTINUOUS
10
5.8567112992125985
20
-5.3603822834645669
11
5.8569073622047245
21
-5.3604635039370079
0
LINE
8
BLACK
6
CONTINUOUS
10
5.8569073622047245
20
-5.3604635039370079
11
5.8571189763779525
21
-5.3604785433070861
0
LINE
8
BLACK
6
CONTINUOUS
10
5.8571189763779525
20
-5.3604785433070861
11
5.8582001968503938
21
-5.3608922834645671
0
LINE
8
BLACK
6
CONTINUOUS
10
5.8582001968503938
20
-5.3608922834645671
11
5.8638244881889765
21
-5.3637044488188979
0
LINE
8
BLACK
6
CONTINUOUS
10
5.8638244881889765
20
-5.3637044488188979
11
5.8643203543307081
21
-5.3640165748031494
0
LINE
8
BLACK
6
CONTINUOUS
10
5.8643203543307081
20
-5.3640165748031494
11
5.8644643307086612
21
-5.364076220472441
0
LINE
8
BLACK
6
CONTINUOUS
10
5.8644643307086612
20
-5.364076220472441
11
5.8646264173228344
21
-5.3642092519685036
0
LINE
8
BLACK
6
CONTINUOUS
10
5.8646264173228344
20
-5.3642092519685036
11
5.8648042519685042
21
-5.3643211811023619
0
LINE
8
BLACK
6
CONTINUOUS
10
5.8648042519685042
20
-5.3643211811023619
11
5.864906496062992
21
-5.36443905511811
0
LINE
8
BLACK
6
CONTINUOUS
10
5.864906496062992
20
-5.36443905511811
11
5.8653592519685036
21
-5.3648106299212595
0
LINE
8
BLACK
6
CONTINUOUS
10
5.8653592519685036
20
-5.3648106299212595
11
5.8681714173228343
21
-5.3676227559055114
0
LINE
8
BLACK
6
CONTINUOUS
10
5.8681714173228343
20
-5.3676227559055114
11
5.8685431496062987
21
-5.3680757086614168
0
LINE
8
BLACK
6
CONTINUOUS
10
5.8685431496062987
20
-5.3680757086614168
11
5.8686609448818894
21
-5.368177874015748
0
LINE
8
BLACK
6
CONTINUOUS
10
5.8686609448818894
20
-5.368177874015748
11
5.8687727165354326
21
-5.3683554330708656
0
LINE
8
BLACK
6
CONTINUOUS
10
5.8687727165354326
20
-5.3683554330708656
11
5.8689058661417324
21
-5.3685176771653538
0
LINE
8
BLACK
6
CONTINUOUS
10
5.8689058661417324
20
-5.3685176771653538
11
5.8689655118110231
21
-5.3686617322834644
0
LINE
8
BLACK
6
CONTINUOUS
10
5.8689655118110231
20
-5.3686617322834644
11
5.8692776771653543
21
-5.3691575984251969
0
LINE
8
BLACK
6
CONTINUOUS
10
5.8692776771653543
20
-5.3691575984251969
11
5.8720898031496063
21
-5.3747819291338583
0
LINE
8
BLACK
6
CONTINUOUS
10
5.8720898031496063
20
-5.3747819291338583
11
5.8725035826771652
21
-5.3758631496062987
0
LINE
8
BLACK
6
CONTINUOUS
10
5.8725035826771652
20
-5.3758631496062987
11
5.8725185826771655
21
-5.3760747637795276
0
LINE
8
BLACK
6
CONTINUOUS
10
5.8725185826771655
20
-5.3760747637795276
11
5.8725998031496065
21
-5.3762707874015749
0
LINE
8
BLACK
6
CONTINUOUS
10
5.8725998031496065
20
-5.3762707874015749
11
5.8727132677165352
21
-5.3774229133858267
0
LINE
8
BLACK
6
CONTINUOUS
10
5.8727132677165352
20
-5.3774229133858267
11
5.8727132677165352
21
-5.3830472440944881
0
LINE
8
BLACK
6
CONTINUOUS
10
5.8727132677165352
20
-5.3830472440944881
11
5.8725998031496065
21
-5.3841993700787398
0
LINE
8
BLACK
6
CONTINUOUS
10
5.8725998031496065
20
-5.3841993700787398
11
5.8725185826771655
21
-5.3843953543307084
0
LINE
8
BLACK
6
CONTINUOUS
10
5.8725185826771655
20
-5.3843953543307084
11
5.8725035826771652
21
-5.384607007874016
0
LINE
8
BLACK
6
CONTINUOUS
10
5.8725035826771652
20
-5.384607007874016
11
5.8720898031496063
21
-5.3856882283464564
0
LINE
8
BLACK
6
CONTINUOUS
10
5.8720898031496063
20
-5.3856882283464564
11
5.8692776771653543
21
-5.3913125590551179
0
LINE
8
BLACK
6
CONTINUOUS
10
5.8692776771653543
20
-5.3913125590551179
11
5.8689655118110231
21
-5.3918083858267716
0
LINE
8
BLACK
6
CONTINUOUS
10
5.8689655118110231
20
-5.3918083858267716
11
5.8689058661417324
21
-5.3919524803149601
0
LINE
8
BLACK
6
CONTINUOUS
10
5.8689058661417324
20
-5.3919524803149601
11
5.8687727165354326
21
-5.3921146850393695
0
LINE
8
BLACK
6
CONTINUOUS
10
5.8687727165354326
20
-5.3921146850393695
11
5.8686609448818894
21
-5.3922922834645668
0
LINE
8
BLACK
6
CONTINUOUS
10
5.8686609448818894
20
-5.3922922834645668
11
5.8685431496062987
21
-5.3923944094488192
0
LINE
8
BLACK
6
CONTINUOUS
10
5.8685431496062987
20
-5.3923944094488192
11
5.8681714173228343
21
-5.3928474015748034
0
LINE
8
BLACK
6
CONTINUOUS
10
5.8681714173228343
20
-5.3928474015748034
11
5.8653592519685036
21
-5.3956595275590553
0
LINE
8
BLACK
6
CONTINUOUS
10
5.8653592519685036
20
-5.3956595275590553
11
5.864906496062992
21
-5.396031062992126
0
LINE
8
BLACK
6
CONTINUOUS
10
5.864906496062992
20
-5.396031062992126
11
5.8648042519685042
21
-5.3961489763779529
0
LINE
8
BLACK
6
CONTINUOUS
10
5.8648042519685042
20
-5.3961489763779529
11
5.8646264173228344
21
-5.3962608661417324
0
LINE
8
BLACK
6
CONTINUOUS
10
5.8646264173228344
20
-5.3962608661417324
11
5.8644643307086612
21
-5.3963939370078737
0
LINE
8
BLACK
6
CONTINUOUS
10
5.8644643307086612
20
-5.3963939370078737
11
5.8643203543307081
21
-5.3964535433070866
0
LINE
8
BLACK
6
CONTINUOUS
10
5.8643203543307081
20
-5.3964535433070866
11
5.8638244881889765
21
-5.3967657086614169
0
LINE
8
BLACK
6
CONTINUOUS
10
5.8638244881889765
20
-5.3967657086614169
11
5.8582001968503938
21
-5.3995778740157476
0
LINE
8
BLACK
6
CONTINUOUS
10
5.8582001968503938
20
-5.3995778740157476
11
5.8581159055118111
21
-5.3996101181102363
0
LINE
8
BLACK
6
CONTINUOUS
10
5.8581159055118111
20
-5.3996101181102363
11
5.8580816535433069
21
-5.3996355118110237
0
LINE
8
BLACK
6
CONTINUOUS
10
5.8580816535433069
20
-5.3996355118110237
11
5.8575982677165355
21
-5.3998081889763778
0
LINE
8
BLACK
6
CONTINUOUS
10
5.8575982677165355
20
-5.3998081889763778
11
5.8571189763779525
21
-5.3999916141732278
0
LINE
8
BLACK
6
CONTINUOUS
10
5.8571189763779525
20
-5.3999916141732278
11
5.8570764173228342
21
-5.3999946062992121
0
LINE
8
BLACK
6
CONTINUOUS
10
5.8570764173228342
20
-5.3999946062992121
11
5.8569914566929135
21
-5.4000250000000003
0
LINE
8
BLACK
6
CONTINUOUS
10
5.8569914566929135
20
-5.4000250000000003
11
5.8463718503937008
21
-5.4026798818897639
0
LINE
8
BLACK
6
CONTINUOUS
10
5.8463718503937008
20
-5.4026798818897639
11
5.842184488188976
21
-5.4047735433070869
0
LINE
8
BLACK
6
CONTINUOUS
10
5.842184488188976
20
-5.4047735433070869
11
5.8407275984251967
21
-5.4062304330708661
0
LINE
8
BLACK
6
CONTINUOUS
10
5.8407275984251967
20
-5.4062304330708661
11
5.8389674803149605
21
-5.4097506692913386
0
LINE
8
BLACK
6
CONTINUOUS
10
5.8389674803149605
20
-5.4097506692913386
11
5.8389674803149605
21
-5.4125867322834642
0
LINE
8
BLACK
6
CONTINUOUS
10
5.8389674803149605
20
-5.4125867322834642
11
5.8407275984251967
21
-5.4161069685039367
0
LINE
8
BLACK
6
CONTINUOUS
10
5.8407275984251967
20
-5.4161069685039367
11
5.8421844488188972
21
-5.4175638188976381
0
LINE
8
BLACK
6
CONTINUOUS
10
5.8421844488188972
20
-5.4175638188976381
11
5.8457046850393697
21
-5.4193239370078743
0
LINE
8
BLACK
6
CONTINUOUS
10
5.8457046850393697
20
-5.4193239370078743
11
5.8574129527559053
21
-5.4193239370078743
0
LINE
8
BLACK
6
CONTINUOUS
10
5.8574129527559053
20
-5.4193239370078743
11
5.8649402755905511
21
-5.4168148425196847
0
LINE
8
BLACK
6
CONTINUOUS
10
5.8649402755905511
20
-5.4168148425196847
11
5.8660691732283468
21
-5.4165581889763779
0
LINE
8
BLACK
6
CONTINUOUS
10
5.8660691732283468
20
-5.4165581889763779
11
5.8683675984251966
21
-5.4167215354330711
0
LINE
8
BLACK
6
CONTINUOUS
10
5.8683675984251966
20
-5.4167215354330711
11
5.8704285039370081
21
-5.4177520078740153
0
LINE
8
BLACK
6
CONTINUOUS
10
5.8704285039370081
20
-5.4177520078740153
11
5.8719382283464565
21
-5.4194927165354327
0
LINE
8
BLACK
6
CONTINUOUS
10
5.8719382283464565
20
-5.4194927165354327
11
5.8726668897637797
21
-5.4216787401574802
0
LINE
8
BLACK
6
CONTINUOUS
10
5.8726668897637797
20
-5.4216787401574802
11
5.8725035433070865
21
-5.4239771653543309
0
LINE
8
BLACK
6
CONTINUOUS
10
5.8725035433070865
20
-5.4239771653543309
11
5.8714730708661413
21
-5.4260380708661415
0
LINE
8
BLACK
6
CONTINUOUS
10
5.8714730708661413
20
-5.4260380708661415
11
5.8697323622047239
21
-5.4275477952755908
0
LINE
8
BLACK
6
CONTINUOUS
10
5.8697323622047239
20
-5.4275477952755908
11
5.8686752362204722
21
-5.4280198031496063
0
LINE
8
BLACK
6
CONTINUOUS
10
5.8686752362204722
20
-5.4280198031496063
11
5.8602388188976375
21
-5.4308319291338583
0
LINE
8
BLACK
6
CONTINUOUS
10
5.8602388188976375
20
-5.4308319291338583
11
5.8596674409448815
21
-5.4309618110236215
0
LINE
8
BLACK
6
CONTINUOUS
10
5.8596674409448815
20
-5.4309618110236215
11
5.8595234645669292
21
-5.4310214960629919
0
LINE
8
BLACK
6
CONTINUOUS
10
5.8595234645669292
20
-5.4310214960629919
11
5.8593146850393696
21
-5.4310420472440946
0
LINE
8
BLACK
6
CONTINUOUS
10
5.8593146850393696
20
-5.4310420472440946
11
5.8591099212598428
21
-5.4310886220472439
0
LINE
8
BLACK
6
CONTINUOUS
10
5.8591099212598428
20
-5.4310886220472439
11
5.8589542125984249
21
-5.4310775196850392
0
LINE
8
BLACK
6
CONTINUOUS
10
5.8589542125984249
20
-5.4310775196850392
11
5.8583713385826774
21
-5.4311349606299215
0
LINE
8
BLACK
6
CONTINUOUS
10
5.8583713385826774
20
-5.4311349606299215
11
5.8443105905511814
21
-5.4311349606299215
0
LINE
8
BLACK
6
CONTINUOUS
10
5.8443105905511814
20
-5.4311349606299215
11
5.8431584645669288
21
-5.4310214960629919
0
LINE
8
BLACK
6
CONTINUOUS
10
5.8431584645669288
20
-5.4310214960629919
11
5.8429624409448815
21
-5.4309402755905509
0
LINE
8
BLACK
6
CONTINUOUS
10
5.8429624409448815
20
-5.4309402755905509
11
5.8427508267716535
21
-5.4309252755905515
0
LINE
8
BLACK
6
CONTINUOUS
10
5.8427508267716535
20
-5.4309252755905515
11
5.8416696062992122
21
-5.4305114960629917
0
LINE
8
BLACK
6
CONTINUOUS
10
5.8416696062992122
20
-5.4305114960629917
11
5.8360452755905508
21
-5.4276993700787397
0
LINE
8
BLACK
6
CONTINUOUS
10
5.8360452755905508
20
-5.4276993700787397
11
5.8355495275590554
21
-5.4273872834645669
0
LINE
8
BLACK
6
CONTINUOUS
10
5.8355495275590554
20
-5.4273872834645669
11
5.8354053937007873
21
-5.4273275984251965
0
LINE
8
BLACK
6
CONTINUOUS
10
5.8354053937007873
20
-5.4273275984251965
11
5.8352430708661416
21
-5.4271943700787402
0
LINE
8
BLACK
6
CONTINUOUS
10
5.8352430708661416
20
-5.4271943700787402
11
5.8350655511811018
21
-5.4270826377952757
0
LINE
8
BLACK
6
CONTINUOUS
10
5.8350655511811018
20
-5.4270826377952757
11
5.8349633858267715
21
-5.426964842519685
0
LINE
8
BLACK
6
CONTINUOUS
10
5.8349633858267715
20
-5.426964842519685
11
5.8345104724409449
21
-5.4265931496062993
0
LINE
8
BLACK
6
CONTINUOUS
10
5.8345104724409449
20
-5.4265931496062993
11
5.8316983070866142
21
-5.4237809842519686
0
LINE
8
BLACK
6
CONTINUOUS
10
5.8316983070866142
20
-5.4237809842519686
11
5.8313266535433073
21
-5.4233281496062995
0
LINE
8
BLACK
6
CONTINUOUS
10
5.8313266535433073
20
-5.4233281496062995
11
5.8312088188976379
21
-5.4232259448818896
0
LINE
8
BLACK
6
CONTINUOUS
10
5.8312088188976379
20
-5.4232259448818896
11
5.8310969685039371
21
-5.4230482283464569
0
LINE
8
BLACK
6
CONTINUOUS
10
5.8310969685039371
20
-5.4230482283464569
11
5.8309638582677161
21
-5.4228860629921263
0
LINE
8
BLACK
6
CONTINUOUS
10
5.8309638582677161
20
-5.4228860629921263
11
5.8309041732283466
21
-5.4227419685039369
0
LINE
8
BLACK
6
CONTINUOUS
10
5.8309041732283466
20
-5.4227419685039369
11
5.8305920866141729
21
-5.4222461811023619
0
LINE
8
BLACK
6
CONTINUOUS
10
5.8305920866141729
20
-5.4222461811023619
11
5.8277799212598422
21
-5.4166218897637792
0
LINE
8
BLACK
6
CONTINUOUS
10
5.8277799212598422
20
-5.4166218897637792
11
5.827366181102362
21
-5.4155406692913388
0
LINE
8
BLACK
6
CONTINUOUS
10
5.827366181102362
20
-5.4155406692913388
11
5.827351141732283
21
-5.4153290551181099
0
LINE
8
BLACK
6
CONTINUOUS
10
5.827351141732283
20
-5.4153290551181099
11
5.827269921259842
21
-5.4151329921259839
0
LINE
8
BLACK
6
CONTINUOUS
10
5.827269921259842
20
-5.4151329921259839
11
5.8271564566929133
21
-5.4139808661417321
0
LINE
8
BLACK
6
CONTINUOUS
10
5.8271564566929133
20
-5.4139808661417321
11
5.8271564566929133
21
-5.4083565748031495
0
LINE
8
BLACK
6
CONTINUOUS
10
5.8271564566929133
20
-5.4083565748031495
11
5.827269921259842
21
-5.4072044488188977
0
LINE
8
BLACK
6
CONTINUOUS
10
5.827269921259842
20
-5.4072044488188977
11
5.827351141732283
21
-5.4070083464566929
0
LINE
8
BLACK
6
CONTINUOUS
10
5.827351141732283
20
-5.4070083464566929
11
5.827366181102362
21
-5.4067967716535428
0
LINE
8
BLACK
6
CONTINUOUS
10
5.827366181102362
20
-5.4067967716535428
11
5.8277799212598422
21
-5.4057155511811024
0
LINE
8
BLACK
6
CONTINUOUS
10
5.8277799212598422
20
-5.4057155511811024
11
5.8305920866141729
21
-5.4000912598425197
0
LINE
8
BLACK
6
CONTINUOUS
10
5.8305920866141729
20
-5.4000912598425197
11
5.8309041732283466
21
-5.399595433070866
0
LINE
8
BLACK
6
CONTINUOUS
10
5.8309041732283466
20
-5.399595433070866
11
5.8309638582677161
21
-5.3994513779527562
0
LINE
8
BLACK
6
CONTINUOUS
10
5.8309638582677161
20
-5.3994513779527562
11
5.8310969685039371
21
-5.3992891732283459
0
LINE
8
BLACK
6
CONTINUOUS
10
5.8310969685039371
20
-5.3992891732283459
11
5.8312088188976379
21
-5.399111496062992
0
LINE
8
BLACK
6
CONTINUOUS
10
5.8312088188976379
20
-5.399111496062992
11
5.8313266535433073
21
-5.3990092519685042
0
LINE
8
BLACK
6
CONTINUOUS
10
5.8313266535433073
20
-5.3990092519685042
11
5.8316983070866142
21
-5.398556456692913
0
LINE
8
BLACK
6
CONTINUOUS
10
5.8316983070866142
20
-5.398556456692913
11
5.8345104724409449
21
-5.3957442913385822
0
LINE
8
BLACK
6
CONTINUOUS
10
5.8345104724409449
20
-5.3957442913385822
11
5.8349632677165353
21
-5.3953726771653541
0
LINE
8
BLACK
6
CONTINUOUS
10
5.8349632677165353
20
-5.3953726771653541
11
5.8350655118110231
21
-5.3952548031496059
0
LINE
8
BLACK
6
CONTINUOUS
10
5.8350655118110231
20
-5.3952548031496059
11
5.8352431889763778
21
-5.3951429527559052
0
LINE
8
BLACK
6
CONTINUOUS
10
5.8352431889763778
20
-5.3951429527559052
11
5.8354053937007873
21
-5.3950098425196851
0
LINE
8
BLACK
6
CONTINUOUS
10
5.8354053937007873
20
-5.3950098425196851
11
5.8355494488188979
21
-5.3949501574803147
0
LINE
8
BLACK
6
CONTINUOUS
10
5.8355494488188979
20
-5.3949501574803147
11
5.8360452755905508
21
-5.3946380708661419
0
LINE
8
BLACK
6
CONTINUOUS
10
5.8360452755905508
20
-5.3946380708661419
11
5.8416695275590547
21
-5.3918259055118112
0
LINE
8
BLACK
6
CONTINUOUS
10
5.8416695275590547
20
-5.3918259055118112
11
5.8417538582677162
21
-5.3917936220472438
0
LINE
8
BLACK
6
CONTINUOUS
10
5.8417538582677162
20
-5.3917936220472438
11
5.8417881102362204
21
-5.3917682677165351
0
LINE
8
BLACK
6
CONTINUOUS
10
5.8417881102362204
20
-5.3917682677165351
11
5.8422712204724405
21
-5.3915956299212597
0
LINE
8
BLACK
6
CONTINUOUS
10
5.8422712204724405
20
-5.3915956299212597
11
5.8427507874015747
21
-5.391412165354331
0
LINE
8
BLACK
6
CONTINUOUS
10
5.8427507874015747
20
-5.391412165354331
11
5.8427933070866143
21
-5.3914091338582679
0
LINE
8
BLACK
6
CONTINUOUS
10
5.8427933070866143
20
-5.3914091338582679
11
5.8428783070866137
21
-5.3913787795275585
0
LINE
8
BLACK
6
CONTINUOUS
10
5.8428783070866137
20
-5.3913787795275585
11
5.8534978740157477
21
-5.3887238976377949
0
LINE
8
BLACK
6
CONTINUOUS
10
5.8534978740157477
20
-5.3887238976377949
11
5.8576853149606301
21
-5.3866301574803153
0
LINE
8
BLACK
6
CONTINUOUS
10
5.8576853149606301
20
-5.3866301574803153
11
5.8591421653543305
21
-5.3851733070866139
0
LINE
8
BLACK
6
CONTINUOUS
10
5.8591421653543305
20
-5.3851733070866139
11
5.860902244094488
21
-5.3816531496062989
0
LINE
8
BLACK
6
CONTINUOUS
10
5.860902244094488
20
-5.3816531496062989
11
5.860902244094488
21
-5.3788169685039371
0
LINE
8
BLACK
6
CONTINUOUS
10
5.860902244094488
20
-5.3788169685039371
11
5.8591421653543305
21
-5.3752968110236221
0
LINE
8
BLACK
6
CONTINUOUS
10
5.8591421653543305
20
-5.3752968110236221
11
5.8576853149606301
21
-5.3738399606299208
0
LINE
8
BLACK
6
CONTINUOUS
10
5.8576853149606301
20
-5.3738399606299208
11
5.8541650787401576
21
-5.3720798425196845
0
LINE
8
BLACK
6
CONTINUOUS
10
5.8541650787401576
20
-5.3720798425196845
11
5.8424568110236219
21
-5.3720798425196845
0
LINE
8
BLACK
6
CONTINUOUS
10
5.8424568110236219
20
-5.3720798425196845
11
5.8349294488188974
21
-5.3745889370078741
0
LINE
8
BLACK
6
CONTINUOUS
10
5.8349294488188974
20
-5.3745889370078741
11
5.8338005905511814
21
-5.3748456299212597
0
LINE
8
BLACK
6
CONTINUOUS
10
5.8338005905511814
20
-5.3748456299212597
11
5.8315021653543306
21
-5.3746822834645664
0
LINE
8
BLACK
6
CONTINUOUS
10
5.8315021653543306
20
-5.3746822834645664
11
5.8294412598425192
21
-5.373651850393701
0
LINE
8
BLACK
6
CONTINUOUS
10
5.8294412598425192
20
-5.373651850393701
11
5.827931496062992
21
-5.3719111023622048
0
LINE
8
BLACK
6
CONTINUOUS
10
5.827931496062992
20
-5.3719111023622048
11
5.8272028346456688
21
-5.3697251181102361
0
LINE
8
BLACK
6
CONTINUOUS
10
5.8272028346456688
20
-5.3697251181102361
11
5.827366181102362
21
-5.3674266929133854
0
LINE
8
BLACK
6
CONTINUOUS
10
5.827366181102362
20
-5.3674266929133854
11
5.8283966141732284
21
-5.3653657874015748
0
LINE
8
BLACK
6
CONTINUOUS
10
5.8283966141732284
20
-5.3653657874015748
11
5.8301373622047246
21
-5.3638560236220467
0
LINE
8
BLACK
6
CONTINUOUS
10
5.8301373622047246
20
-5.3638560236220467
11
5.8311944881889763
21
-5.36338405511811
0
LINE
8
BLACK
6
CONTINUOUS
10
5.8311944881889763
20
-5.36338405511811
11
5.839630905511811
21
-5.3605718897637793
0
LINE
8
BLACK
6
CONTINUOUS
10
5.839630905511811
20
-5.3605718897637793
11
5.840202125984252
21
-5.3604419685039373
0
LINE
8
BLACK
6
CONTINUOUS
10
5.840202125984252
20
-5.3604419685039373
11
5.8403462992125981
21
-5.3603822834645669
0
LINE
8
BLACK
6
CONTINUOUS
10
5.8403462992125981
20
-5.3603822834645669
11
5.8405552755905514
21
-5.3603616929133855
0
LINE
8
BLACK
6
CONTINUOUS
10
5.8405552755905514
20
-5.3603616929133855
11
5.8407598031496057
21
-5.3603151968503937
0
LINE
8
BLACK
6
CONTINUOUS
10
5.8407598031496057
20
-5.3603151968503937
11
5.8409152755905511
21
-5.3603262204724409
0
LINE
8
BLACK
6
CONTINUOUS
10
5.8409152755905511
20
-5.3603262204724409
11
5.8414984251968507
21
-5.3602688188976373
0
LINE
8
BLACK
6
CONTINUOUS
10
5.8414984251968507
20
-5.3602688188976373
11
5.8555591732283467
21
-5.3602688188976373
0
LINE
8
BLACK
6
CONTINUOUS
10
5.8555591732283467
20
-5.3602688188976373
11
5.8567112992125985
21
-5.3603822834645669
0
LINE
8
BLACK
6
CONTINUOUS
10
5.9804458267716534
20
-5.3603822834645669
11
5.982574645669291
21
-5.3612640944881891
0
LINE
8
BLACK
6
CONTINUOUS
10
5.982574645669291
20
-5.3612640944881891
11
5.9842039370078739
21
-5.3628933858267711
0
LINE
8
BLACK
6
CONTINUOUS
10
5.9842039370078739
20
-5.3628933858267711
11
5.9850857480314961
21
-5.3650222047244096
0
LINE
8
BLACK
6
CONTINUOUS
10
5.9850857480314961
20
-5.3650222047244096
11
5.9851992125984248
21
-5.3661743307086613
0
LINE
8
BLACK
6
CONTINUOUS
10
5.9851992125984248
20
-5.3661743307086613
11
5.9851992125984248
21
-5.4252294488188975
0
LINE
8
BLACK
6
CONTINUOUS
10
5.9851992125984248
20
-5.4252294488188975
11
5.9850857480314961
21
-5.4263815354330704
0
LINE
8
BLACK
6
CONTINUOUS
10
5.9850857480314961
20
-5.4263815354330704
11
5.9850857480314961
21
-5.4263815748031492
0
LINE
8
BLACK
6
CONTINUOUS
10
5.9850857480314961
20
-5.4263815748031492
11
5.9842039370078739
21
-5.4285103937007877
0
LINE
8
BLACK
6
CONTINUOUS
10
5.9842039370078739
20
-5.4285103937007877
11
5.982574645669291
21
-5.4301396850393697
0
LINE
8
BLACK
6
CONTINUOUS
10
5.982574645669291
20
-5.4301396850393697
11
5.9804458267716534
21
-5.4310214960629919
0
LINE
8
BLACK
6
CONTINUOUS
10
5.9804458267716534
20
-5.4310214960629919
11
5.9792937007874016
21
-5.4311349606299215
0
LINE
8
BLACK
6
CONTINUOUS
10
5.9792937007874016
20
-5.4311349606299215
11
5.9652329527559056
21
-5.4311349606299215
0
LINE
8
BLACK
6
CONTINUOUS
10
5.9652329527559056
20
-5.4311349606299215
11
5.9646500393700785
21
-5.4310775196850392
0
LINE
8
BLACK
6
CONTINUOUS
10
5.9646500393700785
20
-5.4310775196850392
11
5.9644943700787403
21
-5.4310886220472439
0
LINE
8
BLACK
6
CONTINUOUS
10
5.9644943700787403
20
-5.4310886220472439
11
5.9642895669291338
21
-5.4310420472440946
0
LINE
8
BLACK
6
CONTINUOUS
10
5.9642895669291338
20
-5.4310420472440946
11
5.964080826771653
21
-5.4310214960629919
0
LINE
8
BLACK
6
CONTINUOUS
10
5.964080826771653
20
-5.4310214960629919
11
5.9639368110236219
21
-5.4309618110236215
0
LINE
8
BLACK
6
CONTINUOUS
10
5.9639368110236219
20
-5.4309618110236215
11
5.9633654724409446
21
-5.4308319291338583
0
LINE
8
BLACK
6
CONTINUOUS
10
5.9633654724409446
20
-5.4308319291338583
11
5.9549290157480312
21
-5.4280198031496063
0
LINE
8
BLACK
6
CONTINUOUS
10
5.9549290157480312
20
-5.4280198031496063
11
5.9538718897637795
21
-5.4275478346456696
0
LINE
8
BLACK
6
CONTINUOUS
10
5.9538718897637795
20
-5.4275478346456696
11
5.9537115748031493
21
-5.4274087795275587
0
LINE
8
BLACK
6
CONTINUOUS
10
5.9537115748031493
20
-5.4274087795275587
11
5.953515551181102
21
-5.4273275984251965
0
LINE
8
BLACK
6
CONTINUOUS
10
5.953515551181102
20
-5.4273275984251965
11
5.9526206692913384
21
-5.4265931496062993
0
LINE
8
BLACK
6
CONTINUOUS
10
5.9526206692913384
20
-5.4265931496062993
11
5.9469963779527557
21
-5.4209688188976379
0
LINE
8
BLACK
6
CONTINUOUS
10
5.9469963779527557
20
-5.4209688188976379
11
5.9466247244094488
21
-5.4205159842519688
0
LINE
8
BLACK
6
CONTINUOUS
10
5.9466247244094488
20
-5.4205159842519688
11
5.9465068897637794
21
-5.4204137795275589
0
LINE
8
BLACK
6
CONTINUOUS
10
5.9465068897637794
20
-5.4204137795275589
11
5.9463950393700786
21
-5.4202360629921262
0
LINE
8
BLACK
6
CONTINUOUS
10
5.9463950393700786
20
-5.4202360629921262
11
5.9462619291338585
21
-5.4200738976377956
0
LINE
8
BLACK
6
CONTINUOUS
10
5.9462619291338585
20
-5.4200738976377956
11
5.9462022440944882
21
-5.4199298031496062
0
LINE
8
BLACK
6
CONTINUOUS
10
5.9462022440944882
20
-5.4199298031496062
11
5.9458901574803145
21
-5.4194340157480312
0
LINE
8
BLACK
6
CONTINUOUS
10
5.9458901574803145
20
-5.4194340157480312
11
5.9430779921259838
21
-5.4138097244094485
0
LINE
8
BLACK
6
CONTINUOUS
10
5.9430779921259838
20
-5.4138097244094485
11
5.9430457086614172
21
-5.4137254330708657
0
LINE
8
BLACK
6
CONTINUOUS
10
5.9430457086614172
20
-5.4137254330708657
11
5.9430203543307085
21
-5.4136911811023625
0
LINE
8
BLACK
6
CONTINUOUS
10
5.9430203543307085
20
-5.4136911811023625
11
5.9428476377952757
21
-5.4132077952755902
0
LINE
8
BLACK
6
CONTINUOUS
10
5.9428476377952757
20
-5.4132077952755902
11
5.9426642519685036
21
-5.4127285039370081
0
LINE
8
BLACK
6
CONTINUOUS
10
5.9426642519685036
20
-5.4127285039370081
11
5.9426612204724405
21
-5.4126859448818898
0
LINE
8
BLACK
6
CONTINUOUS
10
5.9426612204724405
20
-5.4126859448818898
11
5.942630866141732
21
-5.4126009842519682
0
LINE
8
BLACK
6
CONTINUOUS
10
5.942630866141732
20
-5.4126009842519682
11
5.93981874015748
21
-5.4013524015748029
0
LINE
8
BLACK
6
CONTINUOUS
10
5.93981874015748
20
-5.4013524015748029
11
5.9397892125984253
21
-5.4011527165354334
0
LINE
8
BLACK
6
CONTINUOUS
10
5.9397892125984253
20
-5.4011527165354334
11
5.9397558661417325
21
-5.4010722440944878
0
LINE
8
BLACK
6
CONTINUOUS
10
5.9397558661417325
20
-5.4010722440944878
11
5.9397131102362204
21
-5.400638267716535
0
LINE
8
BLACK
6
CONTINUOUS
10
5.9397131102362204
20
-5.400638267716535
11
5.9396493700787403
21
-5.4002071653543302
0
LINE
8
BLACK
6
CONTINUOUS
10
5.9396493700787403
20
-5.4002071653543302
11
5.9396621653543304
21
-5.4001210236220469
0
LINE
8
BLACK
6
CONTINUOUS
10
5.9396621653543304
20
-5.4001210236220469
11
5.9396424015748028
21
-5.3999201181102361
0
LINE
8
BLACK
6
CONTINUOUS
10
5.9396424015748028
20
-5.3999201181102361
11
5.9396424015748028
21
-5.3914836614173227
0
LINE
8
BLACK
6
CONTINUOUS
10
5.9396424015748028
20
-5.3914836614173227
11
5.9396621653543304
21
-5.3912827165354331
0
LINE
8
BLACK
6
CONTINUOUS
10
5.9396621653543304
20
-5.3912827165354331
11
5.9396493700787403
21
-5.3911966141732286
0
LINE
8
BLACK
6
CONTINUOUS
10
5.9396493700787403
20
-5.3911966141732286
11
5.9397131102362204
21
-5.3907654724409451
0
LINE
8
BLACK
6
CONTINUOUS
10
5.9397131102362204
20
-5.3907654724409451
11
5.9397558661417325
21
-5.390331535433071
0
LINE
8
BLACK
6
CONTINUOUS
10
5.9397558661417325
20
-5.390331535433071
11
5.9397892125984253
21
-5.3902510236220476
0
LINE
8
BLACK
6
CONTINUOUS
10
5.9397892125984253
20
-5.3902510236220476
11
5.93981874015748
21
-5.3900513779527559
0
LINE
8
BLACK
6
CONTINUOUS
10
5.93981874015748
20
-5.3900513779527559
11
5.942630866141732
21
-5.3788027952755906
0
LINE
8
BLACK
6
CONTINUOUS
10
5.942630866141732
20
-5.3788027952755906
11
5.9426612204724405
21
-5.3787177952755902
0
LINE
8
BLACK
6
CONTINUOUS
10
5.9426612204724405
20
-5.3787177952755902
11
5.9426642519685036
21
-5.3786752755905507
0
LINE
8
BLACK
6
CONTINUOUS
10
5.9426642519685036
20
-5.3786752755905507
11
5.9428476377952757
21
-5.3781959448818899
0
LINE
8
BLACK
6
CONTINUOUS
10
5.9428476377952757
20
-5.3781959448818899
11
5.9430203543307085
21
-5.3777125984251963
0
LINE
8
BLACK
6
CONTINUOUS
10
5.9430203543307085
20
-5.3777125984251963
11
5.9430457086614172
21
-5.3776783070866143
0
LINE
8
BLACK
6
CONTINUOUS
10
5.9430457086614172
20
-5.3776783070866143
11
5.9430779921259838
21
-5.3775940551181103
0
LINE
8
BLACK
6
CONTINUOUS
10
5.9430779921259838
20
-5.3775940551181103
11
5.9458901574803145
21
-5.3719697637795276
0
LINE
8
BLACK
6
CONTINUOUS
10
5.9458901574803145
20
-5.3719697637795276
11
5.9462022440944882
21
-5.3714739370078739
0
LINE
8
BLACK
6
CONTINUOUS
10
5.9462022440944882
20
-5.3714739370078739
11
5.9462619291338585
21
-5.3713298818897632
0
LINE
8
BLACK
6
CONTINUOUS
10
5.9462619291338585
20
-5.3713298818897632
11
5.9463950393700786
21
-5.3711676771653538
0
LINE
8
BLACK
6
CONTINUOUS
10
5.9463950393700786
20
-5.3711676771653538
11
5.9465068897637794
21
-5.3709899999999999
0
LINE
8
BLACK
6
CONTINUOUS
10
5.9465068897637794
20
-5.3709899999999999
11
5.9466247244094488
21
-5.3708877559055113
0
LINE
8
BLACK
6
CONTINUOUS
10
5.9466247244094488
20
-5.3708877559055113
11
5.9469963779527557
21
-5.3704349606299209
0
LINE
8
BLACK
6
CONTINUOUS
10
5.9469963779527557
20
-5.3704349606299209
11
5.9526206692913384
21
-5.3648106692913382
0
LINE
8
BLACK
6
CONTINUOUS
10
5.9526206692913384
20
-5.3648106692913382
11
5.953515551181102
21
-5.364076220472441
0
LINE
8
BLACK
6
CONTINUOUS
10
5.953515551181102
20
-5.364076220472441
11
5.9537116535433068
21
-5.3639949606299213
0
LINE
8
BLACK
6
CONTINUOUS
10
5.9537116535433068
20
-5.3639949606299213
11
5.9538718897637795
21
-5.3638560236220467
0
LINE
8
BLACK
6
CONTINUOUS
10
5.9538718897637795
20
-5.3638560236220467
11
5.9549290157480312
21
-5.36338405511811
0
LINE
8
BLACK
6
CONTINUOUS
10
5.9549290157480312
20
-5.36338405511811
11
5.9633654330708659
21
-5.3605718897637793
0
LINE
8
BLACK
6
CONTINUOUS
10
5.9633654330708659
20
-5.3605718897637793
11
5.9639366535433069
21
-5.3604419685039373
0
LINE
8
BLACK
6
CONTINUOUS
10
5.9639366535433069
20
-5.3604419685039373
11
5.964080826771653
21
-5.3603822834645669
0
LINE
8
BLACK
6
CONTINUOUS
10
5.964080826771653
20
-5.3603822834645669
11
5.9642898031496063
21
-5.3603616929133855
0
LINE
8
BLACK
6
CONTINUOUS
10
5.9642898031496063
20
-5.3603616929133855
11
5.9644943307086615
21
-5.3603151968503937
0
LINE
8
BLACK
6
CONTINUOUS
10
5.9644943307086615
20
-5.3603151968503937
11
5.964649803149606
21
-5.3603262204724409
0
LINE
8
BLACK
6
CONTINUOUS
10
5.964649803149606
20
-5.3603262204724409
11
5.9652329527559056
21
-5.3602688188976373
0
LINE
8
BLACK
6
CONTINUOUS
10
5.9652329527559056
20
-5.3602688188976373
11
5.9792937007874016
21
-5.3602688188976373
0
LINE
8
BLACK
6
CONTINUOUS
10
5.9792937007874016
20
-5.3602688188976373
11
5.9804458267716534
21
-5.3603822834645669
0
LINE
8
BLACK
6
CONTINUOUS
10
5.959986535433071
20
-5.3741480708661413
11
5.9560256692913383
21
-5.3781089370078741
0
LINE
8
BLACK
6
CONTINUOUS
10
5.9560256692913383
20
-5.3781089370078741
11
5.9539319291338577
21
-5.3822963385826768
0
LINE
8
BLACK
6
CONTINUOUS
10
5.9539319291338577
20
-5.3822963385826768
11
5.9514534251968501
21
-5.392210551181102
0
LINE
8
BLACK
6
CONTINUOUS
10
5.9514534251968501
20
-5.392210551181102
11
5.9514534251968501
21
-5.399193188976378
0
LINE
8
BLACK
6
CONTINUOUS
10
5.9514534251968501
20
-5.399193188976378
11
5.9539319291338577
21
-5.4091074015748033
0
LINE
8
BLACK
6
CONTINUOUS
10
5.9539319291338577
20
-5.4091074015748033
11
5.9560256692913383
21
-5.413294803149606
0
LINE
8
BLACK
6
CONTINUOUS
10
5.9560256692913383
20
-5.413294803149606
11
5.9599864960629922
21
-5.4172556692913387
0
LINE
8
BLACK
6
CONTINUOUS
10
5.9599864960629922
20
-5.4172556692913387
11
5.9661913385826768
21
-5.4193239370078743
0
LINE
8
BLACK
6
CONTINUOUS
10
5.9661913385826768
20
-5.4193239370078743
11
5.9733881889763776
21
-5.4193239370078743
0
LINE
8
BLACK
6
CONTINUOUS
10
5.9733881889763776
20
-5.4193239370078743
11
5.9733881889763776
21
-5.3720798425196845
0
LINE
8
BLACK
6
CONTINUOUS
10
5.9733881889763776
20
-5.3720798425196845
11
5.9661913385826768
21
-5.3720798425196845
0
LINE
8
BLACK
6
CONTINUOUS
10
5.9661913385826768
20
-5.3720798425196845
11
5.959986535433071
21
-5.3741480708661413
0
LINE
8
BLACK
6
CONTINUOUS
10
6.0338766535433068
20
-5.3603822834645669
11
6.0360054724409444
21
-5.3612640944881891
0
LINE
8
BLACK
6
CONTINUOUS
10
6.0360054724409444
20
-5.3612640944881891
11
6.0376347637795273
21
-5.3628933858267711
0
LINE
8
BLACK
6
CONTINUOUS
10
6.0376347637795273
20
-5.3628933858267711
11
6.0385165748031495
21
-5.3650222047244096
0
LINE
8
BLACK
6
CONTINUOUS
10
6.0385165748031495
20
-5.3650222047244096
11
6.0386300393700783
21
-5.3661743307086613
0
LINE
8
BLACK
6
CONTINUOUS
10
6.0386300393700783
20
-5.3661743307086613
11
6.0386300393700783
21
-5.4252294488188975
0
LINE
8
BLACK
6
CONTINUOUS
10
6.0386300393700783
20
-5.4252294488188975
11
6.0385165748031495
21
-5.4263815354330704
0
LINE
8
BLACK
6
CONTINUOUS
10
6.0385165748031495
20
-5.4263815354330704
11
6.0385165748031495
21
-5.4263815748031492
0
LINE
8
BLACK
6
CONTINUOUS
10
6.0385165748031495
20
-5.4263815748031492
11
6.0376347637795273
21
-5.4285103937007877
0
LINE
8
BLACK
6
CONTINUOUS
10
6.0376347637795273
20
-5.4285103937007877
11
6.0360054724409444
21
-5.4301396850393697
0
LINE
8
BLACK
6
CONTINUOUS
10
6.0360054724409444
20
-5.4301396850393697
11
6.0338766535433068
21
-5.4310214960629919
0
LINE
8
BLACK
6
CONTINUOUS
10
6.0338766535433068
20
-5.4310214960629919
11
6.0327245275590551
21
-5.4311349606299215
0
LINE
8
BLACK
6
CONTINUOUS
10
6.0327245275590551
20
-5.4311349606299215
11
6.004603031496063
21
-5.4311349606299215
0
LINE
8
BLACK
6
CONTINUOUS
10
6.004603031496063
20
-5.4311349606299215
11
6.0034509055118113
21
-5.4310214960629919
0
LINE
8
BLACK
6
CONTINUOUS
10
6.0034509055118113
20
-5.4310214960629919
11
6.0013220866141728
21
-5.4301396850393697
0
LINE
8
BLACK
6
CONTINUOUS
10
6.0013220866141728
20
-5.4301396850393697
11
5.9996927952755907
21
-5.4285103937007877
0
LINE
8
BLACK
6
CONTINUOUS
10
5.9996927952755907
20
-5.4285103937007877
11
5.9988109842519686
21
-5.4263815748031492
0
LINE
8
BLACK
6
CONTINUOUS
10
5.9988109842519686
20
-5.4263815748031492
11
5.9988109842519686
21
-5.4240773228346457
0
LINE
8
BLACK
6
CONTINUOUS
10
5.9988109842519686
20
-5.4240773228346457
11
5.9996927952755907
21
-5.4219485039370081
0
LINE
8
BLACK
6
CONTINUOUS
10
5.9996927952755907
20
-5.4219485039370081
11
6.0013220866141728
21
-5.4203192125984252
0
LINE
8
BLACK
6
CONTINUOUS
10
6.0013220866141728
20
-5.4203192125984252
11
6.0034509055118113
21
-5.419437401574803
0
LINE
8
BLACK
6
CONTINUOUS
10
6.0034509055118113
20
-5.419437401574803
11
6.004603031496063
21
-5.4193239370078743
0
LINE
8
BLACK
6
CONTINUOUS
10
6.004603031496063
20
-5.4193239370078743
11
6.026819015748031
21
-5.4193239370078743
0
LINE
8
BLACK
6
CONTINUOUS
10
6.026819015748031
20
-5.4193239370078743
11
6.026819015748031
21
-5.4002013385826775
0
LINE
8
BLACK
6
CONTINUOUS
10
6.026819015748031
20
-5.4002013385826775
11
6.0130394881889764
21
-5.4002013385826775
0
LINE
8
BLACK
6
CONTINUOUS
10
6.0130394881889764
20
-5.4002013385826775
11
6.0118873622047246
21
-5.4000878740157479
0
LINE
8
BLACK
6
CONTINUOUS
10
6.0118873622047246
20
-5.4000878740157479
11
6.0097585433070861
21
-5.3992060629921257
0
LINE
8
BLACK
6
CONTINUOUS
10
6.0097585433070861
20
-5.3992060629921257
11
6.0081292519685041
21
-5.3975767716535428
0
LINE
8
BLACK
6
CONTINUOUS
10
6.0081292519685041
20
-5.3975767716535428
11
6.0072474409448819
21
-5.3954479527559052
0
LINE
8
BLACK
6
CONTINUOUS
10
6.0072474409448819
20
-5.3954479527559052
11
6.0072474409448819
21
-5.3931437007874017
0
LINE
8
BLACK
6
CONTINUOUS
10
6.0072474409448819
20
-5.3931437007874017
11
6.0081292519685041
21
-5.3910148818897641
0
LINE
8
BLACK
6
CONTINUOUS
10
6.0081292519685041
20
-5.3910148818897641
11
6.0097585433070861
21
-5.3893855905511812
0
LINE
8
BLACK
6
CONTINUOUS
10
6.0097585433070861
20
-5.3893855905511812
11
6.0118873622047246
21
-5.388503779527559
0
LINE
8
BLACK
6
CONTINUOUS
10
6.0118873622047246
20
-5.388503779527559
11
6.0130394881889764
21
-5.3883903149606294
0
LINE
8
BLACK
6
CONTINUOUS
10
6.0130394881889764
20
-5.3883903149606294
11
6.026819015748031
21
-5.3883903149606294
0
LINE
8
BLACK
6
CONTINUOUS
10
6.026819015748031
20
-5.3883903149606294
11
6.026819015748031
21
-5.3720798425196845
0
LINE
8
BLACK
6
CONTINUOUS
10
6.026819015748031
20
-5.3720798425196845
11
6.004603031496063
21
-5.3720798425196845
0
LINE
8
BLACK
6
CONTINUOUS
10
6.004603031496063
20
-5.3720798425196845
11
6.0034509055118113
21
-5.3719663779527558
0
LINE
8
BLACK
6
CONTINUOUS
10
6.0034509055118113
20
-5.3719663779527558
11
6.0013220866141728
21
-5.3710845669291336
0
LINE
8
BLACK
6
CONTINUOUS
10
6.0013220866141728
20
-5.3710845669291336
11
5.9996927952755907
21
-5.3694552755905507
0
LINE
8
BLACK
6
CONTINUOUS
10
5.9996927952755907
20
-5.3694552755905507
11
5.9988109842519686
21
-5.3673264566929131
0
LINE
8
BLACK
6
CONTINUOUS
10
5.9988109842519686
20
-5.3673264566929131
11
5.9988109842519686
21
-5.3650222047244096
0
LINE
8
BLACK
6
CONTINUOUS
10
5.9988109842519686
20
-5.3650222047244096
11
5.9996927952755907
21
-5.3628933858267711
0
LINE
8
BLACK
6
CONTINUOUS
10
5.9996927952755907
20
-5.3628933858267711
11
6.0013220866141728
21
-5.3612640944881891
0
LINE
8
BLACK
6
CONTINUOUS
10
6.0013220866141728
20
-5.3612640944881891
11
6.0034509055118113
21
-5.3603822834645669
0
LINE
8
BLACK
6
CONTINUOUS
10
6.0034509055118113
20
-5.3603822834645669
11
6.004603031496063
21
-5.3602688188976373
0
LINE
8
BLACK
6
CONTINUOUS
10
6.004603031496063
20
-5.3602688188976373
11
6.0327245275590551
21
-5.3602688188976373
0
LINE
8
BLACK
6
CONTINUOUS
10
6.0327245275590551
20
-5.3602688188976373
11
6.0338766535433068
21
-5.3603822834645669
0
LINE
8
BLACK
6
CONTINUOUS
10
6.0838120078740152
20
-5.3612640944881891
11
6.0854412992125981
21
-5.3628933858267711
0
LINE
8
BLACK
6
CONTINUOUS
10
6.0854412992125981
20
-5.3628933858267711
11
6.0863231102362203
21
-5.3650222047244096
0
LINE
8
BLACK
6
CONTINUOUS
10
6.0863231102362203
20
-5.3650222047244096
11
6.086436574803149
21
-5.3661743307086613
0
LINE
8
BLACK
6
CONTINUOUS
10
6.086436574803149
20
-5.3661743307086613
11
6.086436574803149
21
-5.4252294488188975
0
LINE
8
BLACK
6
CONTINUOUS
10
6.086436574803149
20
-5.4252294488188975
11
6.0863231102362203
21
-5.4263815354330704
0
LINE
8
BLACK
6
CONTINUOUS
10
6.0863231102362203
20
-5.4263815354330704
11
6.0863231102362203
21
-5.4263815748031492
0
LINE
8
BLACK
6
CONTINUOUS
10
6.0863231102362203
20
-5.4263815748031492
11
6.0854412992125981
21
-5.4285103937007877
0
LINE
8
BLACK
6
CONTINUOUS
10
6.0854412992125981
20
-5.4285103937007877
11
6.0838120078740152
21
-5.4301396850393697
0
LINE
8
BLACK
6
CONTINUOUS
10
6.0838120078740152
20
-5.4301396850393697
11
6.0816831889763776
21
-5.4310214960629919
0
LINE
8
BLACK
6
CONTINUOUS
10
6.0816831889763776
20
-5.4310214960629919
11
6.0805310629921259
21
-5.4311349606299215
0
LINE
8
BLACK
6
CONTINUOUS
10
6.0805310629921259
20
-5.4311349606299215
11
6.0524095669291338
21
-5.4311349606299215
0
LINE
8
BLACK
6
CONTINUOUS
10
6.0524095669291338
20
-5.4311349606299215
11
6.051257440944882
21
-5.4310214960629919
0
LINE
8
BLACK
6
CONTINUOUS
10
6.051257440944882
20
-5.4310214960629919
11
6.0491286220472436
21
-5.4301396850393697
0
LINE
8
BLACK
6
CONTINUOUS
10
6.0491286220472436
20
-5.4301396850393697
11
6.0474993307086615
21
-5.4285103937007877
0
LINE
8
BLACK
6
CONTINUOUS
10
6.0474993307086615
20
-5.4285103937007877
11
6.0466175196850394
21
-5.4263815748031492
0
LINE
8
BLACK
6
CONTINUOUS
10
6.0466175196850394
20
-5.4263815748031492
11
6.0466175196850394
21
-5.4240773228346457
0
LINE
8
BLACK
6
CONTINUOUS
10
6.0466175196850394
20
-5.4240773228346457
11
6.0474993307086615
21
-5.4219485039370081
0
LINE
8
BLACK
6
CONTINUOUS
10
6.0474993307086615
20
-5.4219485039370081
11
6.0491286220472436
21
-5.4203192125984252
0
LINE
8
BLACK
6
CONTINUOUS
10
6.0491286220472436
20
-5.4203192125984252
11
6.051257440944882
21
-5.419437401574803
0
LINE
8
BLACK
6
CONTINUOUS
10
6.051257440944882
20
-5.419437401574803
11
6.0524095669291338
21
-5.4193239370078743
0
LINE
8
BLACK
6
CONTINUOUS
10
6.0524095669291338
20
-5.4193239370078743
11
6.0746255511811018
21
-5.4193239370078743
0
LINE
8
BLACK
6
CONTINUOUS
10
6.0746255511811018
20
-5.4193239370078743
11
6.0746255511811018
21
-5.3661743307086613
0
LINE
8
BLACK
6
CONTINUOUS
10
6.0746255511811018
20
-5.3661743307086613
11
6.0747390157480314
21
-5.3650222047244096
0
LINE
8
BLACK
6
CONTINUOUS
10
6.0747390157480314
20
-5.3650222047244096
11
6.0756208267716536
21
-5.3628933858267711
0
LINE
8
BLACK
6
CONTINUOUS
10
6.0756208267716536
20
-5.3628933858267711
11
6.0772501181102365
21
-5.3612640944881891
0
LINE
8
BLACK
6
CONTINUOUS
10
6.0772501181102365
20
-5.3612640944881891
11
6.0793789370078741
21
-5.3603822834645669
0
LINE
8
BLACK
6
CONTINUOUS
10
6.0793789370078741
20
-5.3603822834645669
11
6.0816831889763776
21
-5.3603822834645669
0
LINE
8
BLACK
6
CONTINUOUS
10
6.0816831889763776
20
-5.3603822834645669
11
6.0838120078740152
21
-5.3612640944881891
0
LINE
8
BLACK
6
CONTINUOUS
10
5.0636854330708658
20
-5.3603822834645669
11
5.0658142519685034
21
-5.3612640944881891
0
LINE
8
BLACK
6
CONTINUOUS
10
5.0658142519685034
20
-5.3612640944881891
11
5.0674435433070864
21
-5.3628933858267711
0
LINE
8
BLACK
6
CONTINUOUS
10
5.0674435433070864
20
-5.3628933858267711
11
5.0683253543307085
21
-5.3650222047244096
0
LINE
8
BLACK
6
CONTINUOUS
10
5.0683253543307085
20
-5.3650222047244096
11
5.0684388188976373
21
-5.3661743307086613
0
LINE
8
BLACK
6
CONTINUOUS
10
5.0684388188976373
20
-5.3661743307086613
11
5.0684388188976373
21
-5.4252294488188975
0
LINE
8
BLACK
6
CONTINUOUS
10
5.0684388188976373
20
-5.4252294488188975
11
5.0683253543307085
21
-5.4263815748031492
0
LINE
8
BLACK
6
CONTINUOUS
10
5.0683253543307085
20
-5.4263815748031492
11
5.0674435433070864
21
-5.4285103937007877
0
LINE
8
BLACK
6
CONTINUOUS
10
5.0674435433070864
20
-5.4285103937007877
11
5.0658142519685034
21
-5.4301396850393697
0
LINE
8
BLACK
6
CONTINUOUS
10
5.0658142519685034
20
-5.4301396850393697
11
5.0636854330708658
21
-5.4310214960629919
0
LINE
8
BLACK
6
CONTINUOUS
10
5.0636854330708658
20
-5.4310214960629919
11
5.0613811811023623
21
-5.4310214960629919
0
LINE
8
BLACK
6
CONTINUOUS
10
5.0613811811023623
20
-5.4310214960629919
11
5.0592523622047239
21
-5.4301396850393697
0
LINE
8
BLACK
6
CONTINUOUS
10
5.0592523622047239
20
-5.4301396850393697
11
5.0576230708661418
21
-5.4285103937007877
0
LINE
8
BLACK
6
CONTINUOUS
10
5.0576230708661418
20
-5.4285103937007877
11
5.0567412598425197
21
-5.4263815748031492
0
LINE
8
BLACK
6
CONTINUOUS
10
5.0567412598425197
20
-5.4263815748031492
11
5.05662779527559
21
-5.4252294488188975
0
LINE
8
BLACK
6
CONTINUOUS
10
5.05662779527559
20
-5.4252294488188975
11
5.05662779527559
21
-5.4030134645669294
0
LINE
8
BLACK
6
CONTINUOUS
10
5.05662779527559
20
-5.4030134645669294
11
5.0515472834645667
21
-5.4030134645669294
0
LINE
8
BLACK
6
CONTINUOUS
10
5.0515472834645667
20
-5.4030134645669294
11
5.0336255118110236
21
-5.4286160236220473
0
LINE
8
BLACK
6
CONTINUOUS
10
5.0336255118110236
20
-5.4286160236220473
11
5.0328718503937004
21
-5.4294948425196852
0
LINE
8
BLACK
6
CONTINUOUS
10
5.0328718503937004
20
-5.4294948425196852
11
5.030928661417323
21
-5.4307331496062989
0
LINE
8
BLACK
6
CONTINUOUS
10
5.030928661417323
20
-5.4307331496062989
11
5.0286595275590553
21
-5.4311335826771652
0
LINE
8
BLACK
6
CONTINUOUS
10
5.0286595275590553
20
-5.4311335826771652
11
5.0264098425196853
21
-5.4306351968503934
0
LINE
8
BLACK
6
CONTINUOUS
10
5.0264098425196853
20
-5.4306351968503934
11
5.0245221259842516
21
-5.4293137795275586
0
LINE
8
BLACK
6
CONTINUOUS
10
5.0245221259842516
20
-5.4293137795275586
11
5.0232838188976379
21
-5.4273705905511811
0
LINE
8
BLACK
6
CONTINUOUS
10
5.0232838188976379
20
-5.4273705905511811
11
5.0228833858267716
21
-5.4251014566929134
0
LINE
8
BLACK
6
CONTINUOUS
10
5.0228833858267716
20
-5.4251014566929134
11
5.0233817716535434
21
-5.4228517716535434
0
LINE
8
BLACK
6
CONTINUOUS
10
5.0233817716535434
20
-5.4228517716535434
11
5.0239495275590551
21
-5.4218428740157476
0
LINE
8
BLACK
6
CONTINUOUS
10
5.0239495275590551
20
-5.4218428740157476
11
5.0375303149606294
21
-5.4024417322834646
0
LINE
8
BLACK
6
CONTINUOUS
10
5.0375303149606294
20
-5.4024417322834646
11
5.0373951181102363
21
-5.4023899999999996
0
LINE
8
BLACK
6
CONTINUOUS
10
5.0373951181102363
20
-5.4023899999999996
11
5.0317707874015749
21
-5.3995778740157476
0
LINE
8
BLACK
6
CONTINUOUS
10
5.0317707874015749
20
-5.3995778740157476
11
5.0312750393700787
21
-5.3992657874015748
0
LINE
8
BLACK
6
CONTINUOUS
10
5.0312750393700787
20
-5.3992657874015748
11
5.0311309055118105
21
-5.3992061023622044
0
LINE
8
BLACK
6
CONTINUOUS
10
5.0311309055118105
20
-5.3992061023622044
11
5.0309685826771648
21
-5.3990728740157481
0
LINE
8
BLACK
6
CONTINUOUS
10
5.0309685826771648
20
-5.3990728740157481
11
5.030791062992126
21
-5.3989611417322836
0
LINE
8
BLACK
6
CONTINUOUS
10
5.030791062992126
20
-5.3989611417322836
11
5.0306888976377948
21
-5.3988433464566929
0
LINE
8
BLACK
6
CONTINUOUS
10
5.0306888976377948
20
-5.3988433464566929
11
5.0302359842519682
21
-5.3984716535433073
0
LINE
8
BLACK
6
CONTINUOUS
10
5.0302359842519682
20
-5.3984716535433073
11
5.0274238188976375
21
-5.3956594881889766
0
LINE
8
BLACK
6
CONTINUOUS
10
5.0274238188976375
20
-5.3956594881889766
11
5.0270521653543305
21
-5.3952066535433065
0
LINE
8
BLACK
6
CONTINUOUS
10
5.0270521653543305
20
-5.3952066535433065
11
5.0269343307086611
21
-5.3951044488188975
0
LINE
8
BLACK
6
CONTINUOUS
10
5.0269343307086611
20
-5.3951044488188975
11
5.0268224803149604
21
-5.3949267322834649
0
LINE
8
BLACK
6
CONTINUOUS
10
5.0268224803149604
20
-5.3949267322834649
11
5.0266893700787403
21
-5.3947645669291333
0
LINE
8
BLACK
6
CONTINUOUS
10
5.0266893700787403
20
-5.3947645669291333
11
5.0266296850393699
21
-5.3946204724409448
0
LINE
8
BLACK
6
CONTINUOUS
10
5.0266296850393699
20
-5.3946204724409448
11
5.0263175984251971
21
-5.3941246850393698
0
LINE
8
BLACK
6
CONTINUOUS
10
5.0263175984251971
20
-5.3941246850393698
11
5.0235054724409451
21
-5.3885003937007871
0
LINE
8
BLACK
6
CONTINUOUS
10
5.0235054724409451
20
-5.3885003937007871
11
5.0230916929133853
21
-5.387419133858268
0
LINE
8
BLACK
6
CONTINUOUS
10
5.0230916929133853
20
-5.387419133858268
11
5.0230766535433071
21
-5.3872074803149603
0
LINE
8
BLACK
6
CONTINUOUS
10
5.0230766535433071
20
-5.3872074803149603
11
5.0229954724409449
21
-5.3870114960629918
0
LINE
8
BLACK
6
CONTINUOUS
10
5.0229954724409449
20
-5.3870114960629918
11
5.0228820078740153
21
-5.38585937007874
0
LINE
8
BLACK
6
CONTINUOUS
10
5.0228820078740153
20
-5.38585937007874
11
5.0228820078740153
21
-5.3774229133858267
0
LINE
8
BLACK
6
CONTINUOUS
10
5.0228820078740153
20
-5.3774229133858267
11
5.0229954724409449
21
-5.3762707874015749
0
LINE
8
BLACK
6
CONTINUOUS
10
5.0229954724409449
20
-5.3762707874015749
11
5.0230766535433071
21
-5.3760747637795276
0
LINE
8
BLACK
6
CONTINUOUS
10
5.0230766535433071
20
-5.3760747637795276
11
5.0230916929133853
21
-5.3758631496062987
0
LINE
8
BLACK
6
CONTINUOUS
10
5.0230916929133853
20
-5.3758631496062987
11
5.0235054724409451
21
-5.3747818897637796
0
LINE
8
BLACK
6
CONTINUOUS
10
5.0235054724409451
20
-5.3747818897637796
11
5.0263175984251971
21
-5.3691575984251969
0
LINE
8
BLACK
6
CONTINUOUS
10
5.0263175984251971
20
-5.3691575984251969
11
5.0266297244094487
21
-5.3686616929133857
0
LINE
8
BLACK
6
CONTINUOUS
10
5.0266297244094487
20
-5.3686616929133857
11
5.026689409448819
21
-5.3685176771653538
0
LINE
8
BLACK
6
CONTINUOUS
10
5.026689409448819
20
-5.3685176771653538
11
5.0268224409448816
21
-5.3683555511811019
0
LINE
8
BLACK
6
CONTINUOUS
10
5.0268224409448816
20
-5.3683555511811019
11
5.0269343307086611
21
-5.3681778346456692
0
LINE
8
BLACK
6
CONTINUOUS
10
5.0269343307086611
20
-5.3681778346456692
11
5.0270522047244093
21
-5.3680755905511806
0
LINE
8
BLACK
6
CONTINUOUS
10
5.0270522047244093
20
-5.3680755905511806
11
5.0274238582677162
21
-5.3676227559055114
0
LINE
8
BLACK
6
CONTINUOUS
10
5.0274238582677162
20
-5.3676227559055114
11
5.0302360236220469
21
-5.3648106299212595
0
LINE
8
BLACK
6
CONTINUOUS
10
5.0302360236220469
20
-5.3648106299212595
11
5.0306887795275586
21
-5.3644390157480313
0
LINE
8
BLACK
6
CONTINUOUS
10
5.0306887795275586
20
-5.3644390157480313
11
5.0307910236220472
21
-5.3643211811023619
0
LINE
8
BLACK
6
CONTINUOUS
10
5.0307910236220472
20
-5.3643211811023619
11
5.0309686614173224
21
-5.3642093307086611
0
LINE
8
BLACK
6
CONTINUOUS
10
5.0309686614173224
20
-5.3642093307086611
11
5.0311309055118105
21
-5.364076220472441
0
LINE
8
BLACK
6
CONTINUOUS
10
5.0311309055118105
20
-5.364076220472441
11
5.0312749606299212
21
-5.3640165354330707
0
LINE
8
BLACK
6
CONTINUOUS
10
5.0312749606299212
20
-5.3640165354330707
11
5.0317707874015749
21
-5.3637044488188979
0
LINE
8
BLACK
6
CONTINUOUS
10
5.0317707874015749
20
-5.3637044488188979
11
5.0373950393700788
21
-5.3608922834645671
0
LINE
8
BLACK
6
CONTINUOUS
10
5.0373950393700788
20
-5.3608922834645671
11
5.038476299212598
21
-5.3604785433070861
0
LINE
8
BLACK
6
CONTINUOUS
10
5.038476299212598
20
-5.3604785433070861
11
5.0386878740157481
21
-5.3604635039370079
0
LINE
8
BLACK
6
CONTINUOUS
10
5.0386878740157481
20
-5.3604635039370079
11
5.0388839763779529
21
-5.3603822834645669
0
LINE
8
BLACK
6
CONTINUOUS
10
5.0388839763779529
20
-5.3603822834645669
11
5.0400361023622047
21
-5.3602688188976373
0
LINE
8
BLACK
6
CONTINUOUS
10
5.0400361023622047
20
-5.3602688188976373
11
5.0625333070866141
21
-5.3602688188976373
0
LINE
8
BLACK
6
CONTINUOUS
10
5.0625333070866141
20
-5.3602688188976373
11
5.0636854330708658
21
-5.3603822834645669
0
LINE
8
BLACK
6
CONTINUOUS
10
5.0379099606299214
20
-5.3738399606299208
11
5.0364530708661412
21
-5.3752968503937009
0
LINE
8
BLACK
6
CONTINUOUS
10
5.0364530708661412
20
-5.3752968503937009
11
5.0346930314960625
21
-5.3788169685039371
0
LINE
8
BLACK
6
CONTINUOUS
10
5.0346930314960625
20
-5.3788169685039371
11
5.0346930314960625
21
-5.3844652755905509
0
LINE
8
BLACK
6
CONTINUOUS
10
5.0346930314960625
20
-5.3844652755905509
11
5.0364530708661412
21
-5.3879854330708659
0
LINE
8
BLACK
6
CONTINUOUS
10
5.0364530708661412
20
-5.3879854330708659
11
5.0379099606299214
21
-5.389442322834646
0
LINE
8
BLACK
6
CONTINUOUS
10
5.0379099606299214
20
-5.389442322834646
11
5.0414301968503938
21
-5.3912024409448813
0
LINE
8
BLACK
6
CONTINUOUS
10
5.0414301968503938
20
-5.3912024409448813
11
5.05662779527559
21
-5.3912024409448813
0
LINE
8
BLACK
6
CONTINUOUS
10
5.05662779527559
20
-5.3912024409448813
11
5.05662779527559
21
-5.3720798425196845
0
LINE
8
BLACK
6
CONTINUOUS
10
5.05662779527559
20
-5.3720798425196845
11
5.0414301968503938
21
-5.3720798425196845
0
LINE
8
BLACK
6
CONTINUOUS
10
5.0414301968503938
20
-5.3720798425196845
11
5.0379099606299214
21
-5.3738399606299208
0
LINE
8
BLACK
6
CONTINUOUS
10
5.1958564173228341
20
-5.3603822834645669
11
5.1979852362204726
21
-5.3612640944881891
0
LINE
8
BLACK
6
CONTINUOUS
10
5.1979852362204726
20
-5.3612640944881891
11
5.1996145275590546
21
-5.3628933858267711
0
LINE
8
BLACK
6
CONTINUOUS
10
5.1996145275590546
20
-5.3628933858267711
11
5.2004963385826768
21
-5.3650222047244096
0
LINE
8
BLACK
6
CONTINUOUS
10
5.2004963385826768
20
-5.3650222047244096
11
5.2006098031496064
21
-5.3661743307086613
0
LINE
8
BLACK
6
CONTINUOUS
10
5.2006098031496064
20
-5.3661743307086613
11
5.2006098031496064
21
-5.4252294488188975
0
LINE
8
BLACK
6
CONTINUOUS
10
5.2006098031496064
20
-5.4252294488188975
11
5.2004963385826768
21
-5.4263815748031492
0
LINE
8
BLACK
6
CONTINUOUS
10
5.2004963385826768
20
-5.4263815748031492
11
5.1996145275590546
21
-5.4285103937007877
0
LINE
8
BLACK
6
CONTINUOUS
10
5.1996145275590546
20
-5.4285103937007877
11
5.1979852362204726
21
-5.4301396850393697
0
LINE
8
BLACK
6
CONTINUOUS
10
5.1979852362204726
20
-5.4301396850393697
11
5.1958564173228341
21
-5.4310214960629919
0
LINE
8
BLACK
6
CONTINUOUS
10
5.1958564173228341
20
-5.4310214960629919
11
5.1935521653543306
21
-5.4310214960629919
0
LINE
8
BLACK
6
CONTINUOUS
10
5.1935521653543306
20
-5.4310214960629919
11
5.191423346456693
21
-5.4301396850393697
0
LINE
8
BLACK
6
CONTINUOUS
10
5.191423346456693
20
-5.4301396850393697
11
5.1897940551181101
21
-5.4285103937007877
0
LINE
8
BLACK
6
CONTINUOUS
10
5.1897940551181101
20
-5.4285103937007877
11
5.1889122440944879
21
-5.4263815748031492
0
LINE
8
BLACK
6
CONTINUOUS
10
5.1889122440944879
20
-5.4263815748031492
11
5.1887987795275592
21
-5.4252294488188975
0
LINE
8
BLACK
6
CONTINUOUS
10
5.1887987795275592
20
-5.4252294488188975
11
5.1887987795275592
21
-5.4030134645669294
0
LINE
8
BLACK
6
CONTINUOUS
10
5.1887987795275592
20
-5.4030134645669294
11
5.183718267716535
21
-5.4030134645669294
0
LINE
8
BLACK
6
CONTINUOUS
10
5.183718267716535
20
-5.4030134645669294
11
5.1657964960629918
21
-5.4286160236220473
0
LINE
8
BLACK
6
CONTINUOUS
10
5.1657964960629918
20
-5.4286160236220473
11
5.1650428346456696
21
-5.4294948425196852
0
LINE
8
BLACK
6
CONTINUOUS
10
5.1650428346456696
20
-5.4294948425196852
11
5.1630996456692912
21
-5.4307331496062989
0
LINE
8
BLACK
6
CONTINUOUS
10
5.1630996456692912
20
-5.4307331496062989
11
5.1608305118110236
21
-5.4311335826771652
0
LINE
8
BLACK
6
CONTINUOUS
10
5.1608305118110236
20
-5.4311335826771652
11
5.1585808267716535
21
-5.4306351968503934
0
LINE
8
BLACK
6
CONTINUOUS
10
5.1585808267716535
20
-5.4306351968503934
11
5.1566931102362208
21
-5.4293137795275586
0
LINE
8
BLACK
6
CONTINUOUS
10
5.1566931102362208
20
-5.4293137795275586
11
5.1554548031496061
21
-5.4273705905511811
0
LINE
8
BLACK
6
CONTINUOUS
10
5.1554548031496061
20
-5.4273705905511811
11
5.1550543700787399
21
-5.4251014566929134
0
LINE
8
BLACK
6
CONTINUOUS
10
5.1550543700787399
20
-5.4251014566929134
11
5.1555527559055117
21
-5.4228517716535434
0
LINE
8
BLACK
6
CONTINUOUS
10
5.1555527559055117
20
-5.4228517716535434
11
5.1561205118110234
21
-5.4218428740157476
0
LINE
8
BLACK
6
CONTINUOUS
10
5.1561205118110234
20
-5.4218428740157476
11
5.1697012992125986
21
-5.4024417322834646
0
LINE
8
BLACK
6
CONTINUOUS
10
5.1697012992125986
20
-5.4024417322834646
11
5.1695661023622046
21
-5.4023899999999996
0
LINE
8
BLACK
6
CONTINUOUS
10
5.1695661023622046
20
-5.4023899999999996
11
5.1639417716535432
21
-5.3995778740157476
0
LINE
8
BLACK
6
CONTINUOUS
10
5.1639417716535432
20
-5.3995778740157476
11
5.163446023622047
21
-5.3992657874015748
0
LINE
8
BLACK
6
CONTINUOUS
10
5.163446023622047
20
-5.3992657874015748
11
5.1633018897637797
21
-5.3992061023622044
0
LINE
8
BLACK
6
CONTINUOUS
10
5.1633018897637797
20
-5.3992061023622044
11
5.163139566929134
21
-5.3990728740157481
0
LINE
8
BLACK
6
CONTINUOUS
10
5.163139566929134
20
-5.3990728740157481
11
5.1629620472440942
21
-5.3989611417322836
0
LINE
8
BLACK
6
CONTINUOUS
10
5.1629620472440942
20
-5.3989611417322836
11
5.162859881889764
21
-5.3988433464566929
0
LINE
8
BLACK
6
CONTINUOUS
10
5.162859881889764
20
-5.3988433464566929
11
5.1624069685039373
21
-5.3984716535433073
0
LINE
8
BLACK
6
CONTINUOUS
10
5.1624069685039373
20
-5.3984716535433073
11
5.1595948031496066
21
-5.3956594881889766
0
LINE
8
BLACK
6
CONTINUOUS
10
5.1595948031496066
20
-5.3956594881889766
11
5.1592231496062988
21
-5.3952066535433065
0
LINE
8
BLACK
6
CONTINUOUS
10
5.1592231496062988
20
-5.3952066535433065
11
5.1591053149606294
21
-5.3951044488188975
0
LINE
8
BLACK
6
CONTINUOUS
10
5.1591053149606294
20
-5.3951044488188975
11
5.1589934645669286
21
-5.3949267322834649
0
LINE
8
BLACK
6
CONTINUOUS
10
5.1589934645669286
20
-5.3949267322834649
11
5.1588603543307086
21
-5.3947645669291333
0
LINE
8
BLACK
6
CONTINUOUS
10
5.1588603543307086
20
-5.3947645669291333
11
5.1588006692913382
21
-5.3946204724409448
0
LINE
8
BLACK
6
CONTINUOUS
10
5.1588006692913382
20
-5.3946204724409448
11
5.1584885826771654
21
-5.3941246850393698
0
LINE
8
BLACK
6
CONTINUOUS
10
5.1584885826771654
20
-5.3941246850393698
11
5.1556764566929134
21
-5.3885003937007871
0
LINE
8
BLACK
6
CONTINUOUS
10
5.1556764566929134
20
-5.3885003937007871
11
5.1552626771653545
21
-5.387419133858268
0
LINE
8
BLACK
6
CONTINUOUS
10
5.1552626771653545
20
-5.387419133858268
11
5.1552476377952754
21
-5.3872074803149603
0
LINE
8
BLACK
6
CONTINUOUS
10
5.1552476377952754
20
-5.3872074803149603
11
5.1551664566929132
21
-5.3870114960629918
0
LINE
8
BLACK
6
CONTINUOUS
10
5.1551664566929132
20
-5.3870114960629918
11
5.1550529921259844
21
-5.38585937007874
0
LINE
8
BLACK
6
CONTINUOUS
10
5.1550529921259844
20
-5.38585937007874
11
5.1550529921259844
21
-5.3774229133858267
0
LINE
8
BLACK
6
CONTINUOUS
10
5.1550529921259844
20
-5.3774229133858267
11
5.1551664566929132
21
-5.3762707874015749
0
LINE
8
BLACK
6
CONTINUOUS
10
5.1551664566929132
20
-5.3762707874015749
11
5.1552476377952754
21
-5.3760747637795276
0
LINE
8
BLACK
6
CONTINUOUS
10
5.1552476377952754
20
-5.3760747637795276
11
5.1552626771653545
21
-5.3758631496062987
0
LINE
8
BLACK
6
CONTINUOUS
10
5.1552626771653545
20
-5.3758631496062987
11
5.1556764566929134
21
-5.3747818897637796
0
LINE
8
BLACK
6
CONTINUOUS
10
5.1556764566929134
20
-5.3747818897637796
11
5.1584885826771654
21
-5.3691575984251969
0
LINE
8
BLACK
6
CONTINUOUS
10
5.1584885826771654
20
-5.3691575984251969
11
5.1588007086614169
21
-5.3686616929133857
0
LINE
8
BLACK
6
CONTINUOUS
10
5.1588007086614169
20
-5.3686616929133857
11
5.1588603937007873
21
-5.3685176771653538
0
LINE
8
BLACK
6
CONTINUOUS
10
5.1588603937007873
20
-5.3685176771653538
11
5.1589934251968499
21
-5.3683555511811019
0
LINE
8
BLACK
6
CONTINUOUS
10
5.1589934251968499
20
-5.3683555511811019
11
5.1591053149606294
21
-5.3681778346456692
0
LINE
8
BLACK
6
CONTINUOUS
10
5.1591053149606294
20
-5.3681778346456692
11
5.1592231889763775
21
-5.3680755905511806
0
LINE
8
BLACK
6
CONTINUOUS
10
5.1592231889763775
20
-5.3680755905511806
11
5.1595948425196854
21
-5.3676227559055114
0
LINE
8
BLACK
6
CONTINUOUS
10
5.1595948425196854
20
-5.3676227559055114
11
5.1624070078740161
21
-5.3648106299212595
0
LINE
8
BLACK
6
CONTINUOUS
10
5.1624070078740161
20
-5.3648106299212595
11
5.1628597637795277
21
-5.3644390157480313
0
LINE
8
BLACK
6
CONTINUOUS
10
5.1628597637795277
20
-5.3644390157480313
11
5.1629620078740155
21
-5.3643211811023619
0
LINE
8
BLACK
6
CONTINUOUS
10
5.1629620078740155
20
-5.3643211811023619
11
5.1631396456692915
21
-5.3642093307086611
0
LINE
8
BLACK
6
CONTINUOUS
10
5.1631396456692915
20
-5.3642093307086611
11
5.1633018897637797
21
-5.364076220472441
0
LINE
8
BLACK
6
CONTINUOUS
10
5.1633018897637797
20
-5.364076220472441
11
5.1634459448818895
21
-5.3640165354330707
0
LINE
8
BLACK
6
CONTINUOUS
10
5.1634459448818895
20
-5.3640165354330707
11
5.1639417716535432
21
-5.3637044488188979
0
LINE
8
BLACK
6
CONTINUOUS
10
5.1639417716535432
20
-5.3637044488188979
11
5.1695660236220471
21
-5.3608922834645671
0
LINE
8
BLACK
6
CONTINUOUS
10
5.1695660236220471
20
-5.3608922834645671
11
5.1706472834645671
21
-5.3604785433070861
0
LINE
8
BLACK
6
CONTINUOUS
10
5.1706472834645671
20
-5.3604785433070861
11
5.1708588582677164
21
-5.3604635039370079
0
LINE
8
BLACK
6
CONTINUOUS
10
5.1708588582677164
20
-5.3604635039370079
11
5.1710549606299212
21
-5.3603822834645669
0
LINE
8
BLACK
6
CONTINUOUS
10
5.1710549606299212
20
-5.3603822834645669
11
5.1722070866141729
21
-5.3602688188976373
0
LINE
8
BLACK
6
CONTINUOUS
10
5.1722070866141729
20
-5.3602688188976373
11
5.1947042913385824
21
-5.3602688188976373
0
LINE
8
BLACK
6
CONTINUOUS
10
5.1947042913385824
20
-5.3602688188976373
11
5.1958564173228341
21
-5.3603822834645669
0
LINE
8
BLACK
6
CONTINUOUS
10
5.1700809448818896
20
-5.3738399606299208
11
5.1686240551181104
21
-5.3752968503937009
0
LINE
8
BLACK
6
CONTINUOUS
10
5.1686240551181104
20
-5.3752968503937009
11
5.1668640157480317
21
-5.3788169685039371
0
LINE
8
BLACK
6
CONTINUOUS
10
5.1668640157480317
20
-5.3788169685039371
11
5.1668640157480317
21
-5.3844652755905509
0
LINE
8
BLACK
6
CONTINUOUS
10
5.1668640157480317
20
-5.3844652755905509
11
5.1686240551181104
21
-5.3879854330708659
0
LINE
8
BLACK
6
CONTINUOUS
10
5.1686240551181104
20
-5.3879854330708659
11
5.1700809448818896
21
-5.389442322834646
0
LINE
8
BLACK
6
CONTINUOUS
10
5.1700809448818896
20
-5.389442322834646
11
5.1736011811023621
21
-5.3912024409448813
0
LINE
8
BLACK
6
CONTINUOUS
10
5.1736011811023621
20
-5.3912024409448813
11
5.1887987795275592
21
-5.3912024409448813
0
LINE
8
BLACK
6
CONTINUOUS
10
5.1887987795275592
20
-5.3912024409448813
11
5.1887987795275592
21
-5.3720798425196845
0
LINE
8
BLACK
6
CONTINUOUS
10
5.1887987795275592
20
-5.3720798425196845
11
5.1736011811023621
21
-5.3720798425196845
0
LINE
8
BLACK
6
CONTINUOUS
10
5.1736011811023621
20
-5.3720798425196845
11
5.1700809448818896
21
-5.3738399606299208
0
LINE
8
BLACK
6
CONTINUOUS
10
5.9270149999999999
20
-5.3603822834645669
11
5.9291438188976375
21
-5.3612640944881891
0
LINE
8
BLACK
6
CONTINUOUS
10
5.9291438188976375
20
-5.3612640944881891
11
5.9307731102362204
21
-5.3628933858267711
0
LINE
8
BLACK
6
CONTINUOUS
10
5.9307731102362204
20
-5.3628933858267711
11
5.9316549212598426
21
-5.3650222047244096
0
LINE
8
BLACK
6
CONTINUOUS
10
5.9316549212598426
20
-5.3650222047244096
11
5.9316549212598426
21
-5.3673264566929131
0
LINE
8
BLACK
6
CONTINUOUS
10
5.9316549212598426
20
-5.3673264566929131
11
5.9307731102362204
21
-5.3694552755905507
0
LINE
8
BLACK
6
CONTINUOUS
10
5.9307731102362204
20
-5.3694552755905507
11
5.9291438188976375
21
-5.3710845669291336
0
LINE
8
BLACK
6
CONTINUOUS
10
5.9291438188976375
20
-5.3710845669291336
11
5.9270149999999999
21
-5.3719663779527558
0
LINE
8
BLACK
6
CONTINUOUS
10
5.9270149999999999
20
-5.3719663779527558
11
5.9258628740157482
21
-5.3720798425196845
0
LINE
8
BLACK
6
CONTINUOUS
10
5.9258628740157482
20
-5.3720798425196845
11
5.8954487401574802
21
-5.3720798425196845
0
LINE
8
BLACK
6
CONTINUOUS
10
5.8954487401574802
20
-5.3720798425196845
11
5.917230157480315
21
-5.4229031496062987
0
LINE
8
BLACK
6
CONTINUOUS
10
5.917230157480315
20
-5.4229031496062987
11
5.91757968503937
21
-5.4240068110236219
0
LINE
8
BLACK
6
CONTINUOUS
10
5.91757968503937
20
-5.4240068110236219
11
5.9176077559055118
21
-5.4263108661417325
0
LINE
8
BLACK
6
CONTINUOUS
10
5.9176077559055118
20
-5.4263108661417325
11
5.9167520078740159
21
-5.4284502362204723
0
LINE
8
BLACK
6
CONTINUOUS
10
5.9167520078740159
20
-5.4284502362204723
11
5.9151426771653544
21
-5.4300993307086616
0
LINE
8
BLACK
6
CONTINUOUS
10
5.9151426771653544
20
-5.4300993307086616
11
5.9130247637795277
21
-5.4310070078740154
0
LINE
8
BLACK
6
CONTINUOUS
10
5.9130247637795277
20
-5.4310070078740154
11
5.9107207086614171
21
-5.4310350787401571
0
LINE
8
BLACK
6
CONTINUOUS
10
5.9107207086614171
20
-5.4310350787401571
11
5.9085813385826773
21
-5.4301793307086612
0
LINE
8
BLACK
6
CONTINUOUS
10
5.9085813385826773
20
-5.4301793307086612
11
5.906932244094488
21
-5.4285699999999997
0
LINE
8
BLACK
6
CONTINUOUS
10
5.906932244094488
20
-5.4285699999999997
11
5.9063740944881893
21
-5.4275557480314962
0
LINE
8
BLACK
6
CONTINUOUS
10
5.9063740944881893
20
-5.4275557480314962
11
5.881064763779527
21
-5.3685006299212601
0
LINE
8
BLACK
6
CONTINUOUS
10
5.881064763779527
20
-5.3685006299212601
11
5.880715236220472
21
-5.3673969685039369
0
LINE
8
BLACK
6
CONTINUOUS
10
5.880715236220472
20
-5.3673969685039369
11
5.8807147637795278
21
-5.3673603543307085
0
LINE
8
BLACK
6
CONTINUOUS
10
5.8807147637795278
20
-5.3673603543307085
11
5.8807007480314963
21
-5.3673264566929131
0
LINE
8
BLACK
6
CONTINUOUS
10
5.8807007480314963
20
-5.3673264566929131
11
5.8807007480314963
21
-5.3662077559055117
0
LINE
8
BLACK
6
CONTINUOUS
10
5.8807007480314963
20
-5.3662077559055117
11
5.8806871653543302
21
-5.3650929133858263
0
LINE
8
BLACK
6
CONTINUOUS
10
5.8806871653543302
20
-5.3650929133858263
11
5.8807007480314963
21
-5.3650589370078743
0
LINE
8
BLACK
6
CONTINUOUS
10
5.8807007480314963
20
-5.3650589370078743
11
5.8807007480314963
21
-5.3650222047244096
0
LINE
8
BLACK
6
CONTINUOUS
10
5.8807007480314963
20
-5.3650222047244096
11
5.8811287795275593
21
-5.3639887795275589
0
LINE
8
BLACK
6
CONTINUOUS
10
5.8811287795275593
20
-5.3639887795275589
11
5.881542913385827
21
-5.3629535433070865
0
LINE
8
BLACK
6
CONTINUOUS
10
5.881542913385827
20
-5.3629535433070865
11
5.8815684645669286
21
-5.3629273228346452
0
LINE
8
BLACK
6
CONTINUOUS
10
5.8815684645669286
20
-5.3629273228346452
11
5.8815825590551176
21
-5.3628933858267711
0
LINE
8
BLACK
6
CONTINUOUS
10
5.8815825590551176
20
-5.3628933858267711
11
5.8823730708661417
21
-5.3621028346456692
0
LINE
8
BLACK
6
CONTINUOUS
10
5.8823730708661417
20
-5.3621028346456692
11
5.8831522440944877
21
-5.3613044488188972
0
LINE
8
BLACK
6
CONTINUOUS
10
5.8831522440944877
20
-5.3613044488188972
11
5.8831859055118105
21
-5.3612899999999994
0
LINE
8
BLACK
6
CONTINUOUS
10
5.8831859055118105
20
-5.3612899999999994
11
5.8832118503937005
21
-5.3612640944881891
0
LINE
8
BLACK
6
CONTINUOUS
10
5.8832118503937005
20
-5.3612640944881891
11
5.8842440944881886
21
-5.3608364960629924
0
LINE
8
BLACK
6
CONTINUOUS
10
5.8842440944881886
20
-5.3608364960629924
11
5.8852701574803152
21
-5.3603967716535434
0
LINE
8
BLACK
6
CONTINUOUS
10
5.8852701574803152
20
-5.3603967716535434
11
5.885306732283464
21
-5.3603962992125984
0
LINE
8
BLACK
6
CONTINUOUS
10
5.885306732283464
20
-5.3603962992125984
11
5.8853406692913381
21
-5.3603822834645669
0
LINE
8
BLACK
6
CONTINUOUS
10
5.8853406692913381
20
-5.3603822834645669
11
5.8864927952755908
21
-5.3602688188976373
0
LINE
8
BLACK
6
CONTINUOUS
10
5.8864927952755908
20
-5.3602688188976373
11
5.9258628740157482
21
-5.3602688188976373
0
LINE
8
BLACK
6
CONTINUOUS
10
5.9258628740157482
20
-5.3602688188976373
11
5.9270149999999999
21
-5.3603822834645669
0
LINE
8
BLACK
6
CONTINUOUS
10
5.136801299212598
20
-5.3969402362204724
11
5.1389301181102365
21
-5.3978220472440945
0
LINE
8
BLACK
6
CONTINUOUS
10
5.1389301181102365
20
-5.3978220472440945
11
5.1405594094488185
21
-5.3994513385826775
0
LINE
8
BLACK
6
CONTINUOUS
10
5.1405594094488185
20
-5.3994513385826775
11
5.1414412204724407
21
-5.4015801574803151
0
LINE
8
BLACK
6
CONTINUOUS
10
5.1414412204724407
20
-5.4015801574803151
11
5.1414412204724407
21
-5.4038844094488185
0
LINE
8
BLACK
6
CONTINUOUS
10
5.1414412204724407
20
-5.4038844094488185
11
5.1405594094488185
21
-5.4060132283464561
0
LINE
8
BLACK
6
CONTINUOUS
10
5.1405594094488185
20
-5.4060132283464561
11
5.1389301181102365
21
-5.4076425196850391
0
LINE
8
BLACK
6
CONTINUOUS
10
5.1389301181102365
20
-5.4076425196850391
11
5.136801299212598
21
-5.4085243307086612
0
LINE
8
BLACK
6
CONTINUOUS
10
5.136801299212598
20
-5.4085243307086612
11
5.1356491732283462
21
-5.4086377952755909
0
LINE
8
BLACK
6
CONTINUOUS
10
5.1356491732283462
20
-5.4086377952755909
11
5.0906548031496062
21
-5.4086377952755909
0
LINE
8
BLACK
6
CONTINUOUS
10
5.0906548031496062
20
-5.4086377952755909
11
5.0895026771653544
21
-5.4085243307086612
0
LINE
8
BLACK
6
CONTINUOUS
10
5.0895026771653544
20
-5.4085243307086612
11
5.0873738582677168
21
-5.4076425196850391
0
LINE
8
BLACK
6
CONTINUOUS
10
5.0873738582677168
20
-5.4076425196850391
11
5.0857445669291339
21
-5.4060132283464561
0
LINE
8
BLACK
6
CONTINUOUS
10
5.0857445669291339
20
-5.4060132283464561
11
5.0848627559055117
21
-5.4038844094488185
0
LINE
8
BLACK
6
CONTINUOUS
10
5.0848627559055117
20
-5.4038844094488185
11
5.0848627559055117
21
-5.4015801574803151
0
LINE
8
BLACK
6
CONTINUOUS
10
5.0848627559055117
20
-5.4015801574803151
11
5.0857445669291339
21
-5.3994513385826775
0
LINE
8
BLACK
6
CONTINUOUS
10
5.0857445669291339
20
-5.3994513385826775
11
5.0873738582677168
21
-5.3978220472440945
0
LINE
8
BLACK
6
CONTINUOUS
10
5.0873738582677168
20
-5.3978220472440945
11
5.0895026771653544
21
-5.3969402362204724
0
LINE
8
BLACK
6
CONTINUOUS
10
5.0895026771653544
20
-5.3969402362204724
11
5.0906548031496062
21
-5.3968267716535427
0
LINE
8
BLACK
6
CONTINUOUS
10
5.0906548031496062
20
-5.3968267716535427
11
5.1356491732283462
21
-5.3968267716535427
0
LINE
8
BLACK
6
CONTINUOUS
10
5.1356491732283462
20
-5.3968267716535427
11
5.136801299212598
21
-5.3969402362204724
0
LINE
8
BLACK
6
CONTINUOUS
10
5.4274146062992124
20
-5.3102858267716533
11
5.4277038976377954
21
-5.3102858267716533
0
LINE
8
BLACK
6
CONTINUOUS
10
5.4277038976377954
20
-5.3102858267716533
11
5.4279739763779524
21
-5.310397677165354
0
LINE
8
BLACK
6
CONTINUOUS
10
5.4279739763779524
20
-5.310397677165354
11
5.4282606299212599
21
-5.3104550393700789
0
LINE
8
BLACK
6
CONTINUOUS
10
5.4282606299212599
20
-5.3104550393700789
11
5.4285009842519685
21
-5.3106159842519682
0
LINE
8
BLACK
6
CONTINUOUS
10
5.4285009842519685
20
-5.3106159842519682
11
5.4287683070866137
21
-5.3107267322834648
0
LINE
8
BLACK
6
CONTINUOUS
10
5.4287683070866137
20
-5.3107267322834648
11
5.4289749999999994
21
-5.3109334251968505
0
LINE
8
BLACK
6
CONTINUOUS
10
5.4289749999999994
20
-5.3109334251968505
11
5.4292179133858269
21
-5.311096102362205
0
LINE
8
BLACK
6
CONTINUOUS
10
5.4292179133858269
20
-5.311096102362205
11
5.4295809055118109
21
-5.3115393307086611
0
LINE
8
BLACK
6
CONTINUOUS
10
5.4295809055118109
20
-5.3115393307086611
11
5.4295829527559052
21
-5.3115413779527554
0
LINE
8
BLACK
6
CONTINUOUS
10
5.4295829527559052
20
-5.3115413779527554
11
5.429583307086614
21
-5.3115422440944879
0
LINE
8
BLACK
6
CONTINUOUS
10
5.429583307086614
20
-5.3115422440944879
11
5.4295846850393703
21
-5.3115439370078743
0
LINE
8
BLACK
6
CONTINUOUS
10
5.4295846850393703
20
-5.3115439370078743
11
5.433172007874016
21
-5.3169249606299207
0
LINE
8
BLACK
6
CONTINUOUS
10
5.433172007874016
20
-5.3169249606299207
11
5.4363759842519688
21
-5.3201289370078735
0
LINE
8
BLACK
6
CONTINUOUS
10
5.4363759842519688
20
-5.3201289370078735
11
5.4396969291338584
21
-5.3217894094488187
0
LINE
8
BLACK
6
CONTINUOUS
10
5.4396969291338584
20
-5.3217894094488187
11
5.4401868110236222
21
-5.3220977559055118
0
LINE
8
BLACK
6
CONTINUOUS
10
5.4401868110236222
20
-5.3220977559055118
11
5.4409416535433071
21
-5.3229681496062993
0
LINE
8
BLACK
6
CONTINUOUS
10
5.4409416535433071
20
-5.3229681496062993
11
5.4413059842519687
21
-5.3240611023622044
0
LINE
8
BLACK
6
CONTINUOUS
10
5.4413059842519687
20
-5.3240611023622044
11
5.4412243307086614
21
-5.3252103149606302
0
LINE
8
BLACK
6
CONTINUOUS
10
5.4412243307086614
20
-5.3252103149606302
11
5.4407090551181101
21
-5.3262408267716532
0
LINE
8
BLACK
6
CONTINUOUS
10
5.4407090551181101
20
-5.3262408267716532
11
5.4398387007874014
21
-5.3269956692913381
0
LINE
8
BLACK
6
CONTINUOUS
10
5.4398387007874014
20
-5.3269956692913381
11
5.4387457086614175
21
-5.3273599999999997
0
LINE
8
BLACK
6
CONTINUOUS
10
5.4387457086614175
20
-5.3273599999999997
11
5.4375964960629917
21
-5.3272783464566924
0
LINE
8
BLACK
6
CONTINUOUS
10
5.4375964960629917
20
-5.3272783464566924
11
5.4370559055118113
21
-5.3270714566929129
0
LINE
8
BLACK
6
CONTINUOUS
10
5.4370559055118113
20
-5.3270714566929129
11
5.4333063779527562
21
-5.3251966929133854
0
LINE
8
BLACK
6
CONTINUOUS
10
5.4333063779527562
20
-5.3251966929133854
11
5.4330585433070864
21
-5.3250406692913383
0
LINE
8
BLACK
6
CONTINUOUS
10
5.4330585433070864
20
-5.3250406692913383
11
5.4329864173228346
21
-5.3250108267716536
0
LINE
8
BLACK
6
CONTINUOUS
10
5.4329864173228346
20
-5.3250108267716536
11
5.4329052362204724
21
-5.3249442125984254
0
LINE
8
BLACK
6
CONTINUOUS
10
5.4329052362204724
20
-5.3249442125984254
11
5.4328164960629923
21
-5.3248883464566932
0
LINE
8
BLACK
6
CONTINUOUS
10
5.4328164960629923
20
-5.3248883464566932
11
5.4327653543307086
21
-5.3248294094488191
0
LINE
8
BLACK
6
CONTINUOUS
10
5.4327653543307086
20
-5.3248294094488191
11
5.4325389763779528
21
-5.3246435826771652
0
LINE
8
BLACK
6
CONTINUOUS
10
5.4325389763779528
20
-5.3246435826771652
11
5.4300805905511806
21
-5.3221851968503939
0
LINE
8
BLACK
6
CONTINUOUS
10
5.4300805905511806
20
-5.3221851968503939
11
5.4300805905511806
21
-5.3495991732283468
0
LINE
8
BLACK
6
CONTINUOUS
10
5.4300805905511806
20
-5.3495991732283468
11
5.4383764173228348
21
-5.3495991732283468
0
LINE
8
BLACK
6
CONTINUOUS
10
5.4383764173228348
20
-5.3495991732283468
11
5.4389524803149607
21
-5.3496559055118107
0
LINE
8
BLACK
6
CONTINUOUS
10
5.4389524803149607
20
-5.3496559055118107
11
5.4400168897637791
21
-5.3500968110236222
0
LINE
8
BLACK
6
CONTINUOUS
10
5.4400168897637791
20
-5.3500968110236222
11
5.4408315354330705
21
-5.3509114566929137
0
LINE
8
BLACK
6
CONTINUOUS
10
5.4408315354330705
20
-5.3509114566929137
11
5.441272440944882
21
-5.351975866141732
0
LINE
8
BLACK
6
CONTINUOUS
10
5.441272440944882
20
-5.351975866141732
11
5.441272440944882
21
-5.3531279921259838
0
LINE
8
BLACK
6
CONTINUOUS
10
5.441272440944882
20
-5.3531279921259838
11
5.4408315354330705
21
-5.354192401574803
0
LINE
8
BLACK
6
CONTINUOUS
10
5.4408315354330705
20
-5.354192401574803
11
5.4400168897637791
21
-5.3550070472440945
0
LINE
8
BLACK
6
CONTINUOUS
10
5.4400168897637791
20
-5.3550070472440945
11
5.4389524803149607
21
-5.3554479527559051
0
LINE
8
BLACK
6
CONTINUOUS
10
5.4389524803149607
20
-5.3554479527559051
11
5.4383764173228348
21
-5.3555046850393699
0
LINE
8
BLACK
6
CONTINUOUS
10
5.4383764173228348
20
-5.3555046850393699
11
5.4158792519685042
21
-5.3555046850393699
0
LINE
8
BLACK
6
CONTINUOUS
10
5.4158792519685042
20
-5.3555046850393699
11
5.4153031889763774
21
-5.3554479527559051
0
LINE
8
BLACK
6
CONTINUOUS
10
5.4153031889763774
20
-5.3554479527559051
11
5.4142387795275591
21
-5.3550070472440945
0
LINE
8
BLACK
6
CONTINUOUS
10
5.4142387795275591
20
-5.3550070472440945
11
5.4134241338582676
21
-5.354192401574803
0
LINE
8
BLACK
6
CONTINUOUS
10
5.4134241338582676
20
-5.354192401574803
11
5.412983228346457
21
-5.3531279921259838
0
LINE
8
BLACK
6
CONTINUOUS
10
5.412983228346457
20
-5.3531279921259838
11
5.412983228346457
21
-5.351975866141732
0
LINE
8
BLACK
6
CONTINUOUS
10
5.412983228346457
20
-5.351975866141732
11
5.4134241338582676
21
-5.3509114566929137
0
LINE
8
BLACK
6
CONTINUOUS
10
5.4134241338582676
20
-5.3509114566929137
11
5.4142387795275591
21
-5.3500968110236222
0
LINE
8
BLACK
6
CONTINUOUS
10
5.4142387795275591
20
-5.3500968110236222
11
5.4153031889763774
21
-5.3496559055118107
0
LINE
8
BLACK
6
CONTINUOUS
10
5.4153031889763774
20
-5.3496559055118107
11
5.4158792519685042
21
-5.3495991732283468
0
LINE
8
BLACK
6
CONTINUOUS
10
5.4158792519685042
20
-5.3495991732283468
11
5.4241750787401575
21
-5.3495991732283468
0
LINE
8
BLACK
6
CONTINUOUS
10
5.4241750787401575
20
-5.3495991732283468
11
5.4241750787401575
21
-5.3131818503937005
0
LINE
8
BLACK
6
CONTINUOUS
10
5.4241750787401575
20
-5.3131818503937005
11
5.4241752755905512
21
-5.3131797637795275
0
LINE
8
BLACK
6
CONTINUOUS
10
5.4241752755905512
20
-5.3131797637795275
11
5.4241750787401575
21
-5.3131787401574799
0
LINE
8
BLACK
6
CONTINUOUS
10
5.4241750787401575
20
-5.3131787401574799
11
5.4241756692913388
21
-5.3131757086614169
0
LINE
8
BLACK
6
CONTINUOUS
10
5.4241756692913388
20
-5.3131757086614169
11
5.4242318110236223
21
-5.3126057874015746
0
LINE
8
BLACK
6
CONTINUOUS
10
5.4242318110236223
20
-5.3126057874015746
11
5.424343661417323
21
-5.3123356692913388
0
LINE
8
BLACK
6
CONTINUOUS
10
5.424343661417323
20
-5.3123356692913388
11
5.424401023622047
21
-5.3120490551181101
0
LINE
8
BLACK
6
CONTINUOUS
10
5.424401023622047
20
-5.3120490551181101
11
5.4245619685039372
21
-5.3118086614173228
0
LINE
8
BLACK
6
CONTINUOUS
10
5.4245619685039372
20
-5.3118086614173228
11
5.4246727165354329
21
-5.3115413779527554
0
LINE
8
BLACK
6
CONTINUOUS
10
5.4246727165354329
20
-5.3115413779527554
11
5.4248794094488186
21
-5.3113346456692909
0
LINE
8
BLACK
6
CONTINUOUS
10
5.4248794094488186
20
-5.3113346456692909
11
5.4250420866141731
21
-5.3110917716535431
0
LINE
8
BLACK
6
CONTINUOUS
10
5.4250420866141731
20
-5.3110917716535431
11
5.4252827952755904
21
-5.3109312598425191
0
LINE
8
BLACK
6
CONTINUOUS
10
5.4252827952755904
20
-5.3109312598425191
11
5.4254873622047244
21
-5.3107267322834648
0
LINE
8
BLACK
6
CONTINUOUS
10
5.4254873622047244
20
-5.3107267322834648
11
5.4257574409448814
21
-5.3106148425196853
0
LINE
8
BLACK
6
CONTINUOUS
10
5.4257574409448814
20
-5.3106148425196853
11
5.4260007086614168
21
-5.3104526771653546
0
LINE
8
BLACK
6
CONTINUOUS
10
5.4260007086614168
20
-5.3104526771653546
11
5.4262844881889762
21
-5.3103965354330711
0
LINE
8
BLACK
6
CONTINUOUS
10
5.4262844881889762
20
-5.3103965354330711
11
5.4265517716535427
21
-5.3102858267716533
0
LINE
8
BLACK
6
CONTINUOUS
10
5.4265517716535427
20
-5.3102858267716533
11
5.4268441732283463
21
-5.3102858267716533
0
LINE
8
BLACK
6
CONTINUOUS
10
5.4268441732283463
20
-5.3102858267716533
11
5.4271309448818901
21
-5.3102290944881885
0
LINE
8
BLACK
6
CONTINUOUS
10
5.4271309448818901
20
-5.3102290944881885
11
5.4274146062992124
21
-5.3102858267716533
0
LINE
8
BLACK
6
CONTINUOUS
10
5.4568898031496058
20
-5.3107267322834648
11
5.4577044488188973
21
-5.3115413779527554
0
LINE
8
BLACK
6
CONTINUOUS
10
5.4577044488188973
20
-5.3115413779527554
11
5.4581453543307088
21
-5.3126057874015746
0
LINE
8
BLACK
6
CONTINUOUS
10
5.4581453543307088
20
-5.3126057874015746
11
5.4582020866141727
21
-5.3131818503937005
0
LINE
8
BLACK
6
CONTINUOUS
10
5.4582020866141727
20
-5.3131818503937005
11
5.4582020866141727
21
-5.3408241338582672
0
LINE
8
BLACK
6
CONTINUOUS
10
5.4582020866141727
20
-5.3408241338582672
11
5.4597048818897633
21
-5.3453325590551177
0
LINE
8
BLACK
6
CONTINUOUS
10
5.4597048818897633
20
-5.3453325590551177
11
5.462468661417323
21
-5.3480963779527562
0
LINE
8
BLACK
6
CONTINUOUS
10
5.462468661417323
20
-5.3480963779527562
11
5.4669770472440939
21
-5.3495991732283468
0
LINE
8
BLACK
6
CONTINUOUS
10
5.4669770472440939
20
-5.3495991732283468
11
5.470247440944882
21
-5.3495991732283468
0
LINE
8
BLACK
6
CONTINUOUS
10
5.470247440944882
20
-5.3495991732283468
11
5.4708235039370079
21
-5.3496559055118107
0
LINE
8
BLACK
6
CONTINUOUS
10
5.4708235039370079
20
-5.3496559055118107
11
5.4718879133858263
21
-5.3500968110236222
0
LINE
8
BLACK
6
CONTINUOUS
10
5.4718879133858263
20
-5.3500968110236222
11
5.4727025590551177
21
-5.3509114566929137
0
LINE
8
BLACK
6
CONTINUOUS
10
5.4727025590551177
20
-5.3509114566929137
11
5.4731434645669292
21
-5.351975866141732
0
LINE
8
BLACK
6
CONTINUOUS
10
5.4731434645669292
20
-5.351975866141732
11
5.4731434645669292
21
-5.3531279921259838
0
LINE
8
BLACK
6
CONTINUOUS
10
5.4731434645669292
20
-5.3531279921259838
11
5.4727025590551177
21
-5.354192401574803
0
LINE
8
BLACK
6
CONTINUOUS
10
5.4727025590551177
20
-5.354192401574803
11
5.4718879133858263
21
-5.3550070472440945
0
LINE
8
BLACK
6
CONTINUOUS
10
5.4718879133858263
20
-5.3550070472440945
11
5.4708235039370079
21
-5.3554479527559051
0
LINE
8
BLACK
6
CONTINUOUS
10
5.4708235039370079
20
-5.3554479527559051
11
5.470247440944882
21
-5.3555046850393699
0
LINE
8
BLACK
6
CONTINUOUS
10
5.470247440944882
20
-5.3555046850393699
11
5.4664979133858269
21
-5.3555046850393699
0
LINE
8
BLACK
6
CONTINUOUS
10
5.4664979133858269
20
-5.3555046850393699
11
5.4662062992125984
21
-5.3554759448818894
0
LINE
8
BLACK
6
CONTINUOUS
10
5.4662062992125984
20
-5.3554759448818894
11
5.4661285826771655
21
-5.3554814960629917
0
LINE
8
BLACK
6
CONTINUOUS
10
5.4661285826771655
20
-5.3554814960629917
11
5.4660262992125981
21
-5.3554582283464569
0
LINE
8
BLACK
6
CONTINUOUS
10
5.4660262992125981
20
-5.3554582283464569
11
5.465921850393701
21
-5.3554479527559051
0
LINE
8
BLACK
6
CONTINUOUS
10
5.465921850393701
20
-5.3554479527559051
11
5.4658497637795271
21
-5.3554180708661416
0
LINE
8
BLACK
6
CONTINUOUS
10
5.4658497637795271
20
-5.3554180708661416
11
5.4655641338582672
21
-5.3553531496062989
0
LINE
8
BLACK
6
CONTINUOUS
10
5.4655641338582672
20
-5.3553531496062989
11
5.4599398818897633
21
-5.3534783858267714
0
LINE
8
BLACK
6
CONTINUOUS
10
5.4599398818897633
20
-5.3534783858267714
11
5.459411299212598
21
-5.3532424015748035
0
LINE
8
BLACK
6
CONTINUOUS
10
5.459411299212598
20
-5.3532424015748035
11
5.4593311811023622
21
-5.3531729133858263
0
LINE
8
BLACK
6
CONTINUOUS
10
5.4593311811023622
20
-5.3531729133858263
11
5.4592331496062991
21
-5.3531323228346457
0
LINE
8
BLACK
6
CONTINUOUS
10
5.4592331496062991
20
-5.3531323228346457
11
5.4587857086614173
21
-5.3527650787401573
0
LINE
8
BLACK
6
CONTINUOUS
10
5.4587857086614173
20
-5.3527650787401573
11
5.4550361811023622
21
-5.3490155118110234
0
LINE
8
BLACK
6
CONTINUOUS
10
5.4550361811023622
20
-5.3490155118110234
11
5.4546689370078738
21
-5.3485680314960629
0
LINE
8
BLACK
6
CONTINUOUS
10
5.4546689370078738
20
-5.3485680314960629
11
5.4546283070866144
21
-5.3484699606299211
0
LINE
8
BLACK
6
CONTINUOUS
10
5.4546283070866144
20
-5.3484699606299211
11
5.454558858267716
21
-5.3483898818897639
0
LINE
8
BLACK
6
CONTINUOUS
10
5.454558858267716
20
-5.3483898818897639
11
5.4543228740157481
21
-5.3478613385826774
0
LINE
8
BLACK
6
CONTINUOUS
10
5.4543228740157481
20
-5.3478613385826774
11
5.4524481102362206
21
-5.3422370472440948
0
LINE
8
BLACK
6
CONTINUOUS
10
5.4524481102362206
20
-5.3422370472440948
11
5.4523831496062991
21
-5.3419514566929136
0
LINE
8
BLACK
6
CONTINUOUS
10
5.4523831496062991
20
-5.3419514566929136
11
5.4523533070866144
21
-5.3418793700787397
0
LINE
8
BLACK
6
CONTINUOUS
10
5.4523533070866144
20
-5.3418793700787397
11
5.4523429921259838
21
-5.3417748425196852
0
LINE
8
BLACK
6
CONTINUOUS
10
5.4523429921259838
20
-5.3417748425196852
11
5.4523197637795278
21
-5.3416725984251965
0
LINE
8
BLACK
6
CONTINUOUS
10
5.4523197637795278
20
-5.3416725984251965
11
5.4523252755905514
21
-5.3415948425196849
0
LINE
8
BLACK
6
CONTINUOUS
10
5.4523252755905514
20
-5.3415948425196849
11
5.4522965748031496
21
-5.3413033070866138
0
LINE
8
BLACK
6
CONTINUOUS
10
5.4522965748031496
20
-5.3413033070866138
11
5.4522965748031496
21
-5.3131818503937005
0
LINE
8
BLACK
6
CONTINUOUS
10
5.4522965748031496
20
-5.3131818503937005
11
5.4523533070866144
21
-5.3126057874015746
0
LINE
8
BLACK
6
CONTINUOUS
10
5.4523533070866144
20
-5.3126057874015746
11
5.452794212598425
21
-5.3115413779527554
0
LINE
8
BLACK
6
CONTINUOUS
10
5.452794212598425
20
-5.3115413779527554
11
5.4536088582677165
21
-5.3107267322834648
0
LINE
8
BLACK
6
CONTINUOUS
10
5.4536088582677165
20
-5.3107267322834648
11
5.4546732677165357
21
-5.3102858267716533
0
LINE
8
BLACK
6
CONTINUOUS
10
5.4546732677165357
20
-5.3102858267716533
11
5.4558253937007875
21
-5.3102858267716533
0
LINE
8
BLACK
6
CONTINUOUS
10
5.4558253937007875
20
-5.3102858267716533
11
5.4568898031496058
21
-5.3107267322834648
0
LINE
8
BLACK
6
CONTINUOUS
10
5.4430299606299215
20
-4.7631719291338586
11
5.4443083858267718
21
-4.7644503543307088
0
LINE
8
BLACK
6
CONTINUOUS
10
5.4443083858267718
20
-4.7644503543307088
11
5.4444881889763774
21
-4.7653543307086617
0
LINE
8
BLACK
6
CONTINUOUS
10
5.4444881889763774
20
-4.7653543307086617
11
5.4444881889763774
21
-4.8673228346456696
0
LINE
8
BLACK
6
CONTINUOUS
10
5.4444881889763774
20
-4.8673228346456696
11
5.5464566929133854
21
-4.8673228346456696
0
LINE
8
BLACK
6
CONTINUOUS
10
5.5464566929133854
20
-4.8673228346456696
11
5.5473606692913382
21
-4.8675026377952753
0
LINE
8
BLACK
6
CONTINUOUS
10
5.5473606692913382
20
-4.8675026377952753
11
5.5486390944881885
21
-4.8687810629921255
0
LINE
8
BLACK
6
CONTINUOUS
10
5.5486390944881885
20
-4.8687810629921255
11
5.548818897637795
21
-4.8696850393700783
0
LINE
8
BLACK
6
CONTINUOUS
10
5.548818897637795
20
-4.8696850393700783
11
5.548818897637795
21
-5.2740157480314958
0
LINE
8
BLACK
6
CONTINUOUS
10
5.548818897637795
20
-5.2740157480314958
11
5.5486390944881885
21
-5.2749197244094486
0
LINE
8
BLACK
6
CONTINUOUS
10
5.5486390944881885
20
-5.2749197244094486
11
5.5473606692913382
21
-5.2761981496062988
0
LINE
8
BLACK
6
CONTINUOUS
10
5.5473606692913382
20
-5.2761981496062988
11
5.5464566929133854
21
-5.2763779527559054
0
LINE
8
BLACK
6
CONTINUOUS
10
5.5464566929133854
20
-5.2763779527559054
11
5.3377952755905511
21
-5.2763779527559054
0
LINE
8
BLACK
6
CONTINUOUS
10
5.3377952755905511
20
-5.2763779527559054
11
5.3368912992125983
21
-5.2761981496062988
0
LINE
8
BLACK
6
CONTINUOUS
10
5.3368912992125983
20
-5.2761981496062988
11
5.335612874015748
21
-5.2749197244094486
0
LINE
8
BLACK
6
CONTINUOUS
10
5.335612874015748
20
-5.2749197244094486
11
5.3354330708661415
21
-5.2740157480314958
0
LINE
8
BLACK
6
CONTINUOUS
10
5.3354330708661415
20
-5.2740157480314958
11
5.3354330708661415
21
-4.7653543307086617
0
LINE
8
BLACK
6
CONTINUOUS
10
5.3354330708661415
20
-4.7653543307086617
11
5.335612874015748
21
-4.7644503543307088
0
LINE
8
BLACK
6
CONTINUOUS
10
5.335612874015748
20
-4.7644503543307088
11
5.3368912992125983
21
-4.7631719291338586
0
LINE
8
BLACK
6
CONTINUOUS
10
5.3368912992125983
20
-4.7631719291338586
11
5.3377952755905511
21
-4.762992125984252
0
LINE
8
BLACK
6
CONTINUOUS
10
5.3377952755905511
20
-4.762992125984252
11
5.4421259842519687
21
-4.762992125984252
0
LINE
8
BLACK
6
CONTINUOUS
10
5.4421259842519687
20
-4.762992125984252
11
5.4430299606299215
21
-4.7631719291338586
0
LINE
8
BLACK
6
CONTINUOUS
10
5.3401574803149607
20
-4.7677165354330704
11
5.3401574803149607
21
-5.2716535433070861
0
LINE
8
BLACK
6
CONTINUOUS
10
5.3401574803149607
20
-5.2716535433070861
11
5.5440944881889767
21
-5.2716535433070861
0
LINE
8
BLACK
6
CONTINUOUS
10
5.5440944881889767
20
-5.2716535433070861
11
5.5440944881889767
21
-4.872047244094488
0
LINE
8
BLACK
6
CONTINUOUS
10
5.5440944881889767
20
-4.872047244094488
11
5.4421259842519687
21
-4.872047244094488
0
LINE
8
BLACK
6
CONTINUOUS
10
5.4421259842519687
20
-4.872047244094488
11
5.4412220078740159
21
-4.8718674409448814
0
LINE
8
BLACK
6
CONTINUOUS
10
5.4412220078740159
20
-4.8718674409448814
11
5.4399435826771656
21
-4.8705890157480312
0
LINE
8
BLACK
6
CONTINUOUS
10
5.4399435826771656
20
-4.8705890157480312
11
5.4397637795275591
21
-4.8696850393700783
0
LINE
8
BLACK
6
CONTINUOUS
10
5.4397637795275591
20
-4.8696850393700783
11
5.4397637795275591
21
-4.7677165354330704
0
LINE
8
BLACK
6
CONTINUOUS
10
5.4397637795275591
20
-4.7677165354330704
11
5.3401574803149607
21
-4.7677165354330704
0
LINE
8
BLACK
6
CONTINUOUS
10
5.2231350393700788
20
-5.1900088582677162
11
5.2242003937007873
21
-5.1910742125984255
0
LINE
8
BLACK
6
CONTINUOUS
10
5.2242003937007873
20
-5.1910742125984255
11
5.2243502362204719
21
-5.191827519685039
0
LINE
8
BLACK
6
CONTINUOUS
10
5.2243502362204719
20
-5.191827519685039
11
5.2243502362204719
21
-5.2311975984251964
0
LINE
8
BLACK
6
CONTINUOUS
10
5.2243502362204719
20
-5.2311975984251964
11
5.2242003937007873
21
-5.2319509055118107
0
LINE
8
BLACK
6
CONTINUOUS
10
5.2242003937007873
20
-5.2319509055118107
11
5.2231350393700788
21
-5.2330162598425192
0
LINE
8
BLACK
6
CONTINUOUS
10
5.2231350393700788
20
-5.2330162598425192
11
5.2223817322834645
21
-5.2331661023622047
0
LINE
8
BLACK
6
CONTINUOUS
10
5.2223817322834645
20
-5.2331661023622047
11
5.2130079133858267
21
-5.2331661023622047
0
LINE
8
BLACK
6
CONTINUOUS
10
5.2130079133858267
20
-5.2331661023622047
11
5.2126983858267719
21
-5.2331045275590551
0
LINE
8
BLACK
6
CONTINUOUS
10
5.2126983858267719
20
-5.2331045275590551
11
5.2123853937007869
21
-5.2330650787401574
0
LINE
8
BLACK
6
CONTINUOUS
10
5.2123853937007869
20
-5.2330650787401574
11
5.206761141732283
21
-5.2311903149606298
0
LINE
8
BLACK
6
CONTINUOUS
10
5.206761141732283
20
-5.2311903149606298
11
5.2066755118110235
21
-5.2311414960629916
0
LINE
8
BLACK
6
CONTINUOUS
10
5.2066755118110235
20
-5.2311414960629916
11
5.2066303149606297
21
-5.2311414960629916
0
LINE
8
BLACK
6
CONTINUOUS
10
5.2066303149606297
20
-5.2311414960629916
11
5.2063680708661417
21
-5.2309662598425195
0
LINE
8
BLACK
6
CONTINUOUS
10
5.2063680708661417
20
-5.2309662598425195
11
5.2060938582677165
21
-5.2308099606299212
0
LINE
8
BLACK
6
CONTINUOUS
10
5.2060938582677165
20
-5.2308099606299212
11
5.2060736220472439
21
-5.2307694881889759
0
LINE
8
BLACK
6
CONTINUOUS
10
5.2060736220472439
20
-5.2307694881889759
11
5.2059916929133854
21
-5.2307147637795275
0
LINE
8
BLACK
6
CONTINUOUS
10
5.2059916929133854
20
-5.2307147637795275
11
5.2022421259842515
21
-5.2269651968503936
0
LINE
8
BLACK
6
CONTINUOUS
10
5.2022421259842515
20
-5.2269651968503936
11
5.2020667322834644
21
-5.2267027165354332
0
LINE
8
BLACK
6
CONTINUOUS
10
5.2020667322834644
20
-5.2267027165354332
11
5.2018733858267714
21
-5.2264535826771654
0
LINE
8
BLACK
6
CONTINUOUS
10
5.2018733858267714
20
-5.2264535826771654
11
5.1999986614173226
21
-5.2227040944881891
0
LINE
8
BLACK
6
CONTINUOUS
10
5.1999986614173226
20
-5.2227040944881891
11
5.1999416929133861
21
-5.2224961417322833
0
LINE
8
BLACK
6
CONTINUOUS
10
5.1999416929133861
20
-5.2224961417322833
11
5.1998496062992121
21
-5.2223011811023623
0
LINE
8
BLACK
6
CONTINUOUS
10
5.1998496062992121
20
-5.2223011811023623
11
5.1979748425196846
21
-5.2148021259842521
0
LINE
8
BLACK
6
CONTINUOUS
10
5.1979748425196846
20
-5.2148021259842521
11
5.1979631102362207
21
-5.2145612598425197
0
LINE
8
BLACK
6
CONTINUOUS
10
5.1979631102362207
20
-5.2145612598425197
11
5.1979160629921255
21
-5.2143246850393696
0
LINE
8
BLACK
6
CONTINUOUS
10
5.1979160629921255
20
-5.2143246850393696
11
5.1979160629921255
21
-5.208700393700787
0
LINE
8
BLACK
6
CONTINUOUS
10
5.1979160629921255
20
-5.208700393700787
11
5.1979631102362207
21
-5.208463779527559
0
LINE
8
BLACK
6
CONTINUOUS
10
5.1979631102362207
20
-5.208463779527559
11
5.1979748425196846
21
-5.2082229527559054
0
LINE
8
BLACK
6
CONTINUOUS
10
5.1979748425196846
20
-5.2082229527559054
11
5.1998496062992121
21
-5.2007238976377952
0
LINE
8
BLACK
6
CONTINUOUS
10
5.1998496062992121
20
-5.2007238976377952
11
5.1999416929133861
21
-5.2005288976377955
0
LINE
8
BLACK
6
CONTINUOUS
10
5.1999416929133861
20
-5.2005288976377955
11
5.1999986614173226
21
-5.2003209842519684
0
LINE
8
BLACK
6
CONTINUOUS
10
5.1999986614173226
20
-5.2003209842519684
11
5.2018733858267714
21
-5.1965714960629921
0
LINE
8
BLACK
6
CONTINUOUS
10
5.2018733858267714
20
-5.1965714960629921
11
5.2020668897637794
21
-5.1963221259842518
0
LINE
8
BLACK
6
CONTINUOUS
10
5.2020668897637794
20
-5.1963221259842518
11
5.2022421653543303
21
-5.1960598818897639
0
LINE
8
BLACK
6
CONTINUOUS
10
5.2022421653543303
20
-5.1960598818897639
11
5.2059916929133854
21
-5.1923103543307088
0
LINE
8
BLACK
6
CONTINUOUS
10
5.2059916929133854
20
-5.1923103543307088
11
5.2060736220472439
21
-5.1922555905511807
0
LINE
8
BLACK
6
CONTINUOUS
10
5.2060736220472439
20
-5.1922555905511807
11
5.2060938582677165
21
-5.192215157480315
0
LINE
8
BLACK
6
CONTINUOUS
10
5.2060938582677165
20
-5.192215157480315
11
5.2063680708661417
21
-5.192058818897638
0
LINE
8
BLACK
6
CONTINUOUS
10
5.2063680708661417
20
-5.192058818897638
11
5.2066303149606297
21
-5.1918836220472437
0
LINE
8
BLACK
6
CONTINUOUS
10
5.2066303149606297
20
-5.1918836220472437
11
5.2066755118110235
21
-5.1918836220472437
0
LINE
8
BLACK
6
CONTINUOUS
10
5.2066755118110235
20
-5.1918836220472437
11
5.206761141732283
21
-5.1918348031496064
0
LINE
8
BLACK
6
CONTINUOUS
10
5.206761141732283
20
-5.1918348031496064
11
5.2123853937007869
21
-5.1899600393700789
0
LINE
8
BLACK
6
CONTINUOUS
10
5.2123853937007869
20
-5.1899600393700789
11
5.2126983858267719
21
-5.1899205511811024
0
LINE
8
BLACK
6
CONTINUOUS
10
5.2126983858267719
20
-5.1899205511811024
11
5.2130079133858267
21
-5.1898590157480315
0
LINE
8
BLACK
6
CONTINUOUS
10
5.2130079133858267
20
-5.1898590157480315
11
5.2223817322834645
21
-5.1898590157480315
0
LINE
8
BLACK
6
CONTINUOUS
10
5.2223817322834645
20
-5.1898590157480315
11
5.2231350393700788
21
-5.1900088582677162
0
LINE
8
BLACK
6
CONTINUOUS
10
5.2084469291338582
20
-5.19542279527559
11
5.2052519291338584
21
-5.1986178346456695
0
LINE
8
BLACK
6
CONTINUOUS
10
5.2052519291338584
20
-5.1986178346456695
11
5.2036166535433068
21
-5.2018883858267717
0
LINE
8
BLACK
6
CONTINUOUS
10
5.2036166535433068
20
-5.2018883858267717
11
5.2018530708661412
21
-5.2089427165354332
0
LINE
8
BLACK
6
CONTINUOUS
10
5.2018530708661412
20
-5.2089427165354332
11
5.2018530708661412
21
-5.2140823622047243
0
LINE
8
BLACK
6
CONTINUOUS
10
5.2018530708661412
20
-5.2140823622047243
11
5.2036166535433068
21
-5.2211366929133858
0
LINE
8
BLACK
6
CONTINUOUS
10
5.2036166535433068
20
-5.2211366929133858
11
5.2052518897637796
21
-5.2244071653543305
0
LINE
8
BLACK
6
CONTINUOUS
10
5.2052518897637796
20
-5.2244071653543305
11
5.2084470078740157
21
-5.2276023228346453
0
LINE
8
BLACK
6
CONTINUOUS
10
5.2084470078740157
20
-5.2276023228346453
11
5.2133273228346457
21
-5.229229094488189
0
LINE
8
BLACK
6
CONTINUOUS
10
5.2133273228346457
20
-5.229229094488189
11
5.2204132283464562
21
-5.229229094488189
0
LINE
8
BLACK
6
CONTINUOUS
10
5.2204132283464562
20
-5.229229094488189
11
5.2204132283464562
21
-5.1937960236220473
0
LINE
8
BLACK
6
CONTINUOUS
10
5.2204132283464562
20
-5.1937960236220473
11
5.2133273228346457
21
-5.1937960236220473
0
LINE
8
BLACK
6
CONTINUOUS
10
5.2133273228346457
20
-5.1937960236220473
11
5.2084469291338582
21
-5.19542279527559
0
LINE
8
BLACK
6
CONTINUOUS
10
5.2920575984251963
20
-5.1899205511811024
11
5.2923705511811026
21
-5.1899600393700789
0
LINE
8
BLACK
6
CONTINUOUS
10
5.2923705511811026
20
-5.1899600393700789
11
5.2979948425196852
21
-5.1918348031496064
0
LINE
8
BLACK
6
CONTINUOUS
10
5.2979948425196852
20
-5.1918348031496064
11
5.2980804724409447
21
-5.1918836220472437
0
LINE
8
BLACK
6
CONTINUOUS
10
5.2980804724409447
20
-5.1918836220472437
11
5.2981256692913385
21
-5.1918836220472437
0
LINE
8
BLACK
6
CONTINUOUS
10
5.2981256692913385
20
-5.1918836220472437
11
5.2983880314960627
21
-5.1920589370078742
0
LINE
8
BLACK
6
CONTINUOUS
10
5.2983880314960627
20
-5.1920589370078742
11
5.2986620866141729
21
-5.192215157480315
0
LINE
8
BLACK
6
CONTINUOUS
10
5.2986620866141729
20
-5.192215157480315
11
5.2986822834645668
21
-5.1922555511811019
0
LINE
8
BLACK
6
CONTINUOUS
10
5.2986822834645668
20
-5.1922555511811019
11
5.2987642913385828
21
-5.1923103543307088
0
LINE
8
BLACK
6
CONTINUOUS
10
5.2987642913385828
20
-5.1923103543307088
11
5.302513818897638
21
-5.1960598818897639
0
LINE
8
BLACK
6
CONTINUOUS
10
5.302513818897638
20
-5.1960598818897639
11
5.3026890157480313
21
-5.1963220472440943
0
LINE
8
BLACK
6
CONTINUOUS
10
5.3026890157480313
20
-5.1963220472440943
11
5.3028825590551181
21
-5.1965714566929133
0
LINE
8
BLACK
6
CONTINUOUS
10
5.3028825590551181
20
-5.1965714566929133
11
5.3047573228346456
21
-5.2003209842519684
0
LINE
8
BLACK
6
CONTINUOUS
10
5.3047573228346456
20
-5.2003209842519684
11
5.3048142519685042
21
-5.2005288976377955
0
LINE
8
BLACK
6
CONTINUOUS
10
5.3048142519685042
20
-5.2005288976377955
11
5.3049063779527561
21
-5.2007238976377952
0
LINE
8
BLACK
6
CONTINUOUS
10
5.3049063779527561
20
-5.2007238976377952
11
5.3067811417322837
21
-5.2082229527559054
0
LINE
8
BLACK
6
CONTINUOUS
10
5.3067811417322837
20
-5.2082229527559054
11
5.3067928346456688
21
-5.208463779527559
0
LINE
8
BLACK
6
CONTINUOUS
10
5.3067928346456688
20
-5.208463779527559
11
5.3068399212598427
21
-5.208700393700787
0
LINE
8
BLACK
6
CONTINUOUS
10
5.3068399212598427
20
-5.208700393700787
11
5.3068399212598427
21
-5.2143246850393696
0
LINE
8
BLACK
6
CONTINUOUS
10
5.3068399212598427
20
-5.2143246850393696
11
5.3067928346456688
21
-5.2145612598425197
0
LINE
8
BLACK
6
CONTINUOUS
10
5.3067928346456688
20
-5.2145612598425197
11
5.3067811417322837
21
-5.2148021259842521
0
LINE
8
BLACK
6
CONTINUOUS
10
5.3067811417322837
20
-5.2148021259842521
11
5.3049063779527561
21
-5.2223011811023623
0
LINE
8
BLACK
6
CONTINUOUS
10
5.3049063779527561
20
-5.2223011811023623
11
5.3048142519685042
21
-5.2224961417322833
0
LINE
8
BLACK
6
CONTINUOUS
10
5.3048142519685042
20
-5.2224961417322833
11
5.3047573228346456
21
-5.2227040944881891
0
LINE
8
BLACK
6
CONTINUOUS
10
5.3047573228346456
20
-5.2227040944881891
11
5.3028825590551181
21
-5.2264536220472442
0
LINE
8
BLACK
6
CONTINUOUS
10
5.3028825590551181
20
-5.2264536220472442
11
5.3026891732283463
21
-5.2267027559055119
0
LINE
8
BLACK
6
CONTINUOUS
10
5.3026891732283463
20
-5.2267027559055119
11
5.3025138582677167
21
-5.2269651968503936
0
LINE
8
BLACK
6
CONTINUOUS
10
5.3025138582677167
20
-5.2269651968503936
11
5.2987643307086616
21
-5.2307147637795275
0
LINE
8
BLACK
6
CONTINUOUS
10
5.2987643307086616
20
-5.2307147637795275
11
5.2986822440944881
21
-5.2307695669291334
0
LINE
8
BLACK
6
CONTINUOUS
10
5.2986822440944881
20
-5.2307695669291334
11
5.2986620866141729
21
-5.2308099606299212
0
LINE
8
BLACK
6
CONTINUOUS
10
5.2986620866141729
20
-5.2308099606299212
11
5.298388307086614
21
-5.2309659842519682
0
LINE
8
BLACK
6
CONTINUOUS
10
5.298388307086614
20
-5.2309659842519682
11
5.2981257086614173
21
-5.2311414960629916
0
LINE
8
BLACK
6
CONTINUOUS
10
5.2981257086614173
20
-5.2311414960629916
11
5.2980804724409447
21
-5.2311414960629916
0
LINE
8
BLACK
6
CONTINUOUS
10
5.2980804724409447
20
-5.2311414960629916
11
5.2979948425196852
21
-5.2311903149606298
0
LINE
8
BLACK
6
CONTINUOUS
10
5.2979948425196852
20
-5.2311903149606298
11
5.2923705511811026
21
-5.2330650787401574
0
LINE
8
BLACK
6
CONTINUOUS
10
5.2923705511811026
20
-5.2330650787401574
11
5.2920575984251963
21
-5.2331045275590551
0
LINE
8
BLACK
6
CONTINUOUS
10
5.2920575984251963
20
-5.2331045275590551
11
5.2917480708661415
21
-5.2331661023622047
0
LINE
8
BLACK
6
CONTINUOUS
10
5.2917480708661415
20
-5.2331661023622047
11
5.2879985433070864
21
-5.2331661023622047
0
LINE
8
BLACK
6
CONTINUOUS
10
5.2879985433070864
20
-5.2331661023622047
11
5.2876890157480316
21
-5.2331045275590551
0
LINE
8
BLACK
6
CONTINUOUS
10
5.2876890157480316
20
-5.2331045275590551
11
5.2873760236220475
21
-5.2330650787401574
0
LINE
8
BLACK
6
CONTINUOUS
10
5.2873760236220475
20
-5.2330650787401574
11
5.2817517716535436
21
-5.2311903149606298
0
LINE
8
BLACK
6
CONTINUOUS
10
5.2817517716535436
20
-5.2311903149606298
11
5.2816661417322832
21
-5.2311414960629916
0
LINE
8
BLACK
6
CONTINUOUS
10
5.2816661417322832
20
-5.2311414960629916
11
5.2816209055118106
21
-5.2311414960629916
0
LINE
8
BLACK
6
CONTINUOUS
10
5.2816209055118106
20
-5.2311414960629916
11
5.2813584251968502
21
-5.2309661023622045
0
LINE
8
BLACK
6
CONTINUOUS
10
5.2813584251968502
20
-5.2309661023622045
11
5.2810844881889762
21
-5.2308099606299212
0
LINE
8
BLACK
6
CONTINUOUS
10
5.2810844881889762
20
-5.2308099606299212
11
5.2810642519685036
21
-5.2307695275590547
0
LINE
8
BLACK
6
CONTINUOUS
10
5.2810642519685036
20
-5.2307695275590547
11
5.2809822834645672
21
-5.2307147637795275
0
LINE
8
BLACK
6
CONTINUOUS
10
5.2809822834645672
20
-5.2307147637795275
11
5.2791075196850397
21
-5.2288399606299212
0
LINE
8
BLACK
6
CONTINUOUS
10
5.2791075196850397
20
-5.2288399606299212
11
5.2786808267716534
21
-5.2282013385826769
0
LINE
8
BLACK
6
CONTINUOUS
10
5.2786808267716534
20
-5.2282013385826769
11
5.2785309842519688
21
-5.2274480314960625
0
LINE
8
BLACK
6
CONTINUOUS
10
5.2785309842519688
20
-5.2274480314960625
11
5.2785309842519688
21
-5.2143246850393696
0
LINE
8
BLACK
6
CONTINUOUS
10
5.2785309842519688
20
-5.2143246850393696
11
5.2786808267716534
21
-5.2135713779527562
0
LINE
8
BLACK
6
CONTINUOUS
10
5.2786808267716534
20
-5.2135713779527562
11
5.2797461811023618
21
-5.2125060236220468
0
LINE
8
BLACK
6
CONTINUOUS
10
5.2797461811023618
20
-5.2125060236220468
11
5.2804994881889762
21
-5.2123561811023622
0
LINE
8
BLACK
6
CONTINUOUS
10
5.2804994881889762
20
-5.2123561811023622
11
5.2879985433070864
21
-5.2123561811023622
0
LINE
8
BLACK
6
CONTINUOUS
10
5.2879985433070864
20
-5.2123561811023622
11
5.2887518503937008
21
-5.2125060236220468
0
LINE
8
BLACK
6
CONTINUOUS
10
5.2887518503937008
20
-5.2125060236220468
11
5.2898172047244092
21
-5.2135713779527562
0
LINE
8
BLACK
6
CONTINUOUS
10
5.2898172047244092
20
-5.2135713779527562
11
5.2898172047244092
21
-5.215077992125984
0
LINE
8
BLACK
6
CONTINUOUS
10
5.2898172047244092
20
-5.215077992125984
11
5.2887518503937008
21
-5.2161433464566924
0
LINE
8
BLACK
6
CONTINUOUS
10
5.2887518503937008
20
-5.2161433464566924
11
5.2879985433070864
21
-5.2162931889763779
0
LINE
8
BLACK
6
CONTINUOUS
10
5.2879985433070864
20
-5.2162931889763779
11
5.2824679921259845
21
-5.2162931889763779
0
LINE
8
BLACK
6
CONTINUOUS
10
5.2824679921259845
20
-5.2162931889763779
11
5.2824679921259845
21
-5.2266326377952756
0
LINE
8
BLACK
6
CONTINUOUS
10
5.2824679921259845
20
-5.2266326377952756
11
5.2834376377952754
21
-5.2276023228346453
0
LINE
8
BLACK
6
CONTINUOUS
10
5.2834376377952754
20
-5.2276023228346453
11
5.2883179527559054
21
-5.229229094488189
0
LINE
8
BLACK
6
CONTINUOUS
10
5.2883179527559054
20
-5.229229094488189
11
5.2914286614173225
21
-5.229229094488189
0
LINE
8
BLACK
6
CONTINUOUS
10
5.2914286614173225
20
-5.229229094488189
11
5.2963089763779525
21
-5.2276022834645666
0
LINE
8
BLACK
6
CONTINUOUS
10
5.2963089763779525
20
-5.2276022834645666
11
5.2995040157480311
21
-5.224407244094488
0
LINE
8
BLACK
6
CONTINUOUS
10
5.2995040157480311
20
-5.224407244094488
11
5.3011393307086614
21
-5.2211366141732283
0
LINE
8
BLACK
6
CONTINUOUS
10
5.3011393307086614
20
-5.2211366141732283
11
5.302902913385827
21
-5.2140823622047243
0
LINE
8
BLACK
6
CONTINUOUS
10
5.302902913385827
20
-5.2140823622047243
11
5.302902913385827
21
-5.2089427165354332
0
LINE
8
BLACK
6
CONTINUOUS
10
5.302902913385827
20
-5.2089427165354332
11
5.3011393307086614
21
-5.2018884251968505
0
LINE
8
BLACK
6
CONTINUOUS
10
5.3011393307086614
20
-5.2018884251968505
11
5.2995040157480311
21
-5.1986177952755908
0
LINE
8
BLACK
6
CONTINUOUS
10
5.2995040157480311
20
-5.1986177952755908
11
5.2963090157480313
21
-5.19542279527559
0
LINE
8
BLACK
6
CONTINUOUS
10
5.2963090157480313
20
-5.19542279527559
11
5.2914286614173225
21
-5.1937960236220473
0
LINE
8
BLACK
6
CONTINUOUS
10
5.2914286614173225
20
-5.1937960236220473
11
5.2865885039370077
21
-5.1937960236220473
0
LINE
8
BLACK
6
CONTINUOUS
10
5.2865885039370077
20
-5.1937960236220473
11
5.2832546062992121
21
-5.1954629527559053
0
LINE
8
BLACK
6
CONTINUOUS
10
5.2832546062992121
20
-5.1954629527559053
11
5.2825138188976375
21
-5.1956658267716538
0
LINE
8
BLACK
6
CONTINUOUS
10
5.2825138188976375
20
-5.1956658267716538
11
5.2810844881889762
21
-5.1951894094488189
0
LINE
8
BLACK
6
CONTINUOUS
10
5.2810844881889762
20
-5.1951894094488189
11
5.2804107086614174
21
-5.1938418503937003
0
LINE
8
BLACK
6
CONTINUOUS
10
5.2804107086614174
20
-5.1938418503937003
11
5.2808871259842523
21
-5.192412519685039
0
LINE
8
BLACK
6
CONTINUOUS
10
5.2808871259842523
20
-5.192412519685039
11
5.2814938976377954
21
-5.1919416141732286
0
LINE
8
BLACK
6
CONTINUOUS
10
5.2814938976377954
20
-5.1919416141732286
11
5.2852434251968505
21
-5.1900668503937011
0
LINE
8
BLACK
6
CONTINUOUS
10
5.2852434251968505
20
-5.1900668503937011
11
5.285338503937008
21
-5.1900407874015748
0
LINE
8
BLACK
6
CONTINUOUS
10
5.285338503937008
20
-5.1900407874015748
11
5.2853704724409445
21
-5.1900088582677162
0
LINE
8
BLACK
6
CONTINUOUS
10
5.2853704724409445
20
-5.1900088582677162
11
5.2856799606299214
21
-5.1899472834645666
0
LINE
8
BLACK
6
CONTINUOUS
10
5.2856799606299214
20
-5.1899472834645666
11
5.2859842125984251
21
-5.1898639763779526
0
LINE
8
BLACK
6
CONTINUOUS
10
5.2859842125984251
20
-5.1898639763779526
11
5.2860270472440947
21
-5.1898782283464566
0
LINE
8
BLACK
6
CONTINUOUS
10
5.2860270472440947
20
-5.1898782283464566
11
5.2861237795275589
21
-5.1898590157480315
0
LINE
8
BLACK
6
CONTINUOUS
10
5.2861237795275589
20
-5.1898590157480315
11
5.2917480708661415
21
-5.1898590157480315
0
LINE
8
BLACK
6
CONTINUOUS
10
5.2917480708661415
20
-5.1898590157480315
11
5.2920575984251963
21
-5.1899205511811024
0
LINE
8
BLACK
6
CONTINUOUS
10
5.5971507874015742
20
-5.1900088582677162
11
5.5982161417322835
21
-5.1910742125984255
0
LINE
8
BLACK
6
CONTINUOUS
10
5.5982161417322835
20
-5.1910742125984255
11
5.5983659842519682
21
-5.191827519685039
0
LINE
8
BLACK
6
CONTINUOUS
10
5.5983659842519682
20
-5.191827519685039
11
5.5983659842519682
21
-5.2311975984251964
0
LINE
8
BLACK
6
CONTINUOUS
10
5.5983659842519682
20
-5.2311975984251964
11
5.5982161417322835
21
-5.2319509055118107
0
LINE
8
BLACK
6
CONTINUOUS
10
5.5982161417322835
20
-5.2319509055118107
11
5.5971507874015742
21
-5.2330162598425192
0
LINE
8
BLACK
6
CONTINUOUS
10
5.5971507874015742
20
-5.2330162598425192
11
5.5963974803149608
21
-5.2331661023622047
0
LINE
8
BLACK
6
CONTINUOUS
10
5.5963974803149608
20
-5.2331661023622047
11
5.587023661417323
21
-5.2331661023622047
0
LINE
8
BLACK
6
CONTINUOUS
10
5.587023661417323
20
-5.2331661023622047
11
5.5867141338582673
21
-5.2331045275590551
0
LINE
8
BLACK
6
CONTINUOUS
10
5.5867141338582673
20
-5.2331045275590551
11
5.5864011417322832
21
-5.2330650787401574
0
LINE
8
BLACK
6
CONTINUOUS
10
5.5864011417322832
20
-5.2330650787401574
11
5.5807768897637793
21
-5.2311903149606298
0
LINE
8
BLACK
6
CONTINUOUS
10
5.5807768897637793
20
-5.2311903149606298
11
5.5806912598425198
21
-5.2311414960629916
0
LINE
8
BLACK
6
CONTINUOUS
10
5.5806912598425198
20
-5.2311414960629916
11
5.580646062992126
21
-5.2311414960629916
0
LINE
8
BLACK
6
CONTINUOUS
10
5.580646062992126
20
-5.2311414960629916
11
5.580383818897638
21
-5.2309662598425195
0
LINE
8
BLACK
6
CONTINUOUS
10
5.580383818897638
20
-5.2309662598425195
11
5.5801096062992128
21
-5.2308099606299212
0
LINE
8
BLACK
6
CONTINUOUS
10
5.5801096062992128
20
-5.2308099606299212
11
5.5800893700787402
21
-5.2307694881889759
0
LINE
8
BLACK
6
CONTINUOUS
10
5.5800893700787402
20
-5.2307694881889759
11
5.5800074409448817
21
-5.2307147637795275
0
LINE
8
BLACK
6
CONTINUOUS
10
5.5800074409448817
20
-5.2307147637795275
11
5.5762578740157478
21
-5.2269651968503936
0
LINE
8
BLACK
6
CONTINUOUS
10
5.5762578740157478
20
-5.2269651968503936
11
5.5760824803149607
21
-5.2267027165354332
0
LINE
8
BLACK
6
CONTINUOUS
10
5.5760824803149607
20
-5.2267027165354332
11
5.5758891338582677
21
-5.2264535826771654
0
LINE
8
BLACK
6
CONTINUOUS
10
5.5758891338582677
20
-5.2264535826771654
11
5.5740144094488189
21
-5.2227040944881891
0
LINE
8
BLACK
6
CONTINUOUS
10
5.5740144094488189
20
-5.2227040944881891
11
5.5739574409448815
21
-5.2224961417322833
0
LINE
8
BLACK
6
CONTINUOUS
10
5.5739574409448815
20
-5.2224961417322833
11
5.5738653543307084
21
-5.2223011811023623
0
LINE
8
BLACK
6
CONTINUOUS
10
5.5738653543307084
20
-5.2223011811023623
11
5.5719905905511808
21
-5.2148021259842521
0
LINE
8
BLACK
6
CONTINUOUS
10
5.5719905905511808
20
-5.2148021259842521
11
5.5719788582677161
21
-5.2145612598425197
0
LINE
8
BLACK
6
CONTINUOUS
10
5.5719788582677161
20
-5.2145612598425197
11
5.5719318110236218
21
-5.2143246850393696
0
LINE
8
BLACK
6
CONTINUOUS
10
5.5719318110236218
20
-5.2143246850393696
11
5.5719318110236218
21
-5.208700393700787
0
LINE
8
BLACK
6
CONTINUOUS
10
5.5719318110236218
20
-5.208700393700787
11
5.5719788582677161
21
-5.208463779527559
0
LINE
8
BLACK
6
CONTINUOUS
10
5.5719788582677161
20
-5.208463779527559
11
5.5719905905511808
21
-5.2082229527559054
0
LINE
8
BLACK
6
CONTINUOUS
10
5.5719905905511808
20
-5.2082229527559054
11
5.5738653543307084
21
-5.2007238976377952
0
LINE
8
BLACK
6
CONTINUOUS
10
5.5738653543307084
20
-5.2007238976377952
11
5.5739574409448815
21
-5.2005288976377955
0
LINE
8
BLACK
6
CONTINUOUS
10
5.5739574409448815
20
-5.2005288976377955
11
5.5740144094488189
21
-5.2003209842519684
0
LINE
8
BLACK
6
CONTINUOUS
10
5.5740144094488189
20
-5.2003209842519684
11
5.5758891338582677
21
-5.1965714960629921
0
LINE
8
BLACK
6
CONTINUOUS
10
5.5758891338582677
20
-5.1965714960629921
11
5.5760826377952757
21
-5.1963221259842518
0
LINE
8
BLACK
6
CONTINUOUS
10
5.5760826377952757
20
-5.1963221259842518
11
5.5762579133858265
21
-5.1960598818897639
0
LINE
8
BLACK
6
CONTINUOUS
10
5.5762579133858265
20
-5.1960598818897639
11
5.5800074409448817
21
-5.1923103543307088
0
LINE
8
BLACK
6
CONTINUOUS
10
5.5800074409448817
20
-5.1923103543307088
11
5.5800893700787402
21
-5.1922555905511807
0
LINE
8
BLACK
6
CONTINUOUS
10
5.5800893700787402
20
-5.1922555905511807
11
5.5801096062992128
21
-5.192215157480315
0
LINE
8
BLACK
6
CONTINUOUS
10
5.5801096062992128
20
-5.192215157480315
11
5.580383818897638
21
-5.192058818897638
0
LINE
8
BLACK
6
CONTINUOUS
10
5.580383818897638
20
-5.192058818897638
11
5.580646062992126
21
-5.1918836220472437
0
LINE
8
BLACK
6
CONTINUOUS
10
5.580646062992126
20
-5.1918836220472437
11
5.5806912598425198
21
-5.1918836220472437
0
LINE
8
BLACK
6
CONTINUOUS
10
5.5806912598425198
20
-5.1918836220472437
11
5.5807768897637793
21
-5.1918348031496064
0
LINE
8
BLACK
6
CONTINUOUS
10
5.5807768897637793
20
-5.1918348031496064
11
5.5864011417322832
21
-5.1899600393700789
0
LINE
8
BLACK
6
CONTINUOUS
10
5.5864011417322832
20
-5.1899600393700789
11
5.5867141338582673
21
-5.1899205511811024
0
LINE
8
BLACK
6
CONTINUOUS
10
5.5867141338582673
20
-5.1899205511811024
11
5.587023661417323
21
-5.1898590157480315
0
LINE
8
BLACK
6
CONTINUOUS
10
5.587023661417323
20
-5.1898590157480315
11
5.5963974803149608
21
-5.1898590157480315
0
LINE
8
BLACK
6
CONTINUOUS
10
5.5963974803149608
20
-5.1898590157480315
11
5.5971507874015742
21
-5.1900088582677162
0
LINE
8
BLACK
6
CONTINUOUS
10
5.5824626771653545
20
-5.19542279527559
11
5.5792676771653538
21
-5.1986178346456695
0
LINE
8
BLACK
6
CONTINUOUS
10
5.5792676771653538
20
-5.1986178346456695
11
5.5776324015748031
21
-5.2018883858267717
0
LINE
8
BLACK
6
CONTINUOUS
10
5.5776324015748031
20
-5.2018883858267717
11
5.5758688188976375
21
-5.2089427165354332
0
LINE
8
BLACK
6
CONTINUOUS
10
5.5758688188976375
20
-5.2089427165354332
11
5.5758688188976375
21
-5.2140823622047243
0
LINE
8
BLACK
6
CONTINUOUS
10
5.5758688188976375
20
-5.2140823622047243
11
5.5776324015748031
21
-5.2211366929133858
0
LINE
8
BLACK
6
CONTINUOUS
10
5.5776324015748031
20
-5.2211366929133858
11
5.5792676377952759
21
-5.2244071653543305
0
LINE
8
BLACK
6
CONTINUOUS
10
5.5792676377952759
20
-5.2244071653543305
11
5.582462755905512
21
-5.2276023228346453
0
LINE
8
BLACK
6
CONTINUOUS
10
5.582462755905512
20
-5.2276023228346453
11
5.587343070866142
21
-5.229229094488189
0
LINE
8
BLACK
6
CONTINUOUS
10
5.587343070866142
20
-5.229229094488189
11
5.5944289763779524
21
-5.229229094488189
0
LINE
8
BLACK
6
CONTINUOUS
10
5.5944289763779524
20
-5.229229094488189
11
5.5944289763779524
21
-5.1937960236220473
0
LINE
8
BLACK
6
CONTINUOUS
10
5.5944289763779524
20
-5.1937960236220473
11
5.587343070866142
21
-5.1937960236220473
0
LINE
8
BLACK
6
CONTINUOUS
10
5.587343070866142
20
-5.1937960236220473
11
5.5824626771653545
21
-5.19542279527559
0
LINE
8
BLACK
6
CONTINUOUS
10
5.6660733464566926
20
-5.1899205511811024
11
5.666386299212598
21
-5.1899600393700789
0
LINE
8
BLACK
6
CONTINUOUS
10
5.666386299212598
20
-5.1899600393700789
11
5.6720105905511806
21
-5.1918348031496064
0
LINE
8
BLACK
6
CONTINUOUS
10
5.6720105905511806
20
-5.1918348031496064
11
5.672096220472441
21
-5.1918836220472437
0
LINE
8
BLACK
6
CONTINUOUS
10
5.672096220472441
20
-5.1918836220472437
11
5.6721414173228348
21
-5.1918836220472437
0
LINE
8
BLACK
6
CONTINUOUS
10
5.6721414173228348
20
-5.1918836220472437
11
5.672403779527559
21
-5.1920589370078742
0
LINE
8
BLACK
6
CONTINUOUS
10
5.672403779527559
20
-5.1920589370078742
11
5.6726778346456692
21
-5.192215157480315
0
LINE
8
BLACK
6
CONTINUOUS
10
5.6726778346456692
20
-5.192215157480315
11
5.6726980314960631
21
-5.1922555511811019
0
LINE
8
BLACK
6
CONTINUOUS
10
5.6726980314960631
20
-5.1922555511811019
11
5.6727800393700782
21
-5.1923103543307088
0
LINE
8
BLACK
6
CONTINUOUS
10
5.6727800393700782
20
-5.1923103543307088
11
5.6765295669291334
21
-5.1960598818897639
0
LINE
8
BLACK
6
CONTINUOUS
10
5.6765295669291334
20
-5.1960598818897639
11
5.6767047637795276
21
-5.1963220472440943
0
LINE
8
BLACK
6
CONTINUOUS
10
5.6767047637795276
20
-5.1963220472440943
11
5.6768983070866144
21
-5.1965714566929133
0
LINE
8
BLACK
6
CONTINUOUS
10
5.6768983070866144
20
-5.1965714566929133
11
5.6787730708661419
21
-5.2003209842519684
0
LINE
8
BLACK
6
CONTINUOUS
10
5.6787730708661419
20
-5.2003209842519684
11
5.6788299999999996
21
-5.2005288976377955
0
LINE
8
BLACK
6
CONTINUOUS
10
5.6788299999999996
20
-5.2005288976377955
11
5.6789221259842515
21
-5.2007238976377952
0
LINE
8
BLACK
6
CONTINUOUS
10
5.6789221259842515
20
-5.2007238976377952
11
5.6807968897637791
21
-5.2082229527559054
0
LINE
8
BLACK
6
CONTINUOUS
10
5.6807968897637791
20
-5.2082229527559054
11
5.680808582677165
21
-5.208463779527559
0
LINE
8
BLACK
6
CONTINUOUS
10
5.680808582677165
20
-5.208463779527559
11
5.6808556692913381
21
-5.208700393700787
0
LINE
8
BLACK
6
CONTINUOUS
10
5.6808556692913381
20
-5.208700393700787
11
5.6808556692913381
21
-5.2143246850393696
0
LINE
8
BLACK
6
CONTINUOUS
10
5.6808556692913381
20
-5.2143246850393696
11
5.680808582677165
21
-5.2145612598425197
0
LINE
8
BLACK
6
CONTINUOUS
10
5.680808582677165
20
-5.2145612598425197
11
5.6807968897637791
21
-5.2148021259842521
0
LINE
8
BLACK
6
CONTINUOUS
10
5.6807968897637791
20
-5.2148021259842521
11
5.6789221259842515
21
-5.2223011811023623
0
LINE
8
BLACK
6
CONTINUOUS
10
5.6789221259842515
20
-5.2223011811023623
11
5.6788299999999996
21
-5.2224961417322833
0
LINE
8
BLACK
6
CONTINUOUS
10
5.6788299999999996
20
-5.2224961417322833
11
5.6787730708661419
21
-5.2227040944881891
0
LINE
8
BLACK
6
CONTINUOUS
10
5.6787730708661419
20
-5.2227040944881891
11
5.6768983070866144
21
-5.2264536220472442
0
LINE
8
BLACK
6
CONTINUOUS
10
5.6768983070866144
20
-5.2264536220472442
11
5.6767049212598426
21
-5.2267027559055119
0
LINE
8
BLACK
6
CONTINUOUS
10
5.6767049212598426
20
-5.2267027559055119
11
5.6765296062992121
21
-5.2269651968503936
0
LINE
8
BLACK
6
CONTINUOUS
10
5.6765296062992121
20
-5.2269651968503936
11
5.672780078740157
21
-5.2307147637795275
0
LINE
8
BLACK
6
CONTINUOUS
10
5.672780078740157
20
-5.2307147637795275
11
5.6726979921259844
21
-5.2307695669291334
0
LINE
8
BLACK
6
CONTINUOUS
10
5.6726979921259844
20
-5.2307695669291334
11
5.6726778346456692
21
-5.2308099606299212
0
LINE
8
BLACK
6
CONTINUOUS
10
5.6726778346456692
20
-5.2308099606299212
11
5.6724040551181103
21
-5.2309659842519682
0
LINE
8
BLACK
6
CONTINUOUS
10
5.6724040551181103
20
-5.2309659842519682
11
5.6721414566929136
21
-5.2311414960629916
0
LINE
8
BLACK
6
CONTINUOUS
10
5.6721414566929136
20
-5.2311414960629916
11
5.672096220472441
21
-5.2311414960629916
0
LINE
8
BLACK
6
CONTINUOUS
10
5.672096220472441
20
-5.2311414960629916
11
5.6720105905511806
21
-5.2311903149606298
0
LINE
8
BLACK
6
CONTINUOUS
10
5.6720105905511806
20
-5.2311903149606298
11
5.666386299212598
21
-5.2330650787401574
0
LINE
8
BLACK
6
CONTINUOUS
10
5.666386299212598
20
-5.2330650787401574
11
5.6660733464566926
21
-5.2331045275590551
0
LINE
8
BLACK
6
CONTINUOUS
10
5.6660733464566926
20
-5.2331045275590551
11
5.6657638188976378
21
-5.2331661023622047
0
LINE
8
BLACK
6
CONTINUOUS
10
5.6657638188976378
20
-5.2331661023622047
11
5.6620142913385827
21
-5.2331661023622047
0
LINE
8
BLACK
6
CONTINUOUS
10
5.6620142913385827
20
-5.2331661023622047
11
5.661704763779527
21
-5.2331045275590551
0
LINE
8
BLACK
6
CONTINUOUS
10
5.661704763779527
20
-5.2331045275590551
11
5.6613917716535429
21
-5.2330650787401574
0
LINE
8
BLACK
6
CONTINUOUS
10
5.6613917716535429
20
-5.2330650787401574
11
5.655767519685039
21
-5.2311903149606298
0
LINE
8
BLACK
6
CONTINUOUS
10
5.655767519685039
20
-5.2311903149606298
11
5.6556818897637795
21
-5.2311414960629916
0
LINE
8
BLACK
6
CONTINUOUS
10
5.6556818897637795
20
-5.2311414960629916
11
5.6556366535433069
21
-5.2311414960629916
0
LINE
8
BLACK
6
CONTINUOUS
10
5.6556366535433069
20
-5.2311414960629916
11
5.6553741732283465
21
-5.2309661023622045
0
LINE
8
BLACK
6
CONTINUOUS
10
5.6553741732283465
20
-5.2309661023622045
11
5.6551002362204725
21
-5.2308099606299212
0
LINE
8
BLACK
6
CONTINUOUS
10
5.6551002362204725
20
-5.2308099606299212
11
5.6550799999999999
21
-5.2307695275590547
0
LINE
8
BLACK
6
CONTINUOUS
10
5.6550799999999999
20
-5.2307695275590547
11
5.6549980314960626
21
-5.2307147637795275
0
LINE
8
BLACK
6
CONTINUOUS
10
5.6549980314960626
20
-5.2307147637795275
11
5.6531232677165351
21
-5.2288399606299212
0
LINE
8
BLACK
6
CONTINUOUS
10
5.6531232677165351
20
-5.2288399606299212
11
5.6526965748031497
21
-5.2282013385826769
0
LINE
8
BLACK
6
CONTINUOUS
10
5.6526965748031497
20
-5.2282013385826769
11
5.6525467322834642
21
-5.2274480314960625
0
LINE
8
BLACK
6
CONTINUOUS
10
5.6525467322834642
20
-5.2274480314960625
11
5.6525467322834642
21
-5.2143246850393696
0
LINE
8
BLACK
6
CONTINUOUS
10
5.6525467322834642
20
-5.2143246850393696
11
5.6526965748031497
21
-5.2135713779527562
0
LINE
8
BLACK
6
CONTINUOUS
10
5.6526965748031497
20
-5.2135713779527562
11
5.6537619291338581
21
-5.2125060236220468
0
LINE
8
BLACK
6
CONTINUOUS
10
5.6537619291338581
20
-5.2125060236220468
11
5.6545152362204725
21
-5.2123561811023622
0
LINE
8
BLACK
6
CONTINUOUS
10
5.6545152362204725
20
-5.2123561811023622
11
5.6620142913385827
21
-5.2123561811023622
0
LINE
8
BLACK
6
CONTINUOUS
10
5.6620142913385827
20
-5.2123561811023622
11
5.6627675984251971
21
-5.2125060236220468
0
LINE
8
BLACK
6
CONTINUOUS
10
5.6627675984251971
20
-5.2125060236220468
11
5.6638329527559055
21
-5.2135713779527562
0
LINE
8
BLACK
6
CONTINUOUS
10
5.6638329527559055
20
-5.2135713779527562
11
5.6638329527559055
21
-5.215077992125984
0
LINE
8
BLACK
6
CONTINUOUS
10
5.6638329527559055
20
-5.215077992125984
11
5.6627675984251971
21
-5.2161433464566924
0
LINE
8
BLACK
6
CONTINUOUS
10
5.6627675984251971
20
-5.2161433464566924
11
5.6620142913385827
21
-5.2162931889763779
0
LINE
8
BLACK
6
CONTINUOUS
10
5.6620142913385827
20
-5.2162931889763779
11
5.6564837401574799
21
-5.2162931889763779
0
LINE
8
BLACK
6
CONTINUOUS
10
5.6564837401574799
20
-5.2162931889763779
11
5.6564837401574799
21
-5.2266326377952756
0
LINE
8
BLACK
6
CONTINUOUS
10
5.6564837401574799
20
-5.2266326377952756
11
5.6574533858267717
21
-5.2276023228346453
0
LINE
8
BLACK
6
CONTINUOUS
10
5.6574533858267717
20
-5.2276023228346453
11
5.6623337007874017
21
-5.229229094488189
0
LINE
8
BLACK
6
CONTINUOUS
10
5.6623337007874017
20
-5.229229094488189
11
5.6654444094488188
21
-5.229229094488189
0
LINE
8
BLACK
6
CONTINUOUS
10
5.6654444094488188
20
-5.229229094488189
11
5.6703247244094488
21
-5.2276022834645666
0
LINE
8
BLACK
6
CONTINUOUS
10
5.6703247244094488
20
-5.2276022834645666
11
5.6735197637795274
21
-5.224407244094488
0
LINE
8
BLACK
6
CONTINUOUS
10
5.6735197637795274
20
-5.224407244094488
11
5.6751550787401577
21
-5.2211366141732283
0
LINE
8
BLACK
6
CONTINUOUS
10
5.6751550787401577
20
-5.2211366141732283
11
5.6769186614173224
21
-5.2140823622047243
0
LINE
8
BLACK
6
CONTINUOUS
10
5.6769186614173224
20
-5.2140823622047243
11
5.6769186614173224
21
-5.2089427165354332
0
LINE
8
BLACK
6
CONTINUOUS
10
5.6769186614173224
20
-5.2089427165354332
11
5.6751550787401577
21
-5.2018884251968505
0
LINE
8
BLACK
6
CONTINUOUS
10
5.6751550787401577
20
-5.2018884251968505
11
5.6735197637795274
21
-5.1986177952755908
0
LINE
8
BLACK
6
CONTINUOUS
10
5.6735197637795274
20
-5.1986177952755908
11
5.6703247637795275
21
-5.19542279527559
0
LINE
8
BLACK
6
CONTINUOUS
10
5.6703247637795275
20
-5.19542279527559
11
5.6654444094488188
21
-5.1937960236220473
0
LINE
8
BLACK
6
CONTINUOUS
10
5.6654444094488188
20
-5.1937960236220473
11
5.660604251968504
21
-5.1937960236220473
0
LINE
8
BLACK
6
CONTINUOUS
10
5.660604251968504
20
-5.1937960236220473
11
5.6572703543307084
21
-5.1954629527559053
0
LINE
8
BLACK
6
CONTINUOUS
10
5.6572703543307084
20
-5.1954629527559053
11
5.6565295669291338
21
-5.1956658267716538
0
LINE
8
BLACK
6
CONTINUOUS
10
5.6565295669291338
20
-5.1956658267716538
11
5.6551002362204725
21
-5.1951894094488189
0
LINE
8
BLACK
6
CONTINUOUS
10
5.6551002362204725
20
-5.1951894094488189
11
5.6544264566929137
21
-5.1938418503937003
0
LINE
8
BLACK
6
CONTINUOUS
10
5.6544264566929137
20
-5.1938418503937003
11
5.6549028740157476
21
-5.192412519685039
0
LINE
8
BLACK
6
CONTINUOUS
10
5.6549028740157476
20
-5.192412519685039
11
5.6555096456692908
21
-5.1919416141732286
0
LINE
8
BLACK
6
CONTINUOUS
10
5.6555096456692908
20
-5.1919416141732286
11
5.6592591732283459
21
-5.1900668503937011
0
LINE
8
BLACK
6
CONTINUOUS
10
5.6592591732283459
20
-5.1900668503937011
11
5.6593542519685034
21
-5.1900407874015748
0
LINE
8
BLACK
6
CONTINUOUS
10
5.6593542519685034
20
-5.1900407874015748
11
5.6593862204724408
21
-5.1900088582677162
0
LINE
8
BLACK
6
CONTINUOUS
10
5.6593862204724408
20
-5.1900088582677162
11
5.6596957086614168
21
-5.1899472834645666
0
LINE
8
BLACK
6
CONTINUOUS
10
5.6596957086614168
20
-5.1899472834645666
11
5.6599999606299214
21
-5.1898639763779526
0
LINE
8
BLACK
6
CONTINUOUS
10
5.6599999606299214
20
-5.1898639763779526
11
5.6600427952755901
21
-5.1898782283464566
0
LINE
8
BLACK
6
CONTINUOUS
10
5.6600427952755901
20
-5.1898782283464566
11
5.6601395275590551
21
-5.1898590157480315
0
LINE
8
BLACK
6
CONTINUOUS
10
5.6601395275590551
20
-5.1898590157480315
11
5.6657638188976378
21
-5.1898590157480315
0
LINE
8
BLACK
6
CONTINUOUS
10
5.6657638188976378
20
-5.1898590157480315
11
5.6660733464566926
21
-5.1899205511811024
0
LINE
8
BLACK
6
CONTINUOUS
10
5.2641095669291333
20
-5.1900088582677162
11
5.2643798818897638
21
-5.1900088582677162
0
LINE
8
BLACK
6
CONTINUOUS
10
5.2643798818897638
20
-5.1900088582677162
11
5.2647402362204723
21
-5.1903692125984247
0
LINE
8
BLACK
6
CONTINUOUS
10
5.2647402362204723
20
-5.1903692125984247
11
5.2651829527559055
21
-5.1906222047244093
0
LINE
8
BLACK
6
CONTINUOUS
10
5.2651829527559055
20
-5.1906222047244093
11
5.2652540944881885
21
-5.1908830708661418
0
LINE
8
BLACK
6
CONTINUOUS
10
5.2652540944881885
20
-5.1908830708661418
11
5.2654452362204722
21
-5.1910742125984255
0
LINE
8
BLACK
6
CONTINUOUS
10
5.2654452362204722
20
-5.1910742125984255
11
5.2655950787401578
21
-5.191827519685039
0
LINE
8
BLACK
6
CONTINUOUS
10
5.2655950787401578
20
-5.191827519685039
11
5.2655950787401578
21
-5.2311975984251964
0
LINE
8
BLACK
6
CONTINUOUS
10
5.2655950787401578
20
-5.2311975984251964
11
5.2654452362204722
21
-5.2319509055118107
0
LINE
8
BLACK
6
CONTINUOUS
10
5.2654452362204722
20
-5.2319509055118107
11
5.2643798818897638
21
-5.2330162598425192
0
LINE
8
BLACK
6
CONTINUOUS
10
5.2643798818897638
20
-5.2330162598425192
11
5.2628732677165351
21
-5.2330162598425192
0
LINE
8
BLACK
6
CONTINUOUS
10
5.2628732677165351
20
-5.2330162598425192
11
5.2618079133858267
21
-5.2319509055118107
0
LINE
8
BLACK
6
CONTINUOUS
10
5.2618079133858267
20
-5.2319509055118107
11
5.261658070866142
21
-5.2311975984251964
0
LINE
8
BLACK
6
CONTINUOUS
10
5.261658070866142
20
-5.2311975984251964
11
5.261658070866142
21
-5.1992400393700784
0
LINE
8
BLACK
6
CONTINUOUS
10
5.261658070866142
20
-5.1992400393700784
11
5.2428385433070863
21
-5.2321742519685035
0
LINE
8
BLACK
6
CONTINUOUS
10
5.2428385433070863
20
-5.2321742519685035
11
5.2423347244094485
21
-5.2327539763779525
0
LINE
8
BLACK
6
CONTINUOUS
10
5.2423347244094485
20
-5.2327539763779525
11
5.2420738188976372
21
-5.2328251181102363
0
LINE
8
BLACK
6
CONTINUOUS
10
5.2420738188976372
20
-5.2328251181102363
11
5.2418827165354331
21
-5.2330162598425192
0
LINE
8
BLACK
6
CONTINUOUS
10
5.2418827165354331
20
-5.2330162598425192
11
5.2413729921259842
21
-5.2330162598425192
0
LINE
8
BLACK
6
CONTINUOUS
10
5.2413729921259842
20
-5.2330162598425192
11
5.2408811417322836
21
-5.2331503937007877
0
LINE
8
BLACK
6
CONTINUOUS
10
5.2408811417322836
20
-5.2331503937007877
11
5.2406464173228349
21
-5.2330162598425192
0
LINE
8
BLACK
6
CONTINUOUS
10
5.2406464173228349
20
-5.2330162598425192
11
5.2403761023622044
21
-5.2330162598425192
0
LINE
8
BLACK
6
CONTINUOUS
10
5.2403761023622044
20
-5.2330162598425192
11
5.2400157086614172
21
-5.2326558661417319
0
LINE
8
BLACK
6
CONTINUOUS
10
5.2400157086614172
20
-5.2326558661417319
11
5.2395730314960627
21
-5.232402913385827
0
LINE
8
BLACK
6
CONTINUOUS
10
5.2395730314960627
20
-5.232402913385827
11
5.239501850393701
21
-5.2321420078740157
0
LINE
8
BLACK
6
CONTINUOUS
10
5.239501850393701
20
-5.2321420078740157
11
5.239310748031496
21
-5.2319509055118107
0
LINE
8
BLACK
6
CONTINUOUS
10
5.239310748031496
20
-5.2319509055118107
11
5.2391609055118105
21
-5.2311975984251964
0
LINE
8
BLACK
6
CONTINUOUS
10
5.2391609055118105
20
-5.2311975984251964
11
5.2391609055118105
21
-5.191827519685039
0
LINE
8
BLACK
6
CONTINUOUS
10
5.2391609055118105
20
-5.191827519685039
11
5.239310748031496
21
-5.1910742125984255
0
LINE
8
BLACK
6
CONTINUOUS
10
5.239310748031496
20
-5.1910742125984255
11
5.2403761023622044
21
-5.1900088582677162
0
LINE
8
BLACK
6
CONTINUOUS
10
5.2403761023622044
20
-5.1900088582677162
11
5.2418827165354331
21
-5.1900088582677162
0
LINE
8
BLACK
6
CONTINUOUS
10
5.2418827165354331
20
-5.1900088582677162
11
5.2429480708661416
21
-5.1910742125984255
0
LINE
8
BLACK
6
CONTINUOUS
10
5.2429480708661416
20
-5.1910742125984255
11
5.2430979133858271
21
-5.191827519685039
0
LINE
8
BLACK
6
CONTINUOUS
10
5.2430979133858271
20
-5.191827519685039
11
5.2430979133858271
21
-5.2237850393700782
0
LINE
8
BLACK
6
CONTINUOUS
10
5.2430979133858271
20
-5.2237850393700782
11
5.2619174409448819
21
-5.1908508661417319
0
LINE
8
BLACK
6
CONTINUOUS
10
5.2619174409448819
20
-5.1908508661417319
11
5.2624212992125985
21
-5.1902711417322838
0
LINE
8
BLACK
6
CONTINUOUS
10
5.2624212992125985
20
-5.1902711417322838
11
5.2626820866141735
21
-5.1901999999999999
0
LINE
8
BLACK
6
CONTINUOUS
10
5.2626820866141735
20
-5.1901999999999999
11
5.2628732677165351
21
-5.1900088582677162
0
LINE
8
BLACK
6
CONTINUOUS
10
5.2628732677165351
20
-5.1900088582677162
11
5.2633830314960628
21
-5.1900088582677162
0
LINE
8
BLACK
6
CONTINUOUS
10
5.2633830314960628
20
-5.1900088582677162
11
5.2638748425196846
21
-5.1898747244094485
0
LINE
8
BLACK
6
CONTINUOUS
10
5.2638748425196846
20
-5.1898747244094485
11
5.2641095669291333
21
-5.1900088582677162
0
LINE
8
BLACK
6
CONTINUOUS
10
5.6381253149606296
20
-5.1900088582677162
11
5.6383956299212601
21
-5.1900088582677162
0
LINE
8
BLACK
6
CONTINUOUS
10
5.6383956299212601
20
-5.1900088582677162
11
5.6387559842519686
21
-5.1903692125984247
0
LINE
8
BLACK
6
CONTINUOUS
10
5.6387559842519686
20
-5.1903692125984247
11
5.6391987007874018
21
-5.1906222047244093
0
LINE
8
BLACK
6
CONTINUOUS
10
5.6391987007874018
20
-5.1906222047244093
11
5.6392698425196848
21
-5.1908830708661418
0
LINE
8
BLACK
6
CONTINUOUS
10
5.6392698425196848
20
-5.1908830708661418
11
5.6394609842519685
21
-5.1910742125984255
0
LINE
8
BLACK
6
CONTINUOUS
10
5.6394609842519685
20
-5.1910742125984255
11
5.6396108267716532
21
-5.191827519685039
0
LINE
8
BLACK
6
CONTINUOUS
10
5.6396108267716532
20
-5.191827519685039
11
5.6396108267716532
21
-5.2311975984251964
0
LINE
8
BLACK
6
CONTINUOUS
10
5.6396108267716532
20
-5.2311975984251964
11
5.6394609842519685
21
-5.2319509055118107
0
LINE
8
BLACK
6
CONTINUOUS
10
5.6394609842519685
20
-5.2319509055118107
11
5.6383956299212601
21
-5.2330162598425192
0
LINE
8
BLACK
6
CONTINUOUS
10
5.6383956299212601
20
-5.2330162598425192
11
5.6368890157480314
21
-5.2330162598425192
0
LINE
8
BLACK
6
CONTINUOUS
10
5.6368890157480314
20
-5.2330162598425192
11
5.6358236614173229
21
-5.2319509055118107
0
LINE
8
BLACK
6
CONTINUOUS
10
5.6358236614173229
20
-5.2319509055118107
11
5.6356738188976374
21
-5.2311975984251964
0
LINE
8
BLACK
6
CONTINUOUS
10
5.6356738188976374
20
-5.2311975984251964
11
5.6356738188976374
21
-5.1992400393700784
0
LINE
8
BLACK
6
CONTINUOUS
10
5.6356738188976374
20
-5.1992400393700784
11
5.6168542913385826
21
-5.2321742519685035
0
LINE
8
BLACK
6
CONTINUOUS
10
5.6168542913385826
20
-5.2321742519685035
11
5.6163504724409448
21
-5.2327539763779525
0
LINE
8
BLACK
6
CONTINUOUS
10
5.6163504724409448
20
-5.2327539763779525
11
5.6160895669291335
21
-5.2328251181102363
0
LINE
8
BLACK
6
CONTINUOUS
10
5.6160895669291335
20
-5.2328251181102363
11
5.6158984645669294
21
-5.2330162598425192
0
LINE
8
BLACK
6
CONTINUOUS
10
5.6158984645669294
20
-5.2330162598425192
11
5.6153887401574805
21
-5.2330162598425192
0
LINE
8
BLACK
6
CONTINUOUS
10
5.6153887401574805
20
-5.2330162598425192
11
5.614896889763779
21
-5.2331503937007877
0
LINE
8
BLACK
6
CONTINUOUS
10
5.614896889763779
20
-5.2331503937007877
11
5.6146621653543303
21
-5.2330162598425192
0
LINE
8
BLACK
6
CONTINUOUS
10
5.6146621653543303
20
-5.2330162598425192
11
5.6143918503937007
21
-5.2330162598425192
0
LINE
8
BLACK
6
CONTINUOUS
10
5.6143918503937007
20
-5.2330162598425192
11
5.6140314566929135
21
-5.2326558661417319
0
LINE
8
BLACK
6
CONTINUOUS
10
5.6140314566929135
20
-5.2326558661417319
11
5.613588779527559
21
-5.232402913385827
0
LINE
8
BLACK
6
CONTINUOUS
10
5.613588779527559
20
-5.232402913385827
11
5.6135175984251964
21
-5.2321420078740157
0
LINE
8
BLACK
6
CONTINUOUS
10
5.6135175984251964
20
-5.2321420078740157
11
5.6133264960629923
21
-5.2319509055118107
0
LINE
8
BLACK
6
CONTINUOUS
10
5.6133264960629923
20
-5.2319509055118107
11
5.6131766535433067
21
-5.2311975984251964
0
LINE
8
BLACK
6
CONTINUOUS
10
5.6131766535433067
20
-5.2311975984251964
11
5.6131766535433067
21
-5.191827519685039
0
LINE
8
BLACK
6
CONTINUOUS
10
5.6131766535433067
20
-5.191827519685039
11
5.6133264960629923
21
-5.1910742125984255
0
LINE
8
BLACK
6
CONTINUOUS
10
5.6133264960629923
20
-5.1910742125984255
11
5.6143918503937007
21
-5.1900088582677162
0
LINE
8
BLACK
6
CONTINUOUS
10
5.6143918503937007
20
-5.1900088582677162
11
5.6158984645669294
21
-5.1900088582677162
0
LINE
8
BLACK
6
CONTINUOUS
10
5.6158984645669294
20
-5.1900088582677162
11
5.6169638188976379
21
-5.1910742125984255
0
LINE
8
BLACK
6
CONTINUOUS
10
5.6169638188976379
20
-5.1910742125984255
11
5.6171136614173225
21
-5.191827519685039
0
LINE
8
BLACK
6
CONTINUOUS
10
5.6171136614173225
20
-5.191827519685039
11
5.6171136614173225
21
-5.2237850393700782
0
LINE
8
BLACK
6
CONTINUOUS
10
5.6171136614173225
20
-5.2237850393700782
11
5.6359331889763782
21
-5.1908508661417319
0
LINE
8
BLACK
6
CONTINUOUS
10
5.6359331889763782
20
-5.1908508661417319
11
5.6364370472440948
21
-5.1902711417322838
0
LINE
8
BLACK
6
CONTINUOUS
10
5.6364370472440948
20
-5.1902711417322838
11
5.6366978346456689
21
-5.1901999999999999
0
LINE
8
BLACK
6
CONTINUOUS
10
5.6366978346456689
20
-5.1901999999999999
11
5.6368890157480314
21
-5.1900088582677162
0
LINE
8
BLACK
6
CONTINUOUS
10
5.6368890157480314
20
-5.1900088582677162
11
5.6373987795275591
21
-5.1900088582677162
0
LINE
8
BLACK
6
CONTINUOUS
10
5.6373987795275591
20
-5.1900088582677162
11
5.6378905905511809
21
-5.1898747244094485
0
LINE
8
BLACK
6
CONTINUOUS
10
5.6378905905511809
20
-5.1898747244094485
11
5.6381253149606296
21
-5.1900088582677162
0
LINE
8
BLACK
6
CONTINUOUS
10
5.3037499606299212
20
-5.0915836614173227
11
5.3048153149606296
21
-5.0926490157480311
0
LINE
8
BLACK
6
CONTINUOUS
10
5.3048153149606296
20
-5.0926490157480311
11
5.3049651574803152
21
-5.0934023228346454
0
LINE
8
BLACK
6
CONTINUOUS
10
5.3049651574803152
20
-5.0934023228346454
11
5.3049651574803152
21
-5.1327724015748029
0
LINE
8
BLACK
6
CONTINUOUS
10
5.3049651574803152
20
-5.1327724015748029
11
5.3048153149606296
21
-5.1335257086614172
0
LINE
8
BLACK
6
CONTINUOUS
10
5.3048153149606296
20
-5.1335257086614172
11
5.3037499606299212
21
-5.1345910629921256
0
LINE
8
BLACK
6
CONTINUOUS
10
5.3037499606299212
20
-5.1345910629921256
11
5.3029966535433068
21
-5.1347409055118112
0
LINE
8
BLACK
6
CONTINUOUS
10
5.3029966535433068
20
-5.1347409055118112
11
5.2879985433070864
21
-5.1347409055118112
0
LINE
8
BLACK
6
CONTINUOUS
10
5.2879985433070864
20
-5.1347409055118112
11
5.2879018110236222
21
-5.1347216535433073
0
LINE
8
BLACK
6
CONTINUOUS
10
5.2879018110236222
20
-5.1347216535433073
11
5.2878589763779527
21
-5.1347359448818892
0
LINE
8
BLACK
6
CONTINUOUS
10
5.2878589763779527
20
-5.1347359448818892
11
5.287554724409449
21
-5.1346525984251965
0
LINE
8
BLACK
6
CONTINUOUS
10
5.287554724409449
20
-5.1346525984251965
11
5.287245236220472
21
-5.1345910629921256
0
LINE
8
BLACK
6
CONTINUOUS
10
5.287245236220472
20
-5.1345910629921256
11
5.2872132677165355
21
-5.1345590944881891
0
LINE
8
BLACK
6
CONTINUOUS
10
5.2872132677165355
20
-5.1345590944881891
11
5.2871181889763781
21
-5.1345330708661416
0
LINE
8
BLACK
6
CONTINUOUS
10
5.2871181889763781
20
-5.1345330708661416
11
5.283368661417323
21
-5.1326583070866141
0
LINE
8
BLACK
6
CONTINUOUS
10
5.283368661417323
20
-5.1326583070866141
11
5.2831194881889765
21
-5.1324649212598423
0
LINE
8
BLACK
6
CONTINUOUS
10
5.2831194881889765
20
-5.1324649212598423
11
5.2828570472440948
21
-5.132289566929134
0
LINE
8
BLACK
6
CONTINUOUS
10
5.2828570472440948
20
-5.132289566929134
11
5.2809822834645672
21
-5.1304147637795277
0
LINE
8
BLACK
6
CONTINUOUS
10
5.2809822834645672
20
-5.1304147637795277
11
5.2808068897637792
21
-5.1301522834645672
0
LINE
8
BLACK
6
CONTINUOUS
10
5.2808068897637792
20
-5.1301522834645672
11
5.2806135433070862
21
-5.1299031496062995
0
LINE
8
BLACK
6
CONTINUOUS
10
5.2806135433070862
20
-5.1299031496062995
11
5.2787388188976374
21
-5.1261536614173231
0
LINE
8
BLACK
6
CONTINUOUS
10
5.2787388188976374
20
-5.1261536614173231
11
5.278712755905512
21
-5.1260585433070869
0
LINE
8
BLACK
6
CONTINUOUS
10
5.278712755905512
20
-5.1260585433070869
11
5.2786808267716534
21
-5.1260266141732282
0
LINE
8
BLACK
6
CONTINUOUS
10
5.2786808267716534
20
-5.1260266141732282
11
5.2786192519685038
21
-5.1257170866141735
0
LINE
8
BLACK
6
CONTINUOUS
10
5.2786192519685038
20
-5.1257170866141735
11
5.2785359448818898
21
-5.1254128740157476
0
LINE
8
BLACK
6
CONTINUOUS
10
5.2785359448818898
20
-5.1254128740157476
11
5.2785501968503938
21
-5.1253700000000002
0
LINE
8
BLACK
6
CONTINUOUS
10
5.2785501968503938
20
-5.1253700000000002
11
5.2785309842519688
21
-5.1252733070866139
0
LINE
8
BLACK
6
CONTINUOUS
10
5.2785309842519688
20
-5.1252733070866139
11
5.2785309842519688
21
-5.1196490157480312
0
LINE
8
BLACK
6
CONTINUOUS
10
5.2785309842519688
20
-5.1196490157480312
11
5.2785501968503938
21
-5.119552283464567
0
LINE
8
BLACK
6
CONTINUOUS
10
5.2785501968503938
20
-5.119552283464567
11
5.2785359448818898
21
-5.1195094488188975
0
LINE
8
BLACK
6
CONTINUOUS
10
5.2785359448818898
20
-5.1195094488188975
11
5.2786192519685038
21
-5.1192051968503938
0
LINE
8
BLACK
6
CONTINUOUS
10
5.2786192519685038
20
-5.1192051968503938
11
5.2786808267716534
21
-5.1188957086614169
0
LINE
8
BLACK
6
CONTINUOUS
10
5.2786808267716534
20
-5.1188957086614169
11
5.278712755905512
21
-5.1188637401574804
0
LINE
8
BLACK
6
CONTINUOUS
10
5.278712755905512
20
-5.1188637401574804
11
5.2787388188976374
21
-5.1187686614173229
0
LINE
8
BLACK
6
CONTINUOUS
10
5.2787388188976374
20
-5.1187686614173229
11
5.2806135433070862
21
-5.1150191732283465
0
LINE
8
BLACK
6
CONTINUOUS
10
5.2806135433070862
20
-5.1150191732283465
11
5.2808070472440942
21
-5.1147698031496063
0
LINE
8
BLACK
6
CONTINUOUS
10
5.2808070472440942
20
-5.1147698031496063
11
5.280982322834646
21
-5.1145075590551183
0
LINE
8
BLACK
6
CONTINUOUS
10
5.280982322834646
20
-5.1145075590551183
11
5.2828570472440948
21
-5.1126327952755908
0
LINE
8
BLACK
6
CONTINUOUS
10
5.2828570472440948
20
-5.1126327952755908
11
5.2829390157480312
21
-5.112577992125984
0
LINE
8
BLACK
6
CONTINUOUS
10
5.2829390157480312
20
-5.112577992125984
11
5.2829592519685038
21
-5.1125375984251971
0
LINE
8
BLACK
6
CONTINUOUS
10
5.2829592519685038
20
-5.1125375984251971
11
5.2832331889763777
21
-5.1123814173228341
0
LINE
8
BLACK
6
CONTINUOUS
10
5.2832331889763777
20
-5.1123814173228341
11
5.2834956692913382
21
-5.1122060629921258
0
LINE
8
BLACK
6
CONTINUOUS
10
5.2834956692913382
20
-5.1122060629921258
11
5.2835409055118108
21
-5.1122060629921258
0
LINE
8
BLACK
6
CONTINUOUS
10
5.2835409055118108
20
-5.1122060629921258
11
5.2836265354330711
21
-5.1121572440944885
0
LINE
8
BLACK
6
CONTINUOUS
10
5.2836265354330711
20
-5.1121572440944885
11
5.2848533070866139
21
-5.1117483070866143
0
LINE
8
BLACK
6
CONTINUOUS
10
5.2848533070866139
20
-5.1117483070866143
11
5.2847318110236223
21
-5.1116671259842521
0
LINE
8
BLACK
6
CONTINUOUS
10
5.2847318110236223
20
-5.1116671259842521
11
5.2828570866141735
21
-5.1097923622047245
0
LINE
8
BLACK
6
CONTINUOUS
10
5.2828570866141735
20
-5.1097923622047245
11
5.2826818110236218
21
-5.109530078740157
0
LINE
8
BLACK
6
CONTINUOUS
10
5.2826818110236218
20
-5.109530078740157
11
5.2824883070866138
21
-5.1092807480314963
0
LINE
8
BLACK
6
CONTINUOUS
10
5.2824883070866138
20
-5.1092807480314963
11
5.280613582677165
21
-5.10553125984252
0
LINE
8
BLACK
6
CONTINUOUS
10
5.280613582677165
20
-5.10553125984252
11
5.2805875196850396
21
-5.1054361417322838
0
LINE
8
BLACK
6
CONTINUOUS
10
5.2805875196850396
20
-5.1054361417322838
11
5.280555590551181
21
-5.1054042125984251
0
LINE
8
BLACK
6
CONTINUOUS
10
5.280555590551181
20
-5.1054042125984251
11
5.2804940157480313
21
-5.1050946850393704
0
LINE
8
BLACK
6
CONTINUOUS
10
5.2804940157480313
20
-5.1050946850393704
11
5.2804107086614174
21
-5.1047904724409445
0
LINE
8
BLACK
6
CONTINUOUS
10
5.2804107086614174
20
-5.1047904724409445
11
5.2804249606299214
21
-5.1047475984251971
0
LINE
8
BLACK
6
CONTINUOUS
10
5.2804249606299214
20
-5.1047475984251971
11
5.2804057480314963
21
-5.1046509055118108
0
LINE
8
BLACK
6
CONTINUOUS
10
5.2804057480314963
20
-5.1046509055118108
11
5.2804057480314963
21
-5.1009013779527557
0
LINE
8
BLACK
6
CONTINUOUS
10
5.2804057480314963
20
-5.1009013779527557
11
5.2804249606299214
21
-5.1008046456692915
0
LINE
8
BLACK
6
CONTINUOUS
10
5.2804249606299214
20
-5.1008046456692915
11
5.2804107086614174
21
-5.1007618110236219
0
LINE
8
BLACK
6
CONTINUOUS
10
5.2804107086614174
20
-5.1007618110236219
11
5.2804940157480313
21
-5.1004575590551182
0
LINE
8
BLACK
6
CONTINUOUS
10
5.2804940157480313
20
-5.1004575590551182
11
5.280555590551181
21
-5.1001480708661413
0
LINE
8
BLACK
6
CONTINUOUS
10
5.280555590551181
20
-5.1001480708661413
11
5.2805875196850396
21
-5.1001161023622048
0
LINE
8
BLACK
6
CONTINUOUS
10
5.2805875196850396
20
-5.1001161023622048
11
5.280613582677165
21
-5.1000210236220473
0
LINE
8
BLACK
6
CONTINUOUS
10
5.280613582677165
20
-5.1000210236220473
11
5.2824883070866138
21
-5.096271535433071
0
LINE
8
BLACK
6
CONTINUOUS
10
5.2824883070866138
20
-5.096271535433071
11
5.2826818110236218
21
-5.0960221653543307
0
LINE
8
BLACK
6
CONTINUOUS
10
5.2826818110236218
20
-5.0960221653543307
11
5.2828570866141735
21
-5.0957599212598428
0
LINE
8
BLACK
6
CONTINUOUS
10
5.2828570866141735
20
-5.0957599212598428
11
5.2847318110236223
21
-5.0938851574803152
0
LINE
8
BLACK
6
CONTINUOUS
10
5.2847318110236223
20
-5.0938851574803152
11
5.284994251968504
21
-5.0937097637795272
0
LINE
8
BLACK
6
CONTINUOUS
10
5.284994251968504
20
-5.0937097637795272
11
5.2852434251968505
21
-5.0935164173228342
0
LINE
8
BLACK
6
CONTINUOUS
10
5.2852434251968505
20
-5.0935164173228342
11
5.2889929527559056
21
-5.0916416535433067
0
LINE
8
BLACK
6
CONTINUOUS
10
5.2889929527559056
20
-5.0916416535433067
11
5.2890880314960631
21
-5.0916155905511813
0
LINE
8
BLACK
6
CONTINUOUS
10
5.2890880314960631
20
-5.0916155905511813
11
5.2891199999999996
21
-5.0915836614173227
0
LINE
8
BLACK
6
CONTINUOUS
10
5.2891199999999996
20
-5.0915836614173227
11
5.2894294881889765
21
-5.091522086614173
0
LINE
8
BLACK
6
CONTINUOUS
10
5.2894294881889765
20
-5.091522086614173
11
5.2897337401574802
21
-5.0914387795275591
0
LINE
8
BLACK
6
CONTINUOUS
10
5.2897337401574802
20
-5.0914387795275591
11
5.2897765748031498
21
-5.0914530314960631
0
LINE
8
BLACK
6
CONTINUOUS
10
5.2897765748031498
20
-5.0914530314960631
11
5.289873307086614
21
-5.091433818897638
0
LINE
8
BLACK
6
CONTINUOUS
10
5.289873307086614
20
-5.091433818897638
11
5.3029966535433068
21
-5.091433818897638
0
LINE
8
BLACK
6
CONTINUOUS
10
5.3029966535433068
20
-5.091433818897638
11
5.3037499606299212
21
-5.0915836614173227
0
LINE
8
BLACK
6
CONTINUOUS
10
5.2853123622047242
20
-5.1157452362204721
11
5.2839920472440944
21
-5.1170655118110231
0
LINE
8
BLACK
6
CONTINUOUS
10
5.2839920472440944
20
-5.1170655118110231
11
5.2824679921259845
21
-5.1201137007874014
0
LINE
8
BLACK
6
CONTINUOUS
10
5.2824679921259845
20
-5.1201137007874014
11
5.2824679921259845
21
-5.1248086220472437
0
LINE
8
BLACK
6
CONTINUOUS
10
5.2824679921259845
20
-5.1248086220472437
11
5.2839920472440944
21
-5.1278567322834645
0
LINE
8
BLACK
6
CONTINUOUS
10
5.2839920472440944
20
-5.1278567322834645
11
5.2854151181102358
21
-5.1292798425196846
0
LINE
8
BLACK
6
CONTINUOUS
10
5.2854151181102358
20
-5.1292798425196846
11
5.2884632677165353
21
-5.1308038976377954
0
LINE
8
BLACK
6
CONTINUOUS
10
5.2884632677165353
20
-5.1308038976377954
11
5.3010281496062994
21
-5.1308038976377954
0
LINE
8
BLACK
6
CONTINUOUS
10
5.3010281496062994
20
-5.1308038976377954
11
5.3010281496062994
21
-5.1141184645669293
0
LINE
8
BLACK
6
CONTINUOUS
10
5.3010281496062994
20
-5.1141184645669293
11
5.290192716535433
21
-5.1141184645669293
0
LINE
8
BLACK
6
CONTINUOUS
10
5.290192716535433
20
-5.1141184645669293
11
5.2853123622047242
21
-5.1157452362204721
0
LINE
8
BLACK
6
CONTINUOUS
10
5.2872898425196846
20
-5.0968948818897637
11
5.285866811023622
21
-5.0983178740157475
0
LINE
8
BLACK
6
CONTINUOUS
10
5.285866811023622
20
-5.0983178740157475
11
5.2843427559055121
21
-5.1013660629921258
0
LINE
8
BLACK
6
CONTINUOUS
10
5.2843427559055121
20
-5.1013660629921258
11
5.2843427559055121
21
-5.1041862204724406
0
LINE
8
BLACK
6
CONTINUOUS
10
5.2843427559055121
20
-5.1041862204724406
11
5.285866811023622
21
-5.1072343700787401
0
LINE
8
BLACK
6
CONTINUOUS
10
5.285866811023622
20
-5.1072343700787401
11
5.2872898425196846
21
-5.108657362204724
0
LINE
8
BLACK
6
CONTINUOUS
10
5.2872898425196846
20
-5.108657362204724
11
5.2903380314960629
21
-5.1101814566929136
0
LINE
8
BLACK
6
CONTINUOUS
10
5.2903380314960629
20
-5.1101814566929136
11
5.3010281496062994
21
-5.1101814566929136
0
LINE
8
BLACK
6
CONTINUOUS
10
5.3010281496062994
20
-5.1101814566929136
11
5.3010281496062994
21
-5.0953708267716538
0
LINE
8
BLACK
6
CONTINUOUS
10
5.3010281496062994
20
-5.0953708267716538
11
5.2903380314960629
21
-5.0953708267716538
0
LINE
8
BLACK
6
CONTINUOUS
10
5.2903380314960629
20
-5.0953708267716538
11
5.2872898425196846
21
-5.0968948818897637
0
LINE
8
BLACK
6
CONTINUOUS
10
5.5990255511811027
20
-5.0915836614173227
11
5.6000909055118111
21
-5.0926490157480311
0
LINE
8
BLACK
6
CONTINUOUS
10
5.6000909055118111
20
-5.0926490157480311
11
5.6002407480314957
21
-5.0934023228346454
0
LINE
8
BLACK
6
CONTINUOUS
10
5.6002407480314957
20
-5.0934023228346454
11
5.6002407480314957
21
-5.1327724015748029
0
LINE
8
BLACK
6
CONTINUOUS
10
5.6002407480314957
20
-5.1327724015748029
11
5.6000909055118111
21
-5.1335257086614172
0
LINE
8
BLACK
6
CONTINUOUS
10
5.6000909055118111
20
-5.1335257086614172
11
5.5990255511811027
21
-5.1345910629921256
0
LINE
8
BLACK
6
CONTINUOUS
10
5.5990255511811027
20
-5.1345910629921256
11
5.5982722440944883
21
-5.1347409055118112
0
LINE
8
BLACK
6
CONTINUOUS
10
5.5982722440944883
20
-5.1347409055118112
11
5.5832741338582679
21
-5.1347409055118112
0
LINE
8
BLACK
6
CONTINUOUS
10
5.5832741338582679
20
-5.1347409055118112
11
5.5831774015748028
21
-5.1347216535433073
0
LINE
8
BLACK
6
CONTINUOUS
10
5.5831774015748028
20
-5.1347216535433073
11
5.5831345669291341
21
-5.1347359448818892
0
LINE
8
BLACK
6
CONTINUOUS
10
5.5831345669291341
20
-5.1347359448818892
11
5.5828303149606295
21
-5.1346525984251965
0
LINE
8
BLACK
6
CONTINUOUS
10
5.5828303149606295
20
-5.1346525984251965
11
5.5825208267716535
21
-5.1345910629921256
0
LINE
8
BLACK
6
CONTINUOUS
10
5.5825208267716535
20
-5.1345910629921256
11
5.5824888582677161
21
-5.1345590944881891
0
LINE
8
BLACK
6
CONTINUOUS
10
5.5824888582677161
20
-5.1345590944881891
11
5.5823937795275587
21
-5.1345330708661416
0
LINE
8
BLACK
6
CONTINUOUS
10
5.5823937795275587
20
-5.1345330708661416
11
5.5786442519685036
21
-5.1326583070866141
0
LINE
8
BLACK
6
CONTINUOUS
10
5.5786442519685036
20
-5.1326583070866141
11
5.5783950787401571
21
-5.1324649212598423
0
LINE
8
BLACK
6
CONTINUOUS
10
5.5783950787401571
20
-5.1324649212598423
11
5.5781326377952754
21
-5.132289566929134
0
LINE
8
BLACK
6
CONTINUOUS
10
5.5781326377952754
20
-5.132289566929134
11
5.5762578740157478
21
-5.1304147637795277
0
LINE
8
BLACK
6
CONTINUOUS
10
5.5762578740157478
20
-5.1304147637795277
11
5.5760824803149607
21
-5.1301522834645672
0
LINE
8
BLACK
6
CONTINUOUS
10
5.5760824803149607
20
-5.1301522834645672
11
5.5758891338582677
21
-5.1299031496062995
0
LINE
8
BLACK
6
CONTINUOUS
10
5.5758891338582677
20
-5.1299031496062995
11
5.5740144094488189
21
-5.1261536614173231
0
LINE
8
BLACK
6
CONTINUOUS
10
5.5740144094488189
20
-5.1261536614173231
11
5.5739883464566926
21
-5.1260585433070869
0
LINE
8
BLACK
6
CONTINUOUS
10
5.5739883464566926
20
-5.1260585433070869
11
5.5739564173228349
21
-5.1260266141732282
0
LINE
8
BLACK
6
CONTINUOUS
10
5.5739564173228349
20
-5.1260266141732282
11
5.5738948425196853
21
-5.1257170866141735
0
LINE
8
BLACK
6
CONTINUOUS
10
5.5738948425196853
20
-5.1257170866141735
11
5.5738115354330704
21
-5.1254128740157476
0
LINE
8
BLACK
6
CONTINUOUS
10
5.5738115354330704
20
-5.1254128740157476
11
5.5738257874015744
21
-5.1253700000000002
0
LINE
8
BLACK
6
CONTINUOUS
10
5.5738257874015744
20
-5.1253700000000002
11
5.5738065748031493
21
-5.1252733070866139
0
LINE
8
BLACK
6
CONTINUOUS
10
5.5738065748031493
20
-5.1252733070866139
11
5.5738065748031493
21
-5.1196490157480312
0
LINE
8
BLACK
6
CONTINUOUS
10
5.5738065748031493
20
-5.1196490157480312
11
5.5738257874015744
21
-5.119552283464567
0
LINE
8
BLACK
6
CONTINUOUS
10
5.5738257874015744
20
-5.119552283464567
11
5.5738115354330704
21
-5.1195094488188975
0
LINE
8
BLACK
6
CONTINUOUS
10
5.5738115354330704
20
-5.1195094488188975
11
5.5738948425196853
21
-5.1192051968503938
0
LINE
8
BLACK
6
CONTINUOUS
10
5.5738948425196853
20
-5.1192051968503938
11
5.5739564173228349
21
-5.1188957086614169
0
LINE
8
BLACK
6
CONTINUOUS
10
5.5739564173228349
20
-5.1188957086614169
11
5.5739883464566926
21
-5.1188637401574804
0
LINE
8
BLACK
6
CONTINUOUS
10
5.5739883464566926
20
-5.1188637401574804
11
5.5740144094488189
21
-5.1187686614173229
0
LINE
8
BLACK
6
CONTINUOUS
10
5.5740144094488189
20
-5.1187686614173229
11
5.5758891338582677
21
-5.1150191732283465
0
LINE
8
BLACK
6
CONTINUOUS
10
5.5758891338582677
20
-5.1150191732283465
11
5.5760826377952757
21
-5.1147698031496063
0
LINE
8
BLACK
6
CONTINUOUS
10
5.5760826377952757
20
-5.1147698031496063
11
5.5762579133858265
21
-5.1145075590551183
0
LINE
8
BLACK
6
CONTINUOUS
10
5.5762579133858265
20
-5.1145075590551183
11
5.5781326377952754
21
-5.1126327952755908
0
LINE
8
BLACK
6
CONTINUOUS
10
5.5781326377952754
20
-5.1126327952755908
11
5.5782146062992126
21
-5.112577992125984
0
LINE
8
BLACK
6
CONTINUOUS
10
5.5782146062992126
20
-5.112577992125984
11
5.5782348425196853
21
-5.1125375984251971
0
LINE
8
BLACK
6
CONTINUOUS
10
5.5782348425196853
20
-5.1125375984251971
11
5.5785087795275592
21
-5.1123814173228341
0
LINE
8
BLACK
6
CONTINUOUS
10
5.5785087795275592
20
-5.1123814173228341
11
5.5787712598425196
21
-5.1122060629921258
0
LINE
8
BLACK
6
CONTINUOUS
10
5.5787712598425196
20
-5.1122060629921258
11
5.5788164960629922
21
-5.1122060629921258
0
LINE
8
BLACK
6
CONTINUOUS
10
5.5788164960629922
20
-5.1122060629921258
11
5.5789021259842517
21
-5.1121572440944885
0
LINE
8
BLACK
6
CONTINUOUS
10
5.5789021259842517
20
-5.1121572440944885
11
5.5801288976377954
21
-5.1117483070866143
0
LINE
8
BLACK
6
CONTINUOUS
10
5.5801288976377954
20
-5.1117483070866143
11
5.5800074015748029
21
-5.1116671259842521
0
LINE
8
BLACK
6
CONTINUOUS
10
5.5800074015748029
20
-5.1116671259842521
11
5.5781326771653541
21
-5.1097923622047245
0
LINE
8
BLACK
6
CONTINUOUS
10
5.5781326771653541
20
-5.1097923622047245
11
5.5779574015748032
21
-5.109530078740157
0
LINE
8
BLACK
6
CONTINUOUS
10
5.5779574015748032
20
-5.109530078740157
11
5.5777638976377952
21
-5.1092807480314963
0
LINE
8
BLACK
6
CONTINUOUS
10
5.5777638976377952
20
-5.1092807480314963
11
5.5758891732283464
21
-5.10553125984252
0
LINE
8
BLACK
6
CONTINUOUS
10
5.5758891732283464
20
-5.10553125984252
11
5.5758631102362202
21
-5.1054361417322838
0
LINE
8
BLACK
6
CONTINUOUS
10
5.5758631102362202
20
-5.1054361417322838
11
5.5758311811023624
21
-5.1054042125984251
0
LINE
8
BLACK
6
CONTINUOUS
10
5.5758311811023624
20
-5.1054042125984251
11
5.5757696062992128
21
-5.1050946850393704
0
LINE
8
BLACK
6
CONTINUOUS
10
5.5757696062992128
20
-5.1050946850393704
11
5.575686299212598
21
-5.1047904724409445
0
LINE
8
BLACK
6
CONTINUOUS
10
5.575686299212598
20
-5.1047904724409445
11
5.575700551181102
21
-5.1047475984251971
0
LINE
8
BLACK
6
CONTINUOUS
10
5.575700551181102
20
-5.1047475984251971
11
5.5756813385826769
21
-5.1046509055118108
0
LINE
8
BLACK
6
CONTINUOUS
10
5.5756813385826769
20
-5.1046509055118108
11
5.5756813385826769
21
-5.1009013779527557
0
LINE
8
BLACK
6
CONTINUOUS
10
5.5756813385826769
20
-5.1009013779527557
11
5.575700551181102
21
-5.1008046456692915
0
LINE
8
BLACK
6
CONTINUOUS
10
5.575700551181102
20
-5.1008046456692915
11
5.575686299212598
21
-5.1007618110236219
0
LINE
8
BLACK
6
CONTINUOUS
10
5.575686299212598
20
-5.1007618110236219
11
5.5757696062992128
21
-5.1004575590551182
0
LINE
8
BLACK
6
CONTINUOUS
10
5.5757696062992128
20
-5.1004575590551182
11
5.5758311811023624
21
-5.1001480708661413
0
LINE
8
BLACK
6
CONTINUOUS
10
5.5758311811023624
20
-5.1001480708661413
11
5.5758631102362202
21
-5.1001161023622048
0
LINE
8
BLACK
6
CONTINUOUS
10
5.5758631102362202
20
-5.1001161023622048
11
5.5758891732283464
21
-5.1000210236220473
0
LINE
8
BLACK
6
CONTINUOUS
10
5.5758891732283464
20
-5.1000210236220473
11
5.5777638976377952
21
-5.096271535433071
0
LINE
8
BLACK
6
CONTINUOUS
10
5.5777638976377952
20
-5.096271535433071
11
5.5779574015748032
21
-5.0960221653543307
0
LINE
8
BLACK
6
CONTINUOUS
10
5.5779574015748032
20
-5.0960221653543307
11
5.5781326771653541
21
-5.0957599212598428
0
LINE
8
BLACK
6
CONTINUOUS
10
5.5781326771653541
20
-5.0957599212598428
11
5.5800074015748029
21
-5.0938851574803152
0
LINE
8
BLACK
6
CONTINUOUS
10
5.5800074015748029
20
-5.0938851574803152
11
5.5802698425196846
21
-5.0937097637795272
0
LINE
8
BLACK
6
CONTINUOUS
10
5.5802698425196846
20
-5.0937097637795272
11
5.5805190157480311
21
-5.0935164173228342
0
LINE
8
BLACK
6
CONTINUOUS
10
5.5805190157480311
20
-5.0935164173228342
11
5.5842685433070862
21
-5.0916416535433067
0
LINE
8
BLACK
6
CONTINUOUS
10
5.5842685433070862
20
-5.0916416535433067
11
5.5843636220472437
21
-5.0916155905511813
0
LINE
8
BLACK
6
CONTINUOUS
10
5.5843636220472437
20
-5.0916155905511813
11
5.5843955905511811
21
-5.0915836614173227
0
LINE
8
BLACK
6
CONTINUOUS
10
5.5843955905511811
20
-5.0915836614173227
11
5.5847050787401571
21
-5.091522086614173
0
LINE
8
BLACK
6
CONTINUOUS
10
5.5847050787401571
20
-5.091522086614173
11
5.5850093307086617
21
-5.0914387795275591
0
LINE
8
BLACK
6
CONTINUOUS
10
5.5850093307086617
20
-5.0914387795275591
11
5.5850521653543304
21
-5.0914530314960631
0
LINE
8
BLACK
6
CONTINUOUS
10
5.5850521653543304
20
-5.0914530314960631
11
5.5851488976377954
21
-5.091433818897638
0
LINE
8
BLACK
6
CONTINUOUS
10
5.5851488976377954
20
-5.091433818897638
11
5.5982722440944883
21
-5.091433818897638
0
LINE
8
BLACK
6
CONTINUOUS
10
5.5982722440944883
20
-5.091433818897638
11
5.5990255511811027
21
-5.0915836614173227
0
LINE
8
BLACK
6
CONTINUOUS
10
5.5805879527559057
20
-5.1157452362204721
11
5.5792676377952759
21
-5.1170655118110231
0
LINE
8
BLACK
6
CONTINUOUS
10
5.5792676377952759
20
-5.1170655118110231
11
5.5777435826771651
21
-5.1201137007874014
0
LINE
8
BLACK
6
CONTINUOUS
10
5.5777435826771651
20
-5.1201137007874014
11
5.5777435826771651
21
-5.1248086220472437
0
LINE
8
BLACK
6
CONTINUOUS
10
5.5777435826771651
20
-5.1248086220472437
11
5.5792676377952759
21
-5.1278567322834645
0
LINE
8
BLACK
6
CONTINUOUS
10
5.5792676377952759
20
-5.1278567322834645
11
5.5806907086614173
21
-5.1292798425196846
0
LINE
8
BLACK
6
CONTINUOUS
10
5.5806907086614173
20
-5.1292798425196846
11
5.5837388582677168
21
-5.1308038976377954
0
LINE
8
BLACK
6
CONTINUOUS
10
5.5837388582677168
20
-5.1308038976377954
11
5.59630374015748
21
-5.1308038976377954
0
LINE
8
BLACK
6
CONTINUOUS
10
5.59630374015748
20
-5.1308038976377954
11
5.59630374015748
21
-5.1141184645669293
0
LINE
8
BLACK
6
CONTINUOUS
10
5.59630374015748
20
-5.1141184645669293
11
5.5854683070866145
21
-5.1141184645669293
0
LINE
8
BLACK
6
CONTINUOUS
10
5.5854683070866145
20
-5.1141184645669293
11
5.5805879527559057
21
-5.1157452362204721
0
LINE
8
BLACK
6
CONTINUOUS
10
5.5825654330708661
20
-5.0968948818897637
11
5.5811424015748035
21
-5.0983178740157475
0
LINE
8
BLACK
6
CONTINUOUS
10
5.5811424015748035
20
-5.0983178740157475
11
5.5796183464566926
21
-5.1013660629921258
0
LINE
8
BLACK
6
CONTINUOUS
10
5.5796183464566926
20
-5.1013660629921258
11
5.5796183464566926
21
-5.1041862204724406
0
LINE
8
BLACK
6
CONTINUOUS
10
5.5796183464566926
20
-5.1041862204724406
11
5.5811424015748035
21
-5.1072343700787401
0
LINE
8
BLACK
6
CONTINUOUS
10
5.5811424015748035
20
-5.1072343700787401
11
5.5825654330708661
21
-5.108657362204724
0
LINE
8
BLACK
6
CONTINUOUS
10
5.5825654330708661
20
-5.108657362204724
11
5.5856136220472443
21
-5.1101814566929136
0
LINE
8
BLACK
6
CONTINUOUS
10
5.5856136220472443
20
-5.1101814566929136
11
5.59630374015748
21
-5.1101814566929136
0
LINE
8
BLACK
6
CONTINUOUS
10
5.59630374015748
20
-5.1101814566929136
11
5.59630374015748
21
-5.0953708267716538
0
LINE
8
BLACK
6
CONTINUOUS
10
5.59630374015748
20
-5.0953708267716538
11
5.5856136220472443
21
-5.0953708267716538
0
LINE
8
BLACK
6
CONTINUOUS
10
5.5856136220472443
20
-5.0953708267716538
11
5.5825654330708661
21
-5.0968948818897637
0
LINE
8
BLACK
6
CONTINUOUS
10
5.2131046062992121
20
-4.9930278346456696
11
5.2131474803149604
21
-4.9930135826771656
0
LINE
8
BLACK
6
CONTINUOUS
10
5.2131474803149604
20
-4.9930135826771656
11
5.2134516929133854
21
-4.9930968897637795
0
LINE
8
BLACK
6
CONTINUOUS
10
5.2134516929133854
20
-4.9930968897637795
11
5.2137612204724411
21
-4.9931584645669291
0
LINE
8
BLACK
6
CONTINUOUS
10
5.2137612204724411
20
-4.9931584645669291
11
5.2137931496062988
21
-4.9931903937007869
0
LINE
8
BLACK
6
CONTINUOUS
10
5.2137931496062988
20
-4.9931903937007869
11
5.213888267716535
21
-4.9932164566929131
0
LINE
8
BLACK
6
CONTINUOUS
10
5.213888267716535
20
-4.9932164566929131
11
5.2176377559055114
21
-4.9950911811023619
0
LINE
8
BLACK
6
CONTINUOUS
10
5.2176377559055114
20
-4.9950911811023619
11
5.2178870866141729
21
-4.99528468503937
0
LINE
8
BLACK
6
CONTINUOUS
10
5.2178870866141729
20
-4.99528468503937
11
5.2181493700787405
21
-4.9954599606299208
0
LINE
8
BLACK
6
CONTINUOUS
10
5.2181493700787405
20
-4.9954599606299208
11
5.220024133858268
21
-4.9973346850393696
0
LINE
8
BLACK
6
CONTINUOUS
10
5.220024133858268
20
-4.9973346850393696
11
5.2204508661417321
21
-4.9979733070866139
0
LINE
8
BLACK
6
CONTINUOUS
10
5.2204508661417321
20
-4.9979733070866139
11
5.2204508661417321
21
-4.9994799606299214
0
LINE
8
BLACK
6
CONTINUOUS
10
5.2204508661417321
20
-4.9994799606299214
11
5.2193855118110237
21
-5.0005453149606298
0
LINE
8
BLACK
6
CONTINUOUS
10
5.2193855118110237
20
-5.0005453149606298
11
5.2178788582677162
21
-5.0005453149606298
0
LINE
8
BLACK
6
CONTINUOUS
10
5.2178788582677162
20
-5.0005453149606298
11
5.2172402362204719
21
-5.0001185826771648
0
LINE
8
BLACK
6
CONTINUOUS
10
5.2172402362204719
20
-5.0001185826771648
11
5.2155913779527561
21
-4.9984696850393702
0
LINE
8
BLACK
6
CONTINUOUS
10
5.2155913779527561
20
-4.9984696850393702
11
5.2125432283464566
21
-4.9969456299212593
0
LINE
8
BLACK
6
CONTINUOUS
10
5.2125432283464566
20
-4.9969456299212593
11
5.2040988188976378
21
-4.9969456299212593
0
LINE
8
BLACK
6
CONTINUOUS
10
5.2040988188976378
20
-4.9969456299212593
11
5.2010506299212595
21
-4.9984696850393702
0
LINE
8
BLACK
6
CONTINUOUS
10
5.2010506299212595
20
-4.9984696850393702
11
5.199627598425197
21
-4.999892677165354
0
LINE
8
BLACK
6
CONTINUOUS
10
5.199627598425197
20
-4.999892677165354
11
5.1981035433070861
21
-5.0029408661417323
0
LINE
8
BLACK
6
CONTINUOUS
10
5.1981035433070861
20
-5.0029408661417323
11
5.1981035433070861
21
-5.0059062598425195
0
LINE
8
BLACK
6
CONTINUOUS
10
5.1981035433070861
20
-5.0059062598425195
11
5.1997303149606298
21
-5.010786653543307
0
LINE
8
BLACK
6
CONTINUOUS
10
5.1997303149606298
20
-5.010786653543307
11
5.2218988976377956
21
-5.0329552755905507
0
LINE
8
BLACK
6
CONTINUOUS
10
5.2218988976377956
20
-5.0329552755905507
11
5.2223256299212597
21
-5.033593897637795
0
LINE
8
BLACK
6
CONTINUOUS
10
5.2223256299212597
20
-5.033593897637795
11
5.2223256299212597
21
-5.0351005118110237
0
LINE
8
BLACK
6
CONTINUOUS
10
5.2223256299212597
20
-5.0351005118110237
11
5.2212602755905513
21
-5.0361658661417321
0
LINE
8
BLACK
6
CONTINUOUS
10
5.2212602755905513
20
-5.0361658661417321
11
5.2205069685039369
21
-5.0363157086614176
0
LINE
8
BLACK
6
CONTINUOUS
10
5.2205069685039369
20
-5.0363157086614176
11
5.1961350393700787
21
-5.0363157086614176
0
LINE
8
BLACK
6
CONTINUOUS
10
5.1961350393700787
20
-5.0363157086614176
11
5.1953817322834643
21
-5.0361658661417321
0
LINE
8
BLACK
6
CONTINUOUS
10
5.1953817322834643
20
-5.0361658661417321
11
5.1943163779527559
21
-5.0351005118110237
0
LINE
8
BLACK
6
CONTINUOUS
10
5.1943163779527559
20
-5.0351005118110237
11
5.1943163779527559
21
-5.033593897637795
0
LINE
8
BLACK
6
CONTINUOUS
10
5.1943163779527559
20
-5.033593897637795
11
5.1953817322834643
21
-5.0325285433070865
0
LINE
8
BLACK
6
CONTINUOUS
10
5.1953817322834643
20
-5.0325285433070865
11
5.1961350393700787
21
-5.0323787007874019
0
LINE
8
BLACK
6
CONTINUOUS
10
5.1961350393700787
20
-5.0323787007874019
11
5.2157546062992122
21
-5.0323787007874019
0
LINE
8
BLACK
6
CONTINUOUS
10
5.2157546062992122
20
-5.0323787007874019
11
5.1966178740157476
21
-5.0132419291338586
0
LINE
8
BLACK
6
CONTINUOUS
10
5.1966178740157476
20
-5.0132419291338586
11
5.1965630708661417
21
-5.0131599212598426
0
LINE
8
BLACK
6
CONTINUOUS
10
5.1965630708661417
20
-5.0131599212598426
11
5.1965226771653539
21
-5.0131397244094487
0
LINE
8
BLACK
6
CONTINUOUS
10
5.1965226771653539
20
-5.0131397244094487
11
5.1963664566929131
21
-5.0128656692913385
0
LINE
8
BLACK
6
CONTINUOUS
10
5.1963664566929131
20
-5.0128656692913385
11
5.1961911417322835
21
-5.0126033070866143
0
LINE
8
BLACK
6
CONTINUOUS
10
5.1961911417322835
20
-5.0126033070866143
11
5.1961911417322835
21
-5.0125581102362204
0
LINE
8
BLACK
6
CONTINUOUS
10
5.1961911417322835
20
-5.0125581102362204
11
5.1961423228346453
21
-5.012472480314961
0
LINE
8
BLACK
6
CONTINUOUS
10
5.1961423228346453
20
-5.012472480314961
11
5.1942675590551177
21
-5.0068481889763774
0
LINE
8
BLACK
6
CONTINUOUS
10
5.1942675590551177
20
-5.0068481889763774
11
5.1942280708661412
21
-5.006535236220472
0
LINE
8
BLACK
6
CONTINUOUS
10
5.1942280708661412
20
-5.006535236220472
11
5.1941665354330704
21
-5.0062257086614173
0
LINE
8
BLACK
6
CONTINUOUS
10
5.1941665354330704
20
-5.0062257086614173
11
5.1941665354330704
21
-5.0024761811023621
0
LINE
8
BLACK
6
CONTINUOUS
10
5.1941665354330704
20
-5.0024761811023621
11
5.1941857480314964
21
-5.002379448818898
0
LINE
8
BLACK
6
CONTINUOUS
10
5.1941857480314964
20
-5.002379448818898
11
5.1941714960629923
21
-5.0023366141732284
0
LINE
8
BLACK
6
CONTINUOUS
10
5.1941714960629923
20
-5.0023366141732284
11
5.1942548031496063
21
-5.0020323622047247
0
LINE
8
BLACK
6
CONTINUOUS
10
5.1942548031496063
20
-5.0020323622047247
11
5.1943163779527559
21
-5.0017228740157478
0
LINE
8
BLACK
6
CONTINUOUS
10
5.1943163779527559
20
-5.0017228740157478
11
5.1943483070866137
21
-5.0016909055118113
0
LINE
8
BLACK
6
CONTINUOUS
10
5.1943483070866137
20
-5.0016909055118113
11
5.1943743700787399
21
-5.0015958267716538
0
LINE
8
BLACK
6
CONTINUOUS
10
5.1943743700787399
20
-5.0015958267716538
11
5.1962490944881887
21
-4.9978463385826775
0
LINE
8
BLACK
6
CONTINUOUS
10
5.1962490944881887
20
-4.9978463385826775
11
5.1964425984251967
21
-4.9975969685039372
0
LINE
8
BLACK
6
CONTINUOUS
10
5.1964425984251967
20
-4.9975969685039372
11
5.1966178740157476
21
-4.9973347244094484
0
LINE
8
BLACK
6
CONTINUOUS
10
5.1966178740157476
20
-4.9973347244094484
11
5.1984925984251964
21
-4.9954599606299208
0
LINE
8
BLACK
6
CONTINUOUS
10
5.1984925984251964
20
-4.9954599606299208
11
5.198755039370079
21
-4.9952845669291337
0
LINE
8
BLACK
6
CONTINUOUS
10
5.198755039370079
20
-4.9952845669291337
11
5.1990042125984255
21
-4.9950912204724407
0
LINE
8
BLACK
6
CONTINUOUS
10
5.1990042125984255
20
-4.9950912204724407
11
5.2027537401574806
21
-4.9932164566929131
0
LINE
8
BLACK
6
CONTINUOUS
10
5.2027537401574806
20
-4.9932164566929131
11
5.2028488188976381
21
-4.9931903937007869
0
LINE
8
BLACK
6
CONTINUOUS
10
5.2028488188976381
20
-4.9931903937007869
11
5.2028807874015746
21
-4.9931584645669291
0
LINE
8
BLACK
6
CONTINUOUS
10
5.2028807874015746
20
-4.9931584645669291
11
5.2031902755905515
21
-4.9930968897637795
0
LINE
8
BLACK
6
CONTINUOUS
10
5.2031902755905515
20
-4.9930968897637795
11
5.2034945275590552
21
-4.9930135826771656
0
LINE
8
BLACK
6
CONTINUOUS
10
5.2034945275590552
20
-4.9930135826771656
11
5.2035373622047238
21
-4.9930278346456696
0
LINE
8
BLACK
6
CONTINUOUS
10
5.2035373622047238
20
-4.9930278346456696
11
5.2036340944881889
21
-4.9930086220472436
0
LINE
8
BLACK
6
CONTINUOUS
10
5.2036340944881889
20
-4.9930086220472436
11
5.2130079133858267
21
-4.9930086220472436
0
LINE
8
BLACK
6
CONTINUOUS
10
5.2130079133858267
20
-4.9930086220472436
11
5.2131046062992121
21
-4.9930278346456696
0
LINE
8
BLACK
6
CONTINUOUS
10
5.2450589370078742
20
-4.9931584645669291
11
5.2456322440944883
21
-4.9931584645669291
0
LINE
8
BLACK
6
CONTINUOUS
10
5.2456322440944883
20
-4.9931584645669291
11
5.2457755511811026
21
-4.9933017716535435
0
LINE
8
BLACK
6
CONTINUOUS
10
5.2457755511811026
20
-4.9933017716535435
11
5.245974291338583
21
-4.9933415354330704
0
LINE
8
BLACK
6
CONTINUOUS
10
5.245974291338583
20
-4.9933415354330704
11
5.246516850393701
21
-4.9938851968503934
0
LINE
8
BLACK
6
CONTINUOUS
10
5.246516850393701
20
-4.9938851968503934
11
5.2501583464566925
21
-4.9993474409448817
0
LINE
8
BLACK
6
CONTINUOUS
10
5.2501583464566925
20
-4.9993474409448817
11
5.2535439763779523
21
-5.0027330708661415
0
LINE
8
BLACK
6
CONTINUOUS
10
5.2535439763779523
20
-5.0027330708661415
11
5.2570078346456688
21
-5.0044649999999997
0
LINE
8
BLACK
6
CONTINUOUS
10
5.2570078346456688
20
-5.0044649999999997
11
5.2576146062992128
21
-5.0049359448818898
0
LINE
8
BLACK
6
CONTINUOUS
10
5.2576146062992128
20
-5.0049359448818898
11
5.2580910629921256
21
-5.0063652362204722
0
LINE
8
BLACK
6
CONTINUOUS
10
5.2580910629921256
20
-5.0063652362204722
11
5.2574172834645667
21
-5.0077127952755909
0
LINE
8
BLACK
6
CONTINUOUS
10
5.2574172834645667
20
-5.0077127952755909
11
5.2559879527559055
21
-5.0081892519685036
0
LINE
8
BLACK
6
CONTINUOUS
10
5.2559879527559055
20
-5.0081892519685036
11
5.2552471653543309
21
-5.007986377952756
0
LINE
8
BLACK
6
CONTINUOUS
10
5.2552471653543309
20
-5.007986377952756
11
5.2514976377952758
21
-5.0061116141732285
0
LINE
8
BLACK
6
CONTINUOUS
10
5.2514976377952758
20
-5.0061116141732285
11
5.2512482283464568
21
-5.0059180708661417
0
LINE
8
BLACK
6
CONTINUOUS
10
5.2512482283464568
20
-5.0059180708661417
11
5.2509860629921254
21
-5.0057428740157484
0
LINE
8
BLACK
6
CONTINUOUS
10
5.2509860629921254
20
-5.0057428740157484
11
5.2472365354330703
21
-5.0019933464566924
0
LINE
8
BLACK
6
CONTINUOUS
10
5.2472365354330703
20
-5.0019933464566924
11
5.2471282283464564
21
-5.0018312992125979
0
LINE
8
BLACK
6
CONTINUOUS
10
5.2471282283464564
20
-5.0018312992125979
11
5.2469905905511807
21
-5.0016933464566931
0
LINE
8
BLACK
6
CONTINUOUS
10
5.2469905905511807
20
-5.0016933464566931
11
5.2468474409448822
21
-5.0014786220472436
0
LINE
8
BLACK
6
CONTINUOUS
10
5.2468474409448822
20
-5.0014786220472436
11
5.2468474409448822
21
-5.0323787007874019
0
LINE
8
BLACK
6
CONTINUOUS
10
5.2468474409448822
20
-5.0323787007874019
11
5.2561275196850392
21
-5.0323787007874019
0
LINE
8
BLACK
6
CONTINUOUS
10
5.2561275196850392
20
-5.0323787007874019
11
5.2568808267716536
21
-5.0325285433070865
0
LINE
8
BLACK
6
CONTINUOUS
10
5.2568808267716536
20
-5.0325285433070865
11
5.257946181102362
21
-5.033593897637795
0
LINE
8
BLACK
6
CONTINUOUS
10
5.257946181102362
20
-5.033593897637795
11
5.257946181102362
21
-5.0351005118110237
0
LINE
8
BLACK
6
CONTINUOUS
10
5.257946181102362
20
-5.0351005118110237
11
5.2568808267716536
21
-5.0361658661417321
0
LINE
8
BLACK
6
CONTINUOUS
10
5.2568808267716536
20
-5.0361658661417321
11
5.2561275196850392
21
-5.0363157086614176
0
LINE
8
BLACK
6
CONTINUOUS
10
5.2561275196850392
20
-5.0363157086614176
11
5.2336303543307086
21
-5.0363157086614176
0
LINE
8
BLACK
6
CONTINUOUS
10
5.2336303543307086
20
-5.0363157086614176
11
5.2328770472440942
21
-5.0361658661417321
0
LINE
8
BLACK
6
CONTINUOUS
10
5.2328770472440942
20
-5.0361658661417321
11
5.2318116929133858
21
-5.0351005118110237
0
LINE
8
BLACK
6
CONTINUOUS
10
5.2318116929133858
20
-5.0351005118110237
11
5.2318116929133858
21
-5.033593897637795
0
LINE
8
BLACK
6
CONTINUOUS
10
5.2318116929133858
20
-5.033593897637795
11
5.2328770472440942
21
-5.0325285433070865
0
LINE
8
BLACK
6
CONTINUOUS
10
5.2328770472440942
20
-5.0325285433070865
11
5.2336303543307086
21
-5.0323787007874019
0
LINE
8
BLACK
6
CONTINUOUS
10
5.2336303543307086
20
-5.0323787007874019
11
5.2429104330708665
21
-5.0323787007874019
0
LINE
8
BLACK
6
CONTINUOUS
10
5.2429104330708665
20
-5.0323787007874019
11
5.2429104330708665
21
-4.9949771259842519
0
LINE
8
BLACK
6
CONTINUOUS
10
5.2429104330708665
20
-4.9949771259842519
11
5.2430602755905511
21
-4.9942238188976376
0
LINE
8
BLACK
6
CONTINUOUS
10
5.2430602755905511
20
-4.9942238188976376
11
5.2432035826771655
21
-4.9940804724409444
0
LINE
8
BLACK
6
CONTINUOUS
10
5.2432035826771655
20
-4.9940804724409444
11
5.2432433464566932
21
-4.9938817716535429
0
LINE
8
BLACK
6
CONTINUOUS
10
5.2432433464566932
20
-4.9938817716535429
11
5.2437202362204722
21
-4.9935638188976377
0
LINE
8
BLACK
6
CONTINUOUS
10
5.2437202362204722
20
-4.9935638188976377
11
5.2441256299212595
21
-4.9931584645669291
0
LINE
8
BLACK
6
CONTINUOUS
10
5.2441256299212595
20
-4.9931584645669291
11
5.2443283070866142
21
-4.9931584645669291
0
LINE
8
BLACK
6
CONTINUOUS
10
5.2443283070866142
20
-4.9931584645669291
11
5.2444969291338586
21
-4.9930460629921258
0
LINE
8
BLACK
6
CONTINUOUS
10
5.2444969291338586
20
-4.9930460629921258
11
5.2450589370078742
21
-4.9931584645669291
0
LINE
8
BLACK
6
CONTINUOUS
10
5.6264904330708658
20
-4.9930278346456696
11
5.6265333070866141
21
-4.9930135826771656
0
LINE
8
BLACK
6
CONTINUOUS
10
5.6265333070866141
20
-4.9930135826771656
11
5.6268375196850391
21
-4.9930968897637795
0
LINE
8
BLACK
6
CONTINUOUS
10
5.6268375196850391
20
-4.9930968897637795
11
5.6271470472440948
21
-4.9931584645669291
0
LINE
8
BLACK
6
CONTINUOUS
10
5.6271470472440948
20
-4.9931584645669291
11
5.6271789763779525
21
-4.9931903937007869
0
LINE
8
BLACK
6
CONTINUOUS
10
5.6271789763779525
20
-4.9931903937007869
11
5.6272740944881887
21
-4.9932164566929131
0
LINE
8
BLACK
6
CONTINUOUS
10
5.6272740944881887
20
-4.9932164566929131
11
5.6310235826771651
21
-4.9950911811023619
0
LINE
8
BLACK
6
CONTINUOUS
10
5.6310235826771651
20
-4.9950911811023619
11
5.6312729133858266
21
-4.99528468503937
0
LINE
8
BLACK
6
CONTINUOUS
10
5.6312729133858266
20
-4.99528468503937
11
5.6315351968503933
21
-4.9954599606299208
0
LINE
8
BLACK
6
CONTINUOUS
10
5.6315351968503933
20
-4.9954599606299208
11
5.6334099606299208
21
-4.9973346850393696
0
LINE
8
BLACK
6
CONTINUOUS
10
5.6334099606299208
20
-4.9973346850393696
11
5.6338366929133858
21
-4.9979733070866139
0
LINE
8
BLACK
6
CONTINUOUS
10
5.6338366929133858
20
-4.9979733070866139
11
5.6338366929133858
21
-4.9994799606299214
0
LINE
8
BLACK
6
CONTINUOUS
10
5.6338366929133858
20
-4.9994799606299214
11
5.6327713385826774
21
-5.0005453149606298
0
LINE
8
BLACK
6
CONTINUOUS
10
5.6327713385826774
20
-5.0005453149606298
11
5.6312646850393699
21
-5.0005453149606298
0
LINE
8
BLACK
6
CONTINUOUS
10
5.6312646850393699
20
-5.0005453149606298
11
5.6306260629921256
21
-5.0001185826771648
0
LINE
8
BLACK
6
CONTINUOUS
10
5.6306260629921256
20
-5.0001185826771648
11
5.6289772047244089
21
-4.9984696850393702
0
LINE
8
BLACK
6
CONTINUOUS
10
5.6289772047244089
20
-4.9984696850393702
11
5.6259290551181103
21
-4.9969456299212593
0
LINE
8
BLACK
6
CONTINUOUS
10
5.6259290551181103
20
-4.9969456299212593
11
5.6174846456692915
21
-4.9969456299212593
0
LINE
8
BLACK
6
CONTINUOUS
10
5.6174846456692915
20
-4.9969456299212593
11
5.6144364566929132
21
-4.9984696850393702
0
LINE
8
BLACK
6
CONTINUOUS
10
5.6144364566929132
20
-4.9984696850393702
11
5.6130134251968506
21
-4.999892677165354
0
LINE
8
BLACK
6
CONTINUOUS
10
5.6130134251968506
20
-4.999892677165354
11
5.6114893700787398
21
-5.0029408661417323
0
LINE
8
BLACK
6
CONTINUOUS
10
5.6114893700787398
20
-5.0029408661417323
11
5.6114893700787398
21
-5.0059062598425195
0
LINE
8
BLACK
6
CONTINUOUS
10
5.6114893700787398
20
-5.0059062598425195
11
5.6131161417322835
21
-5.010786653543307
0
LINE
8
BLACK
6
CONTINUOUS
10
5.6131161417322835
20
-5.010786653543307
11
5.6352847244094484
21
-5.0329552755905507
0
LINE
8
BLACK
6
CONTINUOUS
10
5.6352847244094484
20
-5.0329552755905507
11
5.6357114566929134
21
-5.033593897637795
0
LINE
8
BLACK
6
CONTINUOUS
10
5.6357114566929134
20
-5.033593897637795
11
5.6357114566929134
21
-5.0351005118110237
0
LINE
8
BLACK
6
CONTINUOUS
10
5.6357114566929134
20
-5.0351005118110237
11
5.634646102362205
21
-5.0361658661417321
0
LINE
8
BLACK
6
CONTINUOUS
10
5.634646102362205
20
-5.0361658661417321
11
5.6338927952755906
21
-5.0363157086614176
0
LINE
8
BLACK
6
CONTINUOUS
10
5.6338927952755906
20
-5.0363157086614176
11
5.6095208661417324
21
-5.0363157086614176
0
LINE
8
BLACK
6
CONTINUOUS
10
5.6095208661417324
20
-5.0363157086614176
11
5.608767559055118
21
-5.0361658661417321
0
LINE
8
BLACK
6
CONTINUOUS
10
5.608767559055118
20
-5.0361658661417321
11
5.6077022047244096
21
-5.0351005118110237
0
LINE
8
BLACK
6
CONTINUOUS
10
5.6077022047244096
20
-5.0351005118110237
11
5.6077022047244096
21
-5.033593897637795
0
LINE
8
BLACK
6
CONTINUOUS
10
5.6077022047244096
20
-5.033593897637795
11
5.608767559055118
21
-5.0325285433070865
0
LINE
8
BLACK
6
CONTINUOUS
10
5.608767559055118
20
-5.0325285433070865
11
5.6095208661417324
21
-5.0323787007874019
0
LINE
8
BLACK
6
CONTINUOUS
10
5.6095208661417324
20
-5.0323787007874019
11
5.6291404330708659
21
-5.0323787007874019
0
LINE
8
BLACK
6
CONTINUOUS
10
5.6291404330708659
20
-5.0323787007874019
11
5.6100037007874013
21
-5.0132419291338586
0
LINE
8
BLACK
6
CONTINUOUS
10
5.6100037007874013
20
-5.0132419291338586
11
5.6099488976377954
21
-5.0131599212598426
0
LINE
8
BLACK
6
CONTINUOUS
10
5.6099488976377954
20
-5.0131599212598426
11
5.6099085039370076
21
-5.0131397244094487
0
LINE
8
BLACK
6
CONTINUOUS
10
5.6099085039370076
20
-5.0131397244094487
11
5.6097522834645668
21
-5.0128656692913385
0
LINE
8
BLACK
6
CONTINUOUS
10
5.6097522834645668
20
-5.0128656692913385
11
5.6095769685039372
21
-5.0126033070866143
0
LINE
8
BLACK
6
CONTINUOUS
10
5.6095769685039372
20
-5.0126033070866143
11
5.6095769685039372
21
-5.0125581102362204
0
LINE
8
BLACK
6
CONTINUOUS
10
5.6095769685039372
20
-5.0125581102362204
11
5.609528149606299
21
-5.012472480314961
0
LINE
8
BLACK
6
CONTINUOUS
10
5.609528149606299
20
-5.012472480314961
11
5.6076533858267714
21
-5.0068481889763774
0
LINE
8
BLACK
6
CONTINUOUS
10
5.6076533858267714
20
-5.0068481889763774
11
5.6076138976377949
21
-5.006535236220472
0
LINE
8
BLACK
6
CONTINUOUS
10
5.6076138976377949
20
-5.006535236220472
11
5.6075523622047241
21
-5.0062257086614173
0
LINE
8
BLACK
6
CONTINUOUS
10
5.6075523622047241
20
-5.0062257086614173
11
5.6075523622047241
21
-5.0024761811023621
0
LINE
8
BLACK
6
CONTINUOUS
10
5.6075523622047241
20
-5.0024761811023621
11
5.6075715748031492
21
-5.002379448818898
0
LINE
8
BLACK
6
CONTINUOUS
10
5.6075715748031492
20
-5.002379448818898
11
5.6075573228346451
21
-5.0023366141732284
0
LINE
8
BLACK
6
CONTINUOUS
10
5.6075573228346451
20
-5.0023366141732284
11
5.60764062992126
21
-5.0020323622047247
0
LINE
8
BLACK
6
CONTINUOUS
10
5.60764062992126
20
-5.0020323622047247
11
5.6077022047244096
21
-5.0017228740157478
0
LINE
8
BLACK
6
CONTINUOUS
10
5.6077022047244096
20
-5.0017228740157478
11
5.6077341338582674
21
-5.0016909055118113
0
LINE
8
BLACK
6
CONTINUOUS
10
5.6077341338582674
20
-5.0016909055118113
11
5.6077601968503936
21
-5.0015958267716538
0
LINE
8
BLACK
6
CONTINUOUS
10
5.6077601968503936
20
-5.0015958267716538
11
5.6096349212598424
21
-4.9978463385826775
0
LINE
8
BLACK
6
CONTINUOUS
10
5.6096349212598424
20
-4.9978463385826775
11
5.6098284251968504
21
-4.9975969685039372
0
LINE
8
BLACK
6
CONTINUOUS
10
5.6098284251968504
20
-4.9975969685039372
11
5.6100037007874013
21
-4.9973347244094484
0
LINE
8
BLACK
6
CONTINUOUS
10
5.6100037007874013
20
-4.9973347244094484
11
5.6118784251968501
21
-4.9954599606299208
0
LINE
8
BLACK
6
CONTINUOUS
10
5.6118784251968501
20
-4.9954599606299208
11
5.6121408661417318
21
-4.9952845669291337
0
LINE
8
BLACK
6
CONTINUOUS
10
5.6121408661417318
20
-4.9952845669291337
11
5.6123900393700783
21
-4.9950912204724407
0
LINE
8
BLACK
6
CONTINUOUS
10
5.6123900393700783
20
-4.9950912204724407
11
5.6161395669291334
21
-4.9932164566929131
0
LINE
8
BLACK
6
CONTINUOUS
10
5.6161395669291334
20
-4.9932164566929131
11
5.6162346456692909
21
-4.9931903937007869
0
LINE
8
BLACK
6
CONTINUOUS
10
5.6162346456692909
20
-4.9931903937007869
11
5.6162666141732283
21
-4.9931584645669291
0
LINE
8
BLACK
6
CONTINUOUS
10
5.6162666141732283
20
-4.9931584645669291
11
5.6165761023622043
21
-4.9930968897637795
0
LINE
8
BLACK
6
CONTINUOUS
10
5.6165761023622043
20
-4.9930968897637795
11
5.6168803543307089
21
-4.9930135826771656
0
LINE
8
BLACK
6
CONTINUOUS
10
5.6168803543307089
20
-4.9930135826771656
11
5.6169231889763775
21
-4.9930278346456696
0
LINE
8
BLACK
6
CONTINUOUS
10
5.6169231889763775
20
-4.9930278346456696
11
5.6170199212598426
21
-4.9930086220472436
0
LINE
8
BLACK
6
CONTINUOUS
10
5.6170199212598426
20
-4.9930086220472436
11
5.6263937401574804
21
-4.9930086220472436
0
LINE
8
BLACK
6
CONTINUOUS
10
5.6263937401574804
20
-4.9930086220472436
11
5.6264904330708658
21
-4.9930278346456696
0
LINE
8
BLACK
6
CONTINUOUS
10
5.658444763779527
20
-4.9931584645669291
11
5.6590180708661419
21
-4.9931584645669291
0
LINE
8
BLACK
6
CONTINUOUS
10
5.6590180708661419
20
-4.9931584645669291
11
5.6591613779527554
21
-4.9933017716535435
0
LINE
8
BLACK
6
CONTINUOUS
10
5.6591613779527554
20
-4.9933017716535435
11
5.6593601181102358
21
-4.9933415354330704
0
LINE
8
BLACK
6
CONTINUOUS
10
5.6593601181102358
20
-4.9933415354330704
11
5.6599026771653538
21
-4.9938851968503934
0
LINE
8
BLACK
6
CONTINUOUS
10
5.6599026771653538
20
-4.9938851968503934
11
5.6635441732283462
21
-4.9993474409448817
0
LINE
8
BLACK
6
CONTINUOUS
10
5.6635441732283462
20
-4.9993474409448817
11
5.666929803149606
21
-5.0027330708661415
0
LINE
8
BLACK
6
CONTINUOUS
10
5.666929803149606
20
-5.0027330708661415
11
5.6703936614173225
21
-5.0044649999999997
0
LINE
8
BLACK
6
CONTINUOUS
10
5.6703936614173225
20
-5.0044649999999997
11
5.6710004330708657
21
-5.0049359448818898
0
LINE
8
BLACK
6
CONTINUOUS
10
5.6710004330708657
20
-5.0049359448818898
11
5.6714768897637793
21
-5.0063652362204722
0
LINE
8
BLACK
6
CONTINUOUS
10
5.6714768897637793
20
-5.0063652362204722
11
5.6708031102362204
21
-5.0077127952755909
0
LINE
8
BLACK
6
CONTINUOUS
10
5.6708031102362204
20
-5.0077127952755909
11
5.6693737795275592
21
-5.0081892519685036
0
LINE
8
BLACK
6
CONTINUOUS
10
5.6693737795275592
20
-5.0081892519685036
11
5.6686329921259837
21
-5.007986377952756
0
LINE
8
BLACK
6
CONTINUOUS
10
5.6686329921259837
20
-5.007986377952756
11
5.6648834645669286
21
-5.0061116141732285
0
LINE
8
BLACK
6
CONTINUOUS
10
5.6648834645669286
20
-5.0061116141732285
11
5.6646340551181105
21
-5.0059180708661417
0
LINE
8
BLACK
6
CONTINUOUS
10
5.6646340551181105
20
-5.0059180708661417
11
5.6643718897637791
21
-5.0057428740157484
0
LINE
8
BLACK
6
CONTINUOUS
10
5.6643718897637791
20
-5.0057428740157484
11
5.660622362204724
21
-5.0019933464566924
0
LINE
8
BLACK
6
CONTINUOUS
10
5.660622362204724
20
-5.0019933464566924
11
5.6605140551181101
21
-5.0018312992125979
0
LINE
8
BLACK
6
CONTINUOUS
10
5.6605140551181101
20
-5.0018312992125979
11
5.6603764173228344
21
-5.0016933464566931
0
LINE
8
BLACK
6
CONTINUOUS
10
5.6603764173228344
20
-5.0016933464566931
11
5.660233267716535
21
-5.0014786220472436
0
LINE
8
BLACK
6
CONTINUOUS
10
5.660233267716535
20
-5.0014786220472436
11
5.660233267716535
21
-5.0323787007874019
0
LINE
8
BLACK
6
CONTINUOUS
10
5.660233267716535
20
-5.0323787007874019
11
5.6695133464566929
21
-5.0323787007874019
0
LINE
8
BLACK
6
CONTINUOUS
10
5.6695133464566929
20
-5.0323787007874019
11
5.6702666535433073
21
-5.0325285433070865
0
LINE
8
BLACK
6
CONTINUOUS
10
5.6702666535433073
20
-5.0325285433070865
11
5.6713320078740157
21
-5.033593897637795
0
LINE
8
BLACK
6
CONTINUOUS
10
5.6713320078740157
20
-5.033593897637795
11
5.6713320078740157
21
-5.0351005118110237
0
LINE
8
BLACK
6
CONTINUOUS
10
5.6713320078740157
20
-5.0351005118110237
11
5.6702666535433073
21
-5.0361658661417321
0
LINE
8
BLACK
6
CONTINUOUS
10
5.6702666535433073
20
-5.0361658661417321
11
5.6695133464566929
21
-5.0363157086614176
0
LINE
8
BLACK
6
CONTINUOUS
10
5.6695133464566929
20
-5.0363157086614176
11
5.6470161811023623
21
-5.0363157086614176
0
LINE
8
BLACK
6
CONTINUOUS
10
5.6470161811023623
20
-5.0363157086614176
11
5.6462628740157479
21
-5.0361658661417321
0
LINE
8
BLACK
6
CONTINUOUS
10
5.6462628740157479
20
-5.0361658661417321
11
5.6451975196850395
21
-5.0351005118110237
0
LINE
8
BLACK
6
CONTINUOUS
10
5.6451975196850395
20
-5.0351005118110237
11
5.6451975196850395
21
-5.033593897637795
0
LINE
8
BLACK
6
CONTINUOUS
10
5.6451975196850395
20
-5.033593897637795
11
5.6462628740157479
21
-5.0325285433070865
0
LINE
8
BLACK
6
CONTINUOUS
10
5.6462628740157479
20
-5.0325285433070865
11
5.6470161811023623
21
-5.0323787007874019
0
LINE
8
BLACK
6
CONTINUOUS
10
5.6470161811023623
20
-5.0323787007874019
11
5.6562962598425193
21
-5.0323787007874019
0
LINE
8
BLACK
6
CONTINUOUS
10
5.6562962598425193
20
-5.0323787007874019
11
5.6562962598425193
21
-4.9949771259842519
0
LINE
8
BLACK
6
CONTINUOUS
10
5.6562962598425193
20
-4.9949771259842519
11
5.6564461023622048
21
-4.9942238188976376
0
LINE
8
BLACK
6
CONTINUOUS
10
5.6564461023622048
20
-4.9942238188976376
11
5.6565894094488192
21
-4.9940804724409444
0
LINE
8
BLACK
6
CONTINUOUS
10
5.6565894094488192
20
-4.9940804724409444
11
5.656629173228346
21
-4.9938817716535429
0
LINE
8
BLACK
6
CONTINUOUS
10
5.656629173228346
20
-4.9938817716535429
11
5.6571060629921259
21
-4.9935638188976377
0
LINE
8
BLACK
6
CONTINUOUS
10
5.6571060629921259
20
-4.9935638188976377
11
5.6575114566929132
21
-4.9931584645669291
0
LINE
8
BLACK
6
CONTINUOUS
10
5.6575114566929132
20
-4.9931584645669291
11
5.6577141338582679
21
-4.9931584645669291
0
LINE
8
BLACK
6
CONTINUOUS
10
5.6577141338582679
20
-4.9931584645669291
11
5.6578827559055114
21
-4.9930460629921258
0
LINE
8
BLACK
6
CONTINUOUS
10
5.6578827559055114
20
-4.9930460629921258
11
5.658444763779527
21
-4.9931584645669291
0
LINE
8
BLACK
6
CONTINUOUS
10
5.1861761811023621
20
-4.9934900393700783
11
5.186849960629921
21
-4.9948375984251969
0
LINE
8
BLACK
6
CONTINUOUS
10
5.186849960629921
20
-4.9948375984251969
11
5.1867538976377956
21
-4.9955996456692908
0
LINE
8
BLACK
6
CONTINUOUS
10
5.1867538976377956
20
-4.9955996456692908
11
5.1736305511811018
21
-5.0349696850393704
0
LINE
8
BLACK
6
CONTINUOUS
10
5.1736305511811018
20
-5.0349696850393704
11
5.1732501968503932
21
-5.0356369685039368
0
LINE
8
BLACK
6
CONTINUOUS
10
5.1732501968503932
20
-5.0356369685039368
11
5.1731185826771648
21
-5.0357027559055121
0
LINE
8
BLACK
6
CONTINUOUS
10
5.1731185826771648
20
-5.0357027559055121
11
5.1730528346456692
21
-5.035834291338583
0
LINE
8
BLACK
6
CONTINUOUS
10
5.1730528346456692
20
-5.035834291338583
11
5.1724608267716539
21
-5.0360316141732282
0
LINE
8
BLACK
6
CONTINUOUS
10
5.1724608267716539
20
-5.0360316141732282
11
5.1719025984251967
21
-5.0363107480314957
0
LINE
8
BLACK
6
CONTINUOUS
10
5.1719025984251967
20
-5.0363107480314957
11
5.171763031496063
21
-5.0362642125984252
0
LINE
8
BLACK
6
CONTINUOUS
10
5.171763031496063
20
-5.0362642125984252
11
5.1716235433070867
21
-5.0363107480314957
0
LINE
8
BLACK
6
CONTINUOUS
10
5.1716235433070867
20
-5.0363107480314957
11
5.1710655118110234
21
-5.0360316929133857
0
LINE
8
BLACK
6
CONTINUOUS
10
5.1710655118110234
20
-5.0360316929133857
11
5.1704733070866142
21
-5.0358343307086617
0
LINE
8
BLACK
6
CONTINUOUS
10
5.1704733070866142
20
-5.0358343307086617
11
5.1704074803149602
21
-5.0357026771653546
0
LINE
8
BLACK
6
CONTINUOUS
10
5.1704074803149602
20
-5.0357026771653546
11
5.1702759448818894
21
-5.0356369291338581
0
LINE
8
BLACK
6
CONTINUOUS
10
5.1702759448818894
20
-5.0356369291338581
11
5.1698955905511808
21
-5.0349696850393704
0
LINE
8
BLACK
6
CONTINUOUS
10
5.1698955905511808
20
-5.0349696850393704
11
5.1567722440944879
21
-4.9955996062992121
0
LINE
8
BLACK
6
CONTINUOUS
10
5.1567722440944879
20
-4.9955996062992121
11
5.1566761811023625
21
-4.9948375984251969
0
LINE
8
BLACK
6
CONTINUOUS
10
5.1566761811023625
20
-4.9948375984251969
11
5.1573499606299213
21
-4.9934899999999995
0
LINE
8
BLACK
6
CONTINUOUS
10
5.1573499606299213
20
-4.9934899999999995
11
5.1587792519685038
21
-4.9930135826771656
0
LINE
8
BLACK
6
CONTINUOUS
10
5.1587792519685038
20
-4.9930135826771656
11
5.1601268503937003
21
-4.9936873622047244
0
LINE
8
BLACK
6
CONTINUOUS
10
5.1601268503937003
20
-4.9936873622047244
11
5.1605072047244089
21
-4.9943546456692909
0
LINE
8
BLACK
6
CONTINUOUS
10
5.1605072047244089
20
-4.9943546456692909
11
5.1717630708661417
21
-5.0281222440944884
0
LINE
8
BLACK
6
CONTINUOUS
10
5.1717630708661417
20
-5.0281222440944884
11
5.1830189370078736
21
-4.9943546456692909
0
LINE
8
BLACK
6
CONTINUOUS
10
5.1830189370078736
20
-4.9943546456692909
11
5.1833992913385822
21
-4.9936874015748032
0
LINE
8
BLACK
6
CONTINUOUS
10
5.1833992913385822
20
-4.9936874015748032
11
5.1847468897637796
21
-4.9930135826771656
0
LINE
8
BLACK
6
CONTINUOUS
10
5.1847468897637796
20
-4.9930135826771656
11
5.1861761811023621
21
-4.9934900393700783
0
LINE
8
BLACK
6
CONTINUOUS
10
5.5995620078740158
20
-4.9934900393700783
11
5.6002357874015747
21
-4.9948375984251969
0
LINE
8
BLACK
6
CONTINUOUS
10
5.6002357874015747
20
-4.9948375984251969
11
5.6001397244094484
21
-4.9955996456692908
0
LINE
8
BLACK
6
CONTINUOUS
10
5.6001397244094484
20
-4.9955996456692908
11
5.5870163779527555
21
-5.0349696850393704
0
LINE
8
BLACK
6
CONTINUOUS
10
5.5870163779527555
20
-5.0349696850393704
11
5.5866360236220469
21
-5.0356369685039368
0
LINE
8
BLACK
6
CONTINUOUS
10
5.5866360236220469
20
-5.0356369685039368
11
5.5865044094488185
21
-5.0357027559055121
0
LINE
8
BLACK
6
CONTINUOUS
10
5.5865044094488185
20
-5.0357027559055121
11
5.5864386614173229
21
-5.035834291338583
0
LINE
8
BLACK
6
CONTINUOUS
10
5.5864386614173229
20
-5.035834291338583
11
5.5858466535433067
21
-5.0360316141732282
0
LINE
8
BLACK
6
CONTINUOUS
10
5.5858466535433067
20
-5.0360316141732282
11
5.5852884251968504
21
-5.0363107480314957
0
LINE
8
BLACK
6
CONTINUOUS
10
5.5852884251968504
20
-5.0363107480314957
11
5.5851488582677167
21
-5.0362642125984252
0
LINE
8
BLACK
6
CONTINUOUS
10
5.5851488582677167
20
-5.0362642125984252
11
5.5850093700787404
21
-5.0363107480314957
0
LINE
8
BLACK
6
CONTINUOUS
10
5.5850093700787404
20
-5.0363107480314957
11
5.5844513385826771
21
-5.0360316929133857
0
LINE
8
BLACK
6
CONTINUOUS
10
5.5844513385826771
20
-5.0360316929133857
11
5.5838591338582679
21
-5.0358343307086617
0
LINE
8
BLACK
6
CONTINUOUS
10
5.5838591338582679
20
-5.0358343307086617
11
5.5837933070866139
21
-5.0357026771653546
0
LINE
8
BLACK
6
CONTINUOUS
10
5.5837933070866139
20
-5.0357026771653546
11
5.583661771653543
21
-5.0356369291338581
0
LINE
8
BLACK
6
CONTINUOUS
10
5.583661771653543
20
-5.0356369291338581
11
5.5832814173228345
21
-5.0349696850393704
0
LINE
8
BLACK
6
CONTINUOUS
10
5.5832814173228345
20
-5.0349696850393704
11
5.5701580708661416
21
-4.9955996062992121
0
LINE
8
BLACK
6
CONTINUOUS
10
5.5701580708661416
20
-4.9955996062992121
11
5.5700620078740153
21
-4.9948375984251969
0
LINE
8
BLACK
6
CONTINUOUS
10
5.5700620078740153
20
-4.9948375984251969
11
5.570735787401575
21
-4.9934899999999995
0
LINE
8
BLACK
6
CONTINUOUS
10
5.570735787401575
20
-4.9934899999999995
11
5.5721650787401575
21
-4.9930135826771656
0
LINE
8
BLACK
6
CONTINUOUS
10
5.5721650787401575
20
-4.9930135826771656
11
5.573512677165354
21
-4.9936873622047244
0
LINE
8
BLACK
6
CONTINUOUS
10
5.573512677165354
20
-4.9936873622047244
11
5.5738930314960626
21
-4.9943546456692909
0
LINE
8
BLACK
6
CONTINUOUS
10
5.5738930314960626
20
-4.9943546456692909
11
5.5851488976377954
21
-5.0281222440944884
0
LINE
8
BLACK
6
CONTINUOUS
10
5.5851488976377954
20
-5.0281222440944884
11
5.5964047637795273
21
-4.9943546456692909
0
LINE
8
BLACK
6
CONTINUOUS
10
5.5964047637795273
20
-4.9943546456692909
11
5.5967851181102359
21
-4.9936874015748032
0
LINE
8
BLACK
6
CONTINUOUS
10
5.5967851181102359
20
-4.9936874015748032
11
5.5981327165354333
21
-4.9930135826771656
0
LINE
8
BLACK
6
CONTINUOUS
10
5.5981327165354333
20
-4.9930135826771656
11
5.5995620078740158
21
-4.9934900393700783
0
LINE
8
BLACK
6
CONTINUOUS
10
5.2898172047244092
20
-5.0035976377952753
11
5.2899670472440947
21
-5.0043509448818897
0
LINE
8
BLACK
6
CONTINUOUS
10
5.2899670472440947
20
-5.0043509448818897
11
5.2899670472440947
21
-5.0173805511811018
0
LINE
8
BLACK
6
CONTINUOUS
10
5.2899670472440947
20
-5.0173805511811018
11
5.3029966535433068
21
-5.0173805511811018
0
LINE
8
BLACK
6
CONTINUOUS
10
5.3029966535433068
20
-5.0173805511811018
11
5.3037499606299212
21
-5.0175303937007874
0
LINE
8
BLACK
6
CONTINUOUS
10
5.3037499606299212
20
-5.0175303937007874
11
5.3048153149606296
21
-5.0185957480314958
0
LINE
8
BLACK
6
CONTINUOUS
10
5.3048153149606296
20
-5.0185957480314958
11
5.3048153149606296
21
-5.0201023622047245
0
LINE
8
BLACK
6
CONTINUOUS
10
5.3048153149606296
20
-5.0201023622047245
11
5.3037499606299212
21
-5.0211677165354329
0
LINE
8
BLACK
6
CONTINUOUS
10
5.3037499606299212
20
-5.0211677165354329
11
5.3029966535433068
21
-5.0213175590551176
0
LINE
8
BLACK
6
CONTINUOUS
10
5.3029966535433068
20
-5.0213175590551176
11
5.2899670472440947
21
-5.0213175590551176
0
LINE
8
BLACK
6
CONTINUOUS
10
5.2899670472440947
20
-5.0213175590551176
11
5.2899670472440947
21
-5.0343472047244093
0
LINE
8
BLACK
6
CONTINUOUS
10
5.2899670472440947
20
-5.0343472047244093
11
5.2898172047244092
21
-5.0351005118110237
0
LINE
8
BLACK
6
CONTINUOUS
10
5.2898172047244092
20
-5.0351005118110237
11
5.2887518503937008
21
-5.0361658661417321
0
LINE
8
BLACK
6
CONTINUOUS
10
5.2887518503937008
20
-5.0361658661417321
11
5.287245236220472
21
-5.0361658661417321
0
LINE
8
BLACK
6
CONTINUOUS
10
5.287245236220472
20
-5.0361658661417321
11
5.2861798818897636
21
-5.0351005118110237
0
LINE
8
BLACK
6
CONTINUOUS
10
5.2861798818897636
20
-5.0351005118110237
11
5.286030039370079
21
-5.0343472047244093
0
LINE
8
BLACK
6
CONTINUOUS
10
5.286030039370079
20
-5.0343472047244093
11
5.286030039370079
21
-5.0213175590551176
0
LINE
8
BLACK
6
CONTINUOUS
10
5.286030039370079
20
-5.0213175590551176
11
5.273000433070866
21
-5.0213175590551176
0
LINE
8
BLACK
6
CONTINUOUS
10
5.273000433070866
20
-5.0213175590551176
11
5.2722471259842516
21
-5.0211677165354329
0
LINE
8
BLACK
6
CONTINUOUS
10
5.2722471259842516
20
-5.0211677165354329
11
5.2711817716535432
21
-5.0201023622047245
0
LINE
8
BLACK
6
CONTINUOUS
10
5.2711817716535432
20
-5.0201023622047245
11
5.2711817716535432
21
-5.0185957480314958
0
LINE
8
BLACK
6
CONTINUOUS
10
5.2711817716535432
20
-5.0185957480314958
11
5.2722471259842516
21
-5.0175303937007874
0
LINE
8
BLACK
6
CONTINUOUS
10
5.2722471259842516
20
-5.0175303937007874
11
5.273000433070866
21
-5.0173805511811018
0
LINE
8
BLACK
6
CONTINUOUS
10
5.273000433070866
20
-5.0173805511811018
11
5.286030039370079
21
-5.0173805511811018
0
LINE
8
BLACK
6
CONTINUOUS
10
5.286030039370079
20
-5.0173805511811018
11
5.286030039370079
21
-5.0043509448818897
0
LINE
8
BLACK
6
CONTINUOUS
10
5.286030039370079
20
-5.0043509448818897
11
5.2861798818897636
21
-5.0035976377952753
0
LINE
8
BLACK
6
CONTINUOUS
10
5.2861798818897636
20
-5.0035976377952753
11
5.287245236220472
21
-5.0025322834645669
0
LINE
8
BLACK
6
CONTINUOUS
10
5.287245236220472
20
-5.0025322834645669
11
5.2887518503937008
21
-5.0025322834645669
0
LINE
8
BLACK
6
CONTINUOUS
10
5.2887518503937008
20
-5.0025322834645669
11
5.2898172047244092
21
-5.0035976377952753
0
LINE
8
BLACK
6
CONTINUOUS
10
5.7032030314960629
20
-5.0035976377952753
11
5.7033528740157475
21
-5.0043509448818897
0
LINE
8
BLACK
6
CONTINUOUS
10
5.7033528740157475
20
-5.0043509448818897
11
5.7033528740157475
21
-5.0173805511811018
0
LINE
8
BLACK
6
CONTINUOUS
10
5.7033528740157475
20
-5.0173805511811018
11
5.7163824803149605
21
-5.0173805511811018
0
LINE
8
BLACK
6
CONTINUOUS
10
5.7163824803149605
20
-5.0173805511811018
11
5.7171357874015749
21
-5.0175303937007874
0
LINE
8
BLACK
6
CONTINUOUS
10
5.7171357874015749
20
-5.0175303937007874
11
5.7182011417322833
21
-5.0185957480314958
0
LINE
8
BLACK
6
CONTINUOUS
10
5.7182011417322833
20
-5.0185957480314958
11
5.7182011417322833
21
-5.0201023622047245
0
LINE
8
BLACK
6
CONTINUOUS
10
5.7182011417322833
20
-5.0201023622047245
11
5.7171357874015749
21
-5.0211677165354329
0
LINE
8
BLACK
6
CONTINUOUS
10
5.7171357874015749
20
-5.0211677165354329
11
5.7163824803149605
21
-5.0213175590551176
0
LINE
8
BLACK
6
CONTINUOUS
10
5.7163824803149605
20
-5.0213175590551176
11
5.7033528740157475
21
-5.0213175590551176
0
LINE
8
BLACK
6
CONTINUOUS
10
5.7033528740157475
20
-5.0213175590551176
11
5.7033528740157475
21
-5.0343472047244093
0
LINE
8
BLACK
6
CONTINUOUS
10
5.7033528740157475
20
-5.0343472047244093
11
5.7032030314960629
21
-5.0351005118110237
0
LINE
8
BLACK
6
CONTINUOUS
10
5.7032030314960629
20
-5.0351005118110237
11
5.7021376771653545
21
-5.0361658661417321
0
LINE
8
BLACK
6
CONTINUOUS
10
5.7021376771653545
20
-5.0361658661417321
11
5.7006310629921257
21
-5.0361658661417321
0
LINE
8
BLACK
6
CONTINUOUS
10
5.7006310629921257
20
-5.0361658661417321
11
5.6995657086614173
21
-5.0351005118110237
0
LINE
8
BLACK
6
CONTINUOUS
10
5.6995657086614173
20
-5.0351005118110237
11
5.6994158661417318
21
-5.0343472047244093
0
LINE
8
BLACK
6
CONTINUOUS
10
5.6994158661417318
20
-5.0343472047244093
11
5.6994158661417318
21
-5.0213175590551176
0
LINE
8
BLACK
6
CONTINUOUS
10
5.6994158661417318
20
-5.0213175590551176
11
5.6863862598425197
21
-5.0213175590551176
0
LINE
8
BLACK
6
CONTINUOUS
10
5.6863862598425197
20
-5.0213175590551176
11
5.6856329527559053
21
-5.0211677165354329
0
LINE
8
BLACK
6
CONTINUOUS
10
5.6856329527559053
20
-5.0211677165354329
11
5.6845675984251969
21
-5.0201023622047245
0
LINE
8
BLACK
6
CONTINUOUS
10
5.6845675984251969
20
-5.0201023622047245
11
5.6845675984251969
21
-5.0185957480314958
0
LINE
8
BLACK
6
CONTINUOUS
10
5.6845675984251969
20
-5.0185957480314958
11
5.6856329527559053
21
-5.0175303937007874
0
LINE
8
BLACK
6
CONTINUOUS
10
5.6856329527559053
20
-5.0175303937007874
11
5.6863862598425197
21
-5.0173805511811018
0
LINE
8
BLACK
6
CONTINUOUS
10
5.6863862598425197
20
-5.0173805511811018
11
5.6994158661417318
21
-5.0173805511811018
0
LINE
8
BLACK
6
CONTINUOUS
10
5.6994158661417318
20
-5.0173805511811018
11
5.6994158661417318
21
-5.0043509448818897
0
LINE
8
BLACK
6
CONTINUOUS
10
5.6994158661417318
20
-5.0043509448818897
11
5.6995657086614173
21
-5.0035976377952753
0
LINE
8
BLACK
6
CONTINUOUS
10
5.6995657086614173
20
-5.0035976377952753
11
5.7006310629921257
21
-5.0025322834645669
0
LINE
8
BLACK
6
CONTINUOUS
10
5.7006310629921257
20
-5.0025322834645669
11
5.7021376771653545
21
-5.0025322834645669
0
LINE
8
BLACK
6
CONTINUOUS
10
5.7021376771653545
20
-5.0025322834645669
11
5.7032030314960629
21
-5.0035976377952753
0
LINE
8
BLACK
6
CONTINUOUS
10
5.2961953543307088
20
-4.8948674803149608
11
5.2967873622047241
21
-4.8950648425196848
0
LINE
8
BLACK
6
CONTINUOUS
10
5.2967873622047241
20
-4.8950648425196848
11
5.2968531102362206
21
-4.8951963385826769
0
LINE
8
BLACK
6
CONTINUOUS
10
5.2968531102362206
20
-4.8951963385826769
11
5.296984724409449
21
-4.8952621653543309
0
LINE
8
BLACK
6
CONTINUOUS
10
5.296984724409449
20
-4.8952621653543309
11
5.2973650787401576
21
-4.8959294488188974
0
LINE
8
BLACK
6
CONTINUOUS
10
5.2973650787401576
20
-4.8959294488188974
11
5.3104884251968505
21
-4.935299488188976
0
LINE
8
BLACK
6
CONTINUOUS
10
5.3104884251968505
20
-4.935299488188976
11
5.3105844881889759
21
-4.9360615354330708
0
LINE
8
BLACK
6
CONTINUOUS
10
5.3105844881889759
20
-4.9360615354330708
11
5.309910708661417
21
-4.9374090944881885
0
LINE
8
BLACK
6
CONTINUOUS
10
5.309910708661417
20
-4.9374090944881885
11
5.3084814173228345
21
-4.9378855511811022
0
LINE
8
BLACK
6
CONTINUOUS
10
5.3084814173228345
20
-4.9378855511811022
11
5.307133818897638
21
-4.9372117322834645
0
LINE
8
BLACK
6
CONTINUOUS
10
5.307133818897638
20
-4.9372117322834645
11
5.3067534645669294
21
-4.936544488188976
0
LINE
8
BLACK
6
CONTINUOUS
10
5.3067534645669294
20
-4.936544488188976
11
5.3034525984251966
21
-4.9266418897637791
0
LINE
8
BLACK
6
CONTINUOUS
10
5.3034525984251966
20
-4.9266418897637791
11
5.2875425984251967
21
-4.9266418897637791
0
LINE
8
BLACK
6
CONTINUOUS
10
5.2875425984251967
20
-4.9266418897637791
11
5.2842417322834647
21
-4.936544488188976
0
LINE
8
BLACK
6
CONTINUOUS
10
5.2842417322834647
20
-4.936544488188976
11
5.2838613779527561
21
-4.9372117716535433
0
LINE
8
BLACK
6
CONTINUOUS
10
5.2838613779527561
20
-4.9372117716535433
11
5.2825137795275587
21
-4.9378855511811022
0
LINE
8
BLACK
6
CONTINUOUS
10
5.2825137795275587
20
-4.9378855511811022
11
5.2810844881889762
21
-4.9374091338582673
0
LINE
8
BLACK
6
CONTINUOUS
10
5.2810844881889762
20
-4.9374091338582673
11
5.2804107086614174
21
-4.9360615354330708
0
LINE
8
BLACK
6
CONTINUOUS
10
5.2804107086614174
20
-4.9360615354330708
11
5.2805067716535428
21
-4.9352995275590548
0
LINE
8
BLACK
6
CONTINUOUS
10
5.2805067716535428
20
-4.9352995275590548
11
5.2936301181102365
21
-4.8959294488188974
0
LINE
8
BLACK
6
CONTINUOUS
10
5.2936301181102365
20
-4.8959294488188974
11
5.2940104724409451
21
-4.8952622047244096
0
LINE
8
BLACK
6
CONTINUOUS
10
5.2940104724409451
20
-4.8952622047244096
11
5.294142007874016
21
-4.8951964173228344
0
LINE
8
BLACK
6
CONTINUOUS
10
5.294142007874016
20
-4.8951964173228344
11
5.2942078346456691
21
-4.895064803149606
0
LINE
8
BLACK
6
CONTINUOUS
10
5.2942078346456691
20
-4.895064803149606
11
5.2948000393700783
21
-4.8948674015748033
0
LINE
8
BLACK
6
CONTINUOUS
10
5.2948000393700783
20
-4.8948674015748033
11
5.2953580708661416
21
-4.8945883858267711
0
LINE
8
BLACK
6
CONTINUOUS
10
5.2953580708661416
20
-4.8945883858267711
11
5.2954975590551179
21
-4.8946348818897638
0
LINE
8
BLACK
6
CONTINUOUS
10
5.2954975590551179
20
-4.8946348818897638
11
5.2956371259842516
21
-4.8945883858267711
0
LINE
8
BLACK
6
CONTINUOUS
10
5.2956371259842516
20
-4.8945883858267711
11
5.2961953543307088
21
-4.8948674803149608
0
LINE
8
BLACK
6
CONTINUOUS
10
5.2888549212598424
20
-4.9227048818897634
11
5.3021402755905509
21
-4.9227048818897634
0
LINE
8
BLACK
6
CONTINUOUS
10
5.3021402755905509
20
-4.9227048818897634
11
5.2954975984251966
21
-4.9027768503937006
0
LINE
8
BLACK
6
CONTINUOUS
10
5.2954975984251966
20
-4.9027768503937006
11
5.2888549212598424
21
-4.9227048818897634
0
LINE
8
BLACK
6
CONTINUOUS
10
5.5914709448818893
20
-4.8948674803149608
11
5.5920629527559056
21
-4.8950648425196848
0
LINE
8
BLACK
6
CONTINUOUS
10
5.5920629527559056
20
-4.8950648425196848
11
5.5921287007874012
21
-4.8951963385826769
0
LINE
8
BLACK
6
CONTINUOUS
10
5.5921287007874012
20
-4.8951963385826769
11
5.5922603149606296
21
-4.8952621653543309
0
LINE
8
BLACK
6
CONTINUOUS
10
5.5922603149606296
20
-4.8952621653543309
11
5.5926406692913382
21
-4.8959294488188974
0
LINE
8
BLACK
6
CONTINUOUS
10
5.5926406692913382
20
-4.8959294488188974
11
5.6057640157480311
21
-4.935299488188976
0
LINE
8
BLACK
6
CONTINUOUS
10
5.6057640157480311
20
-4.935299488188976
11
5.6058600787401573
21
-4.9360615354330708
0
LINE
8
BLACK
6
CONTINUOUS
10
5.6058600787401573
20
-4.9360615354330708
11
5.6051862992125985
21
-4.9374090944881885
0
LINE
8
BLACK
6
CONTINUOUS
10
5.6051862992125985
20
-4.9374090944881885
11
5.603757007874016
21
-4.9378855511811022
0
LINE
8
BLACK
6
CONTINUOUS
10
5.603757007874016
20
-4.9378855511811022
11
5.6024094094488186
21
-4.9372117322834645
0
LINE
8
BLACK
6
CONTINUOUS
10
5.6024094094488186
20
-4.9372117322834645
11
5.60202905511811
21
-4.936544488188976
0
LINE
8
BLACK
6
CONTINUOUS
10
5.60202905511811
20
-4.936544488188976
11
5.598728188976378
21
-4.9266418897637791
0
LINE
8
BLACK
6
CONTINUOUS
10
5.598728188976378
20
-4.9266418897637791
11
5.5828181889763782
21
-4.9266418897637791
0
LINE
8
BLACK
6
CONTINUOUS
10
5.5828181889763782
20
-4.9266418897637791
11
5.5795173228346453
21
-4.936544488188976
0
LINE
8
BLACK
6
CONTINUOUS
10
5.5795173228346453
20
-4.936544488188976
11
5.5791369685039367
21
-4.9372117716535433
0
LINE
8
BLACK
6
CONTINUOUS
10
5.5791369685039367
20
-4.9372117716535433
11
5.5777893700787402
21
-4.9378855511811022
0
LINE
8
BLACK
6
CONTINUOUS
10
5.5777893700787402
20
-4.9378855511811022
11
5.5763600787401577
21
-4.9374091338582673
0
LINE
8
BLACK
6
CONTINUOUS
10
5.5763600787401577
20
-4.9374091338582673
11
5.575686299212598
21
-4.9360615354330708
0
LINE
8
BLACK
6
CONTINUOUS
10
5.575686299212598
20
-4.9360615354330708
11
5.5757823622047242
21
-4.9352995275590548
0
LINE
8
BLACK
6
CONTINUOUS
10
5.5757823622047242
20
-4.9352995275590548
11
5.5889057086614171
21
-4.8959294488188974
0
LINE
8
BLACK
6
CONTINUOUS
10
5.5889057086614171
20
-4.8959294488188974
11
5.5892860629921257
21
-4.8952622047244096
0
LINE
8
BLACK
6
CONTINUOUS
10
5.5892860629921257
20
-4.8952622047244096
11
5.5894175984251966
21
-4.8951964173228344
0
LINE
8
BLACK
6
CONTINUOUS
10
5.5894175984251966
20
-4.8951964173228344
11
5.5894834251968506
21
-4.895064803149606
0
LINE
8
BLACK
6
CONTINUOUS
10
5.5894834251968506
20
-4.895064803149606
11
5.5900756299212597
21
-4.8948674015748033
0
LINE
8
BLACK
6
CONTINUOUS
10
5.5900756299212597
20
-4.8948674015748033
11
5.5906336614173231
21
-4.8945883858267711
0
LINE
8
BLACK
6
CONTINUOUS
10
5.5906336614173231
20
-4.8945883858267711
11
5.5907731496062993
21
-4.8946348818897638
0
LINE
8
BLACK
6
CONTINUOUS
10
5.5907731496062993
20
-4.8946348818897638
11
5.5909127165354331
21
-4.8945883858267711
0
LINE
8
BLACK
6
CONTINUOUS
10
5.5909127165354331
20
-4.8945883858267711
11
5.5914709448818893
21
-4.8948674803149608
0
LINE
8
BLACK
6
CONTINUOUS
10
5.5841305118110238
20
-4.9227048818897634
11
5.5974158661417324
21
-4.9227048818897634
0
LINE
8
BLACK
6
CONTINUOUS
10
5.5974158661417324
20
-4.9227048818897634
11
5.5907731889763781
21
-4.9027768503937006
0
LINE
8
BLACK
6
CONTINUOUS
10
5.5907731889763781
20
-4.9027768503937006
11
5.5841305118110238
21
-4.9227048818897634
0
LINE
8
BLACK
6
CONTINUOUS
10
5.5473606692913382
20
-4.7631719291338586
11
5.5486390944881885
21
-4.7644503543307088
0
LINE
8
BLACK
6
CONTINUOUS
10
5.5486390944881885
20
-4.7644503543307088
11
5.548818897637795
21
-4.7653543307086617
0
LINE
8
BLACK
6
CONTINUOUS
10
5.548818897637795
20
-4.7653543307086617
11
5.548818897637795
21
-4.8196850393700785
0
LINE
8
BLACK
6
CONTINUOUS
10
5.548818897637795
20
-4.8196850393700785
11
5.5486390944881885
21
-4.8205890157480313
0
LINE
8
BLACK
6
CONTINUOUS
10
5.5486390944881885
20
-4.8205890157480313
11
5.5473606692913382
21
-4.8218674409448816
0
LINE
8
BLACK
6
CONTINUOUS
10
5.5473606692913382
20
-4.8218674409448816
11
5.5455527165354326
21
-4.8218674409448816
0
LINE
8
BLACK
6
CONTINUOUS
10
5.5455527165354326
20
-4.8218674409448816
11
5.5442742913385823
21
-4.8205890157480313
0
LINE
8
BLACK
6
CONTINUOUS
10
5.5442742913385823
20
-4.8205890157480313
11
5.5440944881889767
21
-4.8196850393700785
0
LINE
8
BLACK
6
CONTINUOUS
10
5.5440944881889767
20
-4.8196850393700785
11
5.5440944881889767
21
-4.7677165354330704
0
LINE
8
BLACK
6
CONTINUOUS
10
5.5440944881889767
20
-4.7677165354330704
11
5.4921259842519685
21
-4.7677165354330704
0
LINE
8
BLACK
6
CONTINUOUS
10
5.4921259842519685
20
-4.7677165354330704
11
5.4912220078740157
21
-4.7675367322834648
0
LINE
8
BLACK
6
CONTINUOUS
10
5.4912220078740157
20
-4.7675367322834648
11
5.4899435826771654
21
-4.7662583070866145
0
LINE
8
BLACK
6
CONTINUOUS
10
5.4899435826771654
20
-4.7662583070866145
11
5.4899435826771654
21
-4.7644503543307088
0
LINE
8
BLACK
6
CONTINUOUS
10
5.4899435826771654
20
-4.7644503543307088
11
5.4912220078740157
21
-4.7631719291338586
0
LINE
8
BLACK
6
CONTINUOUS
10
5.4912220078740157
20
-4.7631719291338586
11
5.4921259842519685
21
-4.762992125984252
0
LINE
8
BLACK
6
CONTINUOUS
10
5.4921259842519685
20
-4.762992125984252
11
5.5464566929133854
21
-4.762992125984252
0
LINE
8
BLACK
6
CONTINUOUS
10
5.5464566929133854
20
-4.762992125984252
11
5.5473606692913382
21
-4.7631719291338586
0
LINE
8
BLACK
6
CONTINUOUS
10
5.2231350393700788
20
-4.7766230314960625
11
5.2242003937007873
21
-4.7776883858267718
0
LINE
8
BLACK
6
CONTINUOUS
10
5.2242003937007873
20
-4.7776883858267718
11
5.2243502362204719
21
-4.7784416929133853
0
LINE
8
BLACK
6
CONTINUOUS
10
5.2243502362204719
20
-4.7784416929133853
11
5.2243502362204719
21
-4.8178117716535436
0
LINE
8
BLACK
6
CONTINUOUS
10
5.2243502362204719
20
-4.8178117716535436
11
5.2242003937007873
21
-4.818565078740157
0
LINE
8
BLACK
6
CONTINUOUS
10
5.2242003937007873
20
-4.818565078740157
11
5.2231350393700788
21
-4.8196304330708664
0
LINE
8
BLACK
6
CONTINUOUS
10
5.2231350393700788
20
-4.8196304330708664
11
5.2223817322834645
21
-4.819780275590551
0
LINE
8
BLACK
6
CONTINUOUS
10
5.2223817322834645
20
-4.819780275590551
11
5.2130079133858267
21
-4.819780275590551
0
LINE
8
BLACK
6
CONTINUOUS
10
5.2130079133858267
20
-4.819780275590551
11
5.2126983858267719
21
-4.8197187007874014
0
LINE
8
BLACK
6
CONTINUOUS
10
5.2126983858267719
20
-4.8197187007874014
11
5.2123853937007869
21
-4.8196792519685037
0
LINE
8
BLACK
6
CONTINUOUS
10
5.2123853937007869
20
-4.8196792519685037
11
5.206761141732283
21
-4.8178044881889761
0
LINE
8
BLACK
6
CONTINUOUS
10
5.206761141732283
20
-4.8178044881889761
11
5.2066755118110235
21
-4.8177556692913388
0
LINE
8
BLACK
6
CONTINUOUS
10
5.2066755118110235
20
-4.8177556692913388
11
5.2066303149606297
21
-4.8177556692913388
0
LINE
8
BLACK
6
CONTINUOUS
10
5.2066303149606297
20
-4.8177556692913388
11
5.2063680708661417
21
-4.8175804330708658
0
LINE
8
BLACK
6
CONTINUOUS
10
5.2063680708661417
20
-4.8175804330708658
11
5.2060938582677165
21
-4.8174241338582675
0
LINE
8
BLACK
6
CONTINUOUS
10
5.2060938582677165
20
-4.8174241338582675
11
5.2060736220472439
21
-4.8173836614173231
0
LINE
8
BLACK
6
CONTINUOUS
10
5.2060736220472439
20
-4.8173836614173231
11
5.2059916929133854
21
-4.8173289370078738
0
LINE
8
BLACK
6
CONTINUOUS
10
5.2059916929133854
20
-4.8173289370078738
11
5.2022421259842515
21
-4.8135793700787399
0
LINE
8
BLACK
6
CONTINUOUS
10
5.2022421259842515
20
-4.8135793700787399
11
5.2020667322834644
21
-4.8133168897637795
0
LINE
8
BLACK
6
CONTINUOUS
10
5.2020667322834644
20
-4.8133168897637795
11
5.2018733858267714
21
-4.8130677559055117
0
LINE
8
BLACK
6
CONTINUOUS
10
5.2018733858267714
20
-4.8130677559055117
11
5.1999986614173226
21
-4.8093182677165354
0
LINE
8
BLACK
6
CONTINUOUS
10
5.1999986614173226
20
-4.8093182677165354
11
5.1999416929133861
21
-4.8091103149606296
0
LINE
8
BLACK
6
CONTINUOUS
10
5.1999416929133861
20
-4.8091103149606296
11
5.1998496062992121
21
-4.8089153543307086
0
LINE
8
BLACK
6
CONTINUOUS
10
5.1998496062992121
20
-4.8089153543307086
11
5.1979748425196846
21
-4.8014162992125984
0
LINE
8
BLACK
6
CONTINUOUS
10
5.1979748425196846
20
-4.8014162992125984
11
5.1979631102362207
21
-4.801175433070866
0
LINE
8
BLACK
6
CONTINUOUS
10
5.1979631102362207
20
-4.801175433070866
11
5.1979160629921255
21
-4.8009388582677168
0
LINE
8
BLACK
6
CONTINUOUS
10
5.1979160629921255
20
-4.8009388582677168
11
5.1979160629921255
21
-4.7953145669291342
0
LINE
8
BLACK
6
CONTINUOUS
10
5.1979160629921255
20
-4.7953145669291342
11
5.1979631102362207
21
-4.7950779527559053
0
LINE
8
BLACK
6
CONTINUOUS
10
5.1979631102362207
20
-4.7950779527559053
11
5.1979748425196846
21
-4.7948371259842517
0
LINE
8
BLACK
6
CONTINUOUS
10
5.1979748425196846
20
-4.7948371259842517
11
5.1998496062992121
21
-4.7873380708661415
0
LINE
8
BLACK
6
CONTINUOUS
10
5.1998496062992121
20
-4.7873380708661415
11
5.1999416929133861
21
-4.7871430708661418
0
LINE
8
BLACK
6
CONTINUOUS
10
5.1999416929133861
20
-4.7871430708661418
11
5.1999986614173226
21
-4.7869351574803147
0
LINE
8
BLACK
6
CONTINUOUS
10
5.1999986614173226
20
-4.7869351574803147
11
5.2018733858267714
21
-4.7831856692913384
0
LINE
8
BLACK
6
CONTINUOUS
10
5.2018733858267714
20
-4.7831856692913384
11
5.2020668897637794
21
-4.7829362992125981
0
LINE
8
BLACK
6
CONTINUOUS
10
5.2020668897637794
20
-4.7829362992125981
11
5.2022421653543303
21
-4.7826740551181102
0
LINE
8
BLACK
6
CONTINUOUS
10
5.2022421653543303
20
-4.7826740551181102
11
5.2059916929133854
21
-4.7789245275590551
0
LINE
8
BLACK
6
CONTINUOUS
10
5.2059916929133854
20
-4.7789245275590551
11
5.2060736220472439
21
-4.7788697637795279
0
LINE
8
BLACK
6
CONTINUOUS
10
5.2060736220472439
20
-4.7788697637795279
11
5.2060938582677165
21
-4.7788293307086613
0
LINE
8
BLACK
6
CONTINUOUS
10
5.2060938582677165
20
-4.7788293307086613
11
5.2063680708661417
21
-4.7786729921259843
0
LINE
8
BLACK
6
CONTINUOUS
10
5.2063680708661417
20
-4.7786729921259843
11
5.2066303149606297
21
-4.77849779527559
0
LINE
8
BLACK
6
CONTINUOUS
10
5.2066303149606297
20
-4.77849779527559
11
5.2066755118110235
21
-4.77849779527559
0
LINE
8
BLACK
6
CONTINUOUS
10
5.2066755118110235
20
-4.77849779527559
11
5.206761141732283
21
-4.7784489763779527
0
LINE
8
BLACK
6
CONTINUOUS
10
5.206761141732283
20
-4.7784489763779527
11
5.2123853937007869
21
-4.7765742125984252
0
LINE
8
BLACK
6
CONTINUOUS
10
5.2123853937007869
20
-4.7765742125984252
11
5.2126983858267719
21
-4.7765347244094487
0
LINE
8
BLACK
6
CONTINUOUS
10
5.2126983858267719
20
-4.7765347244094487
11
5.2130079133858267
21
-4.7764731889763778
0
LINE
8
BLACK
6
CONTINUOUS
10
5.2130079133858267
20
-4.7764731889763778
11
5.2223817322834645
21
-4.7764731889763778
0
LINE
8
BLACK
6
CONTINUOUS
10
5.2223817322834645
20
-4.7764731889763778
11
5.2231350393700788
21
-4.7766230314960625
0
LINE
8
BLACK
6
CONTINUOUS
10
5.2084469291338582
20
-4.7820369685039372
11
5.2052519291338584
21
-4.7852320078740158
0
LINE
8
BLACK
6
CONTINUOUS
10
5.2052519291338584
20
-4.7852320078740158
11
5.2036166535433068
21
-4.788502559055118
0
LINE
8
BLACK
6
CONTINUOUS
10
5.2036166535433068
20
-4.788502559055118
11
5.2018530708661412
21
-4.7955568897637795
0
LINE
8
BLACK
6
CONTINUOUS
10
5.2018530708661412
20
-4.7955568897637795
11
5.2018530708661412
21
-4.8006965354330706
0
LINE
8
BLACK
6
CONTINUOUS
10
5.2018530708661412
20
-4.8006965354330706
11
5.2036166535433068
21
-4.8077508661417321
0
LINE
8
BLACK
6
CONTINUOUS
10
5.2036166535433068
20
-4.8077508661417321
11
5.2052518897637796
21
-4.8110213385826768
0
LINE
8
BLACK
6
CONTINUOUS
10
5.2052518897637796
20
-4.8110213385826768
11
5.2084470078740157
21
-4.8142164960629916
0
LINE
8
BLACK
6
CONTINUOUS
10
5.2084470078740157
20
-4.8142164960629916
11
5.2133273228346457
21
-4.8158432677165353
0
LINE
8
BLACK
6
CONTINUOUS
10
5.2133273228346457
20
-4.8158432677165353
11
5.2204132283464562
21
-4.8158432677165353
0
LINE
8
BLACK
6
CONTINUOUS
10
5.2204132283464562
20
-4.8158432677165353
11
5.2204132283464562
21
-4.7804101968503936
0
LINE
8
BLACK
6
CONTINUOUS
10
5.2204132283464562
20
-4.7804101968503936
11
5.2133273228346457
21
-4.7804101968503936
0
LINE
8
BLACK
6
CONTINUOUS
10
5.2133273228346457
20
-4.7804101968503936
11
5.2084469291338582
21
-4.7820369685039372
0
LINE
8
BLACK
6
CONTINUOUS
10
5.2920575984251963
20
-4.7765347244094487
11
5.2923705511811026
21
-4.7765742125984252
0
LINE
8
BLACK
6
CONTINUOUS
10
5.2923705511811026
20
-4.7765742125984252
11
5.2979948425196852
21
-4.7784489763779527
0
LINE
8
BLACK
6
CONTINUOUS
10
5.2979948425196852
20
-4.7784489763779527
11
5.2980804724409447
21
-4.77849779527559
0
LINE
8
BLACK
6
CONTINUOUS
10
5.2980804724409447
20
-4.77849779527559
11
5.2981256692913385
21
-4.77849779527559
0
LINE
8
BLACK
6
CONTINUOUS
10
5.2981256692913385
20
-4.77849779527559
11
5.2983880314960627
21
-4.7786731102362205
0
LINE
8
BLACK
6
CONTINUOUS
10
5.2983880314960627
20
-4.7786731102362205
11
5.2986620866141729
21
-4.7788293307086613
0
LINE
8
BLACK
6
CONTINUOUS
10
5.2986620866141729
20
-4.7788293307086613
11
5.2986822834645668
21
-4.7788697244094491
0
LINE
8
BLACK
6
CONTINUOUS
10
5.2986822834645668
20
-4.7788697244094491
11
5.2987642913385828
21
-4.7789245275590551
0
LINE
8
BLACK
6
CONTINUOUS
10
5.2987642913385828
20
-4.7789245275590551
11
5.302513818897638
21
-4.7826740551181102
0
LINE
8
BLACK
6
CONTINUOUS
10
5.302513818897638
20
-4.7826740551181102
11
5.3026890157480313
21
-4.7829362204724406
0
LINE
8
BLACK
6
CONTINUOUS
10
5.3026890157480313
20
-4.7829362204724406
11
5.3028825590551181
21
-4.7831856299212596
0
LINE
8
BLACK
6
CONTINUOUS
10
5.3028825590551181
20
-4.7831856299212596
11
5.3047573228346456
21
-4.7869351574803147
0
LINE
8
BLACK
6
CONTINUOUS
10
5.3047573228346456
20
-4.7869351574803147
11
5.3048142519685042
21
-4.7871430708661418
0
LINE
8
BLACK
6
CONTINUOUS
10
5.3048142519685042
20
-4.7871430708661418
11
5.3049063779527561
21
-4.7873380708661415
0
LINE
8
BLACK
6
CONTINUOUS
10
5.3049063779527561
20
-4.7873380708661415
11
5.3067811417322837
21
-4.7948371259842517
0
LINE
8
BLACK
6
CONTINUOUS
10
5.3067811417322837
20
-4.7948371259842517
11
5.3067928346456688
21
-4.7950779527559053
0
LINE
8
BLACK
6
CONTINUOUS
10
5.3067928346456688
20
-4.7950779527559053
11
5.3068399212598427
21
-4.7953145669291342
0
LINE
8
BLACK
6
CONTINUOUS
10
5.3068399212598427
20
-4.7953145669291342
11
5.3068399212598427
21
-4.8009388582677168
0
LINE
8
BLACK
6
CONTINUOUS
10
5.3068399212598427
20
-4.8009388582677168
11
5.3067928346456688
21
-4.801175433070866
0
LINE
8
BLACK
6
CONTINUOUS
10
5.3067928346456688
20
-4.801175433070866
11
5.3067811417322837
21
-4.8014162992125984
0
LINE
8
BLACK
6
CONTINUOUS
10
5.3067811417322837
20
-4.8014162992125984
11
5.3049063779527561
21
-4.8089153543307086
0
LINE
8
BLACK
6
CONTINUOUS
10
5.3049063779527561
20
-4.8089153543307086
11
5.3048142519685042
21
-4.8091103149606296
0
LINE
8
BLACK
6
CONTINUOUS
10
5.3048142519685042
20
-4.8091103149606296
11
5.3047573228346456
21
-4.8093182677165354
0
LINE
8
BLACK
6
CONTINUOUS
10
5.3047573228346456
20
-4.8093182677165354
11
5.3028825590551181
21
-4.8130677952755905
0
LINE
8
BLACK
6
CONTINUOUS
10
5.3028825590551181
20
-4.8130677952755905
11
5.3026891732283463
21
-4.8133169291338582
0
LINE
8
BLACK
6
CONTINUOUS
10
5.3026891732283463
20
-4.8133169291338582
11
5.3025138582677167
21
-4.8135793700787399
0
LINE
8
BLACK
6
CONTINUOUS
10
5.3025138582677167
20
-4.8135793700787399
11
5.2987643307086616
21
-4.8173289370078738
0
LINE
8
BLACK
6
CONTINUOUS
10
5.2987643307086616
20
-4.8173289370078738
11
5.2986822440944881
21
-4.8173837401574806
0
LINE
8
BLACK
6
CONTINUOUS
10
5.2986822440944881
20
-4.8173837401574806
11
5.2986620866141729
21
-4.8174241338582675
0
LINE
8
BLACK
6
CONTINUOUS
10
5.2986620866141729
20
-4.8174241338582675
11
5.298388307086614
21
-4.8175801574803145
0
LINE
8
BLACK
6
CONTINUOUS
10
5.298388307086614
20
-4.8175801574803145
11
5.2981257086614173
21
-4.8177556692913388
0
LINE
8
BLACK
6
CONTINUOUS
10
5.2981257086614173
20
-4.8177556692913388
11
5.2980804724409447
21
-4.8177556692913388
0
LINE
8
BLACK
6
CONTINUOUS
10
5.2980804724409447
20
-4.8177556692913388
11
5.2979948425196852
21
-4.8178044881889761
0
LINE
8
BLACK
6
CONTINUOUS
10
5.2979948425196852
20
-4.8178044881889761
11
5.2923705511811026
21
-4.8196792519685037
0
LINE
8
BLACK
6
CONTINUOUS
10
5.2923705511811026
20
-4.8196792519685037
11
5.2920575984251963
21
-4.8197187007874014
0
LINE
8
BLACK
6
CONTINUOUS
10
5.2920575984251963
20
-4.8197187007874014
11
5.2917480708661415
21
-4.819780275590551
0
LINE
8
BLACK
6
CONTINUOUS
10
5.2917480708661415
20
-4.819780275590551
11
5.2879985433070864
21
-4.819780275590551
0
LINE
8
BLACK
6
CONTINUOUS
10
5.2879985433070864
20
-4.819780275590551
11
5.2876890157480316
21
-4.8197187007874014
0
LINE
8
BLACK
6
CONTINUOUS
10
5.2876890157480316
20
-4.8197187007874014
11
5.2873760236220475
21
-4.8196792519685037
0
LINE
8
BLACK
6
CONTINUOUS
10
5.2873760236220475
20
-4.8196792519685037
11
5.2817517716535436
21
-4.8178044881889761
0
LINE
8
BLACK
6
CONTINUOUS
10
5.2817517716535436
20
-4.8178044881889761
11
5.2816661417322832
21
-4.8177556692913388
0
LINE
8
BLACK
6
CONTINUOUS
10
5.2816661417322832
20
-4.8177556692913388
11
5.2816209055118106
21
-4.8177556692913388
0
LINE
8
BLACK
6
CONTINUOUS
10
5.2816209055118106
20
-4.8177556692913388
11
5.2813584251968502
21
-4.8175802755905508
0
LINE
8
BLACK
6
CONTINUOUS
10
5.2813584251968502
20
-4.8175802755905508
11
5.2810844881889762
21
-4.8174241338582675
0
LINE
8
BLACK
6
CONTINUOUS
10
5.2810844881889762
20
-4.8174241338582675
11
5.2810642519685036
21
-4.8173837007874019
0
LINE
8
BLACK
6
CONTINUOUS
10
5.2810642519685036
20
-4.8173837007874019
11
5.2809822834645672
21
-4.8173289370078738
0
LINE
8
BLACK
6
CONTINUOUS
10
5.2809822834645672
20
-4.8173289370078738
11
5.2791075196850397
21
-4.8154541338582675
0
LINE
8
BLACK
6
CONTINUOUS
10
5.2791075196850397
20
-4.8154541338582675
11
5.2786808267716534
21
-4.8148155118110232
0
LINE
8
BLACK
6
CONTINUOUS
10
5.2786808267716534
20
-4.8148155118110232
11
5.2785309842519688
21
-4.8140622047244097
0
LINE
8
BLACK
6
CONTINUOUS
10
5.2785309842519688
20
-4.8140622047244097
11
5.2785309842519688
21
-4.8009388582677168
0
LINE
8
BLACK
6
CONTINUOUS
10
5.2785309842519688
20
-4.8009388582677168
11
5.2786808267716534
21
-4.8001855511811025
0
LINE
8
BLACK
6
CONTINUOUS
10
5.2786808267716534
20
-4.8001855511811025
11
5.2797461811023618
21
-4.7991201968503931
0
LINE
8
BLACK
6
CONTINUOUS
10
5.2797461811023618
20
-4.7991201968503931
11
5.2804994881889762
21
-4.7989703543307085
0
LINE
8
BLACK
6
CONTINUOUS
10
5.2804994881889762
20
-4.7989703543307085
11
5.2879985433070864
21
-4.7989703543307085
0
LINE
8
BLACK
6
CONTINUOUS
10
5.2879985433070864
20
-4.7989703543307085
11
5.2887518503937008
21
-4.7991201968503931
0
LINE
8
BLACK
6
CONTINUOUS
10
5.2887518503937008
20
-4.7991201968503931
11
5.2898172047244092
21
-4.8001855511811025
0
LINE
8
BLACK
6
CONTINUOUS
10
5.2898172047244092
20
-4.8001855511811025
11
5.2898172047244092
21
-4.8016921653543303
0
LINE
8
BLACK
6
CONTINUOUS
10
5.2898172047244092
20
-4.8016921653543303
11
5.2887518503937008
21
-4.8027575196850396
0
LINE
8
BLACK
6
CONTINUOUS
10
5.2887518503937008
20
-4.8027575196850396
11
5.2879985433070864
21
-4.8029073622047243
0
LINE
8
BLACK
6
CONTINUOUS
10
5.2879985433070864
20
-4.8029073622047243
11
5.2824679921259845
21
-4.8029073622047243
0
LINE
8
BLACK
6
CONTINUOUS
10
5.2824679921259845
20
-4.8029073622047243
11
5.2824679921259845
21
-4.813246811023622
0
LINE
8
BLACK
6
CONTINUOUS
10
5.2824679921259845
20
-4.813246811023622
11
5.2834376377952754
21
-4.8142164960629916
0
LINE
8
BLACK
6
CONTINUOUS
10
5.2834376377952754
20
-4.8142164960629916
11
5.2883179527559054
21
-4.8158432677165353
0
LINE
8
BLACK
6
CONTINUOUS
10
5.2883179527559054
20
-4.8158432677165353
11
5.2914286614173225
21
-4.8158432677165353
0
LINE
8
BLACK
6
CONTINUOUS
10
5.2914286614173225
20
-4.8158432677165353
11
5.2963089763779525
21
-4.8142164566929129
0
LINE
8
BLACK
6
CONTINUOUS
10
5.2963089763779525
20
-4.8142164566929129
11
5.2995040157480311
21
-4.8110214173228343
0
LINE
8
BLACK
6
CONTINUOUS
10
5.2995040157480311
20
-4.8110214173228343
11
5.3011393307086614
21
-4.8077507874015746
0
LINE
8
BLACK
6
CONTINUOUS
10
5.3011393307086614
20
-4.8077507874015746
11
5.302902913385827
21
-4.8006965354330706
0
LINE
8
BLACK
6
CONTINUOUS
10
5.302902913385827
20
-4.8006965354330706
11
5.302902913385827
21
-4.7955568897637795
0
LINE
8
BLACK
6
CONTINUOUS
10
5.302902913385827
20
-4.7955568897637795
11
5.3011393307086614
21
-4.7885025984251968
0
LINE
8
BLACK
6
CONTINUOUS
10
5.3011393307086614
20
-4.7885025984251968
11
5.2995040157480311
21
-4.7852319685039371
0
LINE
8
BLACK
6
CONTINUOUS
10
5.2995040157480311
20
-4.7852319685039371
11
5.2963090157480313
21
-4.7820369685039372
0
LINE
8
BLACK
6
CONTINUOUS
10
5.2963090157480313
20
-4.7820369685039372
11
5.2914286614173225
21
-4.7804101968503936
0
LINE
8
BLACK
6
CONTINUOUS
10
5.2914286614173225
20
-4.7804101968503936
11
5.2865885039370077
21
-4.7804101968503936
0
LINE
8
BLACK
6
CONTINUOUS
10
5.2865885039370077
20
-4.7804101968503936
11
5.2832546062992121
21
-4.7820771259842516
0
LINE
8
BLACK
6
CONTINUOUS
10
5.2832546062992121
20
-4.7820771259842516
11
5.2825138188976375
21
-4.7822800000000001
0
LINE
8
BLACK
6
CONTINUOUS
10
5.2825138188976375
20
-4.7822800000000001
11
5.2810844881889762
21
-4.7818035826771652
0
LINE
8
BLACK
6
CONTINUOUS
10
5.2810844881889762
20
-4.7818035826771652
11
5.2804107086614174
21
-4.7804560236220475
0
LINE
8
BLACK
6
CONTINUOUS
10
5.2804107086614174
20
-4.7804560236220475
11
5.2808871259842523
21
-4.7790266929133853
0
LINE
8
BLACK
6
CONTINUOUS
10
5.2808871259842523
20
-4.7790266929133853
11
5.2814938976377954
21
-4.7785557874015749
0
LINE
8
BLACK
6
CONTINUOUS
10
5.2814938976377954
20
-4.7785557874015749
11
5.2852434251968505
21
-4.7766810236220474
0
LINE
8
BLACK
6
CONTINUOUS
10
5.2852434251968505
20
-4.7766810236220474
11
5.285338503937008
21
-4.7766549606299211
0
LINE
8
BLACK
6
CONTINUOUS
10
5.285338503937008
20
-4.7766549606299211
11
5.2853704724409445
21
-4.7766230314960625
0
LINE
8
BLACK
6
CONTINUOUS
10
5.2853704724409445
20
-4.7766230314960625
11
5.2856799606299214
21
-4.7765614566929129
0
LINE
8
BLACK
6
CONTINUOUS
10
5.2856799606299214
20
-4.7765614566929129
11
5.2859842125984251
21
-4.7764781496062989
0
LINE
8
BLACK
6
CONTINUOUS
10
5.2859842125984251
20
-4.7764781496062989
11
5.2860270472440947
21
-4.7764924015748029
0
LINE
8
BLACK
6
CONTINUOUS
10
5.2860270472440947
20
-4.7764924015748029
11
5.2861237795275589
21
-4.7764731889763778
0
LINE
8
BLACK
6
CONTINUOUS
10
5.2861237795275589
20
-4.7764731889763778
11
5.2917480708661415
21
-4.7764731889763778
0
LINE
8
BLACK
6
CONTINUOUS
10
5.2917480708661415
20
-4.7764731889763778
11
5.2920575984251963
21
-4.7765347244094487
0
LINE
8
BLACK
6
CONTINUOUS
10
5.5971507874015742
20
-4.7766230314960625
11
5.5982161417322835
21
-4.7776883858267718
0
LINE
8
BLACK
6
CONTINUOUS
10
5.5982161417322835
20
-4.7776883858267718
11
5.5983659842519682
21
-4.7784416929133853
0
LINE
8
BLACK
6
CONTINUOUS
10
5.5983659842519682
20
-4.7784416929133853
11
5.5983659842519682
21
-4.8178117716535436
0
LINE
8
BLACK
6
CONTINUOUS
10
5.5983659842519682
20
-4.8178117716535436
11
5.5982161417322835
21
-4.818565078740157
0
LINE
8
BLACK
6
CONTINUOUS
10
5.5982161417322835
20
-4.818565078740157
11
5.5971507874015742
21
-4.8196304330708664
0
LINE
8
BLACK
6
CONTINUOUS
10
5.5971507874015742
20
-4.8196304330708664
11
5.5963974803149608
21
-4.819780275590551
0
LINE
8
BLACK
6
CONTINUOUS
10
5.5963974803149608
20
-4.819780275590551
11
5.587023661417323
21
-4.819780275590551
0
LINE
8
BLACK
6
CONTINUOUS
10
5.587023661417323
20
-4.819780275590551
11
5.5867141338582673
21
-4.8197187007874014
0
LINE
8
BLACK
6
CONTINUOUS
10
5.5867141338582673
20
-4.8197187007874014
11
5.5864011417322832
21
-4.8196792519685037
0
LINE
8
BLACK
6
CONTINUOUS
10
5.5864011417322832
20
-4.8196792519685037
11
5.5807768897637793
21
-4.8178044881889761
0
LINE
8
BLACK
6
CONTINUOUS
10
5.5807768897637793
20
-4.8178044881889761
11
5.5806912598425198
21
-4.8177556692913388
0
LINE
8
BLACK
6
CONTINUOUS
10
5.5806912598425198
20
-4.8177556692913388
11
5.580646062992126
21
-4.8177556692913388
0
LINE
8
BLACK
6
CONTINUOUS
10
5.580646062992126
20
-4.8177556692913388
11
5.580383818897638
21
-4.8175804330708658
0
LINE
8
BLACK
6
CONTINUOUS
10
5.580383818897638
20
-4.8175804330708658
11
5.5801096062992128
21
-4.8174241338582675
0
LINE
8
BLACK
6
CONTINUOUS
10
5.5801096062992128
20
-4.8174241338582675
11
5.5800893700787402
21
-4.8173836614173231
0
LINE
8
BLACK
6
CONTINUOUS
10
5.5800893700787402
20
-4.8173836614173231
11
5.5800074409448817
21
-4.8173289370078738
0
LINE
8
BLACK
6
CONTINUOUS
10
5.5800074409448817
20
-4.8173289370078738
11
5.5762578740157478
21
-4.8135793700787399
0
LINE
8
BLACK
6
CONTINUOUS
10
5.5762578740157478
20
-4.8135793700787399
11
5.5760824803149607
21
-4.8133168897637795
0
LINE
8
BLACK
6
CONTINUOUS
10
5.5760824803149607
20
-4.8133168897637795
11
5.5758891338582677
21
-4.8130677559055117
0
LINE
8
BLACK
6
CONTINUOUS
10
5.5758891338582677
20
-4.8130677559055117
11
5.5740144094488189
21
-4.8093182677165354
0
LINE
8
BLACK
6
CONTINUOUS
10
5.5740144094488189
20
-4.8093182677165354
11
5.5739574409448815
21
-4.8091103149606296
0
LINE
8
BLACK
6
CONTINUOUS
10
5.5739574409448815
20
-4.8091103149606296
11
5.5738653543307084
21
-4.8089153543307086
0
LINE
8
BLACK
6
CONTINUOUS
10
5.5738653543307084
20
-4.8089153543307086
11
5.5719905905511808
21
-4.8014162992125984
0
LINE
8
BLACK
6
CONTINUOUS
10
5.5719905905511808
20
-4.8014162992125984
11
5.5719788582677161
21
-4.801175433070866
0
LINE
8
BLACK
6
CONTINUOUS
10
5.5719788582677161
20
-4.801175433070866
11
5.5719318110236218
21
-4.8009388582677168
0
LINE
8
BLACK
6
CONTINUOUS
10
5.5719318110236218
20
-4.8009388582677168
11
5.5719318110236218
21
-4.7953145669291342
0
LINE
8
BLACK
6
CONTINUOUS
10
5.5719318110236218
20
-4.7953145669291342
11
5.5719788582677161
21
-4.7950779527559053
0
LINE
8
BLACK
6
CONTINUOUS
10
5.5719788582677161
20
-4.7950779527559053
11
5.5719905905511808
21
-4.7948371259842517
0
LINE
8
BLACK
6
CONTINUOUS
10
5.5719905905511808
20
-4.7948371259842517
11
5.5738653543307084
21
-4.7873380708661415
0
LINE
8
BLACK
6
CONTINUOUS
10
5.5738653543307084
20
-4.7873380708661415
11
5.5739574409448815
21
-4.7871430708661418
0
LINE
8
BLACK
6
CONTINUOUS
10
5.5739574409448815
20
-4.7871430708661418
11
5.5740144094488189
21
-4.7869351574803147
0
LINE
8
BLACK
6
CONTINUOUS
10
5.5740144094488189
20
-4.7869351574803147
11
5.5758891338582677
21
-4.7831856692913384
0
LINE
8
BLACK
6
CONTINUOUS
10
5.5758891338582677
20
-4.7831856692913384
11
5.5760826377952757
21
-4.7829362992125981
0
LINE
8
BLACK
6
CONTINUOUS
10
5.5760826377952757
20
-4.7829362992125981
11
5.5762579133858265
21
-4.7826740551181102
0
LINE
8
BLACK
6
CONTINUOUS
10
5.5762579133858265
20
-4.7826740551181102
11
5.5800074409448817
21
-4.7789245275590551
0
LINE
8
BLACK
6
CONTINUOUS
10
5.5800074409448817
20
-4.7789245275590551
11
5.5800893700787402
21
-4.7788697637795279
0
LINE
8
BLACK
6
CONTINUOUS
10
5.5800893700787402
20
-4.7788697637795279
11
5.5801096062992128
21
-4.7788293307086613
0
LINE
8
BLACK
6
CONTINUOUS
10
5.5801096062992128
20
-4.7788293307086613
11
5.580383818897638
21
-4.7786729921259843
0
LINE
8
BLACK
6
CONTINUOUS
10
5.580383818897638
20
-4.7786729921259843
11
5.580646062992126
21
-4.77849779527559
0
LINE
8
BLACK
6
CONTINUOUS
10
5.580646062992126
20
-4.77849779527559
11
5.5806912598425198
21
-4.77849779527559
0
LINE
8
BLACK
6
CONTINUOUS
10
5.5806912598425198
20
-4.77849779527559
11
5.5807768897637793
21
-4.7784489763779527
0
LINE
8
BLACK
6
CONTINUOUS
10
5.5807768897637793
20
-4.7784489763779527
11
5.5864011417322832
21
-4.7765742125984252
0
LINE
8
BLACK
6
CONTINUOUS
10
5.5864011417322832
20
-4.7765742125984252
11
5.5867141338582673
21
-4.7765347244094487
0
LINE
8
BLACK
6
CONTINUOUS
10
5.5867141338582673
20
-4.7765347244094487
11
5.587023661417323
21
-4.7764731889763778
0
LINE
8
BLACK
6
CONTINUOUS
10
5.587023661417323
20
-4.7764731889763778
11
5.5963974803149608
21
-4.7764731889763778
0
LINE
8
BLACK
6
CONTINUOUS
10
5.5963974803149608
20
-4.7764731889763778
11
5.5971507874015742
21
-4.7766230314960625
0
LINE
8
BLACK
6
CONTINUOUS
10
5.5824626771653545
20
-4.7820369685039372
11
5.5792676771653538
21
-4.7852320078740158
0
LINE
8
BLACK
6
CONTINUOUS
10
5.5792676771653538
20
-4.7852320078740158
11
5.5776324015748031
21
-4.788502559055118
0
LINE
8
BLACK
6
CONTINUOUS
10
5.5776324015748031
20
-4.788502559055118
11
5.5758688188976375
21
-4.7955568897637795
0
LINE
8
BLACK
6
CONTINUOUS
10
5.5758688188976375
20
-4.7955568897637795
11
5.5758688188976375
21
-4.8006965354330706
0
LINE
8
BLACK
6
CONTINUOUS
10
5.5758688188976375
20
-4.8006965354330706
11
5.5776324015748031
21
-4.8077508661417321
0
LINE
8
BLACK
6
CONTINUOUS
10
5.5776324015748031
20
-4.8077508661417321
11
5.5792676377952759
21
-4.8110213385826768
0
LINE
8
BLACK
6
CONTINUOUS
10
5.5792676377952759
20
-4.8110213385826768
11
5.582462755905512
21
-4.8142164960629916
0
LINE
8
BLACK
6
CONTINUOUS
10
5.582462755905512
20
-4.8142164960629916
11
5.587343070866142
21
-4.8158432677165353
0
LINE
8
BLACK
6
CONTINUOUS
10
5.587343070866142
20
-4.8158432677165353
11
5.5944289763779524
21
-4.8158432677165353
0
LINE
8
BLACK
6
CONTINUOUS
10
5.5944289763779524
20
-4.8158432677165353
11
5.5944289763779524
21
-4.7804101968503936
0
LINE
8
BLACK
6
CONTINUOUS
10
5.5944289763779524
20
-4.7804101968503936
11
5.587343070866142
21
-4.7804101968503936
0
LINE
8
BLACK
6
CONTINUOUS
10
5.587343070866142
20
-4.7804101968503936
11
5.5824626771653545
21
-4.7820369685039372
0
LINE
8
BLACK
6
CONTINUOUS
10
5.6660733464566926
20
-4.7765347244094487
11
5.666386299212598
21
-4.7765742125984252
0
LINE
8
BLACK
6
CONTINUOUS
10
5.666386299212598
20
-4.7765742125984252
11
5.6720105905511806
21
-4.7784489763779527
0
LINE
8
BLACK
6
CONTINUOUS
10
5.6720105905511806
20
-4.7784489763779527
11
5.672096220472441
21
-4.77849779527559
0
LINE
8
BLACK
6
CONTINUOUS
10
5.672096220472441
20
-4.77849779527559
11
5.6721414173228348
21
-4.77849779527559
0
LINE
8
BLACK
6
CONTINUOUS
10
5.6721414173228348
20
-4.77849779527559
11
5.672403779527559
21
-4.7786731102362205
0
LINE
8
BLACK
6
CONTINUOUS
10
5.672403779527559
20
-4.7786731102362205
11
5.6726778346456692
21
-4.7788293307086613
0
LINE
8
BLACK
6
CONTINUOUS
10
5.6726778346456692
20
-4.7788293307086613
11
5.6726980314960631
21
-4.7788697244094491
0
LINE
8
BLACK
6
CONTINUOUS
10
5.6726980314960631
20
-4.7788697244094491
11
5.6727800393700782
21
-4.7789245275590551
0
LINE
8
BLACK
6
CONTINUOUS
10
5.6727800393700782
20
-4.7789245275590551
11
5.6765295669291334
21
-4.7826740551181102
0
LINE
8
BLACK
6
CONTINUOUS
10
5.6765295669291334
20
-4.7826740551181102
11
5.6767047637795276
21
-4.7829362204724406
0
LINE
8
BLACK
6
CONTINUOUS
10
5.6767047637795276
20
-4.7829362204724406
11
5.6768983070866144
21
-4.7831856299212596
0
LINE
8
BLACK
6
CONTINUOUS
10
5.6768983070866144
20
-4.7831856299212596
11
5.6787730708661419
21
-4.7869351574803147
0
LINE
8
BLACK
6
CONTINUOUS
10
5.6787730708661419
20
-4.7869351574803147
11
5.6788299999999996
21
-4.7871430708661418
0
LINE
8
BLACK
6
CONTINUOUS
10
5.6788299999999996
20
-4.7871430708661418
11
5.6789221259842515
21
-4.7873380708661415
0
LINE
8
BLACK
6
CONTINUOUS
10
5.6789221259842515
20
-4.7873380708661415
11
5.6807968897637791
21
-4.7948371259842517
0
LINE
8
BLACK
6
CONTINUOUS
10
5.6807968897637791
20
-4.7948371259842517
11
5.680808582677165
21
-4.7950779527559053
0
LINE
8
BLACK
6
CONTINUOUS
10
5.680808582677165
20
-4.7950779527559053
11
5.6808556692913381
21
-4.7953145669291342
0
LINE
8
BLACK
6
CONTINUOUS
10
5.6808556692913381
20
-4.7953145669291342
11
5.6808556692913381
21
-4.8009388582677168
0
LINE
8
BLACK
6
CONTINUOUS
10
5.6808556692913381
20
-4.8009388582677168
11
5.680808582677165
21
-4.801175433070866
0
LINE
8
BLACK
6
CONTINUOUS
10
5.680808582677165
20
-4.801175433070866
11
5.6807968897637791
21
-4.8014162992125984
0
LINE
8
BLACK
6
CONTINUOUS
10
5.6807968897637791
20
-4.8014162992125984
11
5.6789221259842515
21
-4.8089153543307086
0
LINE
8
BLACK
6
CONTINUOUS
10
5.6789221259842515
20
-4.8089153543307086
11
5.6788299999999996
21
-4.8091103149606296
0
LINE
8
BLACK
6
CONTINUOUS
10
5.6788299999999996
20
-4.8091103149606296
11
5.6787730708661419
21
-4.8093182677165354
0
LINE
8
BLACK
6
CONTINUOUS
10
5.6787730708661419
20
-4.8093182677165354
11
5.6768983070866144
21
-4.8130677952755905
0
LINE
8
BLACK
6
CONTINUOUS
10
5.6768983070866144
20
-4.8130677952755905
11
5.6767049212598426
21
-4.8133169291338582
0
LINE
8
BLACK
6
CONTINUOUS
10
5.6767049212598426
20
-4.8133169291338582
11
5.6765296062992121
21
-4.8135793700787399
0
LINE
8
BLACK
6
CONTINUOUS
10
5.6765296062992121
20
-4.8135793700787399
11
5.672780078740157
21
-4.8173289370078738
0
LINE
8
BLACK
6
CONTINUOUS
10
5.672780078740157
20
-4.8173289370078738
11
5.6726979921259844
21
-4.8173837401574806
0
LINE
8
BLACK
6
CONTINUOUS
10
5.6726979921259844
20
-4.8173837401574806
11
5.6726778346456692
21
-4.8174241338582675
0
LINE
8
BLACK
6
CONTINUOUS
10
5.6726778346456692
20
-4.8174241338582675
11
5.6724040551181103
21
-4.8175801574803145
0
LINE
8
BLACK
6
CONTINUOUS
10
5.6724040551181103
20
-4.8175801574803145
11
5.6721414566929136
21
-4.8177556692913388
0
LINE
8
BLACK
6
CONTINUOUS
10
5.6721414566929136
20
-4.8177556692913388
11
5.672096220472441
21
-4.8177556692913388
0
LINE
8
BLACK
6
CONTINUOUS
10
5.672096220472441
20
-4.8177556692913388
11
5.6720105905511806
21
-4.8178044881889761
0
LINE
8
BLACK
6
CONTINUOUS
10
5.6720105905511806
20
-4.8178044881889761
11
5.666386299212598
21
-4.8196792519685037
0
LINE
8
BLACK
6
CONTINUOUS
10
5.666386299212598
20
-4.8196792519685037
11
5.6660733464566926
21
-4.8197187007874014
0
LINE
8
BLACK
6
CONTINUOUS
10
5.6660733464566926
20
-4.8197187007874014
11
5.6657638188976378
21
-4.819780275590551
0
LINE
8
BLACK
6
CONTINUOUS
10
5.6657638188976378
20
-4.819780275590551
11
5.6620142913385827
21
-4.819780275590551
0
LINE
8
BLACK
6
CONTINUOUS
10
5.6620142913385827
20
-4.819780275590551
11
5.661704763779527
21
-4.8197187007874014
0
LINE
8
BLACK
6
CONTINUOUS
10
5.661704763779527
20
-4.8197187007874014
11
5.6613917716535429
21
-4.8196792519685037
0
LINE
8
BLACK
6
CONTINUOUS
10
5.6613917716535429
20
-4.8196792519685037
11
5.655767519685039
21
-4.8178044881889761
0
LINE
8
BLACK
6
CONTINUOUS
10
5.655767519685039
20
-4.8178044881889761
11
5.6556818897637795
21
-4.8177556692913388
0
LINE
8
BLACK
6
CONTINUOUS
10
5.6556818897637795
20
-4.8177556692913388
11
5.6556366535433069
21
-4.8177556692913388
0
LINE
8
BLACK
6
CONTINUOUS
10
5.6556366535433069
20
-4.8177556692913388
11
5.6553741732283465
21
-4.8175802755905508
0
LINE
8
BLACK
6
CONTINUOUS
10
5.6553741732283465
20
-4.8175802755905508
11
5.6551002362204725
21
-4.8174241338582675
0
LINE
8
BLACK
6
CONTINUOUS
10
5.6551002362204725
20
-4.8174241338582675
11
5.6550799999999999
21
-4.8173837007874019
0
LINE
8
BLACK
6
CONTINUOUS
10
5.6550799999999999
20
-4.8173837007874019
11
5.6549980314960626
21
-4.8173289370078738
0
LINE
8
BLACK
6
CONTINUOUS
10
5.6549980314960626
20
-4.8173289370078738
11
5.6531232677165351
21
-4.8154541338582675
0
LINE
8
BLACK
6
CONTINUOUS
10
5.6531232677165351
20
-4.8154541338582675
11
5.6526965748031497
21
-4.8148155118110232
0
LINE
8
BLACK
6
CONTINUOUS
10
5.6526965748031497
20
-4.8148155118110232
11
5.6525467322834642
21
-4.8140622047244097
0
LINE
8
BLACK
6
CONTINUOUS
10
5.6525467322834642
20
-4.8140622047244097
11
5.6525467322834642
21
-4.8009388582677168
0
LINE
8
BLACK
6
CONTINUOUS
10
5.6525467322834642
20
-4.8009388582677168
11
5.6526965748031497
21
-4.8001855511811025
0
LINE
8
BLACK
6
CONTINUOUS
10
5.6526965748031497
20
-4.8001855511811025
11
5.6537619291338581
21
-4.7991201968503931
0
LINE
8
BLACK
6
CONTINUOUS
10
5.6537619291338581
20
-4.7991201968503931
11
5.6545152362204725
21
-4.7989703543307085
0
LINE
8
BLACK
6
CONTINUOUS
10
5.6545152362204725
20
-4.7989703543307085
11
5.6620142913385827
21
-4.7989703543307085
0
LINE
8
BLACK
6
CONTINUOUS
10
5.6620142913385827
20
-4.7989703543307085
11
5.6627675984251971
21
-4.7991201968503931
0
LINE
8
BLACK
6
CONTINUOUS
10
5.6627675984251971
20
-4.7991201968503931
11
5.6638329527559055
21
-4.8001855511811025
0
LINE
8
BLACK
6
CONTINUOUS
10
5.6638329527559055
20
-4.8001855511811025
11
5.6638329527559055
21
-4.8016921653543303
0
LINE
8
BLACK
6
CONTINUOUS
10
5.6638329527559055
20
-4.8016921653543303
11
5.6627675984251971
21
-4.8027575196850396
0
LINE
8
BLACK
6
CONTINUOUS
10
5.6627675984251971
20
-4.8027575196850396
11
5.6620142913385827
21
-4.8029073622047243
0
LINE
8
BLACK
6
CONTINUOUS
10
5.6620142913385827
20
-4.8029073622047243
11
5.6564837401574799
21
-4.8029073622047243
0
LINE
8
BLACK
6
CONTINUOUS
10
5.6564837401574799
20
-4.8029073622047243
11
5.6564837401574799
21
-4.813246811023622
0
LINE
8
BLACK
6
CONTINUOUS
10
5.6564837401574799
20
-4.813246811023622
11
5.6574533858267717
21
-4.8142164960629916
0
LINE
8
BLACK
6
CONTINUOUS
10
5.6574533858267717
20
-4.8142164960629916
11
5.6623337007874017
21
-4.8158432677165353
0
LINE
8
BLACK
6
CONTINUOUS
10
5.6623337007874017
20
-4.8158432677165353
11
5.6654444094488188
21
-4.8158432677165353
0
LINE
8
BLACK
6
CONTINUOUS
10
5.6654444094488188
20
-4.8158432677165353
11
5.6703247244094488
21
-4.8142164566929129
0
LINE
8
BLACK
6
CONTINUOUS
10
5.6703247244094488
20
-4.8142164566929129
11
5.6735197637795274
21
-4.8110214173228343
0
LINE
8
BLACK
6
CONTINUOUS
10
5.6735197637795274
20
-4.8110214173228343
11
5.6751550787401577
21
-4.8077507874015746
0
LINE
8
BLACK
6
CONTINUOUS
10
5.6751550787401577
20
-4.8077507874015746
11
5.6769186614173224
21
-4.8006965354330706
0
LINE
8
BLACK
6
CONTINUOUS
10
5.6769186614173224
20
-4.8006965354330706
11
5.6769186614173224
21
-4.7955568897637795
0
LINE
8
BLACK
6
CONTINUOUS
10
5.6769186614173224
20
-4.7955568897637795
11
5.6751550787401577
21
-4.7885025984251968
0
LINE
8
BLACK
6
CONTINUOUS
10
5.6751550787401577
20
-4.7885025984251968
11
5.6735197637795274
21
-4.7852319685039371
0
LINE
8
BLACK
6
CONTINUOUS
10
5.6735197637795274
20
-4.7852319685039371
11
5.6703247637795275
21
-4.7820369685039372
0
LINE
8
BLACK
6
CONTINUOUS
10
5.6703247637795275
20
-4.7820369685039372
11
5.6654444094488188
21
-4.7804101968503936
0
LINE
8
BLACK
6
CONTINUOUS
10
5.6654444094488188
20
-4.7804101968503936
11
5.660604251968504
21
-4.7804101968503936
0
LINE
8
BLACK
6
CONTINUOUS
10
5.660604251968504
20
-4.7804101968503936
11
5.6572703543307084
21
-4.7820771259842516
0
LINE
8
BLACK
6
CONTINUOUS
10
5.6572703543307084
20
-4.7820771259842516
11
5.6565295669291338
21
-4.7822800000000001
0
LINE
8
BLACK
6
CONTINUOUS
10
5.6565295669291338
20
-4.7822800000000001
11
5.6551002362204725
21
-4.7818035826771652
0
LINE
8
BLACK
6
CONTINUOUS
10
5.6551002362204725
20
-4.7818035826771652
11
5.6544264566929137
21
-4.7804560236220475
0
LINE
8
BLACK
6
CONTINUOUS
10
5.6544264566929137
20
-4.7804560236220475
11
5.6549028740157476
21
-4.7790266929133853
0
LINE
8
BLACK
6
CONTINUOUS
10
5.6549028740157476
20
-4.7790266929133853
11
5.6555096456692908
21
-4.7785557874015749
0
LINE
8
BLACK
6
CONTINUOUS
10
5.6555096456692908
20
-4.7785557874015749
11
5.6592591732283459
21
-4.7766810236220474
0
LINE
8
BLACK
6
CONTINUOUS
10
5.6592591732283459
20
-4.7766810236220474
11
5.6593542519685034
21
-4.7766549606299211
0
LINE
8
BLACK
6
CONTINUOUS
10
5.6593542519685034
20
-4.7766549606299211
11
5.6593862204724408
21
-4.7766230314960625
0
LINE
8
BLACK
6
CONTINUOUS
10
5.6593862204724408
20
-4.7766230314960625
11
5.6596957086614168
21
-4.7765614566929129
0
LINE
8
BLACK
6
CONTINUOUS
10
5.6596957086614168
20
-4.7765614566929129
11
5.6599999606299214
21
-4.7764781496062989
0
LINE
8
BLACK
6
CONTINUOUS
10
5.6599999606299214
20
-4.7764781496062989
11
5.6600427952755901
21
-4.7764924015748029
0
LINE
8
BLACK
6
CONTINUOUS
10
5.6600427952755901
20
-4.7764924015748029
11
5.6601395275590551
21
-4.7764731889763778
0
LINE
8
BLACK
6
CONTINUOUS
10
5.6601395275590551
20
-4.7764731889763778
11
5.6657638188976378
21
-4.7764731889763778
0
LINE
8
BLACK
6
CONTINUOUS
10
5.6657638188976378
20
-4.7764731889763778
11
5.6660733464566926
21
-4.7765347244094487
0
LINE
8
BLACK
6
CONTINUOUS
10
5.2641095669291333
20
-4.7766230314960625
11
5.2643798818897638
21
-4.7766230314960625
0
LINE
8
BLACK
6
CONTINUOUS
10
5.2643798818897638
20
-4.7766230314960625
11
5.2647402362204723
21
-4.7769833858267718
0
LINE
8
BLACK
6
CONTINUOUS
10
5.2647402362204723
20
-4.7769833858267718
11
5.2651829527559055
21
-4.7772363779527556
0
LINE
8
BLACK
6
CONTINUOUS
10
5.2651829527559055
20
-4.7772363779527556
11
5.2652540944881885
21
-4.7774972440944881
0
LINE
8
BLACK
6
CONTINUOUS
10
5.2652540944881885
20
-4.7774972440944881
11
5.2654452362204722
21
-4.7776883858267718
0
LINE
8
BLACK
6
CONTINUOUS
10
5.2654452362204722
20
-4.7776883858267718
11
5.2655950787401578
21
-4.7784416929133853
0
LINE
8
BLACK
6
CONTINUOUS
10
5.2655950787401578
20
-4.7784416929133853
11
5.2655950787401578
21
-4.8178117716535436
0
LINE
8
BLACK
6
CONTINUOUS
10
5.2655950787401578
20
-4.8178117716535436
11
5.2654452362204722
21
-4.818565078740157
0
LINE
8
BLACK
6
CONTINUOUS
10
5.2654452362204722
20
-4.818565078740157
11
5.2643798818897638
21
-4.8196304330708664
0
LINE
8
BLACK
6
CONTINUOUS
10
5.2643798818897638
20
-4.8196304330708664
11
5.2628732677165351
21
-4.8196304330708664
0
LINE
8
BLACK
6
CONTINUOUS
10
5.2628732677165351
20
-4.8196304330708664
11
5.2618079133858267
21
-4.818565078740157
0
LINE
8
BLACK
6
CONTINUOUS
10
5.2618079133858267
20
-4.818565078740157
11
5.261658070866142
21
-4.8178117716535436
0
LINE
8
BLACK
6
CONTINUOUS
10
5.261658070866142
20
-4.8178117716535436
11
5.261658070866142
21
-4.7858542125984247
0
LINE
8
BLACK
6
CONTINUOUS
10
5.261658070866142
20
-4.7858542125984247
11
5.2428385433070863
21
-4.8187884251968507
0
LINE
8
BLACK
6
CONTINUOUS
10
5.2428385433070863
20
-4.8187884251968507
11
5.2423347244094485
21
-4.8193681496062988
0
LINE
8
BLACK
6
CONTINUOUS
10
5.2423347244094485
20
-4.8193681496062988
11
5.2420738188976372
21
-4.8194392913385826
0
LINE
8
BLACK
6
CONTINUOUS
10
5.2420738188976372
20
-4.8194392913385826
11
5.2418827165354331
21
-4.8196304330708664
0
LINE
8
BLACK
6
CONTINUOUS
10
5.2418827165354331
20
-4.8196304330708664
11
5.2413729921259842
21
-4.8196304330708664
0
LINE
8
BLACK
6
CONTINUOUS
10
5.2413729921259842
20
-4.8196304330708664
11
5.2408811417322836
21
-4.819764566929134
0
LINE
8
BLACK
6
CONTINUOUS
10
5.2408811417322836
20
-4.819764566929134
11
5.2406464173228349
21
-4.8196304330708664
0
LINE
8
BLACK
6
CONTINUOUS
10
5.2406464173228349
20
-4.8196304330708664
11
5.2403761023622044
21
-4.8196304330708664
0
LINE
8
BLACK
6
CONTINUOUS
10
5.2403761023622044
20
-4.8196304330708664
11
5.2400157086614172
21
-4.8192700393700783
0
LINE
8
BLACK
6
CONTINUOUS
10
5.2400157086614172
20
-4.8192700393700783
11
5.2395730314960627
21
-4.8190170866141733
0
LINE
8
BLACK
6
CONTINUOUS
10
5.2395730314960627
20
-4.8190170866141733
11
5.239501850393701
21
-4.818756181102362
0
LINE
8
BLACK
6
CONTINUOUS
10
5.239501850393701
20
-4.818756181102362
11
5.239310748031496
21
-4.818565078740157
0
LINE
8
BLACK
6
CONTINUOUS
10
5.239310748031496
20
-4.818565078740157
11
5.2391609055118105
21
-4.8178117716535436
0
LINE
8
BLACK
6
CONTINUOUS
10
5.2391609055118105
20
-4.8178117716535436
11
5.2391609055118105
21
-4.7784416929133853
0
LINE
8
BLACK
6
CONTINUOUS
10
5.2391609055118105
20
-4.7784416929133853
11
5.239310748031496
21
-4.7776883858267718
0
LINE
8
BLACK
6
CONTINUOUS
10
5.239310748031496
20
-4.7776883858267718
11
5.2403761023622044
21
-4.7766230314960625
0
LINE
8
BLACK
6
CONTINUOUS
10
5.2403761023622044
20
-4.7766230314960625
11
5.2418827165354331
21
-4.7766230314960625
0
LINE
8
BLACK
6
CONTINUOUS
10
5.2418827165354331
20
-4.7766230314960625
11
5.2429480708661416
21
-4.7776883858267718
0
LINE
8
BLACK
6
CONTINUOUS
10
5.2429480708661416
20
-4.7776883858267718
11
5.2430979133858271
21
-4.7784416929133853
0
LINE
8
BLACK
6
CONTINUOUS
10
5.2430979133858271
20
-4.7784416929133853
11
5.2430979133858271
21
-4.8103992125984254
0
LINE
8
BLACK
6
CONTINUOUS
10
5.2430979133858271
20
-4.8103992125984254
11
5.2619174409448819
21
-4.777465039370079
0
LINE
8
BLACK
6
CONTINUOUS
10
5.2619174409448819
20
-4.777465039370079
11
5.2624212992125985
21
-4.7768853149606301
0
LINE
8
BLACK
6
CONTINUOUS
10
5.2624212992125985
20
-4.7768853149606301
11
5.2626820866141735
21
-4.7768141732283462
0
LINE
8
BLACK
6
CONTINUOUS
10
5.2626820866141735
20
-4.7768141732283462
11
5.2628732677165351
21
-4.7766230314960625
0
LINE
8
BLACK
6
CONTINUOUS
10
5.2628732677165351
20
-4.7766230314960625
11
5.2633830314960628
21
-4.7766230314960625
0
LINE
8
BLACK
6
CONTINUOUS
10
5.2633830314960628
20
-4.7766230314960625
11
5.2638748425196846
21
-4.7764888976377948
0
LINE
8
BLACK
6
CONTINUOUS
10
5.2638748425196846
20
-4.7764888976377948
11
5.2641095669291333
21
-4.7766230314960625
0
LINE
8
BLACK
6
CONTINUOUS
10
5.6381253149606296
20
-4.7766230314960625
11
5.6383956299212601
21
-4.7766230314960625
0
LINE
8
BLACK
6
CONTINUOUS
10
5.6383956299212601
20
-4.7766230314960625
11
5.6387559842519686
21
-4.7769833858267718
0
LINE
8
BLACK
6
CONTINUOUS
10
5.6387559842519686
20
-4.7769833858267718
11
5.6391987007874018
21
-4.7772363779527556
0
LINE
8
BLACK
6
CONTINUOUS
10
5.6391987007874018
20
-4.7772363779527556
11
5.6392698425196848
21
-4.7774972440944881
0
LINE
8
BLACK
6
CONTINUOUS
10
5.6392698425196848
20
-4.7774972440944881
11
5.6394609842519685
21
-4.7776883858267718
0
LINE
8
BLACK
6
CONTINUOUS
10
5.6394609842519685
20
-4.7776883858267718
11
5.6396108267716532
21
-4.7784416929133853
0
LINE
8
BLACK
6
CONTINUOUS
10
5.6396108267716532
20
-4.7784416929133853
11
5.6396108267716532
21
-4.8178117716535436
0
LINE
8
BLACK
6
CONTINUOUS
10
5.6396108267716532
20
-4.8178117716535436
11
5.6394609842519685
21
-4.818565078740157
0
LINE
8
BLACK
6
CONTINUOUS
10
5.6394609842519685
20
-4.818565078740157
11
5.6383956299212601
21
-4.8196304330708664
0
LINE
8
BLACK
6
CONTINUOUS
10
5.6383956299212601
20
-4.8196304330708664
11
5.6368890157480314
21
-4.8196304330708664
0
LINE
8
BLACK
6
CONTINUOUS
10
5.6368890157480314
20
-4.8196304330708664
11
5.6358236614173229
21
-4.818565078740157
0
LINE
8
BLACK
6
CONTINUOUS
10
5.6358236614173229
20
-4.818565078740157
11
5.6356738188976374
21
-4.8178117716535436
0
LINE
8
BLACK
6
CONTINUOUS
10
5.6356738188976374
20
-4.8178117716535436
11
5.6356738188976374
21
-4.7858542125984247
0
LINE
8
BLACK
6
CONTINUOUS
10
5.6356738188976374
20
-4.7858542125984247
11
5.6168542913385826
21
-4.8187884251968507
0
LINE
8
BLACK
6
CONTINUOUS
10
5.6168542913385826
20
-4.8187884251968507
11
5.6163504724409448
21
-4.8193681496062988
0
LINE
8
BLACK
6
CONTINUOUS
10
5.6163504724409448
20
-4.8193681496062988
11
5.6160895669291335
21
-4.8194392913385826
0
LINE
8
BLACK
6
CONTINUOUS
10
5.6160895669291335
20
-4.8194392913385826
11
5.6158984645669294
21
-4.8196304330708664
0
LINE
8
BLACK
6
CONTINUOUS
10
5.6158984645669294
20
-4.8196304330708664
11
5.6153887401574805
21
-4.8196304330708664
0
LINE
8
BLACK
6
CONTINUOUS
10
5.6153887401574805
20
-4.8196304330708664
11
5.614896889763779
21
-4.819764566929134
0
LINE
8
BLACK
6
CONTINUOUS
10
5.614896889763779
20
-4.819764566929134
11
5.6146621653543303
21
-4.8196304330708664
0
LINE
8
BLACK
6
CONTINUOUS
10
5.6146621653543303
20
-4.8196304330708664
11
5.6143918503937007
21
-4.8196304330708664
0
LINE
8
BLACK
6
CONTINUOUS
10
5.6143918503937007
20
-4.8196304330708664
11
5.6140314566929135
21
-4.8192700393700783
0
LINE
8
BLACK
6
CONTINUOUS
10
5.6140314566929135
20
-4.8192700393700783
11
5.613588779527559
21
-4.8190170866141733
0
LINE
8
BLACK
6
CONTINUOUS
10
5.613588779527559
20
-4.8190170866141733
11
5.6135175984251964
21
-4.818756181102362
0
LINE
8
BLACK
6
CONTINUOUS
10
5.6135175984251964
20
-4.818756181102362
11
5.6133264960629923
21
-4.818565078740157
0
LINE
8
BLACK
6
CONTINUOUS
10
5.6133264960629923
20
-4.818565078740157
11
5.6131766535433067
21
-4.8178117716535436
0
LINE
8
BLACK
6
CONTINUOUS
10
5.6131766535433067
20
-4.8178117716535436
11
5.6131766535433067
21
-4.7784416929133853
0
LINE
8
BLACK
6
CONTINUOUS
10
5.6131766535433067
20
-4.7784416929133853
11
5.6133264960629923
21
-4.7776883858267718
0
LINE
8
BLACK
6
CONTINUOUS
10
5.6133264960629923
20
-4.7776883858267718
11
5.6143918503937007
21
-4.7766230314960625
0
LINE
8
BLACK
6
CONTINUOUS
10
5.6143918503937007
20
-4.7766230314960625
11
5.6158984645669294
21
-4.7766230314960625
0
LINE
8
BLACK
6
CONTINUOUS
10
5.6158984645669294
20
-4.7766230314960625
11
5.6169638188976379
21
-4.7776883858267718
0
LINE
8
BLACK
6
CONTINUOUS
10
5.6169638188976379
20
-4.7776883858267718
11
5.6171136614173225
21
-4.7784416929133853
0
LINE
8
BLACK
6
CONTINUOUS
10
5.6171136614173225
20
-4.7784416929133853
11
5.6171136614173225
21
-4.8103992125984254
0
LINE
8
BLACK
6
CONTINUOUS
10
5.6171136614173225
20
-4.8103992125984254
11
5.6359331889763782
21
-4.777465039370079
0
LINE
8
BLACK
6
CONTINUOUS
10
5.6359331889763782
20
-4.777465039370079
11
5.6364370472440948
21
-4.7768853149606301
0
LINE
8
BLACK
6
CONTINUOUS
10
5.6364370472440948
20
-4.7768853149606301
11
5.6366978346456689
21
-4.7768141732283462
0
LINE
8
BLACK
6
CONTINUOUS
10
5.6366978346456689
20
-4.7768141732283462
11
5.6368890157480314
21
-4.7766230314960625
0
LINE
8
BLACK
6
CONTINUOUS
10
5.6368890157480314
20
-4.7766230314960625
11
5.6373987795275591
21
-4.7766230314960625
0
LINE
8
BLACK
6
CONTINUOUS
10
5.6373987795275591
20
-4.7766230314960625
11
5.6378905905511809
21
-4.7764888976377948
0
LINE
8
BLACK
6
CONTINUOUS
10
5.6378905905511809
20
-4.7764888976377948
11
5.6381253149606296
21
-4.7766230314960625
0
LINE
8
BLACK
6
CONTINUOUS
10
5.4117977952755902
20
-4.601624409448819
11
5.4120870866141733
21
-4.601624409448819
0
LINE
8
BLACK
6
CONTINUOUS
10
5.4120870866141733
20
-4.601624409448819
11
5.4123571653543303
21
-4.6017362598425198
0
LINE
8
BLACK
6
CONTINUOUS
10
5.4123571653543303
20
-4.6017362598425198
11
5.4126438188976378
21
-4.6017936220472437
0
LINE
8
BLACK
6
CONTINUOUS
10
5.4126438188976378
20
-4.6017936220472437
11
5.4128841732283464
21
-4.601954566929134
0
LINE
8
BLACK
6
CONTINUOUS
10
5.4128841732283464
20
-4.601954566929134
11
5.4131514960629916
21
-4.6020653149606296
0
LINE
8
BLACK
6
CONTINUOUS
10
5.4131514960629916
20
-4.6020653149606296
11
5.4133581889763782
21
-4.6022720078740154
0
LINE
8
BLACK
6
CONTINUOUS
10
5.4133581889763782
20
-4.6022720078740154
11
5.4136011023622048
21
-4.6024346850393698
0
LINE
8
BLACK
6
CONTINUOUS
10
5.4136011023622048
20
-4.6024346850393698
11
5.4139640944881888
21
-4.6028779133858269
0
LINE
8
BLACK
6
CONTINUOUS
10
5.4139640944881888
20
-4.6028779133858269
11
5.4139661417322831
21
-4.6028799606299211
0
LINE
8
BLACK
6
CONTINUOUS
10
5.4139661417322831
20
-4.6028799606299211
11
5.4139664960629919
21
-4.6028808267716537
0
LINE
8
BLACK
6
CONTINUOUS
10
5.4139664960629919
20
-4.6028808267716537
11
5.4139678740157482
21
-4.6028825196850391
0
LINE
8
BLACK
6
CONTINUOUS
10
5.4139678740157482
20
-4.6028825196850391
11
5.4175551968503939
21
-4.6082635433070864
0
LINE
8
BLACK
6
CONTINUOUS
10
5.4175551968503939
20
-4.6082635433070864
11
5.4207591732283467
21
-4.6114675196850392
0
LINE
8
BLACK
6
CONTINUOUS
10
5.4207591732283467
20
-4.6114675196850392
11
5.4240801181102363
21
-4.6131279921259845
0
LINE
8
BLACK
6
CONTINUOUS
10
5.4240801181102363
20
-4.6131279921259845
11
5.4245700000000001
21
-4.6134363385826767
0
LINE
8
BLACK
6
CONTINUOUS
10
5.4245700000000001
20
-4.6134363385826767
11
5.4253248425196849
21
-4.6143067322834641
0
LINE
8
BLACK
6
CONTINUOUS
10
5.4253248425196849
20
-4.6143067322834641
11
5.4256891732283465
21
-4.6153996850393701
0
LINE
8
BLACK
6
CONTINUOUS
10
5.4256891732283465
20
-4.6153996850393701
11
5.4256075196850393
21
-4.6165488976377951
0
LINE
8
BLACK
6
CONTINUOUS
10
5.4256075196850393
20
-4.6165488976377951
11
5.425092244094488
21
-4.617579409448819
0
LINE
8
BLACK
6
CONTINUOUS
10
5.425092244094488
20
-4.617579409448819
11
5.4242218897637793
21
-4.6183342519685038
0
LINE
8
BLACK
6
CONTINUOUS
10
5.4242218897637793
20
-4.6183342519685038
11
5.4231288976377954
21
-4.6186985826771654
0
LINE
8
BLACK
6
CONTINUOUS
10
5.4231288976377954
20
-4.6186985826771654
11
5.4219796850393696
21
-4.6186169291338581
0
LINE
8
BLACK
6
CONTINUOUS
10
5.4219796850393696
20
-4.6186169291338581
11
5.4214390944881892
21
-4.6184100393700787
0
LINE
8
BLACK
6
CONTINUOUS
10
5.4214390944881892
20
-4.6184100393700787
11
5.4176895669291341
21
-4.6165352755905511
0
LINE
8
BLACK
6
CONTINUOUS
10
5.4176895669291341
20
-4.6165352755905511
11
5.4174417322834643
21
-4.6163792519685041
0
LINE
8
BLACK
6
CONTINUOUS
10
5.4174417322834643
20
-4.6163792519685041
11
5.4173696062992125
21
-4.6163494094488184
0
LINE
8
BLACK
6
CONTINUOUS
10
5.4173696062992125
20
-4.6163494094488184
11
5.4172884251968503
21
-4.6162827952755903
0
LINE
8
BLACK
6
CONTINUOUS
10
5.4172884251968503
20
-4.6162827952755903
11
5.4171996850393702
21
-4.616226929133858
0
LINE
8
BLACK
6
CONTINUOUS
10
5.4171996850393702
20
-4.616226929133858
11
5.4171485433070865
21
-4.6161679921259839
0
LINE
8
BLACK
6
CONTINUOUS
10
5.4171485433070865
20
-4.6161679921259839
11
5.4169221653543307
21
-4.6159821653543309
0
LINE
8
BLACK
6
CONTINUOUS
10
5.4169221653543307
20
-4.6159821653543309
11
5.4144637795275585
21
-4.6135237795275588
0
LINE
8
BLACK
6
CONTINUOUS
10
5.4144637795275585
20
-4.6135237795275588
11
5.4144637795275585
21
-4.6409377559055116
0
LINE
8
BLACK
6
CONTINUOUS
10
5.4144637795275585
20
-4.6409377559055116
11
5.4227596062992127
21
-4.6409377559055116
0
LINE
8
BLACK
6
CONTINUOUS
10
5.4227596062992127
20
-4.6409377559055116
11
5.4233356692913386
21
-4.6409944881889764
0
LINE
8
BLACK
6
CONTINUOUS
10
5.4233356692913386
20
-4.6409944881889764
11
5.4244000787401569
21
-4.6414353937007871
0
LINE
8
BLACK
6
CONTINUOUS
10
5.4244000787401569
20
-4.6414353937007871
11
5.4252147244094484
21
-4.6422500393700785
0
LINE
8
BLACK
6
CONTINUOUS
10
5.4252147244094484
20
-4.6422500393700785
11
5.4256556299212599
21
-4.6433144488188978
0
LINE
8
BLACK
6
CONTINUOUS
10
5.4256556299212599
20
-4.6433144488188978
11
5.4256556299212599
21
-4.6444665748031495
0
LINE
8
BLACK
6
CONTINUOUS
10
5.4256556299212599
20
-4.6444665748031495
11
5.4252147244094484
21
-4.6455309842519688
0
LINE
8
BLACK
6
CONTINUOUS
10
5.4252147244094484
20
-4.6455309842519688
11
5.4244000787401569
21
-4.6463456299212593
0
LINE
8
BLACK
6
CONTINUOUS
10
5.4244000787401569
20
-4.6463456299212593
11
5.4233356692913386
21
-4.6467865354330709
0
LINE
8
BLACK
6
CONTINUOUS
10
5.4233356692913386
20
-4.6467865354330709
11
5.4227596062992127
21
-4.6468432677165357
0
LINE
8
BLACK
6
CONTINUOUS
10
5.4227596062992127
20
-4.6468432677165357
11
5.4002624409448821
21
-4.6468432677165357
0
LINE
8
BLACK
6
CONTINUOUS
10
5.4002624409448821
20
-4.6468432677165357
11
5.3996863779527562
21
-4.6467865354330709
0
LINE
8
BLACK
6
CONTINUOUS
10
5.3996863779527562
20
-4.6467865354330709
11
5.3986219685039369
21
-4.6463456299212593
0
LINE
8
BLACK
6
CONTINUOUS
10
5.3986219685039369
20
-4.6463456299212593
11
5.3978073228346455
21
-4.6455309842519688
0
LINE
8
BLACK
6
CONTINUOUS
10
5.3978073228346455
20
-4.6455309842519688
11
5.3973664173228348
21
-4.6444665748031495
0
LINE
8
BLACK
6
CONTINUOUS
10
5.3973664173228348
20
-4.6444665748031495
11
5.3973664173228348
21
-4.6433144488188978
0
LINE
8
BLACK
6
CONTINUOUS
10
5.3973664173228348
20
-4.6433144488188978
11
5.3978073228346455
21
-4.6422500393700785
0
LINE
8
BLACK
6
CONTINUOUS
10
5.3978073228346455
20
-4.6422500393700785
11
5.3986219685039369
21
-4.6414353937007871
0
LINE
8
BLACK
6
CONTINUOUS
10
5.3986219685039369
20
-4.6414353937007871
11
5.3996863779527562
21
-4.6409944881889764
0
LINE
8
BLACK
6
CONTINUOUS
10
5.3996863779527562
20
-4.6409944881889764
11
5.4002624409448821
21
-4.6409377559055116
0
LINE
8
BLACK
6
CONTINUOUS
10
5.4002624409448821
20
-4.6409377559055116
11
5.4085582677165354
21
-4.6409377559055116
0
LINE
8
BLACK
6
CONTINUOUS
10
5.4085582677165354
20
-4.6409377559055116
11
5.4085582677165354
21
-4.6045204330708662
0
LINE
8
BLACK
6
CONTINUOUS
10
5.4085582677165354
20
-4.6045204330708662
11
5.4085584645669291
21
-4.6045183464566932
0
LINE
8
BLACK
6
CONTINUOUS
10
5.4085584645669291
20
-4.6045183464566932
11
5.4085582677165354
21
-4.6045173228346457
0
LINE
8
BLACK
6
CONTINUOUS
10
5.4085582677165354
20
-4.6045173228346457
11
5.4085588582677167
21
-4.6045142913385826
0
LINE
8
BLACK
6
CONTINUOUS
10
5.4085588582677167
20
-4.6045142913385826
11
5.4086150000000002
21
-4.6039443700787404
0
LINE
8
BLACK
6
CONTINUOUS
10
5.4086150000000002
20
-4.6039443700787404
11
5.4087268503937009
21
-4.6036742519685037
0
LINE
8
BLACK
6
CONTINUOUS
10
5.4087268503937009
20
-4.6036742519685037
11
5.4087842125984249
21
-4.6033876377952758
0
LINE
8
BLACK
6
CONTINUOUS
10
5.4087842125984249
20
-4.6033876377952758
11
5.4089451574803151
21
-4.6031472440944885
0
LINE
8
BLACK
6
CONTINUOUS
10
5.4089451574803151
20
-4.6031472440944885
11
5.4090559055118108
21
-4.6028799606299211
0
LINE
8
BLACK
6
CONTINUOUS
10
5.4090559055118108
20
-4.6028799606299211
11
5.4092625984251965
21
-4.6026732283464566
0
LINE
8
BLACK
6
CONTINUOUS
10
5.4092625984251965
20
-4.6026732283464566
11
5.409425275590551
21
-4.6024303543307088
0
LINE
8
BLACK
6
CONTINUOUS
10
5.409425275590551
20
-4.6024303543307088
11
5.4096659842519683
21
-4.6022698425196849
0
LINE
8
BLACK
6
CONTINUOUS
10
5.4096659842519683
20
-4.6022698425196849
11
5.4098705511811023
21
-4.6020653149606296
0
LINE
8
BLACK
6
CONTINUOUS
10
5.4098705511811023
20
-4.6020653149606296
11
5.4101406299212593
21
-4.6019534251968501
0
LINE
8
BLACK
6
CONTINUOUS
10
5.4101406299212593
20
-4.6019534251968501
11
5.4103838976377956
21
-4.6017912598425195
0
LINE
8
BLACK
6
CONTINUOUS
10
5.4103838976377956
20
-4.6017912598425195
11
5.4106676771653541
21
-4.6017351181102359
0
LINE
8
BLACK
6
CONTINUOUS
10
5.4106676771653541
20
-4.6017351181102359
11
5.4109349606299215
21
-4.601624409448819
0
LINE
8
BLACK
6
CONTINUOUS
10
5.4109349606299215
20
-4.601624409448819
11
5.4112273622047242
21
-4.601624409448819
0
LINE
8
BLACK
6
CONTINUOUS
10
5.4112273622047242
20
-4.601624409448819
11
5.411514133858268
21
-4.6015676771653542
0
LINE
8
BLACK
6
CONTINUOUS
10
5.411514133858268
20
-4.6015676771653542
11
5.4117977952755902
21
-4.601624409448819
0
LINE
8
BLACK
6
CONTINUOUS
10
5.4983262992125983
20
-4.601624409448819
11
5.4984242913385826
21
-4.6016649999999997
0
LINE
8
BLACK
6
CONTINUOUS
10
5.4984242913385826
20
-4.6016649999999997
11
5.498530118110236
21
-4.6016725196850397
0
LINE
8
BLACK
6
CONTINUOUS
10
5.498530118110236
20
-4.6016725196850397
11
5.499070748031496
21
-4.6018794094488191
0
LINE
8
BLACK
6
CONTINUOUS
10
5.499070748031496
20
-4.6018794094488191
11
5.5028202755905511
21
-4.6037541732283467
0
LINE
8
BLACK
6
CONTINUOUS
10
5.5028202755905511
20
-4.6037541732283467
11
5.503068267716535
21
-4.6039102362204725
0
LINE
8
BLACK
6
CONTINUOUS
10
5.503068267716535
20
-4.6039102362204725
11
5.5031402362204727
21
-4.6039400787401572
0
LINE
8
BLACK
6
CONTINUOUS
10
5.5031402362204727
20
-4.6039400787401572
11
5.5032211811023624
21
-4.6040065354330704
0
LINE
8
BLACK
6
CONTINUOUS
10
5.5032211811023624
20
-4.6040065354330704
11
5.5033101574803149
21
-4.6040625196850389
0
LINE
8
BLACK
6
CONTINUOUS
10
5.5033101574803149
20
-4.6040625196850389
11
5.5033612992125986
21
-4.6041214960629917
0
LINE
8
BLACK
6
CONTINUOUS
10
5.5033612992125986
20
-4.6041214960629917
11
5.5035876771653545
21
-4.6043072834645669
0
LINE
8
BLACK
6
CONTINUOUS
10
5.5035876771653545
20
-4.6043072834645669
11
5.505462440944882
21
-4.6061820472440944
0
LINE
8
BLACK
6
CONTINUOUS
10
5.505462440944882
20
-4.6061820472440944
11
5.5056481889763775
21
-4.6064083858267715
0
LINE
8
BLACK
6
CONTINUOUS
10
5.5056481889763775
20
-4.6064083858267715
11
5.5057072047244091
21
-4.6064595669291339
0
LINE
8
BLACK
6
CONTINUOUS
10
5.5057072047244091
20
-4.6064595669291339
11
5.5057631496062989
21
-4.6065485039370078
0
LINE
8
BLACK
6
CONTINUOUS
10
5.5057631496062989
20
-4.6065485039370078
11
5.5058296456692908
21
-4.6066294881889762
0
LINE
8
BLACK
6
CONTINUOUS
10
5.5058296456692908
20
-4.6066294881889762
11
5.5058594488188977
21
-4.6067014173228342
0
LINE
8
BLACK
6
CONTINUOUS
10
5.5058594488188977
20
-4.6067014173228342
11
5.5060155511811022
21
-4.6069494488188978
0
LINE
8
BLACK
6
CONTINUOUS
10
5.5060155511811022
20
-4.6069494488188978
11
5.5078903149606298
21
-4.6106989763779529
0
LINE
8
BLACK
6
CONTINUOUS
10
5.5078903149606298
20
-4.6106989763779529
11
5.5080972047244092
21
-4.6112395669291342
0
LINE
8
BLACK
6
CONTINUOUS
10
5.5080972047244092
20
-4.6112395669291342
11
5.5081047244094483
21
-4.6113454330708663
0
LINE
8
BLACK
6
CONTINUOUS
10
5.5081047244094483
20
-4.6113454330708663
11
5.5081453149606299
21
-4.6114434251968506
0
LINE
8
BLACK
6
CONTINUOUS
10
5.5081453149606299
20
-4.6114434251968506
11
5.5082020472440947
21
-4.6120194881889764
0
LINE
8
BLACK
6
CONTINUOUS
10
5.5082020472440947
20
-4.6120194881889764
11
5.5082020472440947
21
-4.6157690157480316
0
LINE
8
BLACK
6
CONTINUOUS
10
5.5082020472440947
20
-4.6157690157480316
11
5.5081453149606299
21
-4.6163450787401574
0
LINE
8
BLACK
6
CONTINUOUS
10
5.5081453149606299
20
-4.6163450787401574
11
5.5081047244094483
21
-4.6164430314960629
0
LINE
8
BLACK
6
CONTINUOUS
10
5.5081047244094483
20
-4.6164430314960629
11
5.5080972047244092
21
-4.6165489370078738
0
LINE
8
BLACK
6
CONTINUOUS
10
5.5080972047244092
20
-4.6165489370078738
11
5.5078903149606298
21
-4.6170895275590551
0
LINE
8
BLACK
6
CONTINUOUS
10
5.5078903149606298
20
-4.6170895275590551
11
5.5060155511811022
21
-4.6208390551181102
0
LINE
8
BLACK
6
CONTINUOUS
10
5.5060155511811022
20
-4.6208390551181102
11
5.5058594488188977
21
-4.6210870472440941
0
LINE
8
BLACK
6
CONTINUOUS
10
5.5058594488188977
20
-4.6210870472440941
11
5.5058296456692908
21
-4.6211590157480318
0
LINE
8
BLACK
6
CONTINUOUS
10
5.5058296456692908
20
-4.6211590157480318
11
5.5057631496062989
21
-4.6212399606299215
0
LINE
8
BLACK
6
CONTINUOUS
10
5.5057631496062989
20
-4.6212399606299215
11
5.5057072047244091
21
-4.6213289370078741
0
LINE
8
BLACK
6
CONTINUOUS
10
5.5057072047244091
20
-4.6213289370078741
11
5.5056481889763775
21
-4.6213800787401578
0
LINE
8
BLACK
6
CONTINUOUS
10
5.5056481889763775
20
-4.6213800787401578
11
5.505462440944882
21
-4.6216064566929136
0
LINE
8
BLACK
6
CONTINUOUS
10
5.505462440944882
20
-4.6216064566929136
11
5.5035876771653545
21
-4.6234812204724411
0
LINE
8
BLACK
6
CONTINUOUS
10
5.5035876771653545
20
-4.6234812204724411
11
5.5033612992125986
21
-4.6236669685039367
0
LINE
8
BLACK
6
CONTINUOUS
10
5.5033612992125986
20
-4.6236669685039367
11
5.5033101574803149
21
-4.6237259842519682
0
LINE
8
BLACK
6
CONTINUOUS
10
5.5033101574803149
20
-4.6237259842519682
11
5.5032211811023624
21
-4.623781929133858
0
LINE
8
BLACK
6
CONTINUOUS
10
5.5032211811023624
20
-4.623781929133858
11
5.5031402362204727
21
-4.6238484251968499
0
LINE
8
BLACK
6
CONTINUOUS
10
5.5031402362204727
20
-4.6238484251968499
11
5.503068267716535
21
-4.6238782283464568
0
LINE
8
BLACK
6
CONTINUOUS
10
5.503068267716535
20
-4.6238782283464568
11
5.5028202755905511
21
-4.6240343307086613
0
LINE
8
BLACK
6
CONTINUOUS
10
5.5028202755905511
20
-4.6240343307086613
11
5.499070748031496
21
-4.6259090944881889
0
LINE
8
BLACK
6
CONTINUOUS
10
5.499070748031496
20
-4.6259090944881889
11
5.499028622047244
21
-4.6259251968503934
0
LINE
8
BLACK
6
CONTINUOUS
10
5.499028622047244
20
-4.6259251968503934
11
5.4990114960629919
21
-4.6259379133858269
0
LINE
8
BLACK
6
CONTINUOUS
10
5.4990114960629919
20
-4.6259379133858269
11
5.4987695275590553
21
-4.6260243307086615
0
LINE
8
BLACK
6
CONTINUOUS
10
5.4987695275590553
20
-4.6260243307086615
11
5.498530118110236
21
-4.6261159842519683
0
LINE
8
BLACK
6
CONTINUOUS
10
5.498530118110236
20
-4.6261159842519683
11
5.4985088582677166
21
-4.626117480314961
0
LINE
8
BLACK
6
CONTINUOUS
10
5.4985088582677166
20
-4.626117480314961
11
5.4984663779527558
21
-4.6261326771653541
0
LINE
8
BLACK
6
CONTINUOUS
10
5.4984663779527558
20
-4.6261326771653541
11
5.4912817322834648
21
-4.6279288188976375
0
LINE
8
BLACK
6
CONTINUOUS
10
5.4912817322834648
20
-4.6279288188976375
11
5.4882507480314962
21
-4.6294443307086617
0
LINE
8
BLACK
6
CONTINUOUS
10
5.4882507480314962
20
-4.6294443307086617
11
5.4870536220472443
21
-4.6306414566929135
0
LINE
8
BLACK
6
CONTINUOUS
10
5.4870536220472443
20
-4.6306414566929135
11
5.485704881889764
21
-4.6333389370078741
0
LINE
8
BLACK
6
CONTINUOUS
10
5.485704881889764
20
-4.6333389370078741
11
5.485704881889764
21
-4.6356943700787401
0
LINE
8
BLACK
6
CONTINUOUS
10
5.485704881889764
20
-4.6356943700787401
11
5.4870536220472443
21
-4.6383918503937007
0
LINE
8
BLACK
6
CONTINUOUS
10
5.4870536220472443
20
-4.6383918503937007
11
5.4882507480314962
21
-4.6395890157480313
0
LINE
8
BLACK
6
CONTINUOUS
10
5.4882507480314962
20
-4.6395890157480313
11
5.4909482283464568
21
-4.6409377559055116
0
LINE
8
BLACK
6
CONTINUOUS
10
5.4909482283464568
20
-4.6409377559055116
11
5.4991458661417321
21
-4.6409377559055116
0
LINE
8
BLACK
6
CONTINUOUS
10
5.4991458661417321
20
-4.6409377559055116
11
5.5043155118110239
21
-4.6392145275590551
0
LINE
8
BLACK
6
CONTINUOUS
10
5.5043155118110239
20
-4.6392145275590551
11
5.5048799606299212
21
-4.6390861811023623
0
LINE
8
BLACK
6
CONTINUOUS
10
5.5048799606299212
20
-4.6390861811023623
11
5.5060291732283462
21
-4.6391678740157483
0
LINE
8
BLACK
6
CONTINUOUS
10
5.5060291732283462
20
-4.6391678740157483
11
5.5070596456692913
21
-4.6396830708661421
0
LINE
8
BLACK
6
CONTINUOUS
10
5.5070596456692913
20
-4.6396830708661421
11
5.5078145275590549
21
-4.6405534645669286
0
LINE
8
BLACK
6
CONTINUOUS
10
5.5078145275590549
20
-4.6405534645669286
11
5.5081788582677165
21
-4.6416464566929134
0
LINE
8
BLACK
6
CONTINUOUS
10
5.5081788582677165
20
-4.6416464566929134
11
5.5080971653543305
21
-4.6427956692913384
0
LINE
8
BLACK
6
CONTINUOUS
10
5.5080971653543305
20
-4.6427956692913384
11
5.5075819291338579
21
-4.6438261023622047
0
LINE
8
BLACK
6
CONTINUOUS
10
5.5075819291338579
20
-4.6438261023622047
11
5.5067115748031492
21
-4.6445809842519683
0
LINE
8
BLACK
6
CONTINUOUS
10
5.5067115748031492
20
-4.6445809842519683
11
5.5061830314960627
21
-4.6448169685039371
0
LINE
8
BLACK
6
CONTINUOUS
10
5.5061830314960627
20
-4.6448169685039371
11
5.50055874015748
21
-4.6466917322834647
0
LINE
8
BLACK
6
CONTINUOUS
10
5.50055874015748
20
-4.6466917322834647
11
5.5002731496062989
21
-4.6467566535433074
0
LINE
8
BLACK
6
CONTINUOUS
10
5.5002731496062989
20
-4.6467566535433074
11
5.5002010629921259
21
-4.6467865354330709
0
LINE
8
BLACK
6
CONTINUOUS
10
5.5002010629921259
20
-4.6467865354330709
11
5.5000965354330704
21
-4.6467968110236217
0
LINE
8
BLACK
6
CONTINUOUS
10
5.5000965354330704
20
-4.6467968110236217
11
5.4999942913385826
21
-4.6468200787401575
0
LINE
8
BLACK
6
CONTINUOUS
10
5.4999942913385826
20
-4.6468200787401575
11
5.499916535433071
21
-4.6468145275590551
0
LINE
8
BLACK
6
CONTINUOUS
10
5.499916535433071
20
-4.6468145275590551
11
5.499625
21
-4.6468432677165357
0
LINE
8
BLACK
6
CONTINUOUS
10
5.499625
20
-4.6468432677165357
11
5.4902511811023622
21
-4.6468432677165357
0
LINE
8
BLACK
6
CONTINUOUS
10
5.4902511811023622
20
-4.6468432677165357
11
5.4896751181102363
21
-4.6467865354330709
0
LINE
8
BLACK
6
CONTINUOUS
10
5.4896751181102363
20
-4.6467865354330709
11
5.4895771259842521
21
-4.6467459448818893
0
LINE
8
BLACK
6
CONTINUOUS
10
5.4895771259842521
20
-4.6467459448818893
11
5.4894712598425199
21
-4.6467384251968502
0
LINE
8
BLACK
6
CONTINUOUS
10
5.4894712598425199
20
-4.6467384251968502
11
5.4889306692913387
21
-4.6465315354330707
0
LINE
8
BLACK
6
CONTINUOUS
10
5.4889306692913387
20
-4.6465315354330707
11
5.4851811417322835
21
-4.6446567716535432
0
LINE
8
BLACK
6
CONTINUOUS
10
5.4851811417322835
20
-4.6446567716535432
11
5.48493311023622
21
-4.6445006692913386
0
LINE
8
BLACK
6
CONTINUOUS
10
5.48493311023622
20
-4.6445006692913386
11
5.484861181102362
21
-4.6444708661417318
0
LINE
8
BLACK
6
CONTINUOUS
10
5.484861181102362
20
-4.6444708661417318
11
5.4847801968503935
21
-4.6444044094488186
0
LINE
8
BLACK
6
CONTINUOUS
10
5.4847801968503935
20
-4.6444044094488186
11
5.4846912598425197
21
-4.6443484251968501
0
LINE
8
BLACK
6
CONTINUOUS
10
5.4846912598425197
20
-4.6443484251968501
11
5.4846400393700785
21
-4.6442893700787398
0
LINE
8
BLACK
6
CONTINUOUS
10
5.4846400393700785
20
-4.6442893700787398
11
5.4844137007874014
21
-4.6441036220472443
0
LINE
8
BLACK
6
CONTINUOUS
10
5.4844137007874014
20
-4.6441036220472443
11
5.4825389370078739
21
-4.6422288188976379
0
LINE
8
BLACK
6
CONTINUOUS
10
5.4825389370078739
20
-4.6422288188976379
11
5.4823531889763775
21
-4.6420024803149609
0
LINE
8
BLACK
6
CONTINUOUS
10
5.4823531889763775
20
-4.6420024803149609
11
5.4822942125984246
21
-4.6419513385826772
0
LINE
8
BLACK
6
CONTINUOUS
10
5.4822942125984246
20
-4.6419513385826772
11
5.4822382283464561
21
-4.6418624015748033
0
LINE
8
BLACK
6
CONTINUOUS
10
5.4822382283464561
20
-4.6418624015748033
11
5.4821717322834642
21
-4.6417813779527561
0
LINE
8
BLACK
6
CONTINUOUS
10
5.4821717322834642
20
-4.6417813779527561
11
5.4821418897637795
21
-4.641709330708661
0
LINE
8
BLACK
6
CONTINUOUS
10
5.4821418897637795
20
-4.641709330708661
11
5.4819858661417324
21
-4.6414614566929133
0
LINE
8
BLACK
6
CONTINUOUS
10
5.4819858661417324
20
-4.6414614566929133
11
5.4801111023622049
21
-4.6377119291338582
0
LINE
8
BLACK
6
CONTINUOUS
10
5.4801111023622049
20
-4.6377119291338582
11
5.4799042125984254
21
-4.6371712992125982
0
LINE
8
BLACK
6
CONTINUOUS
10
5.4799042125984254
20
-4.6371712992125982
11
5.4798966929133854
21
-4.6370654724409448
0
LINE
8
BLACK
6
CONTINUOUS
10
5.4798966929133854
20
-4.6370654724409448
11
5.4798561023622048
21
-4.6369674803149605
0
LINE
8
BLACK
6
CONTINUOUS
10
5.4798561023622048
20
-4.6369674803149605
11
5.47979937007874
21
-4.6363914173228347
0
LINE
8
BLACK
6
CONTINUOUS
10
5.47979937007874
20
-4.6363914173228347
11
5.47979937007874
21
-4.6326418897637796
0
LINE
8
BLACK
6
CONTINUOUS
10
5.47979937007874
20
-4.6326418897637796
11
5.4798561023622048
21
-4.6320658267716537
0
LINE
8
BLACK
6
CONTINUOUS
10
5.4798561023622048
20
-4.6320658267716537
11
5.4798966929133854
21
-4.6319677952755907
0
LINE
8
BLACK
6
CONTINUOUS
10
5.4798966929133854
20
-4.6319677952755907
11
5.4799042125984254
21
-4.631862007874016
0
LINE
8
BLACK
6
CONTINUOUS
10
5.4799042125984254
20
-4.631862007874016
11
5.4801111023622049
21
-4.631321377952756
0
LINE
8
BLACK
6
CONTINUOUS
10
5.4801111023622049
20
-4.631321377952756
11
5.4819858661417324
21
-4.6275718503937009
0
LINE
8
BLACK
6
CONTINUOUS
10
5.4819858661417324
20
-4.6275718503937009
11
5.4821419291338582
21
-4.6273238188976373
0
LINE
8
BLACK
6
CONTINUOUS
10
5.4821419291338582
20
-4.6273238188976373
11
5.482171771653543
21
-4.6272518897637793
0
LINE
8
BLACK
6
CONTINUOUS
10
5.482171771653543
20
-4.6272518897637793
11
5.4822382283464561
21
-4.6271709055118109
0
LINE
8
BLACK
6
CONTINUOUS
10
5.4822382283464561
20
-4.6271709055118109
11
5.4822942125984246
21
-4.627081968503937
0
LINE
8
BLACK
6
CONTINUOUS
10
5.4822942125984246
20
-4.627081968503937
11
5.4823531889763775
21
-4.6270307874015746
0
LINE
8
BLACK
6
CONTINUOUS
10
5.4823531889763775
20
-4.6270307874015746
11
5.4825389763779526
21
-4.6268044488188975
0
LINE
8
BLACK
6
CONTINUOUS
10
5.4825389763779526
20
-4.6268044488188975
11
5.4844137401574802
21
-4.62492968503937
0
LINE
8
BLACK
6
CONTINUOUS
10
5.4844137401574802
20
-4.62492968503937
11
5.4846400787401572
21
-4.6247438976377948
0
LINE
8
BLACK
6
CONTINUOUS
10
5.4846400787401572
20
-4.6247438976377948
11
5.4846912598425197
21
-4.624684921259842
0
LINE
8
BLACK
6
CONTINUOUS
10
5.4846912598425197
20
-4.624684921259842
11
5.4847801968503935
21
-4.6246289370078735
0
LINE
8
BLACK
6
CONTINUOUS
10
5.4847801968503935
20
-4.6246289370078735
11
5.484861181102362
21
-4.6245624803149603
0
LINE
8
BLACK
6
CONTINUOUS
10
5.484861181102362
20
-4.6245624803149603
11
5.48493311023622
21
-4.6245326377952756
0
LINE
8
BLACK
6
CONTINUOUS
10
5.48493311023622
20
-4.6245326377952756
11
5.4851811417322835
21
-4.6243765748031498
0
LINE
8
BLACK
6
CONTINUOUS
10
5.4851811417322835
20
-4.6243765748031498
11
5.4889306692913387
21
-4.6225018110236222
0
LINE
8
BLACK
6
CONTINUOUS
10
5.4889306692913387
20
-4.6225018110236222
11
5.4889727559055119
21
-4.6224856692913381
0
LINE
8
BLACK
6
CONTINUOUS
10
5.4889727559055119
20
-4.6224856692913381
11
5.4889899212598428
21
-4.6224729921259842
0
LINE
8
BLACK
6
CONTINUOUS
10
5.4889899212598428
20
-4.6224729921259842
11
5.4892314960629918
21
-4.6223866535433071
0
LINE
8
BLACK
6
CONTINUOUS
10
5.4892314960629918
20
-4.6223866535433071
11
5.4894712598425199
21
-4.6222949212598428
0
LINE
8
BLACK
6
CONTINUOUS
10
5.4894712598425199
20
-4.6222949212598428
11
5.4894925196850393
21
-4.6222933858267714
0
LINE
8
BLACK
6
CONTINUOUS
10
5.4894925196850393
20
-4.6222933858267714
11
5.4895350393700788
21
-4.622278228346457
0
LINE
8
BLACK
6
CONTINUOUS
10
5.4895350393700788
20
-4.622278228346457
11
5.4967196850393698
21
-4.6204820472440939
0
LINE
8
BLACK
6
CONTINUOUS
10
5.4967196850393698
20
-4.6204820472440939
11
5.4997506692913385
21
-4.6189665748031494
0
LINE
8
BLACK
6
CONTINUOUS
10
5.4997506692913385
20
-4.6189665748031494
11
5.5009477952755903
21
-4.6177694488188976
0
LINE
8
BLACK
6
CONTINUOUS
10
5.5009477952755903
20
-4.6177694488188976
11
5.5022965354330706
21
-4.615071968503937
0
LINE
8
BLACK
6
CONTINUOUS
10
5.5022965354330706
20
-4.615071968503937
11
5.5022965354330706
21
-4.612716535433071
0
LINE
8
BLACK
6
CONTINUOUS
10
5.5022965354330706
20
-4.612716535433071
11
5.5009477952755903
21
-4.6100190551181104
0
LINE
8
BLACK
6
CONTINUOUS
10
5.5009477952755903
20
-4.6100190551181104
11
5.4997506692913385
21
-4.6088219291338586
0
LINE
8
BLACK
6
CONTINUOUS
10
5.4997506692913385
20
-4.6088219291338586
11
5.4970531889763778
21
-4.6074731889763783
0
LINE
8
BLACK
6
CONTINUOUS
10
5.4970531889763778
20
-4.6074731889763783
11
5.4888555511811026
21
-4.6074731889763783
0
LINE
8
BLACK
6
CONTINUOUS
10
5.4888555511811026
20
-4.6074731889763783
11
5.483685866141732
21
-4.6091964173228348
0
LINE
8
BLACK
6
CONTINUOUS
10
5.483685866141732
20
-4.6091964173228348
11
5.4831214173228346
21
-4.6093247637795276
0
LINE
8
BLACK
6
CONTINUOUS
10
5.4831214173228346
20
-4.6093247637795276
11
5.4819722047244097
21
-4.6092430708661416
0
LINE
8
BLACK
6
CONTINUOUS
10
5.4819722047244097
20
-4.6092430708661416
11
5.4809417716535433
21
-4.6087278740157478
0
LINE
8
BLACK
6
CONTINUOUS
10
5.4809417716535433
20
-4.6087278740157478
11
5.4801868897637798
21
-4.6078575196850391
0
LINE
8
BLACK
6
CONTINUOUS
10
5.4801868897637798
20
-4.6078575196850391
11
5.4798225590551182
21
-4.6067644881889764
0
LINE
8
BLACK
6
CONTINUOUS
10
5.4798225590551182
20
-4.6067644881889764
11
5.4799042519685042
21
-4.6056152755905515
0
LINE
8
BLACK
6
CONTINUOUS
10
5.4799042519685042
20
-4.6056152755905515
11
5.4804194488188971
21
-4.6045848425196851
0
LINE
8
BLACK
6
CONTINUOUS
10
5.4804194488188971
20
-4.6045848425196851
11
5.4812898031496058
21
-4.6038299606299216
0
LINE
8
BLACK
6
CONTINUOUS
10
5.4812898031496058
20
-4.6038299606299216
11
5.4818183858267719
21
-4.6035939763779528
0
LINE
8
BLACK
6
CONTINUOUS
10
5.4818183858267719
20
-4.6035939763779528
11
5.4874426377952759
21
-4.6017192125984252
0
LINE
8
BLACK
6
CONTINUOUS
10
5.4874426377952759
20
-4.6017192125984252
11
5.4877282677165349
21
-4.6016542519685038
0
LINE
8
BLACK
6
CONTINUOUS
10
5.4877282677165349
20
-4.6016542519685038
11
5.4878003543307088
21
-4.601624409448819
0
LINE
8
BLACK
6
CONTINUOUS
10
5.4878003543307088
20
-4.601624409448819
11
5.4879048031496058
21
-4.6016140944881885
0
LINE
8
BLACK
6
CONTINUOUS
10
5.4879048031496058
20
-4.6016140944881885
11
5.4880070866141732
21
-4.6015908661417324
0
LINE
8
BLACK
6
CONTINUOUS
10
5.4880070866141732
20
-4.6015908661417324
11
5.4880848031496061
21
-4.601596377952756
0
LINE
8
BLACK
6
CONTINUOUS
10
5.4880848031496061
20
-4.601596377952756
11
5.4883764173228347
21
-4.6015676771653542
0
LINE
8
BLACK
6
CONTINUOUS
10
5.4883764173228347
20
-4.6015676771653542
11
5.4977502362204724
21
-4.6015676771653542
0
LINE
8
BLACK
6
CONTINUOUS
10
5.4977502362204724
20
-4.6015676771653542
11
5.4983262992125983
21
-4.601624409448819
0
LINE
8
BLACK
6
CONTINUOUS
10
5.4708599212598426
20
-4.6018365748031496
11
5.4717932677165351
21
-4.6025120472440948
0
LINE
8
BLACK
6
CONTINUOUS
10
5.4717932677165351
20
-4.6025120472440948
11
5.4723970472440939
21
-4.6034932283464567
0
LINE
8
BLACK
6
CONTINUOUS
10
5.4723970472440939
20
-4.6034932283464567
11
5.4725794488188972
21
-4.6046308267716531
0
LINE
8
BLACK
6
CONTINUOUS
10
5.4725794488188972
20
-4.6046308267716531
11
5.4725011811023618
21
-4.605204330708661
0
LINE
8
BLACK
6
CONTINUOUS
10
5.4725011811023618
20
-4.605204330708661
11
5.4631273622047241
21
-4.6445744488188971
0
LINE
8
BLACK
6
CONTINUOUS
10
5.4631273622047241
20
-4.6445744488188971
11
5.4630592519685042
21
-4.6447720078740158
0
LINE
8
BLACK
6
CONTINUOUS
10
5.4630592519685042
20
-4.6447720078740158
11
5.463049842519685
21
-4.6448430314960625
0
LINE
8
BLACK
6
CONTINUOUS
10
5.463049842519685
20
-4.6448430314960625
11
5.463012677165354
21
-4.644907165354331
0
LINE
8
BLACK
6
CONTINUOUS
10
5.463012677165354
20
-4.644907165354331
11
5.4629387795275592
21
-4.6451216929133858
0
LINE
8
BLACK
6
CONTINUOUS
10
5.4629387795275592
20
-4.6451216929133858
11
5.4626873622047247
21
-4.6454690551181104
0
LINE
8
BLACK
6
CONTINUOUS
10
5.4626873622047247
20
-4.6454690551181104
11
5.4624725984251965
21
-4.6458400393700785
0
LINE
8
BLACK
6
CONTINUOUS
10
5.4624725984251965
20
-4.6458400393700785
11
5.4623522047244091
21
-4.6459321653543304
0
LINE
8
BLACK
6
CONTINUOUS
10
5.4623522047244091
20
-4.6459321653543304
11
5.462263307086614
21
-4.6460550393700784
0
LINE
8
BLACK
6
CONTINUOUS
10
5.462263307086614
20
-4.6460550393700784
11
5.4618982677165357
21
-4.6462796456692912
0
LINE
8
BLACK
6
CONTINUOUS
10
5.4618982677165357
20
-4.6462796456692912
11
5.4615577165354328
21
-4.6465403543307087
0
LINE
8
BLACK
6
CONTINUOUS
10
5.4615577165354328
20
-4.6465403543307087
11
5.461411102362205
21
-4.6465794488188976
0
LINE
8
BLACK
6
CONTINUOUS
10
5.461411102362205
20
-4.6465794488188976
11
5.4612821259842521
21
-4.6466588188976381
0
LINE
8
BLACK
6
CONTINUOUS
10
5.4612821259842521
20
-4.6466588188976381
11
5.4608591338582677
21
-4.646726614173228
0
LINE
8
BLACK
6
CONTINUOUS
10
5.4608591338582677
20
-4.646726614173228
11
5.460444527559055
21
-4.6468372047244095
0
LINE
8
BLACK
6
CONTINUOUS
10
5.460444527559055
20
-4.6468372047244095
11
5.4602941732283465
21
-4.6468172047244094
0
LINE
8
BLACK
6
CONTINUOUS
10
5.4602941732283465
20
-4.6468172047244094
11
5.4601445275590548
21
-4.6468412204724405
0
LINE
8
BLACK
6
CONTINUOUS
10
5.4601445275590548
20
-4.6468412204724405
11
5.459727362204724
21
-4.6467418897637796
0
LINE
8
BLACK
6
CONTINUOUS
10
5.459727362204724
20
-4.6467418897637796
11
5.4593024409448816
21
-4.646685433070866
0
LINE
8
BLACK
6
CONTINUOUS
10
5.4593024409448816
20
-4.646685433070866
11
5.4591712598425195
21
-4.6466094881889761
0
LINE
8
BLACK
6
CONTINUOUS
10
5.4591712598425195
20
-4.6466094881889761
11
5.4590237401574804
21
-4.6465743700787403
0
LINE
8
BLACK
6
CONTINUOUS
10
5.4590237401574804
20
-4.6465743700787403
11
5.4586762992125983
21
-4.646322913385827
0
LINE
8
BLACK
6
CONTINUOUS
10
5.4586762992125983
20
-4.646322913385827
11
5.4583053937007877
21
-4.6461081889763776
0
LINE
8
BLACK
6
CONTINUOUS
10
5.4583053937007877
20
-4.6461081889763776
11
5.4582132283464562
21
-4.6459877952755901
0
LINE
8
BLACK
6
CONTINUOUS
10
5.4582132283464562
20
-4.6459877952755901
11
5.458090393700787
21
-4.6458988976377951
0
LINE
8
BLACK
6
CONTINUOUS
10
5.458090393700787
20
-4.6458988976377951
11
5.4578657480314963
21
-4.6455338188976381
0
LINE
8
BLACK
6
CONTINUOUS
10
5.4578657480314963
20
-4.6455338188976381
11
5.4576051181102363
21
-4.6451933464566926
0
LINE
8
BLACK
6
CONTINUOUS
10
5.4576051181102363
20
-4.6451933464566926
11
5.4575253543307083
21
-4.6449806692913382
0
LINE
8
BLACK
6
CONTINUOUS
10
5.4575253543307083
20
-4.6449806692913382
11
5.4574866141732281
21
-4.6449177165354332
0
LINE
8
BLACK
6
CONTINUOUS
10
5.4574866141732281
20
-4.6449177165354332
11
5.4574752755905509
21
-4.6448472047244094
0
LINE
8
BLACK
6
CONTINUOUS
10
5.4574752755905509
20
-4.6448472047244094
11
5.4574018503937003
21
-4.6446513385826771
0
LINE
8
BLACK
6
CONTINUOUS
10
5.4574018503937003
20
-4.6446513385826771
11
5.4527558267716536
21
-4.6272288582677161
0
LINE
8
BLACK
6
CONTINUOUS
10
5.4527558267716536
20
-4.6272288582677161
11
5.4481098818897635
21
-4.6446513385826771
0
LINE
8
BLACK
6
CONTINUOUS
10
5.4481098818897635
20
-4.6446513385826771
11
5.4480364173228342
21
-4.6448471653543306
0
LINE
8
BLACK
6
CONTINUOUS
10
5.4480364173228342
20
-4.6448471653543306
11
5.4480251181102357
21
-4.6449177165354332
0
LINE
8
BLACK
6
CONTINUOUS
10
5.4480251181102357
20
-4.6449177165354332
11
5.4479863385826768
21
-4.644980708661417
0
LINE
8
BLACK
6
CONTINUOUS
10
5.4479863385826768
20
-4.644980708661417
11
5.4479066141732284
21
-4.6451933070866138
0
LINE
8
BLACK
6
CONTINUOUS
10
5.4479066141732284
20
-4.6451933070866138
11
5.4476460236220472
21
-4.6455337007874018
0
LINE
8
BLACK
6
CONTINUOUS
10
5.4476460236220472
20
-4.6455337007874018
11
5.4474213385826769
21
-4.6458988976377951
0
LINE
8
BLACK
6
CONTINUOUS
10
5.4474213385826769
20
-4.6458988976377951
11
5.4472984645669289
21
-4.6459877952755901
0
LINE
8
BLACK
6
CONTINUOUS
10
5.4472984645669289
20
-4.6459877952755901
11
5.447206338582677
21
-4.6461081889763776
0
LINE
8
BLACK
6
CONTINUOUS
10
5.447206338582677
20
-4.6461081889763776
11
5.4468353937007876
21
-4.646322913385827
0
LINE
8
BLACK
6
CONTINUOUS
10
5.4468353937007876
20
-4.646322913385827
11
5.4464879921259843
21
-4.6465743700787403
0
LINE
8
BLACK
6
CONTINUOUS
10
5.4464879921259843
20
-4.6465743700787403
11
5.4463404330708665
21
-4.6466094881889761
0
LINE
8
BLACK
6
CONTINUOUS
10
5.4463404330708665
20
-4.6466094881889761
11
5.4462092913385822
21
-4.646685433070866
0
LINE
8
BLACK
6
CONTINUOUS
10
5.4462092913385822
20
-4.646685433070866
11
5.4457844488188973
21
-4.6467418503937008
0
LINE
8
BLACK
6
CONTINUOUS
10
5.4457844488188973
20
-4.6467418503937008
11
5.445367204724409
21
-4.6468412204724405
0
LINE
8
BLACK
6
CONTINUOUS
10
5.445367204724409
20
-4.6468412204724405
11
5.4452174409448819
21
-4.6468172047244094
0
LINE
8
BLACK
6
CONTINUOUS
10
5.4452174409448819
20
-4.6468172047244094
11
5.4450672440944885
21
-4.6468371653543308
0
LINE
8
BLACK
6
CONTINUOUS
10
5.4450672440944885
20
-4.6468371653543308
11
5.4446529921259845
21
-4.6467266929133855
0
LINE
8
BLACK
6
CONTINUOUS
10
5.4446529921259845
20
-4.6467266929133855
11
5.4442296062992126
21
-4.6466588188976381
0
LINE
8
BLACK
6
CONTINUOUS
10
5.4442296062992126
20
-4.6466588188976381
11
5.4441004724409447
21
-4.6465793700787401
0
LINE
8
BLACK
6
CONTINUOUS
10
5.4441004724409447
20
-4.6465793700787401
11
5.4439540157480311
21
-4.6465403149606299
0
LINE
8
BLACK
6
CONTINUOUS
10
5.4439540157480311
20
-4.6465403149606299
11
5.4436135826771652
21
-4.6462797244094487
0
LINE
8
BLACK
6
CONTINUOUS
10
5.4436135826771652
20
-4.6462797244094487
11
5.4432484251968507
21
-4.6460550393700784
0
LINE
8
BLACK
6
CONTINUOUS
10
5.4432484251968507
20
-4.6460550393700784
11
5.443159488188976
21
-4.6459321653543304
0
LINE
8
BLACK
6
CONTINUOUS
10
5.443159488188976
20
-4.6459321653543304
11
5.4430391338582673
21
-4.6458400393700785
0
LINE
8
BLACK
6
CONTINUOUS
10
5.4430391338582673
20
-4.6458400393700785
11
5.44282437007874
21
-4.6454690944881891
0
LINE
8
BLACK
6
CONTINUOUS
10
5.44282437007874
20
-4.6454690944881891
11
5.4425729527559055
21
-4.6451216929133858
0
LINE
8
BLACK
6
CONTINUOUS
10
5.4425729527559055
20
-4.6451216929133858
11
5.4424989763779523
21
-4.6449070866141735
0
LINE
8
BLACK
6
CONTINUOUS
10
5.4424989763779523
20
-4.6449070866141735
11
5.4424618897637798
21
-4.6448429921259837
0
LINE
8
BLACK
6
CONTINUOUS
10
5.4424618897637798
20
-4.6448429921259837
11
5.4424524409448818
21
-4.6447720472440945
0
LINE
8
BLACK
6
CONTINUOUS
10
5.4424524409448818
20
-4.6447720472440945
11
5.4423843700787398
21
-4.6445744488188971
0
LINE
8
BLACK
6
CONTINUOUS
10
5.4423843700787398
20
-4.6445744488188971
11
5.433010551181102
21
-4.6052043700787397
0
LINE
8
BLACK
6
CONTINUOUS
10
5.433010551181102
20
-4.6052043700787397
11
5.4329322834645666
21
-4.6046308267716531
0
LINE
8
BLACK
6
CONTINUOUS
10
5.4329322834645666
20
-4.6046308267716531
11
5.4331146850393699
21
-4.6034932283464567
0
LINE
8
BLACK
6
CONTINUOUS
10
5.4331146850393699
20
-4.6034932283464567
11
5.4337184645669288
21
-4.6025120472440948
0
LINE
8
BLACK
6
CONTINUOUS
10
5.4337184645669288
20
-4.6025120472440948
11
5.4346518110236222
21
-4.6018365748031496
0
LINE
8
BLACK
6
CONTINUOUS
10
5.4346518110236222
20
-4.6018365748031496
11
5.4357725984251966
21
-4.6015697244094484
0
LINE
8
BLACK
6
CONTINUOUS
10
5.4357725984251966
20
-4.6015697244094484
11
5.4369101968503939
21
-4.6017521259842518
0
LINE
8
BLACK
6
CONTINUOUS
10
5.4369101968503939
20
-4.6017521259842518
11
5.4378913779527558
21
-4.6023559055118106
0
LINE
8
BLACK
6
CONTINUOUS
10
5.4378913779527558
20
-4.6023559055118106
11
5.438566850393701
21
-4.603289251968504
0
LINE
8
BLACK
6
CONTINUOUS
10
5.438566850393701
20
-4.603289251968504
11
5.4387554330708658
21
-4.6038364960629918
0
LINE
8
BLACK
6
CONTINUOUS
10
5.4387554330708658
20
-4.6038364960629918
11
5.4454188582677165
21
-4.6318229527559058
0
LINE
8
BLACK
6
CONTINUOUS
10
5.4454188582677165
20
-4.6318229527559058
11
5.4499027952755901
21
-4.6150081889763781
0
LINE
8
BLACK
6
CONTINUOUS
10
5.4499027952755901
20
-4.6150081889763781
11
5.4499533858267712
21
-4.6148731889763779
0
LINE
8
BLACK
6
CONTINUOUS
10
5.4499533858267712
20
-4.6148731889763779
11
5.44996094488189
21
-4.6148165354330706
0
LINE
8
BLACK
6
CONTINUOUS
10
5.44996094488189
20
-4.6148165354330706
11
5.4499998818897639
21
-4.6147492125984249
0
LINE
8
BLACK
6
CONTINUOUS
10
5.4499998818897639
20
-4.6147492125984249
11
5.4501060629921261
21
-4.6144661811023617
0
LINE
8
BLACK
6
CONTINUOUS
10
5.4501060629921261
20
-4.6144661811023617
11
5.4503429527559053
21
-4.6141566929133857
0
LINE
8
BLACK
6
CONTINUOUS
10
5.4503429527559053
20
-4.6141566929133857
11
5.4505381889763775
21
-4.6138194881889767
0
LINE
8
BLACK
6
CONTINUOUS
10
5.4505381889763775
20
-4.6138194881889767
11
5.4506900393700786
21
-4.6137032283464565
0
LINE
8
BLACK
6
CONTINUOUS
10
5.4506900393700786
20
-4.6137032283464565
11
5.4508063385826766
21
-4.6135513385826767
0
LINE
8
BLACK
6
CONTINUOUS
10
5.4508063385826766
20
-4.6135513385826767
11
5.451143622047244
21
-4.613356023622047
0
LINE
8
BLACK
6
CONTINUOUS
10
5.451143622047244
20
-4.613356023622047
11
5.4514530708661413
21
-4.6131192125984253
0
LINE
8
BLACK
6
CONTINUOUS
10
5.4514530708661413
20
-4.6131192125984253
11
5.4516377952755901
21
-4.6130699212598421
0
LINE
8
BLACK
6
CONTINUOUS
10
5.4516377952755901
20
-4.6130699212598421
11
5.4518033858267714
21
-4.6129740944881892
0
LINE
8
BLACK
6
CONTINUOUS
10
5.4518033858267714
20
-4.6129740944881892
11
5.4521898818897636
21
-4.612922716535433
0
LINE
8
BLACK
6
CONTINUOUS
10
5.4521898818897636
20
-4.612922716535433
11
5.4525662992125987
21
-4.6128223622047244
0
LINE
8
BLACK
6
CONTINUOUS
10
5.4525662992125987
20
-4.6128223622047244
11
5.4527557480314961
21
-4.6128475196850394
0
LINE
8
BLACK
6
CONTINUOUS
10
5.4527557480314961
20
-4.6128475196850394
11
5.4529454724409447
21
-4.6128223228346457
0
LINE
8
BLACK
6
CONTINUOUS
10
5.4529454724409447
20
-4.6128223228346457
11
5.4533222440944877
21
-4.6129227952755905
0
LINE
8
BLACK
6
CONTINUOUS
10
5.4533222440944877
20
-4.6129227952755905
11
5.4537083464566924
21
-4.6129740944881892
0
LINE
8
BLACK
6
CONTINUOUS
10
5.4537083464566924
20
-4.6129740944881892
11
5.4538737401574799
21
-4.6130698425196845
0
LINE
8
BLACK
6
CONTINUOUS
10
5.4538737401574799
20
-4.6130698425196845
11
5.4540586614173225
21
-4.6131191732283465
0
LINE
8
BLACK
6
CONTINUOUS
10
5.4540586614173225
20
-4.6131191732283465
11
5.4543681889763782
21
-4.6133561023622045
0
LINE
8
BLACK
6
CONTINUOUS
10
5.4543681889763782
20
-4.6133561023622045
11
5.4547053937007872
21
-4.6135513385826767
0
LINE
8
BLACK
6
CONTINUOUS
10
5.4547053937007872
20
-4.6135513385826767
11
5.4548216141732286
21
-4.6137031889763778
0
LINE
8
BLACK
6
CONTINUOUS
10
5.4548216141732286
20
-4.6137031889763778
11
5.4549735433070863
21
-4.6138194881889767
0
LINE
8
BLACK
6
CONTINUOUS
10
5.4549735433070863
20
-4.6138194881889767
11
5.455168858267716
21
-4.614156811023622
0
LINE
8
BLACK
6
CONTINUOUS
10
5.455168858267716
20
-4.614156811023622
11
5.4554056692913386
21
-4.6144662204724405
0
LINE
8
BLACK
6
CONTINUOUS
10
5.4554056692913386
20
-4.6144662204724405
11
5.4555117322834645
21
-4.6147490551181098
0
LINE
8
BLACK
6
CONTINUOUS
10
5.4555117322834645
20
-4.6147490551181098
11
5.4555507874015747
21
-4.6148164960629918
0
LINE
8
BLACK
6
CONTINUOUS
10
5.4555507874015747
20
-4.6148164960629918
11
5.4555583070866138
21
-4.6148732283464566
0
LINE
8
BLACK
6
CONTINUOUS
10
5.4555583070866138
20
-4.6148732283464566
11
5.4556089370078737
21
-4.6150081889763781
0
LINE
8
BLACK
6
CONTINUOUS
10
5.4556089370078737
20
-4.6150081889763781
11
5.4600928346456694
21
-4.6318229527559058
0
LINE
8
BLACK
6
CONTINUOUS
10
5.4600928346456694
20
-4.6318229527559058
11
5.466756299212598
21
-4.6038364960629918
0
LINE
8
BLACK
6
CONTINUOUS
10
5.466756299212598
20
-4.6038364960629918
11
5.4669448818897637
21
-4.603289251968504
0
LINE
8
BLACK
6
CONTINUOUS
10
5.4669448818897637
20
-4.603289251968504
11
5.4676203543307089
21
-4.6023559055118106
0
LINE
8
BLACK
6
CONTINUOUS
10
5.4676203543307089
20
-4.6023559055118106
11
5.4686015354330708
21
-4.6017521259842518
0
LINE
8
BLACK
6
CONTINUOUS
10
5.4686015354330708
20
-4.6017521259842518
11
5.4697391338582673
21
-4.6015697244094484
0
LINE
8
BLACK
6
CONTINUOUS
10
5.4697391338582673
20
-4.6015697244094484
11
5.4708599212598426
21
-4.6018365748031496
0
LINE
8
BLACK
6
CONTINUOUS
10
5.3104501181102357
20
-4.5557889370078737
11
5.3106299212598422
21
-4.5566929133858265
0
LINE
8
BLACK
6
CONTINUOUS
10
5.3106299212598422
20
-4.5566929133858265
11
5.3106299212598422
21
-4.5751968503937004
0
LINE
8
BLACK
6
CONTINUOUS
10
5.3106299212598422
20
-4.5751968503937004
11
5.5948818897637791
21
-4.5751968503937004
0
LINE
8
BLACK
6
CONTINUOUS
10
5.5948818897637791
20
-4.5751968503937004
11
5.5948818897637791
21
-4.5566929133858265
0
LINE
8
BLACK
6
CONTINUOUS
10
5.5948818897637791
20
-4.5566929133858265
11
5.5950616929133856
21
-4.5557889370078737
0
LINE
8
BLACK
6
CONTINUOUS
10
5.5950616929133856
20
-4.5557889370078737
11
5.5963401181102359
21
-4.5545105118110234
0
LINE
8
BLACK
6
CONTINUOUS
10
5.5963401181102359
20
-4.5545105118110234
11
5.5981480708661415
21
-4.5545105118110234
0
LINE
8
BLACK
6
CONTINUOUS
10
5.5981480708661415
20
-4.5545105118110234
11
5.5994264960629918
21
-4.5557889370078737
0
LINE
8
BLACK
6
CONTINUOUS
10
5.5994264960629918
20
-4.5557889370078737
11
5.5996062992125983
21
-4.5566929133858265
0
LINE
8
BLACK
6
CONTINUOUS
10
5.5996062992125983
20
-4.5566929133858265
11
5.5996062992125983
21
-4.57755905511811
0
LINE
8
BLACK
6
CONTINUOUS
10
5.5996062992125983
20
-4.57755905511811
11
5.5994264960629918
21
-4.5784630314960628
0
LINE
8
BLACK
6
CONTINUOUS
10
5.5994264960629918
20
-4.5784630314960628
11
5.5981480708661415
21
-4.5797414566929131
0
LINE
8
BLACK
6
CONTINUOUS
10
5.5981480708661415
20
-4.5797414566929131
11
5.5972440944881887
21
-4.5799212598425196
0
LINE
8
BLACK
6
CONTINUOUS
10
5.5972440944881887
20
-4.5799212598425196
11
5.3082677165354326
21
-4.5799212598425196
0
LINE
8
BLACK
6
CONTINUOUS
10
5.3082677165354326
20
-4.5799212598425196
11
5.3073637401574798
21
-4.5797414566929131
0
LINE
8
BLACK
6
CONTINUOUS
10
5.3073637401574798
20
-4.5797414566929131
11
5.3060853149606295
21
-4.5784630314960628
0
LINE
8
BLACK
6
CONTINUOUS
10
5.3060853149606295
20
-4.5784630314960628
11
5.3059055118110239
21
-4.57755905511811
0
LINE
8
BLACK
6
CONTINUOUS
10
5.3059055118110239
20
-4.57755905511811
11
5.3059055118110239
21
-4.5566929133858265
0
LINE
8
BLACK
6
CONTINUOUS
10
5.3059055118110239
20
-4.5566929133858265
11
5.3060853149606295
21
-4.5557889370078737
0
LINE
8
BLACK
6
CONTINUOUS
10
5.3060853149606295
20
-4.5557889370078737
11
5.3073637401574798
21
-4.5545105118110234
0
LINE
8
BLACK
6
CONTINUOUS
10
5.3073637401574798
20
-4.5545105118110234
11
5.3091716929133854
21
-4.5545105118110234
0
LINE
8
BLACK
6
CONTINUOUS
10
5.3091716929133854
20
-4.5545105118110234
11
5.3104501181102357
21
-4.5557889370078737
0
LINE
8
BLACK
6
CONTINUOUS
10
5.9163990551181103
20
-4.5228842519685042
11
5.9164970472440945
21
-4.5229248425196849
0
LINE
8
BLACK
6
CONTINUOUS
10
5.9164970472440945
20
-4.5229248425196849
11
5.9166028740157479
21
-4.5229323622047239
0
LINE
8
BLACK
6
CONTINUOUS
10
5.9166028740157479
20
-4.5229323622047239
11
5.9171435039370079
21
-4.5231392519685034
0
LINE
8
BLACK
6
CONTINUOUS
10
5.9171435039370079
20
-4.5231392519685034
11
5.9208930314960631
21
-4.525014015748031
0
LINE
8
BLACK
6
CONTINUOUS
10
5.9208930314960631
20
-4.525014015748031
11
5.921141023622047
21
-4.5251700787401576
0
LINE
8
BLACK
6
CONTINUOUS
10
5.921141023622047
20
-4.5251700787401576
11
5.9212129921259837
21
-4.5251999212598424
0
LINE
8
BLACK
6
CONTINUOUS
10
5.9212129921259837
20
-4.5251999212598424
11
5.9212939370078743
21
-4.5252663779527555
0
LINE
8
BLACK
6
CONTINUOUS
10
5.9212939370078743
20
-4.5252663779527555
11
5.9213829133858269
21
-4.5253223622047241
0
LINE
8
BLACK
6
CONTINUOUS
10
5.9213829133858269
20
-4.5253223622047241
11
5.9214340551181097
21
-4.5253813385826769
0
LINE
8
BLACK
6
CONTINUOUS
10
5.9214340551181097
20
-4.5253813385826769
11
5.9216604330708664
21
-4.525567125984252
0
LINE
8
BLACK
6
CONTINUOUS
10
5.9216604330708664
20
-4.525567125984252
11
5.923535196850394
21
-4.5274418897637796
0
LINE
8
BLACK
6
CONTINUOUS
10
5.923535196850394
20
-4.5274418897637796
11
5.9239024015748027
21
-4.5278893307086614
0
LINE
8
BLACK
6
CONTINUOUS
10
5.9239024015748027
20
-4.5278893307086614
11
5.9243433070866143
21
-4.5289537401574806
0
LINE
8
BLACK
6
CONTINUOUS
10
5.9243433070866143
20
-4.5289537401574806
11
5.9243433070866143
21
-4.5301058267716536
0
LINE
8
BLACK
6
CONTINUOUS
10
5.9243433070866143
20
-4.5301058267716536
11
5.9239024015748027
21
-4.531170236220472
0
LINE
8
BLACK
6
CONTINUOUS
10
5.9239024015748027
20
-4.531170236220472
11
5.9230877165354325
21
-4.5319849212598422
0
LINE
8
BLACK
6
CONTINUOUS
10
5.9230877165354325
20
-4.5319849212598422
11
5.9220233070866142
21
-4.5324258267716537
0
LINE
8
BLACK
6
CONTINUOUS
10
5.9220233070866142
20
-4.5324258267716537
11
5.9208712204724412
21
-4.5324258267716537
0
LINE
8
BLACK
6
CONTINUOUS
10
5.9208712204724412
20
-4.5324258267716537
11
5.9198068110236219
21
-4.5319849212598422
0
LINE
8
BLACK
6
CONTINUOUS
10
5.9198068110236219
20
-4.5319849212598422
11
5.9193593700787401
21
-4.5316177165354325
0
LINE
8
BLACK
6
CONTINUOUS
10
5.9193593700787401
20
-4.5316177165354325
11
5.9178234251968505
21
-4.5300817716535429
0
LINE
8
BLACK
6
CONTINUOUS
10
5.9178234251968505
20
-4.5300817716535429
11
5.9151259448818898
21
-4.5287330314960625
0
LINE
8
BLACK
6
CONTINUOUS
10
5.9151259448818898
20
-4.5287330314960625
11
5.9071462204724412
21
-4.5287330314960625
0
LINE
8
BLACK
6
CONTINUOUS
10
5.9071462204724412
20
-4.5287330314960625
11
5.9044487401574806
21
-4.5300817716535429
0
LINE
8
BLACK
6
CONTINUOUS
10
5.9044487401574806
20
-4.5300817716535429
11
5.9032516141732279
21
-4.5312788976377956
0
LINE
8
BLACK
6
CONTINUOUS
10
5.9032516141732279
20
-4.5312788976377956
11
5.9019028740157475
21
-4.5339763779527562
0
LINE
8
BLACK
6
CONTINUOUS
10
5.9019028740157475
20
-4.5339763779527562
11
5.9019028740157475
21
-4.5365496850393701
0
LINE
8
BLACK
6
CONTINUOUS
10
5.9019028740157475
20
-4.5365496850393701
11
5.9034056692913381
21
-4.5410581102362206
0
LINE
8
BLACK
6
CONTINUOUS
10
5.9034056692913381
20
-4.5410581102362206
11
5.9254099606299215
21
-4.5630624409448819
0
LINE
8
BLACK
6
CONTINUOUS
10
5.9254099606299215
20
-4.5630624409448819
11
5.9257772047244091
21
-4.5635098818897637
0
LINE
8
BLACK
6
CONTINUOUS
10
5.9257772047244091
20
-4.5635098818897637
11
5.9262180708661418
21
-4.5645743307086617
0
LINE
8
BLACK
6
CONTINUOUS
10
5.9262180708661418
20
-4.5645743307086617
11
5.9262180708661418
21
-4.5657264173228347
0
LINE
8
BLACK
6
CONTINUOUS
10
5.9262180708661418
20
-4.5657264173228347
11
5.9257771653543303
21
-4.566790826771653
0
LINE
8
BLACK
6
CONTINUOUS
10
5.9257771653543303
20
-4.566790826771653
11
5.9249625196850388
21
-4.5676055118110233
0
LINE
8
BLACK
6
CONTINUOUS
10
5.9249625196850388
20
-4.5676055118110233
11
5.9242098425196845
21
-4.5679172440944882
0
LINE
8
BLACK
6
CONTINUOUS
10
5.9242098425196845
20
-4.5679172440944882
11
5.9238981102362205
21
-4.568046377952756
0
LINE
8
BLACK
6
CONTINUOUS
10
5.9238981102362205
20
-4.568046377952756
11
5.9233220472440946
21
-4.56810311023622
0
LINE
8
BLACK
6
CONTINUOUS
10
5.9233220472440946
20
-4.56810311023622
11
5.8989501181102364
21
-4.56810311023622
0
LINE
8
BLACK
6
CONTINUOUS
10
5.8989501181102364
20
-4.56810311023622
11
5.8983740551181105
21
-4.568046377952756
0
LINE
8
BLACK
6
CONTINUOUS
10
5.8983740551181105
20
-4.568046377952756
11
5.8973096456692913
21
-4.5676054724409445
0
LINE
8
BLACK
6
CONTINUOUS
10
5.8973096456692913
20
-4.5676054724409445
11
5.8964949999999998
21
-4.566790826771653
0
LINE
8
BLACK
6
CONTINUOUS
10
5.8964949999999998
20
-4.566790826771653
11
5.8960540944881892
21
-4.5657264173228347
0
LINE
8
BLACK
6
CONTINUOUS
10
5.8960540944881892
20
-4.5657264173228347
11
5.8960540944881892
21
-4.5645742913385829
0
LINE
8
BLACK
6
CONTINUOUS
10
5.8960540944881892
20
-4.5645742913385829
11
5.8964949999999998
21
-4.5635098818897637
0
LINE
8
BLACK
6
CONTINUOUS
10
5.8964949999999998
20
-4.5635098818897637
11
5.8973096456692913
21
-4.5626952362204722
0
LINE
8
BLACK
6
CONTINUOUS
10
5.8973096456692913
20
-4.5626952362204722
11
5.8983740551181105
21
-4.5622543307086616
0
LINE
8
BLACK
6
CONTINUOUS
10
5.8983740551181105
20
-4.5622543307086616
11
5.8989501181102364
21
-4.5621975984251968
0
LINE
8
BLACK
6
CONTINUOUS
10
5.8989501181102364
20
-4.5621975984251968
11
5.9161934645669287
21
-4.5621975984251968
0
LINE
8
BLACK
6
CONTINUOUS
10
5.9161934645669287
20
-4.5621975984251968
11
5.898736968503937
21
-4.5447410629921263
0
LINE
8
BLACK
6
CONTINUOUS
10
5.898736968503937
20
-4.5447410629921263
11
5.8983697637795274
21
-4.5442936220472436
0
LINE
8
BLACK
6
CONTINUOUS
10
5.8983697637795274
20
-4.5442936220472436
11
5.898329133858268
21
-4.5441955511811019
0
LINE
8
BLACK
6
CONTINUOUS
10
5.898329133858268
20
-4.5441955511811019
11
5.8982596456692908
21
-4.544115433070866
0
LINE
8
BLACK
6
CONTINUOUS
10
5.8982596456692908
20
-4.544115433070866
11
5.8980236614173229
21
-4.5435868897637794
0
LINE
8
BLACK
6
CONTINUOUS
10
5.8980236614173229
20
-4.5435868897637794
11
5.8961488976377954
21
-4.5379625984251968
0
LINE
8
BLACK
6
CONTINUOUS
10
5.8961488976377954
20
-4.5379625984251968
11
5.8960839370078739
21
-4.5376770078740156
0
LINE
8
BLACK
6
CONTINUOUS
10
5.8960839370078739
20
-4.5376770078740156
11
5.8960540944881892
21
-4.5376049212598426
0
LINE
8
BLACK
6
CONTINUOUS
10
5.8960540944881892
20
-4.5376049212598426
11
5.8960437795275586
21
-4.5375003937007872
0
LINE
8
BLACK
6
CONTINUOUS
10
5.8960437795275586
20
-4.5375003937007872
11
5.8960205511811026
21
-4.5373981496062994
0
LINE
8
BLACK
6
CONTINUOUS
10
5.8960205511811026
20
-4.5373981496062994
11
5.8960260629921262
21
-4.5373203937007869
0
LINE
8
BLACK
6
CONTINUOUS
10
5.8960260629921262
20
-4.5373203937007869
11
5.8959973622047244
21
-4.5370288582677167
0
LINE
8
BLACK
6
CONTINUOUS
10
5.8959973622047244
20
-4.5370288582677167
11
5.8959973622047244
21
-4.5332793307086616
0
LINE
8
BLACK
6
CONTINUOUS
10
5.8959973622047244
20
-4.5332793307086616
11
5.8960540944881892
21
-4.5327032677165358
0
LINE
8
BLACK
6
CONTINUOUS
10
5.8960540944881892
20
-4.5327032677165358
11
5.8960946850393698
21
-4.5326052362204727
0
LINE
8
BLACK
6
CONTINUOUS
10
5.8960946850393698
20
-4.5326052362204727
11
5.8961022047244089
21
-4.5324994488188972
0
LINE
8
BLACK
6
CONTINUOUS
10
5.8961022047244089
20
-4.5324994488188972
11
5.8963090944881884
21
-4.5319588188976381
0
LINE
8
BLACK
6
CONTINUOUS
10
5.8963090944881884
20
-4.5319588188976381
11
5.898183858267716
21
-4.528209291338583
0
LINE
8
BLACK
6
CONTINUOUS
10
5.898183858267716
20
-4.528209291338583
11
5.8983399212598426
21
-4.5279612598425194
0
LINE
8
BLACK
6
CONTINUOUS
10
5.8983399212598426
20
-4.5279612598425194
11
5.8983697637795274
21
-4.5278893307086614
0
LINE
8
BLACK
6
CONTINUOUS
10
5.8983697637795274
20
-4.5278893307086614
11
5.8984362204724405
21
-4.5278083464566929
0
LINE
8
BLACK
6
CONTINUOUS
10
5.8984362204724405
20
-4.5278083464566929
11
5.898492204724409
21
-4.5277194094488191
0
LINE
8
BLACK
6
CONTINUOUS
10
5.898492204724409
20
-4.5277194094488191
11
5.8985511811023619
21
-4.5276682283464567
0
LINE
8
BLACK
6
CONTINUOUS
10
5.8985511811023619
20
-4.5276682283464567
11
5.898736968503937
21
-4.5274418897637796
0
LINE
8
BLACK
6
CONTINUOUS
10
5.898736968503937
20
-4.5274418897637796
11
5.9006117322834646
21
-4.525567125984252
0
LINE
8
BLACK
6
CONTINUOUS
10
5.9006117322834646
20
-4.525567125984252
11
5.9008380708661416
21
-4.5253813385826769
0
LINE
8
BLACK
6
CONTINUOUS
10
5.9008380708661416
20
-4.5253813385826769
11
5.9008892519685041
21
-4.5253223622047241
0
LINE
8
BLACK
6
CONTINUOUS
10
5.9008892519685041
20
-4.5253223622047241
11
5.9009781889763779
21
-4.5252663779527555
0
LINE
8
BLACK
6
CONTINUOUS
10
5.9009781889763779
20
-4.5252663779527555
11
5.9010591732283464
21
-4.5251999212598424
0
LINE
8
BLACK
6
CONTINUOUS
10
5.9010591732283464
20
-4.5251999212598424
11
5.9011311023622044
21
-4.5251700787401576
0
LINE
8
BLACK
6
CONTINUOUS
10
5.9011311023622044
20
-4.5251700787401576
11
5.901379133858268
21
-4.525014015748031
0
LINE
8
BLACK
6
CONTINUOUS
10
5.901379133858268
20
-4.525014015748031
11
5.9051286614173231
21
-4.5231392519685034
0
LINE
8
BLACK
6
CONTINUOUS
10
5.9051286614173231
20
-4.5231392519685034
11
5.9056692519685035
21
-4.5229323622047239
0
LINE
8
BLACK
6
CONTINUOUS
10
5.9056692519685035
20
-4.5229323622047239
11
5.9057751181102365
21
-4.5229248031496061
0
LINE
8
BLACK
6
CONTINUOUS
10
5.9057751181102365
20
-4.5229248031496061
11
5.9058731102362207
21
-4.5228842519685042
0
LINE
8
BLACK
6
CONTINUOUS
10
5.9058731102362207
20
-4.5228842519685042
11
5.9064491732283466
21
-4.5228275196850394
0
LINE
8
BLACK
6
CONTINUOUS
10
5.9064491732283466
20
-4.5228275196850394
11
5.9158229921259844
21
-4.5228275196850394
0
LINE
8
BLACK
6
CONTINUOUS
10
5.9158229921259844
20
-4.5228275196850394
11
5.9163990551181103
21
-4.5228842519685042
0
LINE
8
BLACK
6
CONTINUOUS
10
5.939960669291338
20
-4.5233251574803148
11
5.9407753149606295
21
-4.5241398031496063
0
LINE
8
BLACK
6
CONTINUOUS
10
5.9407753149606295
20
-4.5241398031496063
11
5.941216220472441
21
-4.5252042125984255
0
LINE
8
BLACK
6
CONTINUOUS
10
5.941216220472441
20
-4.5252042125984255
11
5.9412729527559049
21
-4.5257802755905514
0
LINE
8
BLACK
6
CONTINUOUS
10
5.9412729527559049
20
-4.5257802755905514
11
5.9412729527559049
21
-4.5534225590551181
0
LINE
8
BLACK
6
CONTINUOUS
10
5.9412729527559049
20
-4.5534225590551181
11
5.9427757480314956
21
-4.5579309842519686
0
LINE
8
BLACK
6
CONTINUOUS
10
5.9427757480314956
20
-4.5579309842519686
11
5.9455395275590552
21
-4.5606948031496062
0
LINE
8
BLACK
6
CONTINUOUS
10
5.9455395275590552
20
-4.5606948031496062
11
5.9500479133858271
21
-4.5621975984251968
0
LINE
8
BLACK
6
CONTINUOUS
10
5.9500479133858271
20
-4.5621975984251968
11
5.9533183070866142
21
-4.5621975984251968
0
LINE
8
BLACK
6
CONTINUOUS
10
5.9533183070866142
20
-4.5621975984251968
11
5.9538943700787401
21
-4.5622543307086616
0
LINE
8
BLACK
6
CONTINUOUS
10
5.9538943700787401
20
-4.5622543307086616
11
5.9549587795275585
21
-4.5626952362204722
0
LINE
8
BLACK
6
CONTINUOUS
10
5.9549587795275585
20
-4.5626952362204722
11
5.9557734251968499
21
-4.5635098818897637
0
LINE
8
BLACK
6
CONTINUOUS
10
5.9557734251968499
20
-4.5635098818897637
11
5.9562143307086615
21
-4.5645742913385829
0
LINE
8
BLACK
6
CONTINUOUS
10
5.9562143307086615
20
-4.5645742913385829
11
5.9562143307086615
21
-4.5657264173228347
0
LINE
8
BLACK
6
CONTINUOUS
10
5.9562143307086615
20
-4.5657264173228347
11
5.9557734251968499
21
-4.566790826771653
0
LINE
8
BLACK
6
CONTINUOUS
10
5.9557734251968499
20
-4.566790826771653
11
5.9549587795275585
21
-4.5676054724409445
0
LINE
8
BLACK
6
CONTINUOUS
10
5.9549587795275585
20
-4.5676054724409445
11
5.9538943700787401
21
-4.568046377952756
0
LINE
8
BLACK
6
CONTINUOUS
10
5.9538943700787401
20
-4.568046377952756
11
5.9533183070866142
21
-4.56810311023622
0
LINE
8
BLACK
6
CONTINUOUS
10
5.9533183070866142
20
-4.56810311023622
11
5.9495687795275591
21
-4.56810311023622
0
LINE
8
BLACK
6
CONTINUOUS
10
5.9495687795275591
20
-4.56810311023622
11
5.9492771653543306
21
-4.5680743700787403
0
LINE
8
BLACK
6
CONTINUOUS
10
5.9492771653543306
20
-4.5680743700787403
11
5.9491994488188977
21
-4.5680799212598426
0
LINE
8
BLACK
6
CONTINUOUS
10
5.9491994488188977
20
-4.5680799212598426
11
5.9490971653543303
21
-4.5680566535433069
0
LINE
8
BLACK
6
CONTINUOUS
10
5.9490971653543303
20
-4.5680566535433069
11
5.9489927165354333
21
-4.568046377952756
0
LINE
8
BLACK
6
CONTINUOUS
10
5.9489927165354333
20
-4.568046377952756
11
5.9489206299212594
21
-4.5680164960629916
0
LINE
8
BLACK
6
CONTINUOUS
10
5.9489206299212594
20
-4.5680164960629916
11
5.9486349999999995
21
-4.5679515748031498
0
LINE
8
BLACK
6
CONTINUOUS
10
5.9486349999999995
20
-4.5679515748031498
11
5.9430107480314955
21
-4.5660768110236223
0
LINE
8
BLACK
6
CONTINUOUS
10
5.9430107480314955
20
-4.5660768110236223
11
5.9424821653543303
21
-4.5658408267716535
0
LINE
8
BLACK
6
CONTINUOUS
10
5.9424821653543303
20
-4.5658408267716535
11
5.9424020472440944
21
-4.5657713385826773
0
LINE
8
BLACK
6
CONTINUOUS
10
5.9424020472440944
20
-4.5657713385826773
11
5.9423040157480314
21
-4.5657307480314957
0
LINE
8
BLACK
6
CONTINUOUS
10
5.9423040157480314
20
-4.5657307480314957
11
5.9418565748031495
21
-4.5653635039370082
0
LINE
8
BLACK
6
CONTINUOUS
10
5.9418565748031495
20
-4.5653635039370082
11
5.9381070472440944
21
-4.5616139370078743
0
LINE
8
BLACK
6
CONTINUOUS
10
5.9381070472440944
20
-4.5616139370078743
11
5.937739803149606
21
-4.5611664566929129
0
LINE
8
BLACK
6
CONTINUOUS
10
5.937739803149606
20
-4.5611664566929129
11
5.9376991732283466
21
-4.561068385826772
0
LINE
8
BLACK
6
CONTINUOUS
10
5.9376991732283466
20
-4.561068385826772
11
5.9376297244094483
21
-4.560988307086614
0
LINE
8
BLACK
6
CONTINUOUS
10
5.9376297244094483
20
-4.560988307086614
11
5.9373937401574803
21
-4.5604597637795274
0
LINE
8
BLACK
6
CONTINUOUS
10
5.9373937401574803
20
-4.5604597637795274
11
5.9355189763779528
21
-4.5548354724409448
0
LINE
8
BLACK
6
CONTINUOUS
10
5.9355189763779528
20
-4.5548354724409448
11
5.9354540157480313
21
-4.5545498818897636
0
LINE
8
BLACK
6
CONTINUOUS
10
5.9354540157480313
20
-4.5545498818897636
11
5.9354241732283466
21
-4.5544777952755906
0
LINE
8
BLACK
6
CONTINUOUS
10
5.9354241732283466
20
-4.5544777952755906
11
5.9354138582677161
21
-4.5543732677165352
0
LINE
8
BLACK
6
CONTINUOUS
10
5.9354138582677161
20
-4.5543732677165352
11
5.93539062992126
21
-4.5542710236220474
0
LINE
8
BLACK
6
CONTINUOUS
10
5.93539062992126
20
-4.5542710236220474
11
5.9353961417322836
21
-4.5541932677165358
0
LINE
8
BLACK
6
CONTINUOUS
10
5.9353961417322836
20
-4.5541932677165358
11
5.9353674409448818
21
-4.5539017322834647
0
LINE
8
BLACK
6
CONTINUOUS
10
5.9353674409448818
20
-4.5539017322834647
11
5.9353674409448818
21
-4.5257802755905514
0
LINE
8
BLACK
6
CONTINUOUS
10
5.9353674409448818
20
-4.5257802755905514
11
5.9354241732283466
21
-4.5252042125984255
0
LINE
8
BLACK
6
CONTINUOUS
10
5.9354241732283466
20
-4.5252042125984255
11
5.9358650787401572
21
-4.5241398031496063
0
LINE
8
BLACK
6
CONTINUOUS
10
5.9358650787401572
20
-4.5241398031496063
11
5.9366797244094487
21
-4.5233251574803148
0
LINE
8
BLACK
6
CONTINUOUS
10
5.9366797244094487
20
-4.5233251574803148
11
5.9377441338582679
21
-4.5228842519685042
0
LINE
8
BLACK
6
CONTINUOUS
10
5.9377441338582679
20
-4.5228842519685042
11
5.9388962598425197
21
-4.5228842519685042
0
LINE
8
BLACK
6
CONTINUOUS
10
5.9388962598425197
20
-4.5228842519685042
11
5.939960669291338
21
-4.5233251574803148
0
LINE
8
BLACK
6
CONTINUOUS
10
5.3104501181102357
20
-4.455788937007874
11
5.3106299212598422
21
-4.4566929133858268
0
LINE
8
BLACK
6
CONTINUOUS
10
5.3106299212598422
20
-4.4566929133858268
11
5.3106299212598422
21
-4.5015748031496061
0
LINE
8
BLACK
6
CONTINUOUS
10
5.3106299212598422
20
-4.5015748031496061
11
5.3104501181102357
21
-4.5024787795275589
0
LINE
8
BLACK
6
CONTINUOUS
10
5.3104501181102357
20
-4.5024787795275589
11
5.3091716929133854
21
-4.5037572047244092
0
LINE
8
BLACK
6
CONTINUOUS
10
5.3091716929133854
20
-4.5037572047244092
11
5.3073637401574798
21
-4.5037572047244092
0
LINE
8
BLACK
6
CONTINUOUS
10
5.3073637401574798
20
-4.5037572047244092
11
5.3060853149606295
21
-4.5024787795275589
0
LINE
8
BLACK
6
CONTINUOUS
10
5.3060853149606295
20
-4.5024787795275589
11
5.3059055118110239
21
-4.5015748031496061
0
LINE
8
BLACK
6
CONTINUOUS
10
5.3059055118110239
20
-4.5015748031496061
11
5.3059055118110239
21
-4.4566929133858268
0
LINE
8
BLACK
6
CONTINUOUS
10
5.3059055118110239
20
-4.4566929133858268
11
5.3060853149606295
21
-4.455788937007874
0
LINE
8
BLACK
6
CONTINUOUS
10
5.3060853149606295
20
-4.455788937007874
11
5.3073637401574798
21
-4.4545105118110238
0
LINE
8
BLACK
6
CONTINUOUS
10
5.3073637401574798
20
-4.4545105118110238
11
5.3091716929133854
21
-4.4545105118110238
0
LINE
8
BLACK
6
CONTINUOUS
10
5.3091716929133854
20
-4.4545105118110238
11
5.3104501181102357
21
-4.455788937007874
0
LINE
8
BLACK
6
CONTINUOUS
10
5.5994264960629918
20
-4.455788937007874
11
5.5996062992125983
21
-4.4566929133858268
0
LINE
8
BLACK
6
CONTINUOUS
10
5.5996062992125983
20
-4.4566929133858268
11
5.5996062992125983
21
-4.5015748031496061
0
LINE
8
BLACK
6
CONTINUOUS
10
5.5996062992125983
20
-4.5015748031496061
11
5.5994264960629918
21
-4.5024787795275589
0
LINE
8
BLACK
6
CONTINUOUS
10
5.5994264960629918
20
-4.5024787795275589
11
5.5981480708661415
21
-4.5037572047244092
0
LINE
8
BLACK
6
CONTINUOUS
10
5.5981480708661415
20
-4.5037572047244092
11
5.5963401181102359
21
-4.5037572047244092
0
LINE
8
BLACK
6
CONTINUOUS
10
5.5963401181102359
20
-4.5037572047244092
11
5.5950616929133856
21
-4.5024787795275589
0
LINE
8
BLACK
6
CONTINUOUS
10
5.5950616929133856
20
-4.5024787795275589
11
5.5948818897637791
21
-4.5015748031496061
0
LINE
8
BLACK
6
CONTINUOUS
10
5.5948818897637791
20
-4.5015748031496061
11
5.5948818897637791
21
-4.4566929133858268
0
LINE
8
BLACK
6
CONTINUOUS
10
5.5948818897637791
20
-4.4566929133858268
11
5.5950616929133856
21
-4.455788937007874
0
LINE
8
BLACK
6
CONTINUOUS
10
5.5950616929133856
20
-4.455788937007874
11
5.5963401181102359
21
-4.4545105118110238
0
LINE
8
BLACK
6
CONTINUOUS
10
5.5963401181102359
20
-4.4545105118110238
11
5.5981480708661415
21
-4.4545105118110238
0
LINE
8
BLACK
6
CONTINUOUS
10
5.5981480708661415
20
-4.4545105118110238
11
5.5994264960629918
21
-4.455788937007874
0
LINE
8
BLACK
6
CONTINUOUS
10
5.9262976771653539
20
-4.3726207480314958
11
5.9275761023622042
21
-4.3738991732283461
0
LINE
8
BLACK
6
CONTINUOUS
10
5.9275761023622042
20
-4.3738991732283461
11
5.9277559055118108
21
-4.3748031496062989
0
LINE
8
BLACK
6
CONTINUOUS
10
5.9277559055118108
20
-4.3748031496062989
11
5.9277559055118108
21
-4.4834645669291335
0
LINE
8
BLACK
6
CONTINUOUS
10
5.9277559055118108
20
-4.4834645669291335
11
5.9275761023622042
21
-4.4843685433070863
0
LINE
8
BLACK
6
CONTINUOUS
10
5.9275761023622042
20
-4.4843685433070863
11
5.9262976771653539
21
-4.4856469685039366
0
LINE
8
BLACK
6
CONTINUOUS
10
5.9262976771653539
20
-4.4856469685039366
11
5.9253937007874011
21
-4.4858267716535432
0
LINE
8
BLACK
6
CONTINUOUS
10
5.9253937007874011
20
-4.4858267716535432
11
5.8210629921259844
21
-4.4858267716535432
0
LINE
8
BLACK
6
CONTINUOUS
10
5.8210629921259844
20
-4.4858267716535432
11
5.8201590157480316
21
-4.4856469685039366
0
LINE
8
BLACK
6
CONTINUOUS
10
5.8201590157480316
20
-4.4856469685039366
11
5.8188805905511813
21
-4.4843685433070863
0
LINE
8
BLACK
6
CONTINUOUS
10
5.8188805905511813
20
-4.4843685433070863
11
5.8187007874015748
21
-4.4834645669291335
0
LINE
8
BLACK
6
CONTINUOUS
10
5.8187007874015748
20
-4.4834645669291335
11
5.8187007874015748
21
-4.3748031496062989
0
LINE
8
BLACK
6
CONTINUOUS
10
5.8187007874015748
20
-4.3748031496062989
11
5.8188805905511813
21
-4.3738991732283461
0
LINE
8
BLACK
6
CONTINUOUS
10
5.8188805905511813
20
-4.3738991732283461
11
5.8201590157480316
21
-4.3726207480314958
0
LINE
8
BLACK
6
CONTINUOUS
10
5.8201590157480316
20
-4.3726207480314958
11
5.8210629921259844
21
-4.3724409448818893
0
LINE
8
BLACK
6
CONTINUOUS
10
5.8210629921259844
20
-4.3724409448818893
11
5.9253937007874011
21
-4.3724409448818893
0
LINE
8
BLACK
6
CONTINUOUS
10
5.9253937007874011
20
-4.3724409448818893
11
5.9262976771653539
21
-4.3726207480314958
0
LINE
8
BLACK
6
CONTINUOUS
10
5.8234251968503932
20
-4.3771653543307085
11
5.8234251968503932
21
-4.4811023622047239
0
LINE
8
BLACK
6
CONTINUOUS
10
5.8234251968503932
20
-4.4811023622047239
11
5.9230314960629924
21
-4.4811023622047239
0
LINE
8
BLACK
6
CONTINUOUS
10
5.9230314960629924
20
-4.4811023622047239
11
5.9230314960629924
21
-4.3771653543307085
0
LINE
8
BLACK
6
CONTINUOUS
10
5.9230314960629924
20
-4.3771653543307085
11
5.8234251968503932
21
-4.3771653543307085
0
LINE
8
BLACK
6
CONTINUOUS
10
6.0319068110236218
20
-4.4282298818897639
11
6.0320866141732283
21
-4.4291338582677167
0
LINE
8
BLACK
6
CONTINUOUS
10
6.0320866141732283
20
-4.4291338582677167
11
6.0320866141732283
21
-4.4834645669291335
0
LINE
8
BLACK
6
CONTINUOUS
10
6.0320866141732283
20
-4.4834645669291335
11
6.0319068110236218
21
-4.4843685433070863
0
LINE
8
BLACK
6
CONTINUOUS
10
6.0319068110236218
20
-4.4843685433070863
11
6.0306283858267715
21
-4.4856469685039366
0
LINE
8
BLACK
6
CONTINUOUS
10
6.0306283858267715
20
-4.4856469685039366
11
6.0297244094488187
21
-4.4858267716535432
0
LINE
8
BLACK
6
CONTINUOUS
10
6.0297244094488187
20
-4.4858267716535432
11
5.9753937007874018
21
-4.4858267716535432
0
LINE
8
BLACK
6
CONTINUOUS
10
5.9753937007874018
20
-4.4858267716535432
11
5.974489724409449
21
-4.4856469685039366
0
LINE
8
BLACK
6
CONTINUOUS
10
5.974489724409449
20
-4.4856469685039366
11
5.9732112992125979
21
-4.4843685433070863
0
LINE
8
BLACK
6
CONTINUOUS
10
5.9732112992125979
20
-4.4843685433070863
11
5.9732112992125979
21
-4.4825605905511807
0
LINE
8
BLACK
6
CONTINUOUS
10
5.9732112992125979
20
-4.4825605905511807
11
5.974489724409449
21
-4.4812821653543304
0
LINE
8
BLACK
6
CONTINUOUS
10
5.974489724409449
20
-4.4812821653543304
11
5.9753937007874018
21
-4.4811023622047239
0
LINE
8
BLACK
6
CONTINUOUS
10
5.9753937007874018
20
-4.4811023622047239
11
6.0273622047244091
21
-4.4811023622047239
0
LINE
8
BLACK
6
CONTINUOUS
10
6.0273622047244091
20
-4.4811023622047239
11
6.0273622047244091
21
-4.4291338582677167
0
LINE
8
BLACK
6
CONTINUOUS
10
6.0273622047244091
20
-4.4291338582677167
11
6.0275420078740156
21
-4.4282298818897639
0
LINE
8
BLACK
6
CONTINUOUS
10
6.0275420078740156
20
-4.4282298818897639
11
6.0288204330708659
21
-4.4269514566929136
0
LINE
8
BLACK
6
CONTINUOUS
10
6.0288204330708659
20
-4.4269514566929136
11
6.0306283858267715
21
-4.4269514566929136
0
LINE
8
BLACK
6
CONTINUOUS
10
6.0306283858267715
20
-4.4269514566929136
11
6.0319068110236218
21
-4.4282298818897639
0
LINE
8
BLACK
6
CONTINUOUS
10
5.3104501181102357
20
-4.3557889370078735
11
5.3106299212598422
21
-4.3566929133858263
0
LINE
8
BLACK
6
CONTINUOUS
10
5.3106299212598422
20
-4.3566929133858263
11
5.3106299212598422
21
-4.4015748031496065
0
LINE
8
BLACK
6
CONTINUOUS
10
5.3106299212598422
20
-4.4015748031496065
11
5.3104501181102357
21
-4.4024787795275593
0
LINE
8
BLACK
6
CONTINUOUS
10
5.3104501181102357
20
-4.4024787795275593
11
5.3091716929133854
21
-4.4037572047244096
0
LINE
8
BLACK
6
CONTINUOUS
10
5.3091716929133854
20
-4.4037572047244096
11
5.3073637401574798
21
-4.4037572047244096
0
LINE
8
BLACK
6
CONTINUOUS
10
5.3073637401574798
20
-4.4037572047244096
11
5.3060853149606295
21
-4.4024787795275593
0
LINE
8
BLACK
6
CONTINUOUS
10
5.3060853149606295
20
-4.4024787795275593
11
5.3059055118110239
21
-4.4015748031496065
0
LINE
8
BLACK
6
CONTINUOUS
10
5.3059055118110239
20
-4.4015748031496065
11
5.3059055118110239
21
-4.3566929133858263
0
LINE
8
BLACK
6
CONTINUOUS
10
5.3059055118110239
20
-4.3566929133858263
11
5.3060853149606295
21
-4.3557889370078735
0
LINE
8
BLACK
6
CONTINUOUS
10
5.3060853149606295
20
-4.3557889370078735
11
5.3073637401574798
21
-4.3545105118110232
0
LINE
8
BLACK
6
CONTINUOUS
10
5.3073637401574798
20
-4.3545105118110232
11
5.3091716929133854
21
-4.3545105118110232
0
LINE
8
BLACK
6
CONTINUOUS
10
5.3091716929133854
20
-4.3545105118110232
11
5.3104501181102357
21
-4.3557889370078735
0
LINE
8
BLACK
6
CONTINUOUS
10
5.5994264960629918
20
-4.3557889370078735
11
5.5996062992125983
21
-4.3566929133858263
0
LINE
8
BLACK
6
CONTINUOUS
10
5.5996062992125983
20
-4.3566929133858263
11
5.5996062992125983
21
-4.4015748031496065
0
LINE
8
BLACK
6
CONTINUOUS
10
5.5996062992125983
20
-4.4015748031496065
11
5.5994264960629918
21
-4.4024787795275593
0
LINE
8
BLACK
6
CONTINUOUS
10
5.5994264960629918
20
-4.4024787795275593
11
5.5981480708661415
21
-4.4037572047244096
0
LINE
8
BLACK
6
CONTINUOUS
10
5.5981480708661415
20
-4.4037572047244096
11
5.5963401181102359
21
-4.4037572047244096
0
LINE
8
BLACK
6
CONTINUOUS
10
5.5963401181102359
20
-4.4037572047244096
11
5.5950616929133856
21
-4.4024787795275593
0
LINE
8
BLACK
6
CONTINUOUS
10
5.5950616929133856
20
-4.4024787795275593
11
5.5948818897637791
21
-4.4015748031496065
0
LINE
8
BLACK
6
CONTINUOUS
10
5.5948818897637791
20
-4.4015748031496065
11
5.5948818897637791
21
-4.3566929133858263
0
LINE
8
BLACK
6
CONTINUOUS
10
5.5948818897637791
20
-4.3566929133858263
11
5.5950616929133856
21
-4.3557889370078735
0
LINE
8
BLACK
6
CONTINUOUS
10
5.5950616929133856
20
-4.3557889370078735
11
5.5963401181102359
21
-4.3545105118110232
0
LINE
8
BLACK
6
CONTINUOUS
10
5.5963401181102359
20
-4.3545105118110232
11
5.5981480708661415
21
-4.3545105118110232
0
LINE
8
BLACK
6
CONTINUOUS
10
5.5981480708661415
20
-4.3545105118110232
11
5.5994264960629918
21
-4.3557889370078735
0
LINE
8
BLACK
6
CONTINUOUS
10
5.8120922047244097
20
-4.317174803149606
11
5.8121350787401571
21
-4.317160551181102
0
LINE
8
BLACK
6
CONTINUOUS
10
5.8121350787401571
20
-4.317160551181102
11
5.8124392913385829
21
-4.3172438582677168
0
LINE
8
BLACK
6
CONTINUOUS
10
5.8124392913385829
20
-4.3172438582677168
11
5.8127488188976377
21
-4.3173054330708664
0
LINE
8
BLACK
6
CONTINUOUS
10
5.8127488188976377
20
-4.3173054330708664
11
5.8127807480314964
21
-4.3173373622047242
0
LINE
8
BLACK
6
CONTINUOUS
10
5.8127807480314964
20
-4.3173373622047242
11
5.8128758661417326
21
-4.3173634251968505
0
LINE
8
BLACK
6
CONTINUOUS
10
5.8128758661417326
20
-4.3173634251968505
11
5.8166253543307089
21
-4.3192381496062993
0
LINE
8
BLACK
6
CONTINUOUS
10
5.8166253543307089
20
-4.3192381496062993
11
5.8168746850393696
21
-4.3194316535433073
0
LINE
8
BLACK
6
CONTINUOUS
10
5.8168746850393696
20
-4.3194316535433073
11
5.8171369685039371
21
-4.3196069291338581
0
LINE
8
BLACK
6
CONTINUOUS
10
5.8171369685039371
20
-4.3196069291338581
11
5.8190117322834647
21
-4.3214816535433069
0
LINE
8
BLACK
6
CONTINUOUS
10
5.8190117322834647
20
-4.3214816535433069
11
5.8191870866141731
21
-4.3217440944881886
0
LINE
8
BLACK
6
CONTINUOUS
10
5.8191870866141731
20
-4.3217440944881886
11
5.8193804724409448
21
-4.3219932677165351
0
LINE
8
BLACK
6
CONTINUOUS
10
5.8193804724409448
20
-4.3219932677165351
11
5.8212552362204724
21
-4.3257427952755902
0
LINE
8
BLACK
6
CONTINUOUS
10
5.8212552362204724
20
-4.3257427952755902
11
5.8212812598425199
21
-4.3258378740157477
0
LINE
8
BLACK
6
CONTINUOUS
10
5.8212812598425199
20
-4.3258378740157477
11
5.8213132283464564
21
-4.3258698425196851
0
LINE
8
BLACK
6
CONTINUOUS
10
5.8213132283464564
20
-4.3258698425196851
11
5.8213747637795272
21
-4.3261793307086611
0
LINE
8
BLACK
6
CONTINUOUS
10
5.8213747637795272
20
-4.3261793307086611
11
5.82145811023622
21
-4.3264835826771648
0
LINE
8
BLACK
6
CONTINUOUS
10
5.82145811023622
20
-4.3264835826771648
11
5.8214438188976381
21
-4.3265264173228344
0
LINE
8
BLACK
6
CONTINUOUS
10
5.8214438188976381
20
-4.3265264173228344
11
5.8214630708661419
21
-4.3266231496062995
0
LINE
8
BLACK
6
CONTINUOUS
10
5.8214630708661419
20
-4.3266231496062995
11
5.8214630708661419
21
-4.3378717322834648
0
LINE
8
BLACK
6
CONTINUOUS
10
5.8214630708661419
20
-4.3378717322834648
11
5.8214438188976381
21
-4.3379684251968502
0
LINE
8
BLACK
6
CONTINUOUS
10
5.8214438188976381
20
-4.3379684251968502
11
5.82145811023622
21
-4.3380112992125985
0
LINE
8
BLACK
6
CONTINUOUS
10
5.82145811023622
20
-4.3380112992125985
11
5.8213747637795272
21
-4.3383155118110235
0
LINE
8
BLACK
6
CONTINUOUS
10
5.8213747637795272
20
-4.3383155118110235
11
5.8213132283464564
21
-4.3386250393700783
0
LINE
8
BLACK
6
CONTINUOUS
10
5.8213132283464564
20
-4.3386250393700783
11
5.8212812598425199
21
-4.3386569685039369
0
LINE
8
BLACK
6
CONTINUOUS
10
5.8212812598425199
20
-4.3386569685039369
11
5.8212552362204724
21
-4.3387520866141731
0
LINE
8
BLACK
6
CONTINUOUS
10
5.8212552362204724
20
-4.3387520866141731
11
5.8193804724409448
21
-4.3425016141732282
0
LINE
8
BLACK
6
CONTINUOUS
10
5.8193804724409448
20
-4.3425016141732282
11
5.8191870866141731
21
-4.342750748031496
0
LINE
8
BLACK
6
CONTINUOUS
10
5.8191870866141731
20
-4.342750748031496
11
5.8190117716535434
21
-4.3430131889763777
0
LINE
8
BLACK
6
CONTINUOUS
10
5.8190117716535434
20
-4.3430131889763777
11
5.8171370078740159
21
-4.344887992125984
0
LINE
8
BLACK
6
CONTINUOUS
10
5.8171370078740159
20
-4.344887992125984
11
5.8168744488188979
21
-4.3450634251968507
0
LINE
8
BLACK
6
CONTINUOUS
10
5.8168744488188979
20
-4.3450634251968507
11
5.8166253543307089
21
-4.3452567716535428
0
LINE
8
BLACK
6
CONTINUOUS
10
5.8166253543307089
20
-4.3452567716535428
11
5.8128758661417326
21
-4.3471314960629917
0
LINE
8
BLACK
6
CONTINUOUS
10
5.8128758661417326
20
-4.3471314960629917
11
5.8127807480314964
21
-4.3471575196850392
0
LINE
8
BLACK
6
CONTINUOUS
10
5.8127807480314964
20
-4.3471575196850392
11
5.8127488188976377
21
-4.3471894881889765
0
LINE
8
BLACK
6
CONTINUOUS
10
5.8127488188976377
20
-4.3471894881889765
11
5.8124392913385829
21
-4.3472510236220474
0
LINE
8
BLACK
6
CONTINUOUS
10
5.8124392913385829
20
-4.3472510236220474
11
5.8121350787401571
21
-4.3473343700787401
0
LINE
8
BLACK
6
CONTINUOUS
10
5.8121350787401571
20
-4.3473343700787401
11
5.8120922047244097
21
-4.3473200787401574
0
LINE
8
BLACK
6
CONTINUOUS
10
5.8120922047244097
20
-4.3473200787401574
11
5.8119955118110234
21
-4.3473393307086612
0
LINE
8
BLACK
6
CONTINUOUS
10
5.8119955118110234
20
-4.3473393307086612
11
5.8063712204724407
21
-4.3473393307086612
0
LINE
8
BLACK
6
CONTINUOUS
10
5.8063712204724407
20
-4.3473393307086612
11
5.8062744881889765
21
-4.3473200787401574
0
LINE
8
BLACK
6
CONTINUOUS
10
5.8062744881889765
20
-4.3473200787401574
11
5.8062316535433069
21
-4.3473343700787401
0
LINE
8
BLACK
6
CONTINUOUS
10
5.8062316535433069
20
-4.3473343700787401
11
5.8059274015748032
21
-4.3472510236220474
0
LINE
8
BLACK
6
CONTINUOUS
10
5.8059274015748032
20
-4.3472510236220474
11
5.8056179133858263
21
-4.3471894881889765
0
LINE
8
BLACK
6
CONTINUOUS
10
5.8056179133858263
20
-4.3471894881889765
11
5.8055859448818898
21
-4.3471575196850392
0
LINE
8
BLACK
6
CONTINUOUS
10
5.8055859448818898
20
-4.3471575196850392
11
5.8054908661417324
21
-4.3471314960629917
0
LINE
8
BLACK
6
CONTINUOUS
10
5.8054908661417324
20
-4.3471314960629917
11
5.8017413385826773
21
-4.3452567322834641
0
LINE
8
BLACK
6
CONTINUOUS
10
5.8017413385826773
20
-4.3452567322834641
11
5.8014921653543308
21
-4.3450633464566932
0
LINE
8
BLACK
6
CONTINUOUS
10
5.8014921653543308
20
-4.3450633464566932
11
5.8012297244094491
21
-4.344887992125984
0
LINE
8
BLACK
6
CONTINUOUS
10
5.8012297244094491
20
-4.344887992125984
11
5.7993549606299215
21
-4.3430131889763777
0
LINE
8
BLACK
6
CONTINUOUS
10
5.7993549606299215
20
-4.3430131889763777
11
5.7991795669291335
21
-4.3427507086614172
0
LINE
8
BLACK
6
CONTINUOUS
10
5.7991795669291335
20
-4.3427507086614172
11
5.7989862204724405
21
-4.3425015748031495
0
LINE
8
BLACK
6
CONTINUOUS
10
5.7989862204724405
20
-4.3425015748031495
11
5.7971114960629917
21
-4.3387520866141731
0
LINE
8
BLACK
6
CONTINUOUS
10
5.7971114960629917
20
-4.3387520866141731
11
5.7970854330708663
21
-4.3386569685039369
0
LINE
8
BLACK
6
CONTINUOUS
10
5.7970854330708663
20
-4.3386569685039369
11
5.7970535039370077
21
-4.3386250393700783
0
LINE
8
BLACK
6
CONTINUOUS
10
5.7970535039370077
20
-4.3386250393700783
11
5.7969919291338581
21
-4.3383155118110235
0
LINE
8
BLACK
6
CONTINUOUS
10
5.7969919291338581
20
-4.3383155118110235
11
5.7969086220472441
21
-4.3380112992125985
0
LINE
8
BLACK
6
CONTINUOUS
10
5.7969086220472441
20
-4.3380112992125985
11
5.7969228740157481
21
-4.3379684251968502
0
LINE
8
BLACK
6
CONTINUOUS
10
5.7969228740157481
20
-4.3379684251968502
11
5.7969036614173231
21
-4.3378717322834648
0
LINE
8
BLACK
6
CONTINUOUS
10
5.7969036614173231
20
-4.3378717322834648
11
5.7969036614173231
21
-4.3266231496062995
0
LINE
8
BLACK
6
CONTINUOUS
10
5.7969036614173231
20
-4.3266231496062995
11
5.7969228740157481
21
-4.3265264173228344
0
LINE
8
BLACK
6
CONTINUOUS
10
5.7969228740157481
20
-4.3265264173228344
11
5.7969086220472441
21
-4.3264835826771648
0
LINE
8
BLACK
6
CONTINUOUS
10
5.7969086220472441
20
-4.3264835826771648
11
5.7969919291338581
21
-4.3261793307086611
0
LINE
8
BLACK
6
CONTINUOUS
10
5.7969919291338581
20
-4.3261793307086611
11
5.7970535039370077
21
-4.3258698425196851
0
LINE
8
BLACK
6
CONTINUOUS
10
5.7970535039370077
20
-4.3258698425196851
11
5.7970854330708663
21
-4.3258378740157477
0
LINE
8
BLACK
6
CONTINUOUS
10
5.7970854330708663
20
-4.3258378740157477
11
5.7971114960629917
21
-4.3257427952755902
0
LINE
8
BLACK
6
CONTINUOUS
10
5.7971114960629917
20
-4.3257427952755902
11
5.7989862204724405
21
-4.3219933070866139
0
LINE
8
BLACK
6
CONTINUOUS
10
5.7989862204724405
20
-4.3219933070866139
11
5.7991797244094485
21
-4.3217439370078736
0
LINE
8
BLACK
6
CONTINUOUS
10
5.7991797244094485
20
-4.3217439370078736
11
5.7993550000000003
21
-4.3214816929133857
0
LINE
8
BLACK
6
CONTINUOUS
10
5.7993550000000003
20
-4.3214816929133857
11
5.8012297244094491
21
-4.3196069291338581
0
LINE
8
BLACK
6
CONTINUOUS
10
5.8012297244094491
20
-4.3196069291338581
11
5.8014921653543308
21
-4.319431535433071
0
LINE
8
BLACK
6
CONTINUOUS
10
5.8014921653543308
20
-4.319431535433071
11
5.8017413385826773
21
-4.319238188976378
0
LINE
8
BLACK
6
CONTINUOUS
10
5.8017413385826773
20
-4.319238188976378
11
5.8054908661417324
21
-4.3173634251968505
0
LINE
8
BLACK
6
CONTINUOUS
10
5.8054908661417324
20
-4.3173634251968505
11
5.8055859448818898
21
-4.3173373622047242
0
LINE
8
BLACK
6
CONTINUOUS
10
5.8055859448818898
20
-4.3173373622047242
11
5.8056179133858263
21
-4.3173054330708664
0
LINE
8
BLACK
6
CONTINUOUS
10
5.8056179133858263
20
-4.3173054330708664
11
5.8059274015748032
21
-4.3172438582677168
0
LINE
8
BLACK
6
CONTINUOUS
10
5.8059274015748032
20
-4.3172438582677168
11
5.8062316535433069
21
-4.317160551181102
0
LINE
8
BLACK
6
CONTINUOUS
10
5.8062316535433069
20
-4.317160551181102
11
5.8062744881889765
21
-4.317174803149606
0
LINE
8
BLACK
6
CONTINUOUS
10
5.8062744881889765
20
-4.317174803149606
11
5.8063712204724407
21
-4.3171555905511809
0
LINE
8
BLACK
6
CONTINUOUS
10
5.8063712204724407
20
-4.3171555905511809
11
5.8119955118110234
21
-4.3171555905511809
0
LINE
8
BLACK
6
CONTINUOUS
10
5.8119955118110234
20
-4.3171555905511809
11
5.8120922047244097
21
-4.317174803149606
0
LINE
8
BLACK
6
CONTINUOUS
10
5.8037877559055113
20
-4.3226166535433066
11
5.8023647244094487
21
-4.3240396456692913
0
LINE
8
BLACK
6
CONTINUOUS
10
5.8023647244094487
20
-4.3240396456692913
11
5.8008406692913388
21
-4.3270878346456696
0
LINE
8
BLACK
6
CONTINUOUS
10
5.8008406692913388
20
-4.3270878346456696
11
5.8008406692913388
21
-4.3374070472440946
0
LINE
8
BLACK
6
CONTINUOUS
10
5.8008406692913388
20
-4.3374070472440946
11
5.8023647244094487
21
-4.3404551574803145
0
LINE
8
BLACK
6
CONTINUOUS
10
5.8023647244094487
20
-4.3404551574803145
11
5.8037877952755901
21
-4.3418782677165355
0
LINE
8
BLACK
6
CONTINUOUS
10
5.8037877952755901
20
-4.3418782677165355
11
5.8068359448818896
21
-4.3434023228346454
0
LINE
8
BLACK
6
CONTINUOUS
10
5.8068359448818896
20
-4.3434023228346454
11
5.8115308267716532
21
-4.3434023228346454
0
LINE
8
BLACK
6
CONTINUOUS
10
5.8115308267716532
20
-4.3434023228346454
11
5.8145788976377952
21
-4.3418782677165355
0
LINE
8
BLACK
6
CONTINUOUS
10
5.8145788976377952
20
-4.3418782677165355
11
5.8160019685039366
21
-4.3404551574803145
0
LINE
8
BLACK
6
CONTINUOUS
10
5.8160019685039366
20
-4.3404551574803145
11
5.8175260629921262
21
-4.3374070078740159
0
LINE
8
BLACK
6
CONTINUOUS
10
5.8175260629921262
20
-4.3374070078740159
11
5.8175260629921262
21
-4.3270878346456696
0
LINE
8
BLACK
6
CONTINUOUS
10
5.8175260629921262
20
-4.3270878346456696
11
5.8160019685039366
21
-4.3240396850393701
0
LINE
8
BLACK
6
CONTINUOUS
10
5.8160019685039366
20
-4.3240396850393701
11
5.8145789763779527
21
-4.3226166535433066
0
LINE
8
BLACK
6
CONTINUOUS
10
5.8145789763779527
20
-4.3226166535433066
11
5.8115308267716532
21
-4.3210925984251967
0
LINE
8
BLACK
6
CONTINUOUS
10
5.8115308267716532
20
-4.3210925984251967
11
5.8068359448818896
21
-4.3210925984251967
0
LINE
8
BLACK
6
CONTINUOUS
10
5.8068359448818896
20
-4.3210925984251967
11
5.8037877559055113
21
-4.3226166535433066
0
LINE
8
BLACK
6
CONTINUOUS
10
5.8419356692913382
20
-4.305247440944882
11
5.8420855118110238
21
-4.3060007480314964
0
LINE
8
BLACK
6
CONTINUOUS
10
5.8420855118110238
20
-4.3060007480314964
11
5.8420855118110238
21
-4.3171555905511809
0
LINE
8
BLACK
6
CONTINUOUS
10
5.8420855118110238
20
-4.3171555905511809
11
5.8457412992125981
21
-4.3171555905511809
0
LINE
8
BLACK
6
CONTINUOUS
10
5.8457412992125981
20
-4.3171555905511809
11
5.8464946062992125
21
-4.3173054330708664
0
LINE
8
BLACK
6
CONTINUOUS
10
5.8464946062992125
20
-4.3173054330708664
11
5.8475599606299209
21
-4.3183707874015749
0
LINE
8
BLACK
6
CONTINUOUS
10
5.8475599606299209
20
-4.3183707874015749
11
5.8475599606299209
21
-4.3198774015748027
0
LINE
8
BLACK
6
CONTINUOUS
10
5.8475599606299209
20
-4.3198774015748027
11
5.8464946062992125
21
-4.320942755905512
0
LINE
8
BLACK
6
CONTINUOUS
10
5.8464946062992125
20
-4.320942755905512
11
5.8457412992125981
21
-4.3210925984251967
0
LINE
8
BLACK
6
CONTINUOUS
10
5.8457412992125981
20
-4.3210925984251967
11
5.8420855118110238
21
-4.3210925984251967
0
LINE
8
BLACK
6
CONTINUOUS
10
5.8420855118110238
20
-4.3210925984251967
11
5.8420855118110238
21
-4.3397464960629923
0
LINE
8
BLACK
6
CONTINUOUS
10
5.8420855118110238
20
-4.3397464960629923
11
5.8420662598425199
21
-4.3398431889763778
0
LINE
8
BLACK
6
CONTINUOUS
10
5.8420662598425199
20
-4.3398431889763778
11
5.8420805511811018
21
-4.3398860629921261
0
LINE
8
BLACK
6
CONTINUOUS
10
5.8420805511811018
20
-4.3398860629921261
11
5.8419972047244091
21
-4.340190275590551
0
LINE
8
BLACK
6
CONTINUOUS
10
5.8419972047244091
20
-4.340190275590551
11
5.8419356692913382
21
-4.3404998031496058
0
LINE
8
BLACK
6
CONTINUOUS
10
5.8419356692913382
20
-4.3404998031496058
11
5.8419037007874017
21
-4.3405317322834645
0
LINE
8
BLACK
6
CONTINUOUS
10
5.8419037007874017
20
-4.3405317322834645
11
5.8418776771653542
21
-4.3406268503937007
0
LINE
8
BLACK
6
CONTINUOUS
10
5.8418776771653542
20
-4.3406268503937007
11
5.8400029133858267
21
-4.3443763779527558
0
LINE
8
BLACK
6
CONTINUOUS
10
5.8400029133858267
20
-4.3443763779527558
11
5.8397625984251968
21
-4.3446860236220468
0
LINE
8
BLACK
6
CONTINUOUS
10
5.8397625984251968
20
-4.3446860236220468
11
5.8397293307086615
21
-4.3447858267716537
0
LINE
8
BLACK
6
CONTINUOUS
10
5.8397293307086615
20
-4.3447858267716537
11
5.8396181889763774
21
-4.3448720472440945
0
LINE
8
BLACK
6
CONTINUOUS
10
5.8396181889763774
20
-4.3448720472440945
11
5.8395320078740154
21
-4.3449831496062989
0
LINE
8
BLACK
6
CONTINUOUS
10
5.8395320078740154
20
-4.3449831496062989
11
5.8394322440944881
21
-4.3450163779527555
0
LINE
8
BLACK
6
CONTINUOUS
10
5.8394322440944881
20
-4.3450163779527555
11
5.8391225590551183
21
-4.3452567716535428
0
LINE
8
BLACK
6
CONTINUOUS
10
5.8391225590551183
20
-4.3452567716535428
11
5.835373070866142
21
-4.3471314960629917
0
LINE
8
BLACK
6
CONTINUOUS
10
5.835373070866142
20
-4.3471314960629917
11
5.8352779527559058
21
-4.3471575196850392
0
LINE
8
BLACK
6
CONTINUOUS
10
5.8352779527559058
20
-4.3471575196850392
11
5.8352460236220471
21
-4.3471894881889765
0
LINE
8
BLACK
6
CONTINUOUS
10
5.8352460236220471
20
-4.3471894881889765
11
5.8349364960629924
21
-4.3472510236220474
0
LINE
8
BLACK
6
CONTINUOUS
10
5.8349364960629924
20
-4.3472510236220474
11
5.8346322834645665
21
-4.3473343700787401
0
LINE
8
BLACK
6
CONTINUOUS
10
5.8346322834645665
20
-4.3473343700787401
11
5.8345894094488191
21
-4.3473200787401574
0
LINE
8
BLACK
6
CONTINUOUS
10
5.8345894094488191
20
-4.3473200787401574
11
5.8344927165354328
21
-4.3473393307086612
0
LINE
8
BLACK
6
CONTINUOUS
10
5.8344927165354328
20
-4.3473393307086612
11
5.8307431889763777
21
-4.3473393307086612
0
LINE
8
BLACK
6
CONTINUOUS
10
5.8307431889763777
20
-4.3473393307086612
11
5.8299898818897633
21
-4.3471894881889765
0
LINE
8
BLACK
6
CONTINUOUS
10
5.8299898818897633
20
-4.3471894881889765
11
5.8289245275590549
21
-4.3461241338582672
0
LINE
8
BLACK
6
CONTINUOUS
10
5.8289245275590549
20
-4.3461241338582672
11
5.8289245275590549
21
-4.3446175196850394
0
LINE
8
BLACK
6
CONTINUOUS
10
5.8289245275590549
20
-4.3446175196850394
11
5.8299898818897633
21
-4.343552165354331
0
LINE
8
BLACK
6
CONTINUOUS
10
5.8299898818897633
20
-4.343552165354331
11
5.8307431889763777
21
-4.3434023228346454
0
LINE
8
BLACK
6
CONTINUOUS
10
5.8307431889763777
20
-4.3434023228346454
11
5.8340280314960626
21
-4.3434023228346454
0
LINE
8
BLACK
6
CONTINUOUS
10
5.8340280314960626
20
-4.3434023228346454
11
5.8367750000000003
21
-4.3420288188976377
0
LINE
8
BLACK
6
CONTINUOUS
10
5.8367750000000003
20
-4.3420288188976377
11
5.838148503937008
21
-4.3392817716535435
0
LINE
8
BLACK
6
CONTINUOUS
10
5.838148503937008
20
-4.3392817716535435
11
5.838148503937008
21
-4.3210925984251967
0
LINE
8
BLACK
6
CONTINUOUS
10
5.838148503937008
20
-4.3210925984251967
11
5.8307431889763777
21
-4.3210925984251967
0
LINE
8
BLACK
6
CONTINUOUS
10
5.8307431889763777
20
-4.3210925984251967
11
5.8299898818897633
21
-4.320942755905512
0
LINE
8
BLACK
6
CONTINUOUS
10
5.8299898818897633
20
-4.320942755905512
11
5.8289245275590549
21
-4.3198774015748027
0
LINE
8
BLACK
6
CONTINUOUS
10
5.8289245275590549
20
-4.3198774015748027
11
5.8289245275590549
21
-4.3183707874015749
0
LINE
8
BLACK
6
CONTINUOUS
10
5.8289245275590549
20
-4.3183707874015749
11
5.8299898818897633
21
-4.3173054330708664
0
LINE
8
BLACK
6
CONTINUOUS
10
5.8299898818897633
20
-4.3173054330708664
11
5.8307431889763777
21
-4.3171555905511809
0
LINE
8
BLACK
6
CONTINUOUS
10
5.8307431889763777
20
-4.3171555905511809
11
5.838148503937008
21
-4.3171555905511809
0
LINE
8
BLACK
6
CONTINUOUS
10
5.838148503937008
20
-4.3171555905511809
11
5.838148503937008
21
-4.3060007480314964
0
LINE
8
BLACK
6
CONTINUOUS
10
5.838148503937008
20
-4.3060007480314964
11
5.8382983464566927
21
-4.305247440944882
0
LINE
8
BLACK
6
CONTINUOUS
10
5.8382983464566927
20
-4.305247440944882
11
5.8393637007874011
21
-4.3041820866141736
0
LINE
8
BLACK
6
CONTINUOUS
10
5.8393637007874011
20
-4.3041820866141736
11
5.8408703149606298
21
-4.3041820866141736
0
LINE
8
BLACK
6
CONTINUOUS
10
5.8408703149606298
20
-4.3041820866141736
11
5.8419356692913382
21
-4.305247440944882
0
LINE
8
BLACK
6
CONTINUOUS
10
5.872084724409449
20
-4.317174803149606
11
5.8721275984251964
21
-4.317160551181102
0
LINE
8
BLACK
6
CONTINUOUS
10
5.8721275984251964
20
-4.317160551181102
11
5.8724318110236222
21
-4.3172438582677168
0
LINE
8
BLACK
6
CONTINUOUS
10
5.8724318110236222
20
-4.3172438582677168
11
5.872741338582677
21
-4.3173054330708664
0
LINE
8
BLACK
6
CONTINUOUS
10
5.872741338582677
20
-4.3173054330708664
11
5.8727732677165356
21
-4.3173373622047242
0
LINE
8
BLACK
6
CONTINUOUS
10
5.8727732677165356
20
-4.3173373622047242
11
5.8728683858267718
21
-4.3173634251968505
0
LINE
8
BLACK
6
CONTINUOUS
10
5.8728683858267718
20
-4.3173634251968505
11
5.8766178740157482
21
-4.3192381496062993
0
LINE
8
BLACK
6
CONTINUOUS
10
5.8766178740157482
20
-4.3192381496062993
11
5.8772246456692914
21
-4.3197090944881893
0
LINE
8
BLACK
6
CONTINUOUS
10
5.8772246456692914
20
-4.3197090944881893
11
5.877701102362205
21
-4.3211383858267718
0
LINE
8
BLACK
6
CONTINUOUS
10
5.877701102362205
20
-4.3211383858267718
11
5.8770273228346452
21
-4.3224859448818895
0
LINE
8
BLACK
6
CONTINUOUS
10
5.8770273228346452
20
-4.3224859448818895
11
5.875597992125984
21
-4.3229624015748032
0
LINE
8
BLACK
6
CONTINUOUS
10
5.875597992125984
20
-4.3229624015748032
11
5.8748572047244094
21
-4.3227595275590547
0
LINE
8
BLACK
6
CONTINUOUS
10
5.8748572047244094
20
-4.3227595275590547
11
5.8715233464566925
21
-4.3210925984251967
0
LINE
8
BLACK
6
CONTINUOUS
10
5.8715233464566925
20
-4.3210925984251967
11
5.8649537007874013
21
-4.3210925984251967
0
LINE
8
BLACK
6
CONTINUOUS
10
5.8649537007874013
20
-4.3210925984251967
11
5.8622066535433071
21
-4.3224660629921257
0
LINE
8
BLACK
6
CONTINUOUS
10
5.8622066535433071
20
-4.3224660629921257
11
5.8608331889763781
21
-4.325213070866142
0
LINE
8
BLACK
6
CONTINUOUS
10
5.8608331889763781
20
-4.325213070866142
11
5.8608331889763781
21
-4.327281299212598
0
LINE
8
BLACK
6
CONTINUOUS
10
5.8608331889763781
20
-4.327281299212598
11
5.8630789370078737
21
-4.3284041732283463
0
LINE
8
BLACK
6
CONTINUOUS
10
5.8630789370078737
20
-4.3284041732283463
11
5.8719880314960626
21
-4.3284041732283463
0
LINE
8
BLACK
6
CONTINUOUS
10
5.8719880314960626
20
-4.3284041732283463
11
5.872084724409449
21
-4.3284233858267713
0
LINE
8
BLACK
6
CONTINUOUS
10
5.872084724409449
20
-4.3284233858267713
11
5.8721275984251964
21
-4.3284091338582673
0
LINE
8
BLACK
6
CONTINUOUS
10
5.8721275984251964
20
-4.3284091338582673
11
5.8724318110236222
21
-4.3284924409448822
0
LINE
8
BLACK
6
CONTINUOUS
10
5.8724318110236222
20
-4.3284924409448822
11
5.872741338582677
21
-4.3285540157480318
0
LINE
8
BLACK
6
CONTINUOUS
10
5.872741338582677
20
-4.3285540157480318
11
5.8727732677165356
21
-4.3285859448818895
0
LINE
8
BLACK
6
CONTINUOUS
10
5.8727732677165356
20
-4.3285859448818895
11
5.8728683858267718
21
-4.3286120078740158
0
LINE
8
BLACK
6
CONTINUOUS
10
5.8728683858267718
20
-4.3286120078740158
11
5.8766178740157482
21
-4.3304867322834646
0
LINE
8
BLACK
6
CONTINUOUS
10
5.8766178740157482
20
-4.3304867322834646
11
5.8769274803149605
21
-4.3307270078740157
0
LINE
8
BLACK
6
CONTINUOUS
10
5.8769274803149605
20
-4.3307270078740157
11
5.8770273228346452
21
-4.3307603149606297
0
LINE
8
BLACK
6
CONTINUOUS
10
5.8770273228346452
20
-4.3307603149606297
11
5.8771135826771657
21
-4.330871456692913
0
LINE
8
BLACK
6
CONTINUOUS
10
5.8771135826771657
20
-4.330871456692913
11
5.8772246456692914
21
-4.3309576771653546
0
LINE
8
BLACK
6
CONTINUOUS
10
5.8772246456692914
20
-4.3309576771653546
11
5.877257874015748
21
-4.3310574015748031
0
LINE
8
BLACK
6
CONTINUOUS
10
5.877257874015748
20
-4.3310574015748031
11
5.8774982283464565
21
-4.3313670866141729
0
LINE
8
BLACK
6
CONTINUOUS
10
5.8774982283464565
20
-4.3313670866141729
11
5.8793729921259841
21
-4.335116614173228
0
LINE
8
BLACK
6
CONTINUOUS
10
5.8793729921259841
20
-4.335116614173228
11
5.8793990157480316
21
-4.3352116929133855
0
LINE
8
BLACK
6
CONTINUOUS
10
5.8793990157480316
20
-4.3352116929133855
11
5.8794309842519681
21
-4.3352436614173229
0
LINE
8
BLACK
6
CONTINUOUS
10
5.8794309842519681
20
-4.3352436614173229
11
5.8794925196850389
21
-4.3355531496062989
0
LINE
8
BLACK
6
CONTINUOUS
10
5.8794925196850389
20
-4.3355531496062989
11
5.8795758661417326
21
-4.3358574015748035
0
LINE
8
BLACK
6
CONTINUOUS
10
5.8795758661417326
20
-4.3358574015748035
11
5.8795615748031498
21
-4.3359002362204722
0
LINE
8
BLACK
6
CONTINUOUS
10
5.8795615748031498
20
-4.3359002362204722
11
5.8795808267716536
21
-4.3359969685039372
0
LINE
8
BLACK
6
CONTINUOUS
10
5.8795808267716536
20
-4.3359969685039372
11
5.8795808267716536
21
-4.3397464960629923
0
LINE
8
BLACK
6
CONTINUOUS
10
5.8795808267716536
20
-4.3397464960629923
11
5.8795615748031498
21
-4.3398431889763778
0
LINE
8
BLACK
6
CONTINUOUS
10
5.8795615748031498
20
-4.3398431889763778
11
5.8795758661417326
21
-4.3398860629921261
0
LINE
8
BLACK
6
CONTINUOUS
10
5.8795758661417326
20
-4.3398860629921261
11
5.8794925196850389
21
-4.340190275590551
0
LINE
8
BLACK
6
CONTINUOUS
10
5.8794925196850389
20
-4.340190275590551
11
5.8794309842519681
21
-4.3404998031496058
0
LINE
8
BLACK
6
CONTINUOUS
10
5.8794309842519681
20
-4.3404998031496058
11
5.8793990157480316
21
-4.3405317322834645
0
LINE
8
BLACK
6
CONTINUOUS
10
5.8793990157480316
20
-4.3405317322834645
11
5.8793729921259841
21
-4.3406268503937007
0
LINE
8
BLACK
6
CONTINUOUS
10
5.8793729921259841
20
-4.3406268503937007
11
5.8774982283464565
21
-4.3443763779527558
0
LINE
8
BLACK
6
CONTINUOUS
10
5.8774982283464565
20
-4.3443763779527558
11
5.8772579133858267
21
-4.3446860236220468
0
LINE
8
BLACK
6
CONTINUOUS
10
5.8772579133858267
20
-4.3446860236220468
11
5.8772246456692914
21
-4.3447858267716537
0
LINE
8
BLACK
6
CONTINUOUS
10
5.8772246456692914
20
-4.3447858267716537
11
5.8771135039370082
21
-4.3448720472440945
0
LINE
8
BLACK
6
CONTINUOUS
10
5.8771135039370082
20
-4.3448720472440945
11
5.8770273228346452
21
-4.3449831496062989
0
LINE
8
BLACK
6
CONTINUOUS
10
5.8770273228346452
20
-4.3449831496062989
11
5.876927559055118
21
-4.3450163779527555
0
LINE
8
BLACK
6
CONTINUOUS
10
5.876927559055118
20
-4.3450163779527555
11
5.8766178740157482
21
-4.3452567716535428
0
LINE
8
BLACK
6
CONTINUOUS
10
5.8766178740157482
20
-4.3452567716535428
11
5.8728683858267718
21
-4.3471314960629917
0
LINE
8
BLACK
6
CONTINUOUS
10
5.8728683858267718
20
-4.3471314960629917
11
5.8727732677165356
21
-4.3471575196850392
0
LINE
8
BLACK
6
CONTINUOUS
10
5.8727732677165356
20
-4.3471575196850392
11
5.872741338582677
21
-4.3471894881889765
0
LINE
8
BLACK
6
CONTINUOUS
10
5.872741338582677
20
-4.3471894881889765
11
5.8724318110236222
21
-4.3472510236220474
0
LINE
8
BLACK
6
CONTINUOUS
10
5.8724318110236222
20
-4.3472510236220474
11
5.8721275984251964
21
-4.3473343700787401
0
LINE
8
BLACK
6
CONTINUOUS
10
5.8721275984251964
20
-4.3473343700787401
11
5.872084724409449
21
-4.3473200787401574
0
LINE
8
BLACK
6
CONTINUOUS
10
5.872084724409449
20
-4.3473200787401574
11
5.8719880314960626
21
-4.3473393307086612
0
LINE
8
BLACK
6
CONTINUOUS
10
5.8719880314960626
20
-4.3473393307086612
11
5.8626142125984249
21
-4.3473393307086612
0
LINE
8
BLACK
6
CONTINUOUS
10
5.8626142125984249
20
-4.3473393307086612
11
5.8625174803149607
21
-4.3473200787401574
0
LINE
8
BLACK
6
CONTINUOUS
10
5.8625174803149607
20
-4.3473200787401574
11
5.8624746456692911
21
-4.3473343700787401
0
LINE
8
BLACK
6
CONTINUOUS
10
5.8624746456692911
20
-4.3473343700787401
11
5.8621703937007874
21
-4.3472510236220474
0
LINE
8
BLACK
6
CONTINUOUS
10
5.8621703937007874
20
-4.3472510236220474
11
5.8618609055118105
21
-4.3471894881889765
0
LINE
8
BLACK
6
CONTINUOUS
10
5.8618609055118105
20
-4.3471894881889765
11
5.861828937007874
21
-4.3471575196850392
0
LINE
8
BLACK
6
CONTINUOUS
10
5.861828937007874
20
-4.3471575196850392
11
5.8617338582677165
21
-4.3471314960629917
0
LINE
8
BLACK
6
CONTINUOUS
10
5.8617338582677165
20
-4.3471314960629917
11
5.860361929133858
21
-4.3464455118110239
0
LINE
8
BLACK
6
CONTINUOUS
10
5.860361929133858
20
-4.3464455118110239
11
5.8596179921259841
21
-4.3471894881889765
0
LINE
8
BLACK
6
CONTINUOUS
10
5.8596179921259841
20
-4.3471894881889765
11
5.8581113779527554
21
-4.3471894881889765
0
LINE
8
BLACK
6
CONTINUOUS
10
5.8581113779527554
20
-4.3471894881889765
11
5.857046023622047
21
-4.3461241338582672
0
LINE
8
BLACK
6
CONTINUOUS
10
5.857046023622047
20
-4.3461241338582672
11
5.8568961811023623
21
-4.3453708267716538
0
LINE
8
BLACK
6
CONTINUOUS
10
5.8568961811023623
20
-4.3453708267716538
11
5.8568961811023623
21
-4.3247483858267719
0
LINE
8
BLACK
6
CONTINUOUS
10
5.8568961811023623
20
-4.3247483858267719
11
5.8569153937007874
21
-4.3246516535433068
0
LINE
8
BLACK
6
CONTINUOUS
10
5.8569153937007874
20
-4.3246516535433068
11
5.8569011417322834
21
-4.3246088188976373
0
LINE
8
BLACK
6
CONTINUOUS
10
5.8569011417322834
20
-4.3246088188976373
11
5.8569844488188973
21
-4.3243045669291336
0
LINE
8
BLACK
6
CONTINUOUS
10
5.8569844488188973
20
-4.3243045669291336
11
5.857046023622047
21
-4.3239950787401575
0
LINE
8
BLACK
6
CONTINUOUS
10
5.857046023622047
20
-4.3239950787401575
11
5.8570779527559056
21
-4.3239631102362202
0
LINE
8
BLACK
6
CONTINUOUS
10
5.8570779527559056
20
-4.3239631102362202
11
5.857104015748031
21
-4.3238680314960627
0
LINE
8
BLACK
6
CONTINUOUS
10
5.857104015748031
20
-4.3238680314960627
11
5.8589787401574798
21
-4.3201185433070863
0
LINE
8
BLACK
6
CONTINUOUS
10
5.8589787401574798
20
-4.3201185433070863
11
5.8592190157480317
21
-4.3198088976377953
0
LINE
8
BLACK
6
CONTINUOUS
10
5.8592190157480317
20
-4.3198088976377953
11
5.8592523228346458
21
-4.3197090944881893
0
LINE
8
BLACK
6
CONTINUOUS
10
5.8592523228346458
20
-4.3197090944881893
11
5.859363464566929
21
-4.3196227952755901
0
LINE
8
BLACK
6
CONTINUOUS
10
5.859363464566929
20
-4.3196227952755901
11
5.8594496850393698
21
-4.3195117716535432
0
LINE
8
BLACK
6
CONTINUOUS
10
5.8594496850393698
20
-4.3195117716535432
11
5.8595494094488192
21
-4.3194785039370078
0
LINE
8
BLACK
6
CONTINUOUS
10
5.8595494094488192
20
-4.3194785039370078
11
5.859859094488189
21
-4.319238188976378
0
LINE
8
BLACK
6
CONTINUOUS
10
5.859859094488189
20
-4.319238188976378
11
5.8636086220472441
21
-4.3173634251968505
0
LINE
8
BLACK
6
CONTINUOUS
10
5.8636086220472441
20
-4.3173634251968505
11
5.8637037007874016
21
-4.3173373622047242
0
LINE
8
BLACK
6
CONTINUOUS
10
5.8637037007874016
20
-4.3173373622047242
11
5.863735669291338
21
-4.3173054330708664
0
LINE
8
BLACK
6
CONTINUOUS
10
5.863735669291338
20
-4.3173054330708664
11
5.864045157480315
21
-4.3172438582677168
0
LINE
8
BLACK
6
CONTINUOUS
10
5.864045157480315
20
-4.3172438582677168
11
5.8643494094488187
21
-4.317160551181102
0
LINE
8
BLACK
6
CONTINUOUS
10
5.8643494094488187
20
-4.317160551181102
11
5.8643922440944882
21
-4.317174803149606
0
LINE
8
BLACK
6
CONTINUOUS
10
5.8643922440944882
20
-4.317174803149606
11
5.8644889763779524
21
-4.3171555905511809
0
LINE
8
BLACK
6
CONTINUOUS
10
5.8644889763779524
20
-4.3171555905511809
11
5.8719880314960626
21
-4.3171555905511809
0
LINE
8
BLACK
6
CONTINUOUS
10
5.8719880314960626
20
-4.3171555905511809
11
5.872084724409449
21
-4.317174803149606
0
LINE
8
BLACK
6
CONTINUOUS
10
5.8608331889763781
20
-4.3422794488188972
11
5.8630789370078737
21
-4.3434023228346454
0
LINE
8
BLACK
6
CONTINUOUS
10
5.8630789370078737
20
-4.3434023228346454
11
5.8715233464566925
21
-4.3434023228346454
0
LINE
8
BLACK
6
CONTINUOUS
10
5.8715233464566925
20
-4.3434023228346454
11
5.8742703149606301
21
-4.3420288188976377
0
LINE
8
BLACK
6
CONTINUOUS
10
5.8742703149606301
20
-4.3420288188976377
11
5.8756438188976379
21
-4.3392817716535435
0
LINE
8
BLACK
6
CONTINUOUS
10
5.8756438188976379
20
-4.3392817716535435
11
5.8756438188976379
21
-4.3364616535433074
0
LINE
8
BLACK
6
CONTINUOUS
10
5.8756438188976379
20
-4.3364616535433074
11
5.8742703149606301
21
-4.333714645669291
0
LINE
8
BLACK
6
CONTINUOUS
10
5.8742703149606301
20
-4.333714645669291
11
5.8715233464566925
21
-4.332341181102362
0
LINE
8
BLACK
6
CONTINUOUS
10
5.8715233464566925
20
-4.332341181102362
11
5.8626142125984249
21
-4.332341181102362
0
LINE
8
BLACK
6
CONTINUOUS
10
5.8626142125984249
20
-4.332341181102362
11
5.8625174803149607
21
-4.3323219291338582
0
LINE
8
BLACK
6
CONTINUOUS
10
5.8625174803149607
20
-4.3323219291338582
11
5.8624746456692911
21
-4.3323362204724409
0
LINE
8
BLACK
6
CONTINUOUS
10
5.8624746456692911
20
-4.3323362204724409
11
5.8621703937007874
21
-4.3322528740157482
0
LINE
8
BLACK
6
CONTINUOUS
10
5.8621703937007874
20
-4.3322528740157482
11
5.8618609055118105
21
-4.3321913385826774
0
LINE
8
BLACK
6
CONTINUOUS
10
5.8618609055118105
20
-4.3321913385826774
11
5.861828937007874
21
-4.33215937007874
0
LINE
8
BLACK
6
CONTINUOUS
10
5.861828937007874
20
-4.33215937007874
11
5.8617338582677165
21
-4.3321333464566925
0
LINE
8
BLACK
6
CONTINUOUS
10
5.8617338582677165
20
-4.3321333464566925
11
5.8608331889763781
21
-4.3316829921259838
0
LINE
8
BLACK
6
CONTINUOUS
10
5.8608331889763781
20
-4.3316829921259838
11
5.8608331889763781
21
-4.3422794488188972
0
LINE
8
BLACK
6
CONTINUOUS
10
6.0370640944881888
20
-4.317174803149606
11
6.0371069685039371
21
-4.317160551181102
0
LINE
8
BLACK
6
CONTINUOUS
10
6.0371069685039371
20
-4.317160551181102
11
6.0374111811023621
21
-4.3172438582677168
0
LINE
8
BLACK
6
CONTINUOUS
10
6.0374111811023621
20
-4.3172438582677168
11
6.0377207086614169
21
-4.3173054330708664
0
LINE
8
BLACK
6
CONTINUOUS
10
6.0377207086614169
20
-4.3173054330708664
11
6.0377526377952755
21
-4.3173373622047242
0
LINE
8
BLACK
6
CONTINUOUS
10
6.0377526377952755
20
-4.3173373622047242
11
6.0378477559055117
21
-4.3173634251968505
0
LINE
8
BLACK
6
CONTINUOUS
10
6.0378477559055117
20
-4.3173634251968505
11
6.0415972440944881
21
-4.3192381496062993
0
LINE
8
BLACK
6
CONTINUOUS
10
6.0415972440944881
20
-4.3192381496062993
11
6.0419068503937003
21
-4.3194784251968503
0
LINE
8
BLACK
6
CONTINUOUS
10
6.0419068503937003
20
-4.3194784251968503
11
6.042006692913386
21
-4.3195117322834644
0
LINE
8
BLACK
6
CONTINUOUS
10
6.042006692913386
20
-4.3195117322834644
11
6.0420929527559055
21
-4.3196228740157476
0
LINE
8
BLACK
6
CONTINUOUS
10
6.0420929527559055
20
-4.3196228740157476
11
6.0422040157480312
21
-4.3197090944881893
0
LINE
8
BLACK
6
CONTINUOUS
10
6.0422040157480312
20
-4.3197090944881893
11
6.0422372440944878
21
-4.3198088188976378
0
LINE
8
BLACK
6
CONTINUOUS
10
6.0422372440944878
20
-4.3198088188976378
11
6.0424775984251964
21
-4.3201185039370076
0
LINE
8
BLACK
6
CONTINUOUS
10
6.0424775984251964
20
-4.3201185039370076
11
6.0443523622047239
21
-4.3238680314960627
0
LINE
8
BLACK
6
CONTINUOUS
10
6.0443523622047239
20
-4.3238680314960627
11
6.0443783858267714
21
-4.3239631102362202
0
LINE
8
BLACK
6
CONTINUOUS
10
6.0443783858267714
20
-4.3239631102362202
11
6.0444103543307088
21
-4.3239950787401575
0
LINE
8
BLACK
6
CONTINUOUS
10
6.0444103543307088
20
-4.3239950787401575
11
6.0444718897637797
21
-4.3243045669291336
0
LINE
8
BLACK
6
CONTINUOUS
10
6.0444718897637797
20
-4.3243045669291336
11
6.0445552362204724
21
-4.3246088188976373
0
LINE
8
BLACK
6
CONTINUOUS
10
6.0445552362204724
20
-4.3246088188976373
11
6.0445409448818896
21
-4.3246516535433068
0
LINE
8
BLACK
6
CONTINUOUS
10
6.0445409448818896
20
-4.3246516535433068
11
6.0445601968503935
21
-4.3247483858267719
0
LINE
8
BLACK
6
CONTINUOUS
10
6.0445601968503935
20
-4.3247483858267719
11
6.0445601968503935
21
-4.3397464960629923
0
LINE
8
BLACK
6
CONTINUOUS
10
6.0445601968503935
20
-4.3397464960629923
11
6.0445409448818896
21
-4.3398431889763778
0
LINE
8
BLACK
6
CONTINUOUS
10
6.0445409448818896
20
-4.3398431889763778
11
6.0445552362204724
21
-4.3398860629921261
0
LINE
8
BLACK
6
CONTINUOUS
10
6.0445552362204724
20
-4.3398860629921261
11
6.0444718897637797
21
-4.340190275590551
0
LINE
8
BLACK
6
CONTINUOUS
10
6.0444718897637797
20
-4.340190275590551
11
6.0444103543307088
21
-4.3404998031496058
0
LINE
8
BLACK
6
CONTINUOUS
10
6.0444103543307088
20
-4.3404998031496058
11
6.0443783858267714
21
-4.3405317322834645
0
LINE
8
BLACK
6
CONTINUOUS
10
6.0443783858267714
20
-4.3405317322834645
11
6.0443523622047239
21
-4.3406268503937007
0
LINE
8
BLACK
6
CONTINUOUS
10
6.0443523622047239
20
-4.3406268503937007
11
6.0424775984251964
21
-4.3443763779527558
0
LINE
8
BLACK
6
CONTINUOUS
10
6.0424775984251964
20
-4.3443763779527558
11
6.0422372834645666
21
-4.3446860236220468
0
LINE
8
BLACK
6
CONTINUOUS
10
6.0422372834645666
20
-4.3446860236220468
11
6.0422040157480312
21
-4.3447858267716537
0
LINE
8
BLACK
6
CONTINUOUS
10
6.0422040157480312
20
-4.3447858267716537
11
6.042092874015748
21
-4.3448720472440945
0
LINE
8
BLACK
6
CONTINUOUS
10
6.042092874015748
20
-4.3448720472440945
11
6.042006692913386
21
-4.3449831496062989
0
LINE
8
BLACK
6
CONTINUOUS
10
6.042006692913386
20
-4.3449831496062989
11
6.0419069291338579
21
-4.3450163779527555
0
LINE
8
BLACK
6
CONTINUOUS
10
6.0419069291338579
20
-4.3450163779527555
11
6.0415972440944881
21
-4.3452567716535428
0
LINE
8
BLACK
6
CONTINUOUS
10
6.0415972440944881
20
-4.3452567716535428
11
6.0378477559055117
21
-4.3471314960629917
0
LINE
8
BLACK
6
CONTINUOUS
10
6.0378477559055117
20
-4.3471314960629917
11
6.0377526377952755
21
-4.3471575196850392
0
LINE
8
BLACK
6
CONTINUOUS
10
6.0377526377952755
20
-4.3471575196850392
11
6.0377207086614169
21
-4.3471894881889765
0
LINE
8
BLACK
6
CONTINUOUS
10
6.0377207086614169
20
-4.3471894881889765
11
6.0374111811023621
21
-4.3472510236220474
0
LINE
8
BLACK
6
CONTINUOUS
10
6.0374111811023621
20
-4.3472510236220474
11
6.0371069685039371
21
-4.3473343700787401
0
LINE
8
BLACK
6
CONTINUOUS
10
6.0371069685039371
20
-4.3473343700787401
11
6.0370640944881888
21
-4.3473200787401574
0
LINE
8
BLACK
6
CONTINUOUS
10
6.0370640944881888
20
-4.3473200787401574
11
6.0369674015748034
21
-4.3473393307086612
0
LINE
8
BLACK
6
CONTINUOUS
10
6.0369674015748034
20
-4.3473393307086612
11
6.0294683464566932
21
-4.3473393307086612
0
LINE
8
BLACK
6
CONTINUOUS
10
6.0294683464566932
20
-4.3473393307086612
11
6.0293716141732281
21
-4.3473200787401574
0
LINE
8
BLACK
6
CONTINUOUS
10
6.0293716141732281
20
-4.3473200787401574
11
6.0293287795275585
21
-4.3473343700787401
0
LINE
8
BLACK
6
CONTINUOUS
10
6.0293287795275585
20
-4.3473343700787401
11
6.0290245275590548
21
-4.3472510236220474
0
LINE
8
BLACK
6
CONTINUOUS
10
6.0290245275590548
20
-4.3472510236220474
11
6.0287150393700788
21
-4.3471894881889765
0
LINE
8
BLACK
6
CONTINUOUS
10
6.0287150393700788
20
-4.3471894881889765
11
6.0286830708661414
21
-4.3471575196850392
0
LINE
8
BLACK
6
CONTINUOUS
10
6.0286830708661414
20
-4.3471575196850392
11
6.028587992125984
21
-4.3471314960629917
0
LINE
8
BLACK
6
CONTINUOUS
10
6.028587992125984
20
-4.3471314960629917
11
6.0248384645669288
21
-4.3452567322834641
0
LINE
8
BLACK
6
CONTINUOUS
10
6.0248384645669288
20
-4.3452567322834641
11
6.0242316929133857
21
-4.3447858267716537
0
LINE
8
BLACK
6
CONTINUOUS
10
6.0242316929133857
20
-4.3447858267716537
11
6.0237552755905508
21
-4.3433564960629925
0
LINE
8
BLACK
6
CONTINUOUS
10
6.0237552755905508
20
-4.3433564960629925
11
6.0244290551181097
21
-4.3420089370078738
0
LINE
8
BLACK
6
CONTINUOUS
10
6.0244290551181097
20
-4.3420089370078738
11
6.0258583858267718
21
-4.3415325196850389
0
LINE
8
BLACK
6
CONTINUOUS
10
6.0258583858267718
20
-4.3415325196850389
11
6.0265991732283464
21
-4.3417353937007874
0
LINE
8
BLACK
6
CONTINUOUS
10
6.0265991732283464
20
-4.3417353937007874
11
6.0299330708661412
21
-4.3434023228346454
0
LINE
8
BLACK
6
CONTINUOUS
10
6.0299330708661412
20
-4.3434023228346454
11
6.0365027165354332
21
-4.3434023228346454
0
LINE
8
BLACK
6
CONTINUOUS
10
6.0365027165354332
20
-4.3434023228346454
11
6.03924968503937
21
-4.3420288188976377
0
LINE
8
BLACK
6
CONTINUOUS
10
6.03924968503937
20
-4.3420288188976377
11
6.0406231889763777
21
-4.3392817716535435
0
LINE
8
BLACK
6
CONTINUOUS
10
6.0406231889763777
20
-4.3392817716535435
11
6.0406231889763777
21
-4.3338612204724409
0
LINE
8
BLACK
6
CONTINUOUS
10
6.0406231889763777
20
-4.3338612204724409
11
6.0234579921259845
21
-4.330428188976378
0
LINE
8
BLACK
6
CONTINUOUS
10
6.0234579921259845
20
-4.330428188976378
11
6.0231893307086617
21
-4.3303165748031498
0
LINE
8
BLACK
6
CONTINUOUS
10
6.0231893307086617
20
-4.3303165748031498
11
6.0230907480314961
21
-4.3303165748031498
0
LINE
8
BLACK
6
CONTINUOUS
10
6.0230907480314961
20
-4.3303165748031498
11
6.0230206692913386
21
-4.3302464960629923
0
LINE
8
BLACK
6
CONTINUOUS
10
6.0230206692913386
20
-4.3302464960629923
11
6.0227487007874014
21
-4.3301335039370077
0
LINE
8
BLACK
6
CONTINUOUS
10
6.0227487007874014
20
-4.3301335039370077
11
6.0224307480314963
21
-4.3296565748031499
0
LINE
8
BLACK
6
CONTINUOUS
10
6.0224307480314963
20
-4.3296565748031499
11
6.0220253937007868
21
-4.3292512204724405
0
LINE
8
BLACK
6
CONTINUOUS
10
6.0220253937007868
20
-4.3292512204724405
11
6.0219679133858266
21
-4.3289623228346459
0
LINE
8
BLACK
6
CONTINUOUS
10
6.0219679133858266
20
-4.3289623228346459
11
6.0219129921259844
21
-4.3288799212598423
0
LINE
8
BLACK
6
CONTINUOUS
10
6.0219129921259844
20
-4.3288799212598423
11
6.021932283464567
21
-4.3287832677165357
0
LINE
8
BLACK
6
CONTINUOUS
10
6.021932283464567
20
-4.3287832677165357
11
6.0218755511811022
21
-4.328497913385827
0
LINE
8
BLACK
6
CONTINUOUS
10
6.0218755511811022
20
-4.328497913385827
11
6.0218755511811022
21
-4.3247483858267719
0
LINE
8
BLACK
6
CONTINUOUS
10
6.0218755511811022
20
-4.3247483858267719
11
6.0218947637795273
21
-4.3246516535433068
0
LINE
8
BLACK
6
CONTINUOUS
10
6.0218947637795273
20
-4.3246516535433068
11
6.0218805118110232
21
-4.3246088188976373
0
LINE
8
BLACK
6
CONTINUOUS
10
6.0218805118110232
20
-4.3246088188976373
11
6.0219638188976381
21
-4.3243045669291336
0
LINE
8
BLACK
6
CONTINUOUS
10
6.0219638188976381
20
-4.3243045669291336
11
6.0220253937007868
21
-4.3239950787401575
0
LINE
8
BLACK
6
CONTINUOUS
10
6.0220253937007868
20
-4.3239950787401575
11
6.0220573228346455
21
-4.3239631102362202
0
LINE
8
BLACK
6
CONTINUOUS
10
6.0220573228346455
20
-4.3239631102362202
11
6.0220833858267717
21
-4.3238680314960627
0
LINE
8
BLACK
6
CONTINUOUS
10
6.0220833858267717
20
-4.3238680314960627
11
6.0239581102362205
21
-4.3201185433070863
0
LINE
8
BLACK
6
CONTINUOUS
10
6.0239581102362205
20
-4.3201185433070863
11
6.0241983858267716
21
-4.3198088976377953
0
LINE
8
BLACK
6
CONTINUOUS
10
6.0241983858267716
20
-4.3198088976377953
11
6.0242316929133857
21
-4.3197090944881893
0
LINE
8
BLACK
6
CONTINUOUS
10
6.0242316929133857
20
-4.3197090944881893
11
6.0243428346456689
21
-4.3196227952755901
0
LINE
8
BLACK
6
CONTINUOUS
10
6.0243428346456689
20
-4.3196227952755901
11
6.0244290551181097
21
-4.3195117716535432
0
LINE
8
BLACK
6
CONTINUOUS
10
6.0244290551181097
20
-4.3195117716535432
11
6.0245287795275591
21
-4.3194785039370078
0
LINE
8
BLACK
6
CONTINUOUS
10
6.0245287795275591
20
-4.3194785039370078
11
6.0248384645669288
21
-4.319238188976378
0
LINE
8
BLACK
6
CONTINUOUS
10
6.0248384645669288
20
-4.319238188976378
11
6.028587992125984
21
-4.3173634251968505
0
LINE
8
BLACK
6
CONTINUOUS
10
6.028587992125984
20
-4.3173634251968505
11
6.0286830708661414
21
-4.3173373622047242
0
LINE
8
BLACK
6
CONTINUOUS
10
6.0286830708661414
20
-4.3173373622047242
11
6.0287150393700788
21
-4.3173054330708664
0
LINE
8
BLACK
6
CONTINUOUS
10
6.0287150393700788
20
-4.3173054330708664
11
6.0290245275590548
21
-4.3172438582677168
0
LINE
8
BLACK
6
CONTINUOUS
10
6.0290245275590548
20
-4.3172438582677168
11
6.0293287795275585
21
-4.317160551181102
0
LINE
8
BLACK
6
CONTINUOUS
10
6.0293287795275585
20
-4.317160551181102
11
6.0293716141732281
21
-4.317174803149606
0
LINE
8
BLACK
6
CONTINUOUS
10
6.0293716141732281
20
-4.317174803149606
11
6.0294683464566932
21
-4.3171555905511809
0
LINE
8
BLACK
6
CONTINUOUS
10
6.0294683464566932
20
-4.3171555905511809
11
6.0369674015748034
21
-4.3171555905511809
0
LINE
8
BLACK
6
CONTINUOUS
10
6.0369674015748034
20
-4.3171555905511809
11
6.0370640944881888
21
-4.317174803149606
0
LINE
8
BLACK
6
CONTINUOUS
10
6.0271860236220469
20
-4.3224660629921257
11
6.0258125590551179
21
-4.325213070866142
0
LINE
8
BLACK
6
CONTINUOUS
10
6.0258125590551179
20
-4.325213070866142
11
6.0258125590551179
21
-4.3268840944881886
0
LINE
8
BLACK
6
CONTINUOUS
10
6.0258125590551179
20
-4.3268840944881886
11
6.0406231889763777
21
-4.3298462204724411
0
LINE
8
BLACK
6
CONTINUOUS
10
6.0406231889763777
20
-4.3298462204724411
11
6.0406231889763777
21
-4.325213070866142
0
LINE
8
BLACK
6
CONTINUOUS
10
6.0406231889763777
20
-4.325213070866142
11
6.03924968503937
21
-4.3224660629921257
0
LINE
8
BLACK
6
CONTINUOUS
10
6.03924968503937
20
-4.3224660629921257
11
6.0365027165354332
21
-4.3210925984251967
0
LINE
8
BLACK
6
CONTINUOUS
10
6.0365027165354332
20
-4.3210925984251967
11
6.0299330708661412
21
-4.3210925984251967
0
LINE
8
BLACK
6
CONTINUOUS
10
6.0299330708661412
20
-4.3210925984251967
11
6.0271860236220469
21
-4.3224660629921257
0
LINE
8
BLACK
6
CONTINUOUS
10
5.7745968897637798
20
-4.317174803149606
11
5.7746397637795273
21
-4.317160551181102
0
LINE
8
BLACK
6
CONTINUOUS
10
5.7746397637795273
20
-4.317160551181102
11
5.7749439763779522
21
-4.3172438582677168
0
LINE
8
BLACK
6
CONTINUOUS
10
5.7749439763779522
20
-4.3172438582677168
11
5.7752535039370079
21
-4.3173054330708664
0
LINE
8
BLACK
6
CONTINUOUS
10
5.7752535039370079
20
-4.3173054330708664
11
5.7752854330708656
21
-4.3173373622047242
0
LINE
8
BLACK
6
CONTINUOUS
10
5.7752854330708656
20
-4.3173373622047242
11
5.7753805511811018
21
-4.3173634251968505
0
LINE
8
BLACK
6
CONTINUOUS
10
5.7753805511811018
20
-4.3173634251968505
11
5.7791300393700782
21
-4.3192381496062993
0
LINE
8
BLACK
6
CONTINUOUS
10
5.7791300393700782
20
-4.3192381496062993
11
5.7793793700787397
21
-4.3194316535433073
0
LINE
8
BLACK
6
CONTINUOUS
10
5.7793793700787397
20
-4.3194316535433073
11
5.7796416535433073
21
-4.3196069291338581
0
LINE
8
BLACK
6
CONTINUOUS
10
5.7796416535433073
20
-4.3196069291338581
11
5.7800307480314963
21
-4.3199959842519684
0
LINE
8
BLACK
6
CONTINUOUS
10
5.7800307480314963
20
-4.3199959842519684
11
5.7800307480314963
21
-4.3191240944881892
0
LINE
8
BLACK
6
CONTINUOUS
10
5.7800307480314963
20
-4.3191240944881892
11
5.7801805905511809
21
-4.3183707874015749
0
LINE
8
BLACK
6
CONTINUOUS
10
5.7801805905511809
20
-4.3183707874015749
11
5.7812459448818894
21
-4.3173054330708664
0
LINE
8
BLACK
6
CONTINUOUS
10
5.7812459448818894
20
-4.3173054330708664
11
5.7827525590551181
21
-4.3173054330708664
0
LINE
8
BLACK
6
CONTINUOUS
10
5.7827525590551181
20
-4.3173054330708664
11
5.7838179133858265
21
-4.3183707874015749
0
LINE
8
BLACK
6
CONTINUOUS
10
5.7838179133858265
20
-4.3183707874015749
11
5.783967755905512
21
-4.3191240944881892
0
LINE
8
BLACK
6
CONTINUOUS
10
5.783967755905512
20
-4.3191240944881892
11
5.783967755905512
21
-4.3453708267716538
0
LINE
8
BLACK
6
CONTINUOUS
10
5.783967755905512
20
-4.3453708267716538
11
5.7838179133858265
21
-4.3461241338582672
0
LINE
8
BLACK
6
CONTINUOUS
10
5.7838179133858265
20
-4.3461241338582672
11
5.7827525590551181
21
-4.3471894881889765
0
LINE
8
BLACK
6
CONTINUOUS
10
5.7827525590551181
20
-4.3471894881889765
11
5.7812459448818894
21
-4.3471894881889765
0
LINE
8
BLACK
6
CONTINUOUS
10
5.7812459448818894
20
-4.3471894881889765
11
5.7801805905511809
21
-4.3461241338582672
0
LINE
8
BLACK
6
CONTINUOUS
10
5.7801805905511809
20
-4.3461241338582672
11
5.7800307480314963
21
-4.3453708267716538
0
LINE
8
BLACK
6
CONTINUOUS
10
5.7800307480314963
20
-4.3453708267716538
11
5.7800307480314963
21
-4.3270878346456696
0
LINE
8
BLACK
6
CONTINUOUS
10
5.7800307480314963
20
-4.3270878346456696
11
5.7785066535433067
21
-4.3240396850393701
0
LINE
8
BLACK
6
CONTINUOUS
10
5.7785066535433067
20
-4.3240396850393701
11
5.7770836614173229
21
-4.3226166535433066
0
LINE
8
BLACK
6
CONTINUOUS
10
5.7770836614173229
20
-4.3226166535433066
11
5.7740355118110234
21
-4.3210925984251967
0
LINE
8
BLACK
6
CONTINUOUS
10
5.7740355118110234
20
-4.3210925984251967
11
5.7707506692913384
21
-4.3210925984251967
0
LINE
8
BLACK
6
CONTINUOUS
10
5.7707506692913384
20
-4.3210925984251967
11
5.769997362204724
21
-4.320942755905512
0
LINE
8
BLACK
6
CONTINUOUS
10
5.769997362204724
20
-4.320942755905512
11
5.7689320078740156
21
-4.3198774015748027
0
LINE
8
BLACK
6
CONTINUOUS
10
5.7689320078740156
20
-4.3198774015748027
11
5.7689320078740156
21
-4.3183707874015749
0
LINE
8
BLACK
6
CONTINUOUS
10
5.7689320078740156
20
-4.3183707874015749
11
5.769997362204724
21
-4.3173054330708664
0
LINE
8
BLACK
6
CONTINUOUS
10
5.769997362204724
20
-4.3173054330708664
11
5.7707506692913384
21
-4.3171555905511809
0
LINE
8
BLACK
6
CONTINUOUS
10
5.7707506692913384
20
-4.3171555905511809
11
5.7745001968503935
21
-4.3171555905511809
0
LINE
8
BLACK
6
CONTINUOUS
10
5.7745001968503935
20
-4.3171555905511809
11
5.7745968897637798
21
-4.317174803149606
0
LINE
8
BLACK
6
CONTINUOUS
10
5.9058305118110237
20
-4.317174803149606
11
5.9058733858267711
21
-4.317160551181102
0
LINE
8
BLACK
6
CONTINUOUS
10
5.9058733858267711
20
-4.317160551181102
11
5.906177598425197
21
-4.3172438582677168
0
LINE
8
BLACK
6
CONTINUOUS
10
5.906177598425197
20
-4.3172438582677168
11
5.9064871259842517
21
-4.3173054330708664
0
LINE
8
BLACK
6
CONTINUOUS
10
5.9064871259842517
20
-4.3173054330708664
11
5.9065190551181104
21
-4.3173373622047242
0
LINE
8
BLACK
6
CONTINUOUS
10
5.9065190551181104
20
-4.3173373622047242
11
5.9066141732283466
21
-4.3173634251968505
0
LINE
8
BLACK
6
CONTINUOUS
10
5.9066141732283466
20
-4.3173634251968505
11
5.9094570472440946
21
-4.3187848425196851
0
LINE
8
BLACK
6
CONTINUOUS
10
5.9094570472440946
20
-4.3187848425196851
11
5.9095394488188973
21
-4.3183707874015749
0
LINE
8
BLACK
6
CONTINUOUS
10
5.9095394488188973
20
-4.3183707874015749
11
5.9106048031496066
21
-4.3173054330708664
0
LINE
8
BLACK
6
CONTINUOUS
10
5.9106048031496066
20
-4.3173054330708664
11
5.9121114173228344
21
-4.3173054330708664
0
LINE
8
BLACK
6
CONTINUOUS
10
5.9121114173228344
20
-4.3173054330708664
11
5.9131767716535428
21
-4.3183707874015749
0
LINE
8
BLACK
6
CONTINUOUS
10
5.9131767716535428
20
-4.3183707874015749
11
5.9133266141732284
21
-4.3191240944881892
0
LINE
8
BLACK
6
CONTINUOUS
10
5.9133266141732284
20
-4.3191240944881892
11
5.9133266141732284
21
-4.3453708267716538
0
LINE
8
BLACK
6
CONTINUOUS
10
5.9133266141732284
20
-4.3453708267716538
11
5.9131767716535428
21
-4.3461241338582672
0
LINE
8
BLACK
6
CONTINUOUS
10
5.9131767716535428
20
-4.3461241338582672
11
5.9121114173228344
21
-4.3471894881889765
0
LINE
8
BLACK
6
CONTINUOUS
10
5.9121114173228344
20
-4.3471894881889765
11
5.9106048031496066
21
-4.3471894881889765
0
LINE
8
BLACK
6
CONTINUOUS
10
5.9106048031496066
20
-4.3471894881889765
11
5.9095394488188973
21
-4.3461241338582672
0
LINE
8
BLACK
6
CONTINUOUS
10
5.9095394488188973
20
-4.3461241338582672
11
5.9093896062992126
21
-4.3453708267716538
0
LINE
8
BLACK
6
CONTINUOUS
10
5.9093896062992126
20
-4.3453708267716538
11
5.9093896062992126
21
-4.3236889763779525
0
LINE
8
BLACK
6
CONTINUOUS
10
5.9093896062992126
20
-4.3236889763779525
11
5.9083172834645667
21
-4.3226166535433066
0
LINE
8
BLACK
6
CONTINUOUS
10
5.9083172834645667
20
-4.3226166535433066
11
5.9052691338582672
21
-4.3210925984251967
0
LINE
8
BLACK
6
CONTINUOUS
10
5.9052691338582672
20
-4.3210925984251967
11
5.9005742519685036
21
-4.3210925984251967
0
LINE
8
BLACK
6
CONTINUOUS
10
5.9005742519685036
20
-4.3210925984251967
11
5.8978272047244094
21
-4.3224660629921257
0
LINE
8
BLACK
6
CONTINUOUS
10
5.8978272047244094
20
-4.3224660629921257
11
5.8964537401574804
21
-4.325213070866142
0
LINE
8
BLACK
6
CONTINUOUS
10
5.8964537401574804
20
-4.325213070866142
11
5.8964537401574804
21
-4.3453708267716538
0
LINE
8
BLACK
6
CONTINUOUS
10
5.8964537401574804
20
-4.3453708267716538
11
5.8963038976377948
21
-4.3461241338582672
0
LINE
8
BLACK
6
CONTINUOUS
10
5.8963038976377948
20
-4.3461241338582672
11
5.8952385433070864
21
-4.3471894881889765
0
LINE
8
BLACK
6
CONTINUOUS
10
5.8952385433070864
20
-4.3471894881889765
11
5.8937319291338586
21
-4.3471894881889765
0
LINE
8
BLACK
6
CONTINUOUS
10
5.8937319291338586
20
-4.3471894881889765
11
5.8926665748031493
21
-4.3461241338582672
0
LINE
8
BLACK
6
CONTINUOUS
10
5.8926665748031493
20
-4.3461241338582672
11
5.8925167322834646
21
-4.3453708267716538
0
LINE
8
BLACK
6
CONTINUOUS
10
5.8925167322834646
20
-4.3453708267716538
11
5.8925167322834646
21
-4.3247483858267719
0
LINE
8
BLACK
6
CONTINUOUS
10
5.8925167322834646
20
-4.3247483858267719
11
5.8925359448818897
21
-4.3246516535433068
0
LINE
8
BLACK
6
CONTINUOUS
10
5.8925359448818897
20
-4.3246516535433068
11
5.8925216929133857
21
-4.3246088188976373
0
LINE
8
BLACK
6
CONTINUOUS
10
5.8925216929133857
20
-4.3246088188976373
11
5.8926049999999996
21
-4.3243045669291336
0
LINE
8
BLACK
6
CONTINUOUS
10
5.8926049999999996
20
-4.3243045669291336
11
5.8926665748031493
21
-4.3239950787401575
0
LINE
8
BLACK
6
CONTINUOUS
10
5.8926665748031493
20
-4.3239950787401575
11
5.8926985039370079
21
-4.3239631102362202
0
LINE
8
BLACK
6
CONTINUOUS
10
5.8926985039370079
20
-4.3239631102362202
11
5.8927245669291342
21
-4.3238680314960627
0
LINE
8
BLACK
6
CONTINUOUS
10
5.8927245669291342
20
-4.3238680314960627
11
5.894599291338583
21
-4.3201185433070863
0
LINE
8
BLACK
6
CONTINUOUS
10
5.894599291338583
20
-4.3201185433070863
11
5.894839566929134
21
-4.3198088976377953
0
LINE
8
BLACK
6
CONTINUOUS
10
5.894839566929134
20
-4.3198088976377953
11
5.8948728740157481
21
-4.3197090944881893
0
LINE
8
BLACK
6
CONTINUOUS
10
5.8948728740157481
20
-4.3197090944881893
11
5.8949840157480313
21
-4.3196227952755901
0
LINE
8
BLACK
6
CONTINUOUS
10
5.8949840157480313
20
-4.3196227952755901
11
5.8950702362204721
21
-4.3195117716535432
0
LINE
8
BLACK
6
CONTINUOUS
10
5.8950702362204721
20
-4.3195117716535432
11
5.8951699606299215
21
-4.3194785039370078
0
LINE
8
BLACK
6
CONTINUOUS
10
5.8951699606299215
20
-4.3194785039370078
11
5.8954796456692913
21
-4.319238188976378
0
LINE
8
BLACK
6
CONTINUOUS
10
5.8954796456692913
20
-4.319238188976378
11
5.8992291732283464
21
-4.3173634251968505
0
LINE
8
BLACK
6
CONTINUOUS
10
5.8992291732283464
20
-4.3173634251968505
11
5.8993242519685039
21
-4.3173373622047242
0
LINE
8
BLACK
6
CONTINUOUS
10
5.8993242519685039
20
-4.3173373622047242
11
5.8993562204724412
21
-4.3173054330708664
0
LINE
8
BLACK
6
CONTINUOUS
10
5.8993562204724412
20
-4.3173054330708664
11
5.8996657086614173
21
-4.3172438582677168
0
LINE
8
BLACK
6
CONTINUOUS
10
5.8996657086614173
20
-4.3172438582677168
11
5.899969960629921
21
-4.317160551181102
0
LINE
8
BLACK
6
CONTINUOUS
10
5.899969960629921
20
-4.317160551181102
11
5.9000127952755905
21
-4.317174803149606
0
LINE
8
BLACK
6
CONTINUOUS
10
5.9000127952755905
20
-4.317174803149606
11
5.9001095275590547
21
-4.3171555905511809
0
LINE
8
BLACK
6
CONTINUOUS
10
5.9001095275590547
20
-4.3171555905511809
11
5.9057338188976374
21
-4.3171555905511809
0
LINE
8
BLACK
6
CONTINUOUS
10
5.9057338188976374
20
-4.3171555905511809
11
5.9058305118110237
21
-4.317174803149606
0
LINE
8
BLACK
6
CONTINUOUS
10
5.9319244094488184
20
-4.3183707874015749
11
5.9320742519685039
21
-4.3191240944881892
0
LINE
8
BLACK
6
CONTINUOUS
10
5.9320742519685039
20
-4.3191240944881892
11
5.9320742519685039
21
-4.3453708267716538
0
LINE
8
BLACK
6
CONTINUOUS
10
5.9320742519685039
20
-4.3453708267716538
11
5.9319244094488184
21
-4.3461241338582672
0
LINE
8
BLACK
6
CONTINUOUS
10
5.9319244094488184
20
-4.3461241338582672
11
5.93085905511811
21
-4.3471894881889765
0
LINE
8
BLACK
6
CONTINUOUS
10
5.93085905511811
20
-4.3471894881889765
11
5.9293524409448821
21
-4.3471894881889765
0
LINE
8
BLACK
6
CONTINUOUS
10
5.9293524409448821
20
-4.3471894881889765
11
5.9282870866141728
21
-4.3461241338582672
0
LINE
8
BLACK
6
CONTINUOUS
10
5.9282870866141728
20
-4.3461241338582672
11
5.9281372440944882
21
-4.3453708267716538
0
LINE
8
BLACK
6
CONTINUOUS
10
5.9281372440944882
20
-4.3453708267716538
11
5.9281372440944882
21
-4.3191240944881892
0
LINE
8
BLACK
6
CONTINUOUS
10
5.9281372440944882
20
-4.3191240944881892
11
5.9282870866141728
21
-4.3183707874015749
0
LINE
8
BLACK
6
CONTINUOUS
10
5.9282870866141728
20
-4.3183707874015749
11
5.9293524409448821
21
-4.3173054330708664
0
LINE
8
BLACK
6
CONTINUOUS
10
5.9293524409448821
20
-4.3173054330708664
11
5.93085905511811
21
-4.3173054330708664
0
LINE
8
BLACK
6
CONTINUOUS
10
5.93085905511811
20
-4.3173054330708664
11
5.9319244094488184
21
-4.3183707874015749
0
LINE
8
BLACK
6
CONTINUOUS
10
5.9601987007874015
20
-4.317174803149606
11
5.9602415748031499
21
-4.317160551181102
0
LINE
8
BLACK
6
CONTINUOUS
10
5.9602415748031499
20
-4.317160551181102
11
5.9605457874015748
21
-4.3172438582677168
0
LINE
8
BLACK
6
CONTINUOUS
10
5.9605457874015748
20
-4.3172438582677168
11
5.9608553149606296
21
-4.3173054330708664
0
LINE
8
BLACK
6
CONTINUOUS
10
5.9608553149606296
20
-4.3173054330708664
11
5.9608872440944882
21
-4.3173373622047242
0
LINE
8
BLACK
6
CONTINUOUS
10
5.9608872440944882
20
-4.3173373622047242
11
5.9609823622047244
21
-4.3173634251968505
0
LINE
8
BLACK
6
CONTINUOUS
10
5.9609823622047244
20
-4.3173634251968505
11
5.9647318503937008
21
-4.3192381496062993
0
LINE
8
BLACK
6
CONTINUOUS
10
5.9647318503937008
20
-4.3192381496062993
11
5.9650414566929131
21
-4.3194784251968503
0
LINE
8
BLACK
6
CONTINUOUS
10
5.9650414566929131
20
-4.3194784251968503
11
5.9651412992125987
21
-4.3195117322834644
0
LINE
8
BLACK
6
CONTINUOUS
10
5.9651412992125987
20
-4.3195117322834644
11
5.9652275590551183
21
-4.3196228740157476
0
LINE
8
BLACK
6
CONTINUOUS
10
5.9652275590551183
20
-4.3196228740157476
11
5.965338622047244
21
-4.3197090944881893
0
LINE
8
BLACK
6
CONTINUOUS
10
5.965338622047244
20
-4.3197090944881893
11
5.9653718503937005
21
-4.3198088188976378
0
LINE
8
BLACK
6
CONTINUOUS
10
5.9653718503937005
20
-4.3198088188976378
11
5.9656122047244091
21
-4.3201185039370076
0
LINE
8
BLACK
6
CONTINUOUS
10
5.9656122047244091
20
-4.3201185039370076
11
5.9657262598425191
21
-4.3203466535433073
0
LINE
8
BLACK
6
CONTINUOUS
10
5.9657262598425191
20
-4.3203466535433073
11
5.9658403543307088
21
-4.3201185433070863
0
LINE
8
BLACK
6
CONTINUOUS
10
5.9658403543307088
20
-4.3201185433070863
11
5.9660806299212599
21
-4.3198088976377953
0
LINE
8
BLACK
6
CONTINUOUS
10
5.9660806299212599
20
-4.3198088976377953
11
5.966113937007874
21
-4.3197090944881893
0
LINE
8
BLACK
6
CONTINUOUS
10
5.966113937007874
20
-4.3197090944881893
11
5.9662250787401572
21
-4.3196227952755901
0
LINE
8
BLACK
6
CONTINUOUS
10
5.9662250787401572
20
-4.3196227952755901
11
5.966311299212598
21
-4.3195117716535432
0
LINE
8
BLACK
6
CONTINUOUS
10
5.966311299212598
20
-4.3195117716535432
11
5.9664110236220473
21
-4.3194785039370078
0
LINE
8
BLACK
6
CONTINUOUS
10
5.9664110236220473
20
-4.3194785039370078
11
5.9667207086614171
21
-4.319238188976378
0
LINE
8
BLACK
6
CONTINUOUS
10
5.9667207086614171
20
-4.319238188976378
11
5.9704702362204722
21
-4.3173634251968505
0
LINE
8
BLACK
6
CONTINUOUS
10
5.9704702362204722
20
-4.3173634251968505
11
5.9705653149606297
21
-4.3173373622047242
0
LINE
8
BLACK
6
CONTINUOUS
10
5.9705653149606297
20
-4.3173373622047242
11
5.9705972834645671
21
-4.3173054330708664
0
LINE
8
BLACK
6
CONTINUOUS
10
5.9705972834645671
20
-4.3173054330708664
11
5.9709067716535431
21
-4.3172438582677168
0
LINE
8
BLACK
6
CONTINUOUS
10
5.9709067716535431
20
-4.3172438582677168
11
5.9712110236220468
21
-4.317160551181102
0
LINE
8
BLACK
6
CONTINUOUS
10
5.9712110236220468
20
-4.317160551181102
11
5.9712538582677164
21
-4.317174803149606
0
LINE
8
BLACK
6
CONTINUOUS
10
5.9712538582677164
20
-4.317174803149606
11
5.9713505905511806
21
-4.3171555905511809
0
LINE
8
BLACK
6
CONTINUOUS
10
5.9713505905511806
20
-4.3171555905511809
11
5.9769748818897632
21
-4.3171555905511809
0
LINE
8
BLACK
6
CONTINUOUS
10
5.9769748818897632
20
-4.3171555905511809
11
5.9770715748031495
21
-4.317174803149606
0
LINE
8
BLACK
6
CONTINUOUS
10
5.9770715748031495
20
-4.317174803149606
11
5.9771144488188979
21
-4.317160551181102
0
LINE
8
BLACK
6
CONTINUOUS
10
5.9771144488188979
20
-4.317160551181102
11
5.9774186614173228
21
-4.3172438582677168
0
LINE
8
BLACK
6
CONTINUOUS
10
5.9774186614173228
20
-4.3172438582677168
11
5.9777281889763776
21
-4.3173054330708664
0
LINE
8
BLACK
6
CONTINUOUS
10
5.9777281889763776
20
-4.3173054330708664
11
5.9777601181102362
21
-4.3173373622047242
0
LINE
8
BLACK
6
CONTINUOUS
10
5.9777601181102362
20
-4.3173373622047242
11
5.9778552362204724
21
-4.3173634251968505
0
LINE
8
BLACK
6
CONTINUOUS
10
5.9778552362204724
20
-4.3173634251968505
11
5.9806981102362204
21
-4.3187848425196851
0
LINE
8
BLACK
6
CONTINUOUS
10
5.9806981102362204
20
-4.3187848425196851
11
5.9807805118110231
21
-4.3183707874015749
0
LINE
8
BLACK
6
CONTINUOUS
10
5.9807805118110231
20
-4.3183707874015749
11
5.9818458661417324
21
-4.3173054330708664
0
LINE
8
BLACK
6
CONTINUOUS
10
5.9818458661417324
20
-4.3173054330708664
11
5.9833524803149603
21
-4.3173054330708664
0
LINE
8
BLACK
6
CONTINUOUS
10
5.9833524803149603
20
-4.3173054330708664
11
5.9844178346456696
21
-4.3183707874015749
0
LINE
8
BLACK
6
CONTINUOUS
10
5.9844178346456696
20
-4.3183707874015749
11
5.9845676771653542
21
-4.3191240944881892
0
LINE
8
BLACK
6
CONTINUOUS
10
5.9845676771653542
20
-4.3191240944881892
11
5.9845676771653542
21
-4.3453708267716538
0
LINE
8
BLACK
6
CONTINUOUS
10
5.9845676771653542
20
-4.3453708267716538
11
5.9844178346456696
21
-4.3461241338582672
0
LINE
8
BLACK
6
CONTINUOUS
10
5.9844178346456696
20
-4.3461241338582672
11
5.9833524803149603
21
-4.3471894881889765
0
LINE
8
BLACK
6
CONTINUOUS
10
5.9833524803149603
20
-4.3471894881889765
11
5.9818458661417324
21
-4.3471894881889765
0
LINE
8
BLACK
6
CONTINUOUS
10
5.9818458661417324
20
-4.3471894881889765
11
5.9807805118110231
21
-4.3461241338582672
0
LINE
8
BLACK
6
CONTINUOUS
10
5.9807805118110231
20
-4.3461241338582672
11
5.9806306692913385
21
-4.3453708267716538
0
LINE
8
BLACK
6
CONTINUOUS
10
5.9806306692913385
20
-4.3453708267716538
11
5.9806306692913385
21
-4.3236889763779525
0
LINE
8
BLACK
6
CONTINUOUS
10
5.9806306692913385
20
-4.3236889763779525
11
5.9795583464566926
21
-4.3226166535433066
0
LINE
8
BLACK
6
CONTINUOUS
10
5.9795583464566926
20
-4.3226166535433066
11
5.976510196850394
21
-4.3210925984251967
0
LINE
8
BLACK
6
CONTINUOUS
10
5.976510196850394
20
-4.3210925984251967
11
5.9718153149606295
21
-4.3210925984251967
0
LINE
8
BLACK
6
CONTINUOUS
10
5.9718153149606295
20
-4.3210925984251967
11
5.9690682677165352
21
-4.3224660629921257
0
LINE
8
BLACK
6
CONTINUOUS
10
5.9690682677165352
20
-4.3224660629921257
11
5.9676948031496062
21
-4.325213070866142
0
LINE
8
BLACK
6
CONTINUOUS
10
5.9676948031496062
20
-4.325213070866142
11
5.9676948031496062
21
-4.3453708267716538
0
LINE
8
BLACK
6
CONTINUOUS
10
5.9676948031496062
20
-4.3453708267716538
11
5.9675449606299207
21
-4.3461241338582672
0
LINE
8
BLACK
6
CONTINUOUS
10
5.9675449606299207
20
-4.3461241338582672
11
5.9664796062992123
21
-4.3471894881889765
0
LINE
8
BLACK
6
CONTINUOUS
10
5.9664796062992123
20
-4.3471894881889765
11
5.9649729921259844
21
-4.3471894881889765
0
LINE
8
BLACK
6
CONTINUOUS
10
5.9649729921259844
20
-4.3471894881889765
11
5.9639076377952751
21
-4.3461241338582672
0
LINE
8
BLACK
6
CONTINUOUS
10
5.9639076377952751
20
-4.3461241338582672
11
5.9637577952755905
21
-4.3453708267716538
0
LINE
8
BLACK
6
CONTINUOUS
10
5.9637577952755905
20
-4.3453708267716538
11
5.9637577952755905
21
-4.325213070866142
0
LINE
8
BLACK
6
CONTINUOUS
10
5.9637577952755905
20
-4.325213070866142
11
5.9623842913385827
21
-4.3224660629921257
0
LINE
8
BLACK
6
CONTINUOUS
10
5.9623842913385827
20
-4.3224660629921257
11
5.9596373228346451
21
-4.3210925984251967
0
LINE
8
BLACK
6
CONTINUOUS
10
5.9596373228346451
20
-4.3210925984251967
11
5.9549424409448815
21
-4.3210925984251967
0
LINE
8
BLACK
6
CONTINUOUS
10
5.9549424409448815
20
-4.3210925984251967
11
5.9521953543307085
21
-4.3224660629921257
0
LINE
8
BLACK
6
CONTINUOUS
10
5.9521953543307085
20
-4.3224660629921257
11
5.9508218897637795
21
-4.325213070866142
0
LINE
8
BLACK
6
CONTINUOUS
10
5.9508218897637795
20
-4.325213070866142
11
5.9508218897637795
21
-4.3453708267716538
0
LINE
8
BLACK
6
CONTINUOUS
10
5.9508218897637795
20
-4.3453708267716538
11
5.9506720472440939
21
-4.3461241338582672
0
LINE
8
BLACK
6
CONTINUOUS
10
5.9506720472440939
20
-4.3461241338582672
11
5.9496066929133855
21
-4.3471894881889765
0
LINE
8
BLACK
6
CONTINUOUS
10
5.9496066929133855
20
-4.3471894881889765
11
5.9481000787401577
21
-4.3471894881889765
0
LINE
8
BLACK
6
CONTINUOUS
10
5.9481000787401577
20
-4.3471894881889765
11
5.9470347244094484
21
-4.3461241338582672
0
LINE
8
BLACK
6
CONTINUOUS
10
5.9470347244094484
20
-4.3461241338582672
11
5.9468848818897637
21
-4.3453708267716538
0
LINE
8
BLACK
6
CONTINUOUS
10
5.9468848818897637
20
-4.3453708267716538
11
5.9468848818897637
21
-4.3247483858267719
0
LINE
8
BLACK
6
CONTINUOUS
10
5.9468848818897637
20
-4.3247483858267719
11
5.9469040944881888
21
-4.3246516535433068
0
LINE
8
BLACK
6
CONTINUOUS
10
5.9469040944881888
20
-4.3246516535433068
11
5.9468898425196848
21
-4.3246088188976373
0
LINE
8
BLACK
6
CONTINUOUS
10
5.9468898425196848
20
-4.3246088188976373
11
5.9469731496062987
21
-4.3243045669291336
0
LINE
8
BLACK
6
CONTINUOUS
10
5.9469731496062987
20
-4.3243045669291336
11
5.9470347244094484
21
-4.3239950787401575
0
LINE
8
BLACK
6
CONTINUOUS
10
5.9470347244094484
20
-4.3239950787401575
11
5.947066653543307
21
-4.3239631102362202
0
LINE
8
BLACK
6
CONTINUOUS
10
5.947066653543307
20
-4.3239631102362202
11
5.9470927165354333
21
-4.3238680314960627
0
LINE
8
BLACK
6
CONTINUOUS
10
5.9470927165354333
20
-4.3238680314960627
11
5.9489674409448821
21
-4.3201185433070863
0
LINE
8
BLACK
6
CONTINUOUS
10
5.9489674409448821
20
-4.3201185433070863
11
5.9492077952755906
21
-4.3198088188976378
0
LINE
8
BLACK
6
CONTINUOUS
10
5.9492077952755906
20
-4.3198088188976378
11
5.949241062992126
21
-4.3197090944881893
0
LINE
8
BLACK
6
CONTINUOUS
10
5.949241062992126
20
-4.3197090944881893
11
5.9493521259842517
21
-4.3196228740157476
0
LINE
8
BLACK
6
CONTINUOUS
10
5.9493521259842517
20
-4.3196228740157476
11
5.9494383858267712
21
-4.3195117716535432
0
LINE
8
BLACK
6
CONTINUOUS
10
5.9494383858267712
20
-4.3195117716535432
11
5.9495381496062993
21
-4.3194784645669291
0
LINE
8
BLACK
6
CONTINUOUS
10
5.9495381496062993
20
-4.3194784645669291
11
5.9498478346456691
21
-4.319238188976378
0
LINE
8
BLACK
6
CONTINUOUS
10
5.9498478346456691
20
-4.319238188976378
11
5.9535973622047242
21
-4.3173634251968505
0
LINE
8
BLACK
6
CONTINUOUS
10
5.9535973622047242
20
-4.3173634251968505
11
5.9536924409448817
21
-4.3173373622047242
0
LINE
8
BLACK
6
CONTINUOUS
10
5.9536924409448817
20
-4.3173373622047242
11
5.9537244094488191
21
-4.3173054330708664
0
LINE
8
BLACK
6
CONTINUOUS
10
5.9537244094488191
20
-4.3173054330708664
11
5.9540338976377951
21
-4.3172438582677168
0
LINE
8
BLACK
6
CONTINUOUS
10
5.9540338976377951
20
-4.3172438582677168
11
5.9543381496062988
21
-4.317160551181102
0
LINE
8
BLACK
6
CONTINUOUS
10
5.9543381496062988
20
-4.317160551181102
11
5.9543809842519684
21
-4.317174803149606
0
LINE
8
BLACK
6
CONTINUOUS
10
5.9543809842519684
20
-4.317174803149606
11
5.9544777165354326
21
-4.3171555905511809
0
LINE
8
BLACK
6
CONTINUOUS
10
5.9544777165354326
20
-4.3171555905511809
11
5.9601020078740152
21
-4.3171555905511809
0
LINE
8
BLACK
6
CONTINUOUS
10
5.9601020078740152
20
-4.3171555905511809
11
5.9601987007874015
21
-4.317174803149606
0
LINE
8
BLACK
6
CONTINUOUS
10
5.999568779527559
20
-4.317174803149606
11
5.9996116535433073
21
-4.317160551181102
0
LINE
8
BLACK
6
CONTINUOUS
10
5.9996116535433073
20
-4.317160551181102
11
5.9999158661417322
21
-4.3172438582677168
0
LINE
8
BLACK
6
CONTINUOUS
10
5.9999158661417322
20
-4.3172438582677168
11
6.000225393700787
21
-4.3173054330708664
0
LINE
8
BLACK
6
CONTINUOUS
10
6.000225393700787
20
-4.3173054330708664
11
6.0002573228346456
21
-4.3173373622047242
0
LINE
8
BLACK
6
CONTINUOUS
10
6.0002573228346456
20
-4.3173373622047242
11
6.0003524409448818
21
-4.3173634251968505
0
LINE
8
BLACK
6
CONTINUOUS
10
6.0003524409448818
20
-4.3173634251968505
11
6.0041019291338582
21
-4.3192381496062993
0
LINE
8
BLACK
6
CONTINUOUS
10
6.0041019291338582
20
-4.3192381496062993
11
6.0043512598425197
21
-4.3194316535433073
0
LINE
8
BLACK
6
CONTINUOUS
10
6.0043512598425197
20
-4.3194316535433073
11
6.0046135433070864
21
-4.3196069291338581
0
LINE
8
BLACK
6
CONTINUOUS
10
6.0046135433070864
20
-4.3196069291338581
11
6.0050026377952754
21
-4.3199959842519684
0
LINE
8
BLACK
6
CONTINUOUS
10
6.0050026377952754
20
-4.3199959842519684
11
6.0050026377952754
21
-4.3191240944881892
0
LINE
8
BLACK
6
CONTINUOUS
10
6.0050026377952754
20
-4.3191240944881892
11
6.0051524803149601
21
-4.3183707874015749
0
LINE
8
BLACK
6
CONTINUOUS
10
6.0051524803149601
20
-4.3183707874015749
11
6.0062178346456694
21
-4.3173054330708664
0
LINE
8
BLACK
6
CONTINUOUS
10
6.0062178346456694
20
-4.3173054330708664
11
6.0077244488188972
21
-4.3173054330708664
0
LINE
8
BLACK
6
CONTINUOUS
10
6.0077244488188972
20
-4.3173054330708664
11
6.0087898031496065
21
-4.3183707874015749
0
LINE
8
BLACK
6
CONTINUOUS
10
6.0087898031496065
20
-4.3183707874015749
11
6.0089396456692912
21
-4.3191240944881892
0
LINE
8
BLACK
6
CONTINUOUS
10
6.0089396456692912
20
-4.3191240944881892
11
6.0089396456692912
21
-4.3453708267716538
0
LINE
8
BLACK
6
CONTINUOUS
10
6.0089396456692912
20
-4.3453708267716538
11
6.0087898031496065
21
-4.3461241338582672
0
LINE
8
BLACK
6
CONTINUOUS
10
6.0087898031496065
20
-4.3461241338582672
11
6.0077244488188972
21
-4.3471894881889765
0
LINE
8
BLACK
6
CONTINUOUS
10
6.0077244488188972
20
-4.3471894881889765
11
6.0062178346456694
21
-4.3471894881889765
0
LINE
8
BLACK
6
CONTINUOUS
10
6.0062178346456694
20
-4.3471894881889765
11
6.0051524803149601
21
-4.3461241338582672
0
LINE
8
BLACK
6
CONTINUOUS
10
6.0051524803149601
20
-4.3461241338582672
11
6.0050026377952754
21
-4.3453708267716538
0
LINE
8
BLACK
6
CONTINUOUS
10
6.0050026377952754
20
-4.3453708267716538
11
6.0050026377952754
21
-4.3270878346456696
0
LINE
8
BLACK
6
CONTINUOUS
10
6.0050026377952754
20
-4.3270878346456696
11
6.0034785433070867
21
-4.3240396850393701
0
LINE
8
BLACK
6
CONTINUOUS
10
6.0034785433070867
20
-4.3240396850393701
11
6.002055551181102
21
-4.3226166535433066
0
LINE
8
BLACK
6
CONTINUOUS
10
6.002055551181102
20
-4.3226166535433066
11
5.9990074015748034
21
-4.3210925984251967
0
LINE
8
BLACK
6
CONTINUOUS
10
5.9990074015748034
20
-4.3210925984251967
11
5.9957225590551184
21
-4.3210925984251967
0
LINE
8
BLACK
6
CONTINUOUS
10
5.9957225590551184
20
-4.3210925984251967
11
5.9949692519685041
21
-4.320942755905512
0
LINE
8
BLACK
6
CONTINUOUS
10
5.9949692519685041
20
-4.320942755905512
11
5.9939038976377947
21
-4.3198774015748027
0
LINE
8
BLACK
6
CONTINUOUS
10
5.9939038976377947
20
-4.3198774015748027
11
5.9939038976377947
21
-4.3183707874015749
0
LINE
8
BLACK
6
CONTINUOUS
10
5.9939038976377947
20
-4.3183707874015749
11
5.9949692519685041
21
-4.3173054330708664
0
LINE
8
BLACK
6
CONTINUOUS
10
5.9949692519685041
20
-4.3173054330708664
11
5.9957225590551184
21
-4.3171555905511809
0
LINE
8
BLACK
6
CONTINUOUS
10
5.9957225590551184
20
-4.3171555905511809
11
5.9994720866141735
21
-4.3171555905511809
0
LINE
8
BLACK
6
CONTINUOUS
10
5.9994720866141735
20
-4.3171555905511809
11
5.999568779527559
21
-4.317174803149606
0
LINE
8
BLACK
6
CONTINUOUS
10
6.0770907874015743
20
-4.3041820866141736
11
6.0781561417322836
21
-4.305247440944882
0
LINE
8
BLACK
6
CONTINUOUS
10
6.0781561417322836
20
-4.305247440944882
11
6.0781561417322836
21
-4.3067540551181098
0
LINE
8
BLACK
6
CONTINUOUS
10
6.0781561417322836
20
-4.3067540551181098
11
6.0770907874015743
21
-4.3078194094488191
0
LINE
8
BLACK
6
CONTINUOUS
10
6.0770907874015743
20
-4.3078194094488191
11
6.0763374803149608
21
-4.3079692519685038
0
LINE
8
BLACK
6
CONTINUOUS
10
6.0763374803149608
20
-4.3079692519685038
11
6.0670574015748029
21
-4.3079692519685038
0
LINE
8
BLACK
6
CONTINUOUS
10
6.0670574015748029
20
-4.3079692519685038
11
6.0670574015748029
21
-4.3453708267716538
0
LINE
8
BLACK
6
CONTINUOUS
10
6.0670574015748029
20
-4.3453708267716538
11
6.0669075590551182
21
-4.3461241338582672
0
LINE
8
BLACK
6
CONTINUOUS
10
6.0669075590551182
20
-4.3461241338582672
11
6.0658422047244089
21
-4.3471894881889765
0
LINE
8
BLACK
6
CONTINUOUS
10
6.0658422047244089
20
-4.3471894881889765
11
6.0643355905511811
21
-4.3471894881889765
0
LINE
8
BLACK
6
CONTINUOUS
10
6.0643355905511811
20
-4.3471894881889765
11
6.0632702362204727
21
-4.3461241338582672
0
LINE
8
BLACK
6
CONTINUOUS
10
6.0632702362204727
20
-4.3461241338582672
11
6.0631203937007871
21
-4.3453708267716538
0
LINE
8
BLACK
6
CONTINUOUS
10
6.0631203937007871
20
-4.3453708267716538
11
6.0631203937007871
21
-4.3079692519685038
0
LINE
8
BLACK
6
CONTINUOUS
10
6.0631203937007871
20
-4.3079692519685038
11
6.0538403149606301
21
-4.3079692519685038
0
LINE
8
BLACK
6
CONTINUOUS
10
6.0538403149606301
20
-4.3079692519685038
11
6.0530870078740158
21
-4.3078194094488191
0
LINE
8
BLACK
6
CONTINUOUS
10
6.0530870078740158
20
-4.3078194094488191
11
6.0520216535433073
21
-4.3067540551181098
0
LINE
8
BLACK
6
CONTINUOUS
10
6.0520216535433073
20
-4.3067540551181098
11
6.0520216535433073
21
-4.305247440944882
0
LINE
8
BLACK
6
CONTINUOUS
10
6.0520216535433073
20
-4.305247440944882
11
6.0530870078740158
21
-4.3041820866141736
0
LINE
8
BLACK
6
CONTINUOUS
10
6.0530870078740158
20
-4.3041820866141736
11
6.0538403149606301
21
-4.304032244094488
0
LINE
8
BLACK
6
CONTINUOUS
10
6.0538403149606301
20
-4.304032244094488
11
6.0763374803149608
21
-4.304032244094488
0
LINE
8
BLACK
6
CONTINUOUS
10
6.0763374803149608
20
-4.304032244094488
11
6.0770907874015743
21
-4.3041820866141736
0
LINE
8
BLACK
6
CONTINUOUS
10
5.6847622440944878
20
-4.2686837401574804
11
5.6860406692913381
21
-4.2699621653543307
0
LINE
8
BLACK
6
CONTINUOUS
10
5.6860406692913381
20
-4.2699621653543307
11
5.6862204724409446
21
-4.2708661417322835
0
LINE
8
BLACK
6
CONTINUOUS
10
5.6862204724409446
20
-4.2708661417322835
11
5.6862204724409446
21
-4.3248031496062991
0
LINE
8
BLACK
6
CONTINUOUS
10
5.6862204724409446
20
-4.3248031496062991
11
5.6860406692913381
21
-4.3257071259842519
0
LINE
8
BLACK
6
CONTINUOUS
10
5.6860406692913381
20
-4.3257071259842519
11
5.6847622440944878
21
-4.3269855511811022
0
LINE
8
BLACK
6
CONTINUOUS
10
5.6847622440944878
20
-4.3269855511811022
11
5.6829542913385822
21
-4.3269855511811022
0
LINE
8
BLACK
6
CONTINUOUS
10
5.6829542913385822
20
-4.3269855511811022
11
5.6816758661417319
21
-4.3257071259842519
0
LINE
8
BLACK
6
CONTINUOUS
10
5.6816758661417319
20
-4.3257071259842519
11
5.6814960629921263
21
-4.3248031496062991
0
LINE
8
BLACK
6
CONTINUOUS
10
5.6814960629921263
20
-4.3248031496062991
11
5.6814960629921263
21
-4.2732283464566931
0
LINE
8
BLACK
6
CONTINUOUS
10
5.6814960629921263
20
-4.2732283464566931
11
5.6299212598425195
21
-4.2732283464566931
0
LINE
8
BLACK
6
CONTINUOUS
10
5.6299212598425195
20
-4.2732283464566931
11
5.6290172834645666
21
-4.2730485433070866
0
LINE
8
BLACK
6
CONTINUOUS
10
5.6290172834645666
20
-4.2730485433070866
11
5.6277388582677164
21
-4.2717701181102363
0
LINE
8
BLACK
6
CONTINUOUS
10
5.6277388582677164
20
-4.2717701181102363
11
5.6277388582677164
21
-4.2699621653543307
0
LINE
8
BLACK
6
CONTINUOUS
10
5.6277388582677164
20
-4.2699621653543307
11
5.6290172834645666
21
-4.2686837401574804
0
LINE
8
BLACK
6
CONTINUOUS
10
5.6290172834645666
20
-4.2686837401574804
11
5.6299212598425195
21
-4.2685039370078739
0
LINE
8
BLACK
6
CONTINUOUS
10
5.6299212598425195
20
-4.2685039370078739
11
5.683858267716535
21
-4.2685039370078739
0
LINE
8
BLACK
6
CONTINUOUS
10
5.683858267716535
20
-4.2685039370078739
11
5.6847622440944878
21
-4.2686837401574804
0
LINE
8
BLACK
6
CONTINUOUS
10
5.9314976771653543
20
-4.3046088188976377
11
5.9333724409448818
21
-4.3064835433070865
0
LINE
8
BLACK
6
CONTINUOUS
10
5.9333724409448818
20
-4.3064835433070865
11
5.9337991732283459
21
-4.3071221653543308
0
LINE
8
BLACK
6
CONTINUOUS
10
5.9337991732283459
20
-4.3071221653543308
11
5.9337991732283459
21
-4.3071222047244095
0
LINE
8
BLACK
6
CONTINUOUS
10
5.9337991732283459
20
-4.3071222047244095
11
5.9337991732283459
21
-4.3086288582677161
0
LINE
8
BLACK
6
CONTINUOUS
10
5.9337991732283459
20
-4.3086288582677161
11
5.9333724409448818
21
-4.3092674803149604
0
LINE
8
BLACK
6
CONTINUOUS
10
5.9333724409448818
20
-4.3092674803149604
11
5.9314976771653543
21
-4.3111422047244092
0
LINE
8
BLACK
6
CONTINUOUS
10
5.9314976771653543
20
-4.3111422047244092
11
5.93085905511811
21
-4.3115689370078742
0
LINE
8
BLACK
6
CONTINUOUS
10
5.93085905511811
20
-4.3115689370078742
11
5.9293524409448821
21
-4.3115689370078742
0
LINE
8
BLACK
6
CONTINUOUS
10
5.9293524409448821
20
-4.3115689370078742
11
5.9293524015748034
21
-4.3115689370078742
0
LINE
8
BLACK
6
CONTINUOUS
10
5.9293524015748034
20
-4.3115689370078742
11
5.9287137795275591
21
-4.3111422047244092
0
LINE
8
BLACK
6
CONTINUOUS
10
5.9287137795275591
20
-4.3111422047244092
11
5.9268390551181103
21
-4.3092674409448817
0
LINE
8
BLACK
6
CONTINUOUS
10
5.9268390551181103
20
-4.3092674409448817
11
5.9264123228346453
21
-4.3086288188976374
0
LINE
8
BLACK
6
CONTINUOUS
10
5.9264123228346453
20
-4.3086288188976374
11
5.9264123228346453
21
-4.3071222047244095
0
LINE
8
BLACK
6
CONTINUOUS
10
5.9264123228346453
20
-4.3071222047244095
11
5.926412362204724
21
-4.3071221653543308
0
LINE
8
BLACK
6
CONTINUOUS
10
5.926412362204724
20
-4.3071221653543308
11
5.9268390551181103
21
-4.3064835826771652
0
LINE
8
BLACK
6
CONTINUOUS
10
5.9268390551181103
20
-4.3064835826771652
11
5.9287137795275591
21
-4.3046088188976377
0
LINE
8
BLACK
6
CONTINUOUS
10
5.9287137795275591
20
-4.3046088188976377
11
5.9293524015748034
21
-4.3041820866141736
0
LINE
8
BLACK
6
CONTINUOUS
10
5.9293524015748034
20
-4.3041820866141736
11
5.93085905511811
21
-4.3041820866141736
0
LINE
8
BLACK
6
CONTINUOUS
10
5.93085905511811
20
-4.3041820866141736
11
5.9314976771653543
21
-4.3046088188976377
0
LINE
8
BLACK
6
CONTINUOUS
10
5.5981480708661415
20
-4.2785262598425193
11
5.5994264960629918
21
-4.2798046850393696
0
LINE
8
BLACK
6
CONTINUOUS
10
5.5994264960629918
20
-4.2798046850393696
11
5.5996062992125983
21
-4.2807086614173224
0
LINE
8
BLACK
6
CONTINUOUS
10
5.5996062992125983
20
-4.2807086614173224
11
5.5996062992125983
21
-4.3015748031496059
0
LINE
8
BLACK
6
CONTINUOUS
10
5.5996062992125983
20
-4.3015748031496059
11
5.5994264960629918
21
-4.3024787795275587
0
LINE
8
BLACK
6
CONTINUOUS
10
5.5994264960629918
20
-4.3024787795275587
11
5.5981480708661415
21
-4.303757204724409
0
LINE
8
BLACK
6
CONTINUOUS
10
5.5981480708661415
20
-4.303757204724409
11
5.5963401181102359
21
-4.303757204724409
0
LINE
8
BLACK
6
CONTINUOUS
10
5.5963401181102359
20
-4.303757204724409
11
5.5950616929133856
21
-4.3024787795275587
0
LINE
8
BLACK
6
CONTINUOUS
10
5.5950616929133856
20
-4.3024787795275587
11
5.5948818897637791
21
-4.3015748031496059
0
LINE
8
BLACK
6
CONTINUOUS
10
5.5948818897637791
20
-4.3015748031496059
11
5.5948818897637791
21
-4.283070866141732
0
LINE
8
BLACK
6
CONTINUOUS
10
5.5948818897637791
20
-4.283070866141732
11
5.3106299212598422
21
-4.283070866141732
0
LINE
8
BLACK
6
CONTINUOUS
10
5.3106299212598422
20
-4.283070866141732
11
5.3106299212598422
21
-4.3015748031496059
0
LINE
8
BLACK
6
CONTINUOUS
10
5.3106299212598422
20
-4.3015748031496059
11
5.3104501181102357
21
-4.3024787795275587
0
LINE
8
BLACK
6
CONTINUOUS
10
5.3104501181102357
20
-4.3024787795275587
11
5.3091716929133854
21
-4.303757204724409
0
LINE
8
BLACK
6
CONTINUOUS
10
5.3091716929133854
20
-4.303757204724409
11
5.3073637401574798
21
-4.303757204724409
0
LINE
8
BLACK
6
CONTINUOUS
10
5.3073637401574798
20
-4.303757204724409
11
5.3060853149606295
21
-4.3024787795275587
0
LINE
8
BLACK
6
CONTINUOUS
10
5.3060853149606295
20
-4.3024787795275587
11
5.3059055118110239
21
-4.3015748031496059
0
LINE
8
BLACK
6
CONTINUOUS
10
5.3059055118110239
20
-4.3015748031496059
11
5.3059055118110239
21
-4.2807086614173224
0
LINE
8
BLACK
6
CONTINUOUS
10
5.3059055118110239
20
-4.2807086614173224
11
5.3060853149606295
21
-4.2798046850393696
0
LINE
8
BLACK
6
CONTINUOUS
10
5.3060853149606295
20
-4.2798046850393696
11
5.3073637401574798
21
-4.2785262598425193
0
LINE
8
BLACK
6
CONTINUOUS
10
5.3073637401574798
20
-4.2785262598425193
11
5.3082677165354326
21
-4.2783464566929137
0
LINE
8
BLACK
6
CONTINUOUS
10
5.3082677165354326
20
-4.2783464566929137
11
5.5972440944881887
21
-4.2783464566929137
0
LINE
8
BLACK
6
CONTINUOUS
10
5.5972440944881887
20
-4.2783464566929137
11
5.5981480708661415
21
-4.2785262598425193
0
CIRCLE
8
BLACK
10
5.3346456692913389
20
-2.3228346456692912
40
0.0068897637795276
0
CIRCLE
8
BLACK
10
5.3346456692913389
20
-2.2736220472440944
40
0.0068897637795276
0
CIRCLE
8
BLACK
10
5.3346456692913389
20
-2.2244094488188977
40
0.0068897637795276
0
CIRCLE
8
BLACK
10
5.3346456692913389
20
-2.1751968503937009
40
0.0068897637795276
0
CIRCLE
8
BLACK
10
5.3346456692913389
20
-2.1259842519685037
40
0.0068897637795276
0
CIRCLE
8
BLACK
10
5.9753937007874018
20
-4.4291338582677167
40
0.0068897637795276
0
CIRCLE
8
BLACK
10
5.8753937007874013
20
-4.4291338582677167
40
0.0068897637795276
0
CIRCLE
8
BLACK
10
5.4921259842519685
20
-4.8196850393700785
40
0.0068897637795276
0
CIRCLE
8
BLACK
10
5.392125984251968
20
-4.8196850393700785
40
0.0068897637795276
0
CIRCLE
8
BLACK
10
5.4921259842519685
20
-4.9196850393700791
40
0.0068897637795276
0
CIRCLE
8
BLACK
10
5.392125984251968
20
-4.9196850393700791
40
0.0068897637795276
0
CIRCLE
8
BLACK
10
5.4921259842519685
20
-5.0196850393700787
40
0.0068897637795276
0
CIRCLE
8
BLACK
10
5.392125984251968
20
-5.0196850393700787
40
0.0068897637795276
0
CIRCLE
8
BLACK
10
5.4921259842519685
20
-5.1196850393700783
40
0.0068897637795276
0
CIRCLE
8
BLACK
10
5.392125984251968
20
-5.1196850393700783
40
0.0068897637795276
0
CIRCLE
8
BLACK
10
5.4921259842519685
20
-5.2196850393700789
40
0.0068897637795276
0
CIRCLE
8
BLACK
10
5.392125984251968
20
-5.2196850393700789
40
0.0068897637795276
0
CIRCLE
8
BLACK
10
5.3346456692913389
20
-2.3228346456692912
40
0.0068897637795276
0
CIRCLE
8
BLACK
10
5.3346456692913389
20
-2.2736220472440944
40
0.0068897637795276
0
CIRCLE
8
BLACK
10
5.3346456692913389
20
-2.2244094488188977
40
0.0068897637795276
0
CIRCLE
8
BLACK
10
5.3346456692913389
20
-2.1751968503937009
40
0.0068897637795276
0
CIRCLE
8
BLACK
10
5.3346456692913389
20
-2.1259842519685037
40
0.0068897637795276
0
CIRCLE
8
BLACK
10
5.9753937007874018
20
-4.4291338582677167
40
0.0068897637795276
0
CIRCLE
8
BLACK
10
5.8753937007874013
20
-4.4291338582677167
40
0.0068897637795276
0
CIRCLE
8
BLACK
10
5.4921259842519685
20
-4.8196850393700785
40
0.0068897637795276
0
CIRCLE
8
BLACK
10
5.392125984251968
20
-4.8196850393700785
40
0.0068897637795276
0
CIRCLE
8
BLACK
10
5.4921259842519685
20
-4.9196850393700791
40
0.0068897637795276
0
CIRCLE
8
BLACK
10
5.392125984251968
20
-4.9196850393700791
40
0.0068897637795276
0
CIRCLE
8
BLACK
10
5.4921259842519685
20
-5.0196850393700787
40
0.0068897637795276
0
CIRCLE
8
BLACK
10
5.392125984251968
20
-5.0196850393700787
40
0.0068897637795276
0
CIRCLE
8
BLACK
10
5.4921259842519685
20
-5.1196850393700783
40
0.0068897637795276
0
CIRCLE
8
BLACK
10
5.392125984251968
20
-5.1196850393700783
40
0.0068897637795276
0
CIRCLE
8
BLACK
10
5.4921259842519685
20
-5.2196850393700789
40
0.0068897637795276
0
CIRCLE
8
BLACK
10
5.392125984251968
20
-5.2196850393700789
40
0.0068897637795276
  0
ENDSEC
  0
EOF
