  0
SECTION
  2
HEADER
  9
$ANGBASE
  50
0.0
  9
$ANGDIR
  70
1
  9
$MEASUREMENT
  70
0
  0
ENDSEC
  0
SECTION
  2
TABLES
  0
TABLE
  2
LTYPE
  70
4
  0
LTYPE
  5
40F
  2
CONTINUOUS
  70
0
  3
Solid line
  72
65
  73
0
  40
0.0
  0
LTYPE
  5
410
  2
DASHDOT
 70
0
  3
Dash Dot ____ _ ____ _
 72
65
 73
4
 40
2.0
 49
1.25
 49
-0.25
 49
0.25
 49
-0.25
  0
LTYPE
  5
411
  2
DASHED
 70
0
  3
Dashed __ __ __ __ __
 72
65
 73
2
 40
0.75
 49
0.5
 49
-0.25
  0
LTYPE
  5
43B
  2
DOTTED
 70
0
  3
Dotted .  .  .  .
 72
65
 73
2
 40
0.2
 49
0.0
 49
-0.2
  0
ENDTAB
  0
TABLE
  2
STYLE
  70
4
  0
STYLE
  2
KICAD
  70
0
  40
0
  41
1
  42
1
  50
0
  71
0
  3
isocp.shx
  0
STYLE
  2
KICADB
  70
0
  40
0
  41
1
  42
1
  50
0
  71
0
  3
isocp.shx
  0
STYLE
  2
KICADI
  70
0
  40
0
  41
1
  42
1
  50
15
  71
0
  3
isocp.shx
  0
STYLE
  2
KICADBI
  70
0
  40
0
  41
1
  42
1
  50
15
  71
0
  3
isocp.shx
  0
ENDTAB
  0
TABLE
  2
LAYER
  70
1
  0
LAYER
  2
BLACK
  70
0
  62
7
  6
CONTINUOUS
  0
ENDTAB
  0
ENDSEC
  0
SECTION
  2
ENTITIES
0
LINE
8
BLACK
6
CONTINUOUS
10
6.8168070078740159
20
-6.1294912992125985
11
6.7867233858267717
21
-6.160643818897638
0
LINE
8
BLACK
6
CONTINUOUS
10
6.7867233858267717
20
-6.160643818897638
11
6.7300824409448818
21
-6.1059463385826769
0
LINE
8
BLACK
6
CONTINUOUS
10
6.7300824409448818
20
-6.1059463385826769
11
6.7601660629921261
21
-6.0747938188976374
0
LINE
8
BLACK
6
CONTINUOUS
10
6.7601660629921261
20
-6.0747938188976374
11
6.8168070078740159
21
-6.1294912992125985
0
LINE
8
BLACK
6
CONTINUOUS
10
6.8632999212598422
20
-6.0813464960629924
11
6.833216299212598
21
-6.112499015748031
0
LINE
8
BLACK
6
CONTINUOUS
10
6.833216299212598
20
-6.112499015748031
11
6.7765753543307081
21
-6.0578015354330708
0
LINE
8
BLACK
6
CONTINUOUS
10
6.7765753543307081
20
-6.0578015354330708
11
6.8066589763779524
21
-6.0266490157480312
0
LINE
8
BLACK
6
CONTINUOUS
10
6.8066589763779524
20
-6.0266490157480312
11
6.8632999212598422
21
-6.0813464960629924
0
LINE
8
BLACK
6
CONTINUOUS
10
6.9097927952755906
20
-6.0332016929133854
11
6.8797091732283464
21
-6.0643542125984249
0
LINE
8
BLACK
6
CONTINUOUS
10
6.8797091732283464
20
-6.0643542125984249
11
6.8230682283464565
21
-6.0096567322834646
0
LINE
8
BLACK
6
CONTINUOUS
10
6.8230682283464565
20
-6.0096567322834646
11
6.8531518503937008
21
-5.9785042125984251
0
LINE
8
BLACK
6
CONTINUOUS
10
6.8531518503937008
20
-5.9785042125984251
11
6.9097927952755906
21
-6.0332016929133854
0
LINE
8
BLACK
6
CONTINUOUS
10
6.6808687795275592
20
-5.9982172834645668
11
6.650785157480315
21
-6.0293698031496064
0
LINE
8
BLACK
6
CONTINUOUS
10
6.650785157480315
20
-6.0293698031496064
11
6.5941442125984251
21
-5.9746723228346452
0
LINE
8
BLACK
6
CONTINUOUS
10
6.5941442125984251
20
-5.9746723228346452
11
6.6242278346456693
21
-5.9435198031496066
0
LINE
8
BLACK
6
CONTINUOUS
10
6.6242278346456693
20
-5.9435198031496066
11
6.6808687795275592
21
-5.9982172834645668
0
LINE
8
BLACK
6
CONTINUOUS
10
6.7273616535433067
20
-5.9500724803149607
11
6.6972780314960625
21
-5.9812250000000002
0
LINE
8
BLACK
6
CONTINUOUS
10
6.6972780314960625
20
-5.9812250000000002
11
6.6406370866141735
21
-5.9265275196850391
0
LINE
8
BLACK
6
CONTINUOUS
10
6.6406370866141735
20
-5.9265275196850391
11
6.6707207086614169
21
-5.8953749999999996
0
LINE
8
BLACK
6
CONTINUOUS
10
6.6707207086614169
20
-5.8953749999999996
11
6.7273616535433067
21
-5.9500724803149607
0
LINE
8
BLACK
6
CONTINUOUS
10
4.6003937007874018
20
-5.9803149606299213
11
4.5570866141732278
21
-5.9803149606299213
0
LINE
8
BLACK
6
CONTINUOUS
10
4.5570866141732278
20
-5.9803149606299213
11
4.5570866141732278
21
-5.9015748031496065
0
LINE
8
BLACK
6
CONTINUOUS
10
4.5570866141732278
20
-5.9015748031496065
11
4.6003937007874018
21
-5.9015748031496065
0
LINE
8
BLACK
6
CONTINUOUS
10
4.6003937007874018
20
-5.9015748031496065
11
4.6003937007874018
21
-5.9803149606299213
0
LINE
8
BLACK
6
CONTINUOUS
10
4.6673228346456694
20
-5.9803149606299213
11
4.6240157480314963
21
-5.9803149606299213
0
LINE
8
BLACK
6
CONTINUOUS
10
4.6240157480314963
20
-5.9803149606299213
11
4.6240157480314963
21
-5.9015748031496065
0
LINE
8
BLACK
6
CONTINUOUS
10
4.6240157480314963
20
-5.9015748031496065
11
4.6673228346456694
21
-5.9015748031496065
0
LINE
8
BLACK
6
CONTINUOUS
10
4.6673228346456694
20
-5.9015748031496065
11
4.6673228346456694
21
-5.9803149606299213
0
LINE
8
BLACK
6
CONTINUOUS
10
4.734251968503937
20
-5.9803149606299213
11
4.6909448818897639
21
-5.9803149606299213
0
LINE
8
BLACK
6
CONTINUOUS
10
4.6909448818897639
20
-5.9803149606299213
11
4.6909448818897639
21
-5.9015748031496065
0
LINE
8
BLACK
6
CONTINUOUS
10
4.6909448818897639
20
-5.9015748031496065
11
4.734251968503937
21
-5.9015748031496065
0
LINE
8
BLACK
6
CONTINUOUS
10
4.734251968503937
20
-5.9015748031496065
11
4.734251968503937
21
-5.9803149606299213
0
LINE
8
BLACK
6
CONTINUOUS
10
5.1122047244094491
20
-5.9803149606299213
11
5.0688976377952759
21
-5.9803149606299213
0
LINE
8
BLACK
6
CONTINUOUS
10
5.0688976377952759
20
-5.9803149606299213
11
5.0688976377952759
21
-5.9015748031496065
0
LINE
8
BLACK
6
CONTINUOUS
10
5.0688976377952759
20
-5.9015748031496065
11
5.1122047244094491
21
-5.9015748031496065
0
LINE
8
BLACK
6
CONTINUOUS
10
5.1122047244094491
20
-5.9015748031496065
11
5.1122047244094491
21
-5.9803149606299213
0
LINE
8
BLACK
6
CONTINUOUS
10
5.1791338582677167
20
-5.9803149606299213
11
5.1358267716535435
21
-5.9803149606299213
0
LINE
8
BLACK
6
CONTINUOUS
10
5.1358267716535435
20
-5.9803149606299213
11
5.1358267716535435
21
-5.9015748031496065
0
LINE
8
BLACK
6
CONTINUOUS
10
5.1358267716535435
20
-5.9015748031496065
11
5.1791338582677167
21
-5.9015748031496065
0
LINE
8
BLACK
6
CONTINUOUS
10
5.1791338582677167
20
-5.9015748031496065
11
5.1791338582677167
21
-5.9803149606299213
0
LINE
8
BLACK
6
CONTINUOUS
10
5.2460629921259843
20
-5.9803149606299213
11
5.2027559055118111
21
-5.9803149606299213
0
LINE
8
BLACK
6
CONTINUOUS
10
5.2027559055118111
20
-5.9803149606299213
11
5.2027559055118111
21
-5.9015748031496065
0
LINE
8
BLACK
6
CONTINUOUS
10
5.2027559055118111
20
-5.9015748031496065
11
5.2460629921259843
21
-5.9015748031496065
0
LINE
8
BLACK
6
CONTINUOUS
10
5.2460629921259843
20
-5.9015748031496065
11
5.2460629921259843
21
-5.9803149606299213
0
LINE
8
BLACK
6
CONTINUOUS
10
5.643700787401575
20
-5.9803149606299213
11
5.6003937007874018
21
-5.9803149606299213
0
LINE
8
BLACK
6
CONTINUOUS
10
5.6003937007874018
20
-5.9803149606299213
11
5.6003937007874018
21
-5.9015748031496065
0
LINE
8
BLACK
6
CONTINUOUS
10
5.6003937007874018
20
-5.9015748031496065
11
5.643700787401575
21
-5.9015748031496065
0
LINE
8
BLACK
6
CONTINUOUS
10
5.643700787401575
20
-5.9015748031496065
11
5.643700787401575
21
-5.9803149606299213
0
LINE
8
BLACK
6
CONTINUOUS
10
5.7106299212598426
20
-5.9803149606299213
11
5.6673228346456694
21
-5.9803149606299213
0
LINE
8
BLACK
6
CONTINUOUS
10
5.6673228346456694
20
-5.9803149606299213
11
5.6673228346456694
21
-5.9015748031496065
0
LINE
8
BLACK
6
CONTINUOUS
10
5.6673228346456694
20
-5.9015748031496065
11
5.7106299212598426
21
-5.9015748031496065
0
LINE
8
BLACK
6
CONTINUOUS
10
5.7106299212598426
20
-5.9015748031496065
11
5.7106299212598426
21
-5.9803149606299213
0
LINE
8
BLACK
6
CONTINUOUS
10
5.7775590551181102
20
-5.9803149606299213
11
5.734251968503937
21
-5.9803149606299213
0
LINE
8
BLACK
6
CONTINUOUS
10
5.734251968503937
20
-5.9803149606299213
11
5.734251968503937
21
-5.9015748031496065
0
LINE
8
BLACK
6
CONTINUOUS
10
5.734251968503937
20
-5.9015748031496065
11
5.7775590551181102
21
-5.9015748031496065
0
LINE
8
BLACK
6
CONTINUOUS
10
5.7775590551181102
20
-5.9015748031496065
11
5.7775590551181102
21
-5.9803149606299213
0
LINE
8
BLACK
6
CONTINUOUS
10
6.1555118110236222
20
-5.9803149606299213
11
6.1122047244094491
21
-5.9803149606299213
0
LINE
8
BLACK
6
CONTINUOUS
10
6.1122047244094491
20
-5.9803149606299213
11
6.1122047244094491
21
-5.9015748031496065
0
LINE
8
BLACK
6
CONTINUOUS
10
6.1122047244094491
20
-5.9015748031496065
11
6.1555118110236222
21
-5.9015748031496065
0
LINE
8
BLACK
6
CONTINUOUS
10
6.1555118110236222
20
-5.9015748031496065
11
6.1555118110236222
21
-5.9803149606299213
0
LINE
8
BLACK
6
CONTINUOUS
10
6.2224409448818898
20
-5.9803149606299213
11
6.1791338582677167
21
-5.9803149606299213
0
LINE
8
BLACK
6
CONTINUOUS
10
6.1791338582677167
20
-5.9803149606299213
11
6.1791338582677167
21
-5.9015748031496065
0
LINE
8
BLACK
6
CONTINUOUS
10
6.1791338582677167
20
-5.9015748031496065
11
6.2224409448818898
21
-5.9015748031496065
0
LINE
8
BLACK
6
CONTINUOUS
10
6.2224409448818898
20
-5.9015748031496065
11
6.2224409448818898
21
-5.9803149606299213
0
LINE
8
BLACK
6
CONTINUOUS
10
6.2893700787401574
20
-5.9803149606299213
11
6.2460629921259843
21
-5.9803149606299213
0
LINE
8
BLACK
6
CONTINUOUS
10
6.2460629921259843
20
-5.9803149606299213
11
6.2460629921259843
21
-5.9015748031496065
0
LINE
8
BLACK
6
CONTINUOUS
10
6.2460629921259843
20
-5.9015748031496065
11
6.2893700787401574
21
-5.9015748031496065
0
LINE
8
BLACK
6
CONTINUOUS
10
6.2893700787401574
20
-5.9015748031496065
11
6.2893700787401574
21
-5.9803149606299213
0
LINE
8
BLACK
6
CONTINUOUS
10
6.7738545669291339
20
-5.9019276771653546
11
6.7437709448818897
21
-5.9330801968503932
0
LINE
8
BLACK
6
CONTINUOUS
10
6.7437709448818897
20
-5.9330801968503932
11
6.6871299999999998
21
-5.878382716535433
0
LINE
8
BLACK
6
CONTINUOUS
10
6.6871299999999998
20
-5.878382716535433
11
6.717213622047244
21
-5.8472301968503935
0
LINE
8
BLACK
6
CONTINUOUS
10
6.717213622047244
20
-5.8472301968503935
11
6.7738545669291339
21
-5.9019276771653546
0
LINE
8
BLACK
6
CONTINUOUS
10
6.0562357086614176
20
-5.865377125984252
11
6.0592692125984247
21
-5.8674040157480309
0
LINE
8
BLACK
6
CONTINUOUS
10
6.0592692125984247
20
-5.8674040157480309
11
6.0612961023622045
21
-5.8704375196850389
0
LINE
8
BLACK
6
CONTINUOUS
10
6.0612961023622045
20
-5.8704375196850389
11
6.0620078740157481
21
-5.8740157480314963
0
LINE
8
BLACK
6
CONTINUOUS
10
6.0620078740157481
20
-5.8740157480314963
11
6.0620078740157481
21
-5.8976377952755907
0
LINE
8
BLACK
6
CONTINUOUS
10
6.0620078740157481
20
-5.8976377952755907
11
6.0612961023622045
21
-5.9012160236220472
0
LINE
8
BLACK
6
CONTINUOUS
10
6.0612961023622045
20
-5.9012160236220472
11
6.0592692125984247
21
-5.9042495275590552
0
LINE
8
BLACK
6
CONTINUOUS
10
6.0592692125984247
20
-5.9042495275590552
11
6.0562357086614176
21
-5.9062764173228341
0
LINE
8
BLACK
6
CONTINUOUS
10
6.0562357086614176
20
-5.9062764173228341
11
6.0526574803149602
21
-5.9069881889763778
0
LINE
8
BLACK
6
CONTINUOUS
10
6.0526574803149602
20
-5.9069881889763778
11
6.0339566929133861
21
-5.9069881889763778
0
LINE
8
BLACK
6
CONTINUOUS
10
6.0339566929133861
20
-5.9069881889763778
11
6.0303784645669287
21
-5.9062764173228341
0
LINE
8
BLACK
6
CONTINUOUS
10
6.0303784645669287
20
-5.9062764173228341
11
6.0273449606299208
21
-5.9042495275590552
0
LINE
8
BLACK
6
CONTINUOUS
10
6.0273449606299208
20
-5.9042495275590552
11
6.0253180708661418
21
-5.9012160236220472
0
LINE
8
BLACK
6
CONTINUOUS
10
6.0253180708661418
20
-5.9012160236220472
11
6.0246062992125982
21
-5.8976377952755907
0
LINE
8
BLACK
6
CONTINUOUS
10
6.0246062992125982
20
-5.8976377952755907
11
6.0246062992125982
21
-5.8740157480314963
0
LINE
8
BLACK
6
CONTINUOUS
10
6.0246062992125982
20
-5.8740157480314963
11
6.0253180708661418
21
-5.8704375196850389
0
LINE
8
BLACK
6
CONTINUOUS
10
6.0253180708661418
20
-5.8704375196850389
11
6.0273449606299208
21
-5.8674040157480309
0
LINE
8
BLACK
6
CONTINUOUS
10
6.0273449606299208
20
-5.8674040157480309
11
6.0303784645669287
21
-5.865377125984252
0
LINE
8
BLACK
6
CONTINUOUS
10
6.0303784645669287
20
-5.865377125984252
11
6.0339566929133861
21
-5.8646653543307083
0
LINE
8
BLACK
6
CONTINUOUS
10
6.0339566929133861
20
-5.8646653543307083
11
6.0526574803149602
21
-5.8646653543307083
0
LINE
8
BLACK
6
CONTINUOUS
10
6.0526574803149602
20
-5.8646653543307083
11
6.0562357086614176
21
-5.865377125984252
0
LINE
8
BLACK
6
CONTINUOUS
10
6.0562357086614176
20
-5.7974637401574798
11
6.0592692125984247
21
-5.7994906299212596
0
LINE
8
BLACK
6
CONTINUOUS
10
6.0592692125984247
20
-5.7994906299212596
11
6.0612961023622045
21
-5.8025241338582676
0
LINE
8
BLACK
6
CONTINUOUS
10
6.0612961023622045
20
-5.8025241338582676
11
6.0620078740157481
21
-5.8061023622047241
0
LINE
8
BLACK
6
CONTINUOUS
10
6.0620078740157481
20
-5.8061023622047241
11
6.0620078740157481
21
-5.8297244094488185
0
LINE
8
BLACK
6
CONTINUOUS
10
6.0620078740157481
20
-5.8297244094488185
11
6.0612961023622045
21
-5.833302637795275
0
LINE
8
BLACK
6
CONTINUOUS
10
6.0612961023622045
20
-5.833302637795275
11
6.0592692125984247
21
-5.836336141732283
0
LINE
8
BLACK
6
CONTINUOUS
10
6.0592692125984247
20
-5.836336141732283
11
6.0562357086614176
21
-5.8383630314960628
0
LINE
8
BLACK
6
CONTINUOUS
10
6.0562357086614176
20
-5.8383630314960628
11
6.0526574803149602
21
-5.8390748031496065
0
LINE
8
BLACK
6
CONTINUOUS
10
6.0526574803149602
20
-5.8390748031496065
11
6.0339566929133861
21
-5.8390748031496065
0
LINE
8
BLACK
6
CONTINUOUS
10
6.0339566929133861
20
-5.8390748031496065
11
6.0303784645669287
21
-5.8383630314960628
0
LINE
8
BLACK
6
CONTINUOUS
10
6.0303784645669287
20
-5.8383630314960628
11
6.0273449606299208
21
-5.836336141732283
0
LINE
8
BLACK
6
CONTINUOUS
10
6.0273449606299208
20
-5.836336141732283
11
6.0253180708661418
21
-5.833302637795275
0
LINE
8
BLACK
6
CONTINUOUS
10
6.0253180708661418
20
-5.833302637795275
11
6.0246062992125982
21
-5.8297244094488185
0
LINE
8
BLACK
6
CONTINUOUS
10
6.0246062992125982
20
-5.8297244094488185
11
6.0246062992125982
21
-5.8061023622047241
0
LINE
8
BLACK
6
CONTINUOUS
10
6.0246062992125982
20
-5.8061023622047241
11
6.0253180708661418
21
-5.8025241338582676
0
LINE
8
BLACK
6
CONTINUOUS
10
6.0253180708661418
20
-5.8025241338582676
11
6.0273449606299208
21
-5.7994906299212596
0
LINE
8
BLACK
6
CONTINUOUS
10
6.0273449606299208
20
-5.7994906299212596
11
6.0303784645669287
21
-5.7974637401574798
0
LINE
8
BLACK
6
CONTINUOUS
10
6.0303784645669287
20
-5.7974637401574798
11
6.0339566929133861
21
-5.796751968503937
0
LINE
8
BLACK
6
CONTINUOUS
10
6.0339566929133861
20
-5.796751968503937
11
6.0526574803149602
21
-5.796751968503937
0
LINE
8
BLACK
6
CONTINUOUS
10
6.0526574803149602
20
-5.796751968503937
11
6.0562357086614176
21
-5.7974637401574798
0
LINE
8
BLACK
6
CONTINUOUS
10
4.8160782283464565
20
-5.781223582677165
11
4.8191117322834645
21
-5.7832504724409448
0
LINE
8
BLACK
6
CONTINUOUS
10
4.8191117322834645
20
-5.7832504724409448
11
4.8211386220472443
21
-5.7862839763779528
0
LINE
8
BLACK
6
CONTINUOUS
10
4.8211386220472443
20
-5.7862839763779528
11
4.8218503937007871
21
-5.7898622047244093
0
LINE
8
BLACK
6
CONTINUOUS
10
4.8218503937007871
20
-5.7898622047244093
11
4.8218503937007871
21
-5.8134842519685037
0
LINE
8
BLACK
6
CONTINUOUS
10
4.8218503937007871
20
-5.8134842519685037
11
4.8211386220472443
21
-5.8170624803149602
0
LINE
8
BLACK
6
CONTINUOUS
10
4.8211386220472443
20
-5.8170624803149602
11
4.8191117322834645
21
-5.8200959842519682
0
LINE
8
BLACK
6
CONTINUOUS
10
4.8191117322834645
20
-5.8200959842519682
11
4.8160782283464565
21
-5.822122874015748
0
LINE
8
BLACK
6
CONTINUOUS
10
4.8160782283464565
20
-5.822122874015748
11
4.8125
21
-5.8228346456692908
0
LINE
8
BLACK
6
CONTINUOUS
10
4.8125
20
-5.8228346456692908
11
4.793799212598425
21
-5.8228346456692908
0
LINE
8
BLACK
6
CONTINUOUS
10
4.793799212598425
20
-5.8228346456692908
11
4.7902209842519685
21
-5.822122874015748
0
LINE
8
BLACK
6
CONTINUOUS
10
4.7902209842519685
20
-5.822122874015748
11
4.7871874803149606
21
-5.8200959842519682
0
LINE
8
BLACK
6
CONTINUOUS
10
4.7871874803149606
20
-5.8200959842519682
11
4.7851605905511807
21
-5.8170624803149602
0
LINE
8
BLACK
6
CONTINUOUS
10
4.7851605905511807
20
-5.8170624803149602
11
4.784448818897638
21
-5.8134842519685037
0
LINE
8
BLACK
6
CONTINUOUS
10
4.784448818897638
20
-5.8134842519685037
11
4.784448818897638
21
-5.7898622047244093
0
LINE
8
BLACK
6
CONTINUOUS
10
4.784448818897638
20
-5.7898622047244093
11
4.7851605905511807
21
-5.7862839763779528
0
LINE
8
BLACK
6
CONTINUOUS
10
4.7851605905511807
20
-5.7862839763779528
11
4.7871874803149606
21
-5.7832504724409448
0
LINE
8
BLACK
6
CONTINUOUS
10
4.7871874803149606
20
-5.7832504724409448
11
4.7902209842519685
21
-5.781223582677165
0
LINE
8
BLACK
6
CONTINUOUS
10
4.7902209842519685
20
-5.781223582677165
11
4.793799212598425
21
-5.7805118110236222
0
LINE
8
BLACK
6
CONTINUOUS
10
4.793799212598425
20
-5.7805118110236222
11
4.8125
21
-5.7805118110236222
0
LINE
8
BLACK
6
CONTINUOUS
10
4.8125
20
-5.7805118110236222
11
4.8160782283464565
21
-5.781223582677165
0
LINE
8
BLACK
6
CONTINUOUS
10
5.8593853149606296
20
-5.781223582677165
11
5.8624188188976376
21
-5.7832504724409448
0
LINE
8
BLACK
6
CONTINUOUS
10
5.8624188188976376
20
-5.7832504724409448
11
5.8644457086614175
21
-5.7862839763779528
0
LINE
8
BLACK
6
CONTINUOUS
10
5.8644457086614175
20
-5.7862839763779528
11
5.8651574803149602
21
-5.7898622047244093
0
LINE
8
BLACK
6
CONTINUOUS
10
5.8651574803149602
20
-5.7898622047244093
11
5.8651574803149602
21
-5.8134842519685037
0
LINE
8
BLACK
6
CONTINUOUS
10
5.8651574803149602
20
-5.8134842519685037
11
5.8644457086614175
21
-5.8170624803149602
0
LINE
8
BLACK
6
CONTINUOUS
10
5.8644457086614175
20
-5.8170624803149602
11
5.8624188188976376
21
-5.8200959842519682
0
LINE
8
BLACK
6
CONTINUOUS
10
5.8624188188976376
20
-5.8200959842519682
11
5.8593853149606296
21
-5.822122874015748
0
LINE
8
BLACK
6
CONTINUOUS
10
5.8593853149606296
20
-5.822122874015748
11
5.8558070866141732
21
-5.8228346456692908
0
LINE
8
BLACK
6
CONTINUOUS
10
5.8558070866141732
20
-5.8228346456692908
11
5.8371062992125982
21
-5.8228346456692908
0
LINE
8
BLACK
6
CONTINUOUS
10
5.8371062992125982
20
-5.8228346456692908
11
5.8335280708661417
21
-5.822122874015748
0
LINE
8
BLACK
6
CONTINUOUS
10
5.8335280708661417
20
-5.822122874015748
11
5.8304945669291337
21
-5.8200959842519682
0
LINE
8
BLACK
6
CONTINUOUS
10
5.8304945669291337
20
-5.8200959842519682
11
5.8284676771653539
21
-5.8170624803149602
0
LINE
8
BLACK
6
CONTINUOUS
10
5.8284676771653539
20
-5.8170624803149602
11
5.8277559055118111
21
-5.8134842519685037
0
LINE
8
BLACK
6
CONTINUOUS
10
5.8277559055118111
20
-5.8134842519685037
11
5.8277559055118111
21
-5.7898622047244093
0
LINE
8
BLACK
6
CONTINUOUS
10
5.8277559055118111
20
-5.7898622047244093
11
5.8284676771653539
21
-5.7862839763779528
0
LINE
8
BLACK
6
CONTINUOUS
10
5.8284676771653539
20
-5.7862839763779528
11
5.8304945669291337
21
-5.7832504724409448
0
LINE
8
BLACK
6
CONTINUOUS
10
5.8304945669291337
20
-5.7832504724409448
11
5.8335280708661417
21
-5.781223582677165
0
LINE
8
BLACK
6
CONTINUOUS
10
5.8335280708661417
20
-5.781223582677165
11
5.8371062992125982
21
-5.7805118110236222
0
LINE
8
BLACK
6
CONTINUOUS
10
5.8371062992125982
20
-5.7805118110236222
11
5.8558070866141732
21
-5.7805118110236222
0
LINE
8
BLACK
6
CONTINUOUS
10
5.8558070866141732
20
-5.7805118110236222
11
5.8593853149606296
21
-5.781223582677165
0
LINE
8
BLACK
6
CONTINUOUS
10
5.3278892519685037
20
-5.7758101968503937
11
5.3309227559055117
21
-5.7778370866141735
0
LINE
8
BLACK
6
CONTINUOUS
10
5.3309227559055117
20
-5.7778370866141735
11
5.3329496456692915
21
-5.7808705905511806
0
LINE
8
BLACK
6
CONTINUOUS
10
5.3329496456692915
20
-5.7808705905511806
11
5.3336614173228343
21
-5.784448818897638
0
LINE
8
BLACK
6
CONTINUOUS
10
5.3336614173228343
20
-5.784448818897638
11
5.3336614173228343
21
-5.8080708661417324
0
LINE
8
BLACK
6
CONTINUOUS
10
5.3336614173228343
20
-5.8080708661417324
11
5.3329496456692915
21
-5.8116490944881889
0
LINE
8
BLACK
6
CONTINUOUS
10
5.3329496456692915
20
-5.8116490944881889
11
5.3309227559055117
21
-5.8146825984251969
0
LINE
8
BLACK
6
CONTINUOUS
10
5.3309227559055117
20
-5.8146825984251969
11
5.3278892519685037
21
-5.8167094881889758
0
LINE
8
BLACK
6
CONTINUOUS
10
5.3278892519685037
20
-5.8167094881889758
11
5.3243110236220472
21
-5.8174212598425195
0
LINE
8
BLACK
6
CONTINUOUS
10
5.3243110236220472
20
-5.8174212598425195
11
5.3056102362204722
21
-5.8174212598425195
0
LINE
8
BLACK
6
CONTINUOUS
10
5.3056102362204722
20
-5.8174212598425195
11
5.3020320078740157
21
-5.8167094881889758
0
LINE
8
BLACK
6
CONTINUOUS
10
5.3020320078740157
20
-5.8167094881889758
11
5.2989985039370078
21
-5.8146825984251969
0
LINE
8
BLACK
6
CONTINUOUS
10
5.2989985039370078
20
-5.8146825984251969
11
5.2969716141732279
21
-5.8116490944881889
0
LINE
8
BLACK
6
CONTINUOUS
10
5.2969716141732279
20
-5.8116490944881889
11
5.2962598425196852
21
-5.8080708661417324
0
LINE
8
BLACK
6
CONTINUOUS
10
5.2962598425196852
20
-5.8080708661417324
11
5.2962598425196852
21
-5.784448818897638
0
LINE
8
BLACK
6
CONTINUOUS
10
5.2962598425196852
20
-5.784448818897638
11
5.2969716141732279
21
-5.7808705905511806
0
LINE
8
BLACK
6
CONTINUOUS
10
5.2969716141732279
20
-5.7808705905511806
11
5.2989985039370078
21
-5.7778370866141735
0
LINE
8
BLACK
6
CONTINUOUS
10
5.2989985039370078
20
-5.7778370866141735
11
5.3020320078740157
21
-5.7758101968503937
0
LINE
8
BLACK
6
CONTINUOUS
10
5.3020320078740157
20
-5.7758101968503937
11
5.3056102362204722
21
-5.77509842519685
0
LINE
8
BLACK
6
CONTINUOUS
10
5.3056102362204722
20
-5.77509842519685
11
5.3243110236220472
21
-5.77509842519685
0
LINE
8
BLACK
6
CONTINUOUS
10
5.3243110236220472
20
-5.77509842519685
11
5.3278892519685037
21
-5.7758101968503937
0
LINE
8
BLACK
6
CONTINUOUS
10
4.6003937007874018
20
-5.7913385826771648
11
4.5570866141732278
21
-5.7913385826771648
0
LINE
8
BLACK
6
CONTINUOUS
10
4.5570866141732278
20
-5.7913385826771648
11
4.5570866141732278
21
-5.71259842519685
0
LINE
8
BLACK
6
CONTINUOUS
10
4.5570866141732278
20
-5.71259842519685
11
4.6003937007874018
21
-5.71259842519685
0
LINE
8
BLACK
6
CONTINUOUS
10
4.6003937007874018
20
-5.71259842519685
11
4.6003937007874018
21
-5.7913385826771648
0
LINE
8
BLACK
6
CONTINUOUS
10
4.6673228346456694
20
-5.7913385826771648
11
4.6240157480314963
21
-5.7913385826771648
0
LINE
8
BLACK
6
CONTINUOUS
10
4.6240157480314963
20
-5.7913385826771648
11
4.6240157480314963
21
-5.71259842519685
0
LINE
8
BLACK
6
CONTINUOUS
10
4.6240157480314963
20
-5.71259842519685
11
4.6673228346456694
21
-5.71259842519685
0
LINE
8
BLACK
6
CONTINUOUS
10
4.6673228346456694
20
-5.71259842519685
11
4.6673228346456694
21
-5.7913385826771648
0
LINE
8
BLACK
6
CONTINUOUS
10
4.734251968503937
20
-5.7913385826771648
11
4.6909448818897639
21
-5.7913385826771648
0
LINE
8
BLACK
6
CONTINUOUS
10
4.6909448818897639
20
-5.7913385826771648
11
4.6909448818897639
21
-5.71259842519685
0
LINE
8
BLACK
6
CONTINUOUS
10
4.6909448818897639
20
-5.71259842519685
11
4.734251968503937
21
-5.71259842519685
0
LINE
8
BLACK
6
CONTINUOUS
10
4.734251968503937
20
-5.71259842519685
11
4.734251968503937
21
-5.7913385826771648
0
LINE
8
BLACK
6
CONTINUOUS
10
5.1122047244094491
20
-5.7913385826771648
11
5.0688976377952759
21
-5.7913385826771648
0
LINE
8
BLACK
6
CONTINUOUS
10
5.0688976377952759
20
-5.7913385826771648
11
5.0688976377952759
21
-5.71259842519685
0
LINE
8
BLACK
6
CONTINUOUS
10
5.0688976377952759
20
-5.71259842519685
11
5.1122047244094491
21
-5.71259842519685
0
LINE
8
BLACK
6
CONTINUOUS
10
5.1122047244094491
20
-5.71259842519685
11
5.1122047244094491
21
-5.7913385826771648
0
LINE
8
BLACK
6
CONTINUOUS
10
5.1791338582677167
20
-5.7913385826771648
11
5.1358267716535435
21
-5.7913385826771648
0
LINE
8
BLACK
6
CONTINUOUS
10
5.1358267716535435
20
-5.7913385826771648
11
5.1358267716535435
21
-5.71259842519685
0
LINE
8
BLACK
6
CONTINUOUS
10
5.1358267716535435
20
-5.71259842519685
11
5.1791338582677167
21
-5.71259842519685
0
LINE
8
BLACK
6
CONTINUOUS
10
5.1791338582677167
20
-5.71259842519685
11
5.1791338582677167
21
-5.7913385826771648
0
LINE
8
BLACK
6
CONTINUOUS
10
5.2460629921259843
20
-5.7913385826771648
11
5.2027559055118111
21
-5.7913385826771648
0
LINE
8
BLACK
6
CONTINUOUS
10
5.2027559055118111
20
-5.7913385826771648
11
5.2027559055118111
21
-5.71259842519685
0
LINE
8
BLACK
6
CONTINUOUS
10
5.2027559055118111
20
-5.71259842519685
11
5.2460629921259843
21
-5.71259842519685
0
LINE
8
BLACK
6
CONTINUOUS
10
5.2460629921259843
20
-5.71259842519685
11
5.2460629921259843
21
-5.7913385826771648
0
LINE
8
BLACK
6
CONTINUOUS
10
5.643700787401575
20
-5.7913385826771648
11
5.6003937007874018
21
-5.7913385826771648
0
LINE
8
BLACK
6
CONTINUOUS
10
5.6003937007874018
20
-5.7913385826771648
11
5.6003937007874018
21
-5.71259842519685
0
LINE
8
BLACK
6
CONTINUOUS
10
5.6003937007874018
20
-5.71259842519685
11
5.643700787401575
21
-5.71259842519685
0
LINE
8
BLACK
6
CONTINUOUS
10
5.643700787401575
20
-5.71259842519685
11
5.643700787401575
21
-5.7913385826771648
0
LINE
8
BLACK
6
CONTINUOUS
10
5.7106299212598426
20
-5.7913385826771648
11
5.6673228346456694
21
-5.7913385826771648
0
LINE
8
BLACK
6
CONTINUOUS
10
5.6673228346456694
20
-5.7913385826771648
11
5.6673228346456694
21
-5.71259842519685
0
LINE
8
BLACK
6
CONTINUOUS
10
5.6673228346456694
20
-5.71259842519685
11
5.7106299212598426
21
-5.71259842519685
0
LINE
8
BLACK
6
CONTINUOUS
10
5.7106299212598426
20
-5.71259842519685
11
5.7106299212598426
21
-5.7913385826771648
0
LINE
8
BLACK
6
CONTINUOUS
10
5.7775590551181102
20
-5.7913385826771648
11
5.734251968503937
21
-5.7913385826771648
0
LINE
8
BLACK
6
CONTINUOUS
10
5.734251968503937
20
-5.7913385826771648
11
5.734251968503937
21
-5.71259842519685
0
LINE
8
BLACK
6
CONTINUOUS
10
5.734251968503937
20
-5.71259842519685
11
5.7775590551181102
21
-5.71259842519685
0
LINE
8
BLACK
6
CONTINUOUS
10
5.7775590551181102
20
-5.71259842519685
11
5.7775590551181102
21
-5.7913385826771648
0
LINE
8
BLACK
6
CONTINUOUS
10
6.1555118110236222
20
-5.7913385826771648
11
6.1122047244094491
21
-5.7913385826771648
0
LINE
8
BLACK
6
CONTINUOUS
10
6.1122047244094491
20
-5.7913385826771648
11
6.1122047244094491
21
-5.71259842519685
0
LINE
8
BLACK
6
CONTINUOUS
10
6.1122047244094491
20
-5.71259842519685
11
6.1555118110236222
21
-5.71259842519685
0
LINE
8
BLACK
6
CONTINUOUS
10
6.1555118110236222
20
-5.71259842519685
11
6.1555118110236222
21
-5.7913385826771648
0
LINE
8
BLACK
6
CONTINUOUS
10
6.2224409448818898
20
-5.7913385826771648
11
6.1791338582677167
21
-5.7913385826771648
0
LINE
8
BLACK
6
CONTINUOUS
10
6.1791338582677167
20
-5.7913385826771648
11
6.1791338582677167
21
-5.71259842519685
0
LINE
8
BLACK
6
CONTINUOUS
10
6.1791338582677167
20
-5.71259842519685
11
6.2224409448818898
21
-5.71259842519685
0
LINE
8
BLACK
6
CONTINUOUS
10
6.2224409448818898
20
-5.71259842519685
11
6.2224409448818898
21
-5.7913385826771648
0
LINE
8
BLACK
6
CONTINUOUS
10
6.2893700787401574
20
-5.7913385826771648
11
6.2460629921259843
21
-5.7913385826771648
0
LINE
8
BLACK
6
CONTINUOUS
10
6.2460629921259843
20
-5.7913385826771648
11
6.2460629921259843
21
-5.71259842519685
0
LINE
8
BLACK
6
CONTINUOUS
10
6.2460629921259843
20
-5.71259842519685
11
6.2893700787401574
21
-5.71259842519685
0
LINE
8
BLACK
6
CONTINUOUS
10
6.2893700787401574
20
-5.71259842519685
11
6.2893700787401574
21
-5.7913385826771648
0
LINE
8
BLACK
6
CONTINUOUS
10
4.8160782283464565
20
-5.7133101968503937
11
4.8191117322834645
21
-5.7153370866141735
0
LINE
8
BLACK
6
CONTINUOUS
10
4.8191117322834645
20
-5.7153370866141735
11
4.8211386220472443
21
-5.7183705905511806
0
LINE
8
BLACK
6
CONTINUOUS
10
4.8211386220472443
20
-5.7183705905511806
11
4.8218503937007871
21
-5.721948818897638
0
LINE
8
BLACK
6
CONTINUOUS
10
4.8218503937007871
20
-5.721948818897638
11
4.8218503937007871
21
-5.7455708661417324
0
LINE
8
BLACK
6
CONTINUOUS
10
4.8218503937007871
20
-5.7455708661417324
11
4.8211386220472443
21
-5.7491490944881889
0
LINE
8
BLACK
6
CONTINUOUS
10
4.8211386220472443
20
-5.7491490944881889
11
4.8191117322834645
21
-5.7521825984251969
0
LINE
8
BLACK
6
CONTINUOUS
10
4.8191117322834645
20
-5.7521825984251969
11
4.8160782283464565
21
-5.7542094881889758
0
LINE
8
BLACK
6
CONTINUOUS
10
4.8160782283464565
20
-5.7542094881889758
11
4.8125
21
-5.7549212598425195
0
LINE
8
BLACK
6
CONTINUOUS
10
4.8125
20
-5.7549212598425195
11
4.793799212598425
21
-5.7549212598425195
0
LINE
8
BLACK
6
CONTINUOUS
10
4.793799212598425
20
-5.7549212598425195
11
4.7902209842519685
21
-5.7542094881889758
0
LINE
8
BLACK
6
CONTINUOUS
10
4.7902209842519685
20
-5.7542094881889758
11
4.7871874803149606
21
-5.7521825984251969
0
LINE
8
BLACK
6
CONTINUOUS
10
4.7871874803149606
20
-5.7521825984251969
11
4.7851605905511807
21
-5.7491490944881889
0
LINE
8
BLACK
6
CONTINUOUS
10
4.7851605905511807
20
-5.7491490944881889
11
4.784448818897638
21
-5.7455708661417324
0
LINE
8
BLACK
6
CONTINUOUS
10
4.784448818897638
20
-5.7455708661417324
11
4.784448818897638
21
-5.721948818897638
0
LINE
8
BLACK
6
CONTINUOUS
10
4.784448818897638
20
-5.721948818897638
11
4.7851605905511807
21
-5.7183705905511806
0
LINE
8
BLACK
6
CONTINUOUS
10
4.7851605905511807
20
-5.7183705905511806
11
4.7871874803149606
21
-5.7153370866141735
0
LINE
8
BLACK
6
CONTINUOUS
10
4.7871874803149606
20
-5.7153370866141735
11
4.7902209842519685
21
-5.7133101968503937
0
LINE
8
BLACK
6
CONTINUOUS
10
4.7902209842519685
20
-5.7133101968503937
11
4.793799212598425
21
-5.71259842519685
0
LINE
8
BLACK
6
CONTINUOUS
10
4.793799212598425
20
-5.71259842519685
11
4.8125
21
-5.71259842519685
0
LINE
8
BLACK
6
CONTINUOUS
10
4.8125
20
-5.71259842519685
11
4.8160782283464565
21
-5.7133101968503937
0
LINE
8
BLACK
6
CONTINUOUS
10
5.8593853149606296
20
-5.7133101968503937
11
5.8624188188976376
21
-5.7153370866141735
0
LINE
8
BLACK
6
CONTINUOUS
10
5.8624188188976376
20
-5.7153370866141735
11
5.8644457086614175
21
-5.7183705905511806
0
LINE
8
BLACK
6
CONTINUOUS
10
5.8644457086614175
20
-5.7183705905511806
11
5.8651574803149602
21
-5.721948818897638
0
LINE
8
BLACK
6
CONTINUOUS
10
5.8651574803149602
20
-5.721948818897638
11
5.8651574803149602
21
-5.7455708661417324
0
LINE
8
BLACK
6
CONTINUOUS
10
5.8651574803149602
20
-5.7455708661417324
11
5.8644457086614175
21
-5.7491490944881889
0
LINE
8
BLACK
6
CONTINUOUS
10
5.8644457086614175
20
-5.7491490944881889
11
5.8624188188976376
21
-5.7521825984251969
0
LINE
8
BLACK
6
CONTINUOUS
10
5.8624188188976376
20
-5.7521825984251969
11
5.8593853149606296
21
-5.7542094881889758
0
LINE
8
BLACK
6
CONTINUOUS
10
5.8593853149606296
20
-5.7542094881889758
11
5.8558070866141732
21
-5.7549212598425195
0
LINE
8
BLACK
6
CONTINUOUS
10
5.8558070866141732
20
-5.7549212598425195
11
5.8371062992125982
21
-5.7549212598425195
0
LINE
8
BLACK
6
CONTINUOUS
10
5.8371062992125982
20
-5.7549212598425195
11
5.8335280708661417
21
-5.7542094881889758
0
LINE
8
BLACK
6
CONTINUOUS
10
5.8335280708661417
20
-5.7542094881889758
11
5.8304945669291337
21
-5.7521825984251969
0
LINE
8
BLACK
6
CONTINUOUS
10
5.8304945669291337
20
-5.7521825984251969
11
5.8284676771653539
21
-5.7491490944881889
0
LINE
8
BLACK
6
CONTINUOUS
10
5.8284676771653539
20
-5.7491490944881889
11
5.8277559055118111
21
-5.7455708661417324
0
LINE
8
BLACK
6
CONTINUOUS
10
5.8277559055118111
20
-5.7455708661417324
11
5.8277559055118111
21
-5.721948818897638
0
LINE
8
BLACK
6
CONTINUOUS
10
5.8277559055118111
20
-5.721948818897638
11
5.8284676771653539
21
-5.7183705905511806
0
LINE
8
BLACK
6
CONTINUOUS
10
5.8284676771653539
20
-5.7183705905511806
11
5.8304945669291337
21
-5.7153370866141735
0
LINE
8
BLACK
6
CONTINUOUS
10
5.8304945669291337
20
-5.7153370866141735
11
5.8335280708661417
21
-5.7133101968503937
0
LINE
8
BLACK
6
CONTINUOUS
10
5.8335280708661417
20
-5.7133101968503937
11
5.8371062992125982
21
-5.71259842519685
0
LINE
8
BLACK
6
CONTINUOUS
10
5.8371062992125982
20
-5.71259842519685
11
5.8558070866141732
21
-5.71259842519685
0
LINE
8
BLACK
6
CONTINUOUS
10
5.8558070866141732
20
-5.71259842519685
11
5.8593853149606296
21
-5.7133101968503937
0
LINE
8
BLACK
6
CONTINUOUS
10
5.3278892519685037
20
-5.7078968110236223
11
5.3309227559055117
21
-5.7099237007874013
0
LINE
8
BLACK
6
CONTINUOUS
10
5.3309227559055117
20
-5.7099237007874013
11
5.3329496456692915
21
-5.7129572047244093
0
LINE
8
BLACK
6
CONTINUOUS
10
5.3329496456692915
20
-5.7129572047244093
11
5.3336614173228343
21
-5.7165354330708658
0
LINE
8
BLACK
6
CONTINUOUS
10
5.3336614173228343
20
-5.7165354330708658
11
5.3336614173228343
21
-5.7401574803149602
0
LINE
8
BLACK
6
CONTINUOUS
10
5.3336614173228343
20
-5.7401574803149602
11
5.3329496456692915
21
-5.7437357086614176
0
LINE
8
BLACK
6
CONTINUOUS
10
5.3329496456692915
20
-5.7437357086614176
11
5.3309227559055117
21
-5.7467692125984247
0
LINE
8
BLACK
6
CONTINUOUS
10
5.3309227559055117
20
-5.7467692125984247
11
5.3278892519685037
21
-5.7487961023622045
0
LINE
8
BLACK
6
CONTINUOUS
10
5.3278892519685037
20
-5.7487961023622045
11
5.3243110236220472
21
-5.7495078740157481
0
LINE
8
BLACK
6
CONTINUOUS
10
5.3243110236220472
20
-5.7495078740157481
11
5.3056102362204722
21
-5.7495078740157481
0
LINE
8
BLACK
6
CONTINUOUS
10
5.3056102362204722
20
-5.7495078740157481
11
5.3020320078740157
21
-5.7487961023622045
0
LINE
8
BLACK
6
CONTINUOUS
10
5.3020320078740157
20
-5.7487961023622045
11
5.2989985039370078
21
-5.7467692125984247
0
LINE
8
BLACK
6
CONTINUOUS
10
5.2989985039370078
20
-5.7467692125984247
11
5.2969716141732279
21
-5.7437357086614176
0
LINE
8
BLACK
6
CONTINUOUS
10
5.2969716141732279
20
-5.7437357086614176
11
5.2962598425196852
21
-5.7401574803149602
0
LINE
8
BLACK
6
CONTINUOUS
10
5.2962598425196852
20
-5.7401574803149602
11
5.2962598425196852
21
-5.7165354330708658
0
LINE
8
BLACK
6
CONTINUOUS
10
5.2962598425196852
20
-5.7165354330708658
11
5.2969716141732279
21
-5.7129572047244093
0
LINE
8
BLACK
6
CONTINUOUS
10
5.2969716141732279
20
-5.7129572047244093
11
5.2989985039370078
21
-5.7099237007874013
0
LINE
8
BLACK
6
CONTINUOUS
10
5.2989985039370078
20
-5.7099237007874013
11
5.3020320078740157
21
-5.7078968110236223
0
LINE
8
BLACK
6
CONTINUOUS
10
5.3020320078740157
20
-5.7078968110236223
11
5.3056102362204722
21
-5.7071850393700787
0
LINE
8
BLACK
6
CONTINUOUS
10
5.3056102362204722
20
-5.7071850393700787
11
5.3243110236220472
21
-5.7071850393700787
0
LINE
8
BLACK
6
CONTINUOUS
10
5.3243110236220472
20
-5.7071850393700787
11
5.3278892519685037
21
-5.7078968110236223
0
LINE
8
BLACK
6
CONTINUOUS
10
4.3515112992125982
20
-5.6513023228346455
11
4.3545448031496061
21
-5.6533292125984254
0
LINE
8
BLACK
6
CONTINUOUS
10
4.3545448031496061
20
-5.6533292125984254
11
4.356571692913386
21
-5.6563627165354333
0
LINE
8
BLACK
6
CONTINUOUS
10
4.356571692913386
20
-5.6563627165354333
11
4.3572834645669287
21
-5.6599409448818898
0
LINE
8
BLACK
6
CONTINUOUS
10
4.3572834645669287
20
-5.6599409448818898
11
4.3572834645669287
21
-5.6786417322834648
0
LINE
8
BLACK
6
CONTINUOUS
10
4.3572834645669287
20
-5.6786417322834648
11
4.356571692913386
21
-5.6822199606299213
0
LINE
8
BLACK
6
CONTINUOUS
10
4.356571692913386
20
-5.6822199606299213
11
4.3545448031496061
21
-5.6852534645669293
0
LINE
8
BLACK
6
CONTINUOUS
10
4.3545448031496061
20
-5.6852534645669293
11
4.3515112992125982
21
-5.6872803543307082
0
LINE
8
BLACK
6
CONTINUOUS
10
4.3515112992125982
20
-5.6872803543307082
11
4.3479330708661417
21
-5.6879921259842519
0
LINE
8
BLACK
6
CONTINUOUS
10
4.3479330708661417
20
-5.6879921259842519
11
4.3243110236220472
21
-5.6879921259842519
0
LINE
8
BLACK
6
CONTINUOUS
10
4.3243110236220472
20
-5.6879921259842519
11
4.3207327952755907
21
-5.6872803543307082
0
LINE
8
BLACK
6
CONTINUOUS
10
4.3207327952755907
20
-5.6872803543307082
11
4.3176992913385828
21
-5.6852534645669293
0
LINE
8
BLACK
6
CONTINUOUS
10
4.3176992913385828
20
-5.6852534645669293
11
4.3156724015748029
21
-5.6822199606299213
0
LINE
8
BLACK
6
CONTINUOUS
10
4.3156724015748029
20
-5.6822199606299213
11
4.3149606299212602
21
-5.6786417322834648
0
LINE
8
BLACK
6
CONTINUOUS
10
4.3149606299212602
20
-5.6786417322834648
11
4.3149606299212602
21
-5.6599409448818898
0
LINE
8
BLACK
6
CONTINUOUS
10
4.3149606299212602
20
-5.6599409448818898
11
4.3156724015748029
21
-5.6563627165354333
0
LINE
8
BLACK
6
CONTINUOUS
10
4.3156724015748029
20
-5.6563627165354333
11
4.3176992913385828
21
-5.6533292125984254
0
LINE
8
BLACK
6
CONTINUOUS
10
4.3176992913385828
20
-5.6533292125984254
11
4.3207327952755907
21
-5.6513023228346455
0
LINE
8
BLACK
6
CONTINUOUS
10
4.3207327952755907
20
-5.6513023228346455
11
4.3243110236220472
21
-5.6505905511811019
0
LINE
8
BLACK
6
CONTINUOUS
10
4.3243110236220472
20
-5.6505905511811019
11
4.3479330708661417
21
-5.6505905511811019
0
LINE
8
BLACK
6
CONTINUOUS
10
4.3479330708661417
20
-5.6505905511811019
11
4.3515112992125982
21
-5.6513023228346455
0
LINE
8
BLACK
6
CONTINUOUS
10
4.4194246850393704
20
-5.6513023228346455
11
4.4224581889763774
21
-5.6533292125984254
0
LINE
8
BLACK
6
CONTINUOUS
10
4.4224581889763774
20
-5.6533292125984254
11
4.4244850787401573
21
-5.6563627165354333
0
LINE
8
BLACK
6
CONTINUOUS
10
4.4244850787401573
20
-5.6563627165354333
11
4.4251968503937009
21
-5.6599409448818898
0
LINE
8
BLACK
6
CONTINUOUS
10
4.4251968503937009
20
-5.6599409448818898
11
4.4251968503937009
21
-5.6786417322834648
0
LINE
8
BLACK
6
CONTINUOUS
10
4.4251968503937009
20
-5.6786417322834648
11
4.4244850787401573
21
-5.6822199606299213
0
LINE
8
BLACK
6
CONTINUOUS
10
4.4244850787401573
20
-5.6822199606299213
11
4.4224581889763774
21
-5.6852534645669293
0
LINE
8
BLACK
6
CONTINUOUS
10
4.4224581889763774
20
-5.6852534645669293
11
4.4194246850393704
21
-5.6872803543307082
0
LINE
8
BLACK
6
CONTINUOUS
10
4.4194246850393704
20
-5.6872803543307082
11
4.415846456692913
21
-5.6879921259842519
0
LINE
8
BLACK
6
CONTINUOUS
10
4.415846456692913
20
-5.6879921259842519
11
4.3922244094488185
21
-5.6879921259842519
0
LINE
8
BLACK
6
CONTINUOUS
10
4.3922244094488185
20
-5.6879921259842519
11
4.388646181102362
21
-5.6872803543307082
0
LINE
8
BLACK
6
CONTINUOUS
10
4.388646181102362
20
-5.6872803543307082
11
4.3856126771653541
21
-5.6852534645669293
0
LINE
8
BLACK
6
CONTINUOUS
10
4.3856126771653541
20
-5.6852534645669293
11
4.3835857874015751
21
-5.6822199606299213
0
LINE
8
BLACK
6
CONTINUOUS
10
4.3835857874015751
20
-5.6822199606299213
11
4.3828740157480315
21
-5.6786417322834648
0
LINE
8
BLACK
6
CONTINUOUS
10
4.3828740157480315
20
-5.6786417322834648
11
4.3828740157480315
21
-5.6599409448818898
0
LINE
8
BLACK
6
CONTINUOUS
10
4.3828740157480315
20
-5.6599409448818898
11
4.3835857874015751
21
-5.6563627165354333
0
LINE
8
BLACK
6
CONTINUOUS
10
4.3835857874015751
20
-5.6563627165354333
11
4.3856126771653541
21
-5.6533292125984254
0
LINE
8
BLACK
6
CONTINUOUS
10
4.3856126771653541
20
-5.6533292125984254
11
4.388646181102362
21
-5.6513023228346455
0
LINE
8
BLACK
6
CONTINUOUS
10
4.388646181102362
20
-5.6513023228346455
11
4.3922244094488185
21
-5.6505905511811019
0
LINE
8
BLACK
6
CONTINUOUS
10
4.3922244094488185
20
-5.6505905511811019
11
4.415846456692913
21
-5.6505905511811019
0
LINE
8
BLACK
6
CONTINUOUS
10
4.415846456692913
20
-5.6505905511811019
11
4.4194246850393704
21
-5.6513023228346455
0
LINE
8
BLACK
6
CONTINUOUS
10
6.4971805905511806
20
-5.6513023228346455
11
6.5002140944881885
21
-5.6533292125984254
0
LINE
8
BLACK
6
CONTINUOUS
10
6.5002140944881885
20
-5.6533292125984254
11
6.5022409842519684
21
-5.6563627165354333
0
LINE
8
BLACK
6
CONTINUOUS
10
6.5022409842519684
20
-5.6563627165354333
11
6.502952755905512
21
-5.6599409448818898
0
LINE
8
BLACK
6
CONTINUOUS
10
6.502952755905512
20
-5.6599409448818898
11
6.502952755905512
21
-5.6786417322834648
0
LINE
8
BLACK
6
CONTINUOUS
10
6.502952755905512
20
-5.6786417322834648
11
6.5022409842519684
21
-5.6822199606299213
0
LINE
8
BLACK
6
CONTINUOUS
10
6.5022409842519684
20
-5.6822199606299213
11
6.5002140944881885
21
-5.6852534645669293
0
LINE
8
BLACK
6
CONTINUOUS
10
6.5002140944881885
20
-5.6852534645669293
11
6.4971805905511806
21
-5.6872803543307082
0
LINE
8
BLACK
6
CONTINUOUS
10
6.4971805905511806
20
-5.6872803543307082
11
6.4936023622047241
21
-5.6879921259842519
0
LINE
8
BLACK
6
CONTINUOUS
10
6.4936023622047241
20
-5.6879921259842519
11
6.4699803149606296
21
-5.6879921259842519
0
LINE
8
BLACK
6
CONTINUOUS
10
6.4699803149606296
20
-5.6879921259842519
11
6.4664020866141732
21
-5.6872803543307082
0
LINE
8
BLACK
6
CONTINUOUS
10
6.4664020866141732
20
-5.6872803543307082
11
6.4633685826771652
21
-5.6852534645669293
0
LINE
8
BLACK
6
CONTINUOUS
10
6.4633685826771652
20
-5.6852534645669293
11
6.4613416929133853
21
-5.6822199606299213
0
LINE
8
BLACK
6
CONTINUOUS
10
6.4613416929133853
20
-5.6822199606299213
11
6.4606299212598426
21
-5.6786417322834648
0
LINE
8
BLACK
6
CONTINUOUS
10
6.4606299212598426
20
-5.6786417322834648
11
6.4606299212598426
21
-5.6599409448818898
0
LINE
8
BLACK
6
CONTINUOUS
10
6.4606299212598426
20
-5.6599409448818898
11
6.4613416929133853
21
-5.6563627165354333
0
LINE
8
BLACK
6
CONTINUOUS
10
6.4613416929133853
20
-5.6563627165354333
11
6.4633685826771652
21
-5.6533292125984254
0
LINE
8
BLACK
6
CONTINUOUS
10
6.4633685826771652
20
-5.6533292125984254
11
6.4664020866141732
21
-5.6513023228346455
0
LINE
8
BLACK
6
CONTINUOUS
10
6.4664020866141732
20
-5.6513023228346455
11
6.4699803149606296
21
-5.6505905511811019
0
LINE
8
BLACK
6
CONTINUOUS
10
6.4699803149606296
20
-5.6505905511811019
11
6.4936023622047241
21
-5.6505905511811019
0
LINE
8
BLACK
6
CONTINUOUS
10
6.4936023622047241
20
-5.6505905511811019
11
6.4971805905511806
21
-5.6513023228346455
0
LINE
8
BLACK
6
CONTINUOUS
10
6.5650939763779528
20
-5.6513023228346455
11
6.5681274803149607
21
-5.6533292125984254
0
LINE
8
BLACK
6
CONTINUOUS
10
6.5681274803149607
20
-5.6533292125984254
11
6.5701543700787397
21
-5.6563627165354333
0
LINE
8
BLACK
6
CONTINUOUS
10
6.5701543700787397
20
-5.6563627165354333
11
6.5708661417322833
21
-5.6599409448818898
0
LINE
8
BLACK
6
CONTINUOUS
10
6.5708661417322833
20
-5.6599409448818898
11
6.5708661417322833
21
-5.6786417322834648
0
LINE
8
BLACK
6
CONTINUOUS
10
6.5708661417322833
20
-5.6786417322834648
11
6.5701543700787397
21
-5.6822199606299213
0
LINE
8
BLACK
6
CONTINUOUS
10
6.5701543700787397
20
-5.6822199606299213
11
6.5681274803149607
21
-5.6852534645669293
0
LINE
8
BLACK
6
CONTINUOUS
10
6.5681274803149607
20
-5.6852534645669293
11
6.5650939763779528
21
-5.6872803543307082
0
LINE
8
BLACK
6
CONTINUOUS
10
6.5650939763779528
20
-5.6872803543307082
11
6.5615157480314963
21
-5.6879921259842519
0
LINE
8
BLACK
6
CONTINUOUS
10
6.5615157480314963
20
-5.6879921259842519
11
6.5378937007874018
21
-5.6879921259842519
0
LINE
8
BLACK
6
CONTINUOUS
10
6.5378937007874018
20
-5.6879921259842519
11
6.5343154724409445
21
-5.6872803543307082
0
LINE
8
BLACK
6
CONTINUOUS
10
6.5343154724409445
20
-5.6872803543307082
11
6.5312819685039365
21
-5.6852534645669293
0
LINE
8
BLACK
6
CONTINUOUS
10
6.5312819685039365
20
-5.6852534645669293
11
6.5292550787401575
21
-5.6822199606299213
0
LINE
8
BLACK
6
CONTINUOUS
10
6.5292550787401575
20
-5.6822199606299213
11
6.5285433070866139
21
-5.6786417322834648
0
LINE
8
BLACK
6
CONTINUOUS
10
6.5285433070866139
20
-5.6786417322834648
11
6.5285433070866139
21
-5.6599409448818898
0
LINE
8
BLACK
6
CONTINUOUS
10
6.5285433070866139
20
-5.6599409448818898
11
6.5292550787401575
21
-5.6563627165354333
0
LINE
8
BLACK
6
CONTINUOUS
10
6.5292550787401575
20
-5.6563627165354333
11
6.5312819685039365
21
-5.6533292125984254
0
LINE
8
BLACK
6
CONTINUOUS
10
6.5312819685039365
20
-5.6533292125984254
11
6.5343154724409445
21
-5.6513023228346455
0
LINE
8
BLACK
6
CONTINUOUS
10
6.5343154724409445
20
-5.6513023228346455
11
6.5378937007874018
21
-5.6505905511811019
0
LINE
8
BLACK
6
CONTINUOUS
10
6.5378937007874018
20
-5.6505905511811019
11
6.5615157480314963
21
-5.6505905511811019
0
LINE
8
BLACK
6
CONTINUOUS
10
6.5615157480314963
20
-5.6505905511811019
11
6.5650939763779528
21
-5.6513023228346455
0
LINE
8
BLACK
6
CONTINUOUS
10
4.2755905511811019
20
-5.6003937007874018
11
4.1968503937007871
21
-5.6003937007874018
0
LINE
8
BLACK
6
CONTINUOUS
10
4.1968503937007871
20
-5.6003937007874018
11
4.1968503937007871
21
-5.5570866141732278
0
LINE
8
BLACK
6
CONTINUOUS
10
4.1968503937007871
20
-5.5570866141732278
11
4.2755905511811019
21
-5.5570866141732278
0
LINE
8
BLACK
6
CONTINUOUS
10
4.2755905511811019
20
-5.5570866141732278
11
4.2755905511811019
21
-5.6003937007874018
0
LINE
8
BLACK
6
CONTINUOUS
10
4.4645669291338583
20
-5.6003937007874018
11
4.3858267716535435
21
-5.6003937007874018
0
LINE
8
BLACK
6
CONTINUOUS
10
4.3858267716535435
20
-5.6003937007874018
11
4.3858267716535435
21
-5.5570866141732278
0
LINE
8
BLACK
6
CONTINUOUS
10
4.3858267716535435
20
-5.5570866141732278
11
4.4645669291338583
21
-5.5570866141732278
0
LINE
8
BLACK
6
CONTINUOUS
10
4.4645669291338583
20
-5.5570866141732278
11
4.4645669291338583
21
-5.6003937007874018
0
LINE
8
BLACK
6
CONTINUOUS
10
6.4803149606299213
20
-5.6003937007874018
11
6.4015748031496065
21
-5.6003937007874018
0
LINE
8
BLACK
6
CONTINUOUS
10
6.4015748031496065
20
-5.6003937007874018
11
6.4015748031496065
21
-5.5570866141732278
0
LINE
8
BLACK
6
CONTINUOUS
10
6.4015748031496065
20
-5.5570866141732278
11
6.4803149606299213
21
-5.5570866141732278
0
LINE
8
BLACK
6
CONTINUOUS
10
6.4803149606299213
20
-5.5570866141732278
11
6.4803149606299213
21
-5.6003937007874018
0
LINE
8
BLACK
6
CONTINUOUS
10
6.6692913385826769
20
-5.6003937007874018
11
6.590551181102362
21
-5.6003937007874018
0
LINE
8
BLACK
6
CONTINUOUS
10
6.590551181102362
20
-5.6003937007874018
11
6.590551181102362
21
-5.5570866141732278
0
LINE
8
BLACK
6
CONTINUOUS
10
6.590551181102362
20
-5.5570866141732278
11
6.6692913385826769
21
-5.5570866141732278
0
LINE
8
BLACK
6
CONTINUOUS
10
6.6692913385826769
20
-5.5570866141732278
11
6.6692913385826769
21
-5.6003937007874018
0
LINE
8
BLACK
6
CONTINUOUS
10
4.2755905511811019
20
-5.5334645669291334
11
4.1968503937007871
21
-5.5334645669291334
0
LINE
8
BLACK
6
CONTINUOUS
10
4.1968503937007871
20
-5.5334645669291334
11
4.1968503937007871
21
-5.4901574803149602
0
LINE
8
BLACK
6
CONTINUOUS
10
4.1968503937007871
20
-5.4901574803149602
11
4.2755905511811019
21
-5.4901574803149602
0
LINE
8
BLACK
6
CONTINUOUS
10
4.2755905511811019
20
-5.4901574803149602
11
4.2755905511811019
21
-5.5334645669291334
0
LINE
8
BLACK
6
CONTINUOUS
10
4.4645669291338583
20
-5.5334645669291334
11
4.3858267716535435
21
-5.5334645669291334
0
LINE
8
BLACK
6
CONTINUOUS
10
4.3858267716535435
20
-5.5334645669291334
11
4.3858267716535435
21
-5.4901574803149602
0
LINE
8
BLACK
6
CONTINUOUS
10
4.3858267716535435
20
-5.4901574803149602
11
4.4645669291338583
21
-5.4901574803149602
0
LINE
8
BLACK
6
CONTINUOUS
10
4.4645669291338583
20
-5.4901574803149602
11
4.4645669291338583
21
-5.5334645669291334
0
LINE
8
BLACK
6
CONTINUOUS
10
6.4803149606299213
20
-5.5334645669291334
11
6.4015748031496065
21
-5.5334645669291334
0
LINE
8
BLACK
6
CONTINUOUS
10
6.4015748031496065
20
-5.5334645669291334
11
6.4015748031496065
21
-5.4901574803149602
0
LINE
8
BLACK
6
CONTINUOUS
10
6.4015748031496065
20
-5.4901574803149602
11
6.4803149606299213
21
-5.4901574803149602
0
LINE
8
BLACK
6
CONTINUOUS
10
6.4803149606299213
20
-5.4901574803149602
11
6.4803149606299213
21
-5.5334645669291334
0
LINE
8
BLACK
6
CONTINUOUS
10
6.6692913385826769
20
-5.5334645669291334
11
6.590551181102362
21
-5.5334645669291334
0
LINE
8
BLACK
6
CONTINUOUS
10
6.590551181102362
20
-5.5334645669291334
11
6.590551181102362
21
-5.4901574803149602
0
LINE
8
BLACK
6
CONTINUOUS
10
6.590551181102362
20
-5.4901574803149602
11
6.6692913385826769
21
-5.4901574803149602
0
LINE
8
BLACK
6
CONTINUOUS
10
6.6692913385826769
20
-5.4901574803149602
11
6.6692913385826769
21
-5.5334645669291334
0
LINE
8
BLACK
6
CONTINUOUS
10
4.2755905511811019
20
-5.4665354330708658
11
4.1968503937007871
21
-5.4665354330708658
0
LINE
8
BLACK
6
CONTINUOUS
10
4.1968503937007871
20
-5.4665354330708658
11
4.1968503937007871
21
-5.4232283464566926
0
LINE
8
BLACK
6
CONTINUOUS
10
4.1968503937007871
20
-5.4232283464566926
11
4.2755905511811019
21
-5.4232283464566926
0
LINE
8
BLACK
6
CONTINUOUS
10
4.2755905511811019
20
-5.4232283464566926
11
4.2755905511811019
21
-5.4665354330708658
0
LINE
8
BLACK
6
CONTINUOUS
10
4.4645669291338583
20
-5.4665354330708658
11
4.3858267716535435
21
-5.4665354330708658
0
LINE
8
BLACK
6
CONTINUOUS
10
4.3858267716535435
20
-5.4665354330708658
11
4.3858267716535435
21
-5.4232283464566926
0
LINE
8
BLACK
6
CONTINUOUS
10
4.3858267716535435
20
-5.4232283464566926
11
4.4645669291338583
21
-5.4232283464566926
0
LINE
8
BLACK
6
CONTINUOUS
10
4.4645669291338583
20
-5.4232283464566926
11
4.4645669291338583
21
-5.4665354330708658
0
LINE
8
BLACK
6
CONTINUOUS
10
6.4803149606299213
20
-5.4665354330708658
11
6.4015748031496065
21
-5.4665354330708658
0
LINE
8
BLACK
6
CONTINUOUS
10
6.4015748031496065
20
-5.4665354330708658
11
6.4015748031496065
21
-5.4232283464566926
0
LINE
8
BLACK
6
CONTINUOUS
10
6.4015748031496065
20
-5.4232283464566926
11
6.4803149606299213
21
-5.4232283464566926
0
LINE
8
BLACK
6
CONTINUOUS
10
6.4803149606299213
20
-5.4232283464566926
11
6.4803149606299213
21
-5.4665354330708658
0
LINE
8
BLACK
6
CONTINUOUS
10
6.6692913385826769
20
-5.4665354330708658
11
6.590551181102362
21
-5.4665354330708658
0
LINE
8
BLACK
6
CONTINUOUS
10
6.590551181102362
20
-5.4665354330708658
11
6.590551181102362
21
-5.4232283464566926
0
LINE
8
BLACK
6
CONTINUOUS
10
6.590551181102362
20
-5.4232283464566926
11
6.6692913385826769
21
-5.4232283464566926
0
LINE
8
BLACK
6
CONTINUOUS
10
6.6692913385826769
20
-5.4232283464566926
11
6.6692913385826769
21
-5.4665354330708658
0
LINE
8
BLACK
6
CONTINUOUS
10
6.4381254724409445
20
-5.3363416929133853
11
6.4411589763779524
21
-5.3383685826771652
0
LINE
8
BLACK
6
CONTINUOUS
10
6.4411589763779524
20
-5.3383685826771652
11
6.4431858661417323
21
-5.3414020866141732
0
LINE
8
BLACK
6
CONTINUOUS
10
6.4431858661417323
20
-5.3414020866141732
11
6.443897637795275
21
-5.3449803149606296
0
LINE
8
BLACK
6
CONTINUOUS
10
6.443897637795275
20
-5.3449803149606296
11
6.443897637795275
21
-5.3636811023622046
0
LINE
8
BLACK
6
CONTINUOUS
10
6.443897637795275
20
-5.3636811023622046
11
6.4431858661417323
21
-5.3672593307086611
0
LINE
8
BLACK
6
CONTINUOUS
10
6.4431858661417323
20
-5.3672593307086611
11
6.4411589763779524
21
-5.3702928346456691
0
LINE
8
BLACK
6
CONTINUOUS
10
6.4411589763779524
20
-5.3702928346456691
11
6.4381254724409445
21
-5.3723197244094489
0
LINE
8
BLACK
6
CONTINUOUS
10
6.4381254724409445
20
-5.3723197244094489
11
6.434547244094488
21
-5.3730314960629917
0
LINE
8
BLACK
6
CONTINUOUS
10
6.434547244094488
20
-5.3730314960629917
11
6.4109251968503935
21
-5.3730314960629917
0
LINE
8
BLACK
6
CONTINUOUS
10
6.4109251968503935
20
-5.3730314960629917
11
6.407346968503937
21
-5.3723197244094489
0
LINE
8
BLACK
6
CONTINUOUS
10
6.407346968503937
20
-5.3723197244094489
11
6.4043134645669291
21
-5.3702928346456691
0
LINE
8
BLACK
6
CONTINUOUS
10
6.4043134645669291
20
-5.3702928346456691
11
6.4022865748031492
21
-5.3672593307086611
0
LINE
8
BLACK
6
CONTINUOUS
10
6.4022865748031492
20
-5.3672593307086611
11
6.4015748031496065
21
-5.3636811023622046
0
LINE
8
BLACK
6
CONTINUOUS
10
6.4015748031496065
20
-5.3636811023622046
11
6.4015748031496065
21
-5.3449803149606296
0
LINE
8
BLACK
6
CONTINUOUS
10
6.4015748031496065
20
-5.3449803149606296
11
6.4022865748031492
21
-5.3414020866141732
0
LINE
8
BLACK
6
CONTINUOUS
10
6.4022865748031492
20
-5.3414020866141732
11
6.4043134645669291
21
-5.3383685826771652
0
LINE
8
BLACK
6
CONTINUOUS
10
6.4043134645669291
20
-5.3383685826771652
11
6.407346968503937
21
-5.3363416929133853
0
LINE
8
BLACK
6
CONTINUOUS
10
6.407346968503937
20
-5.3363416929133853
11
6.4109251968503935
21
-5.3356299212598426
0
LINE
8
BLACK
6
CONTINUOUS
10
6.4109251968503935
20
-5.3356299212598426
11
6.434547244094488
21
-5.3356299212598426
0
LINE
8
BLACK
6
CONTINUOUS
10
6.434547244094488
20
-5.3356299212598426
11
6.4381254724409445
21
-5.3363416929133853
0
LINE
8
BLACK
6
CONTINUOUS
10
6.5060388582677167
20
-5.3363416929133853
11
6.5090723622047246
21
-5.3383685826771652
0
LINE
8
BLACK
6
CONTINUOUS
10
6.5090723622047246
20
-5.3383685826771652
11
6.5110992519685036
21
-5.3414020866141732
0
LINE
8
BLACK
6
CONTINUOUS
10
6.5110992519685036
20
-5.3414020866141732
11
6.5118110236220472
21
-5.3449803149606296
0
LINE
8
BLACK
6
CONTINUOUS
10
6.5118110236220472
20
-5.3449803149606296
11
6.5118110236220472
21
-5.3636811023622046
0
LINE
8
BLACK
6
CONTINUOUS
10
6.5118110236220472
20
-5.3636811023622046
11
6.5110992519685036
21
-5.3672593307086611
0
LINE
8
BLACK
6
CONTINUOUS
10
6.5110992519685036
20
-5.3672593307086611
11
6.5090723622047246
21
-5.3702928346456691
0
LINE
8
BLACK
6
CONTINUOUS
10
6.5090723622047246
20
-5.3702928346456691
11
6.5060388582677167
21
-5.3723197244094489
0
LINE
8
BLACK
6
CONTINUOUS
10
6.5060388582677167
20
-5.3723197244094489
11
6.5024606299212593
21
-5.3730314960629917
0
LINE
8
BLACK
6
CONTINUOUS
10
6.5024606299212593
20
-5.3730314960629917
11
6.4788385826771648
21
-5.3730314960629917
0
LINE
8
BLACK
6
CONTINUOUS
10
6.4788385826771648
20
-5.3730314960629917
11
6.4752603543307083
21
-5.3723197244094489
0
LINE
8
BLACK
6
CONTINUOUS
10
6.4752603543307083
20
-5.3723197244094489
11
6.4722268503937004
21
-5.3702928346456691
0
LINE
8
BLACK
6
CONTINUOUS
10
6.4722268503937004
20
-5.3702928346456691
11
6.4701999606299214
21
-5.3672593307086611
0
LINE
8
BLACK
6
CONTINUOUS
10
6.4701999606299214
20
-5.3672593307086611
11
6.4694881889763778
21
-5.3636811023622046
0
LINE
8
BLACK
6
CONTINUOUS
10
6.4694881889763778
20
-5.3636811023622046
11
6.4694881889763778
21
-5.3449803149606296
0
LINE
8
BLACK
6
CONTINUOUS
10
6.4694881889763778
20
-5.3449803149606296
11
6.4701999606299214
21
-5.3414020866141732
0
LINE
8
BLACK
6
CONTINUOUS
10
6.4701999606299214
20
-5.3414020866141732
11
6.4722268503937004
21
-5.3383685826771652
0
LINE
8
BLACK
6
CONTINUOUS
10
6.4722268503937004
20
-5.3383685826771652
11
6.4752603543307083
21
-5.3363416929133853
0
LINE
8
BLACK
6
CONTINUOUS
10
6.4752603543307083
20
-5.3363416929133853
11
6.4788385826771648
21
-5.3356299212598426
0
LINE
8
BLACK
6
CONTINUOUS
10
6.4788385826771648
20
-5.3356299212598426
11
6.5024606299212593
21
-5.3356299212598426
0
LINE
8
BLACK
6
CONTINUOUS
10
6.5024606299212593
20
-5.3356299212598426
11
6.5060388582677167
21
-5.3363416929133853
0
LINE
8
BLACK
6
CONTINUOUS
10
5.4018402362204725
20
-5.1876614566929131
11
5.407901062992126
21
-5.1901719291338582
0
LINE
8
BLACK
6
CONTINUOUS
10
5.407901062992126
20
-5.1901719291338582
11
5.413355669291338
21
-5.1938165748031491
0
LINE
8
BLACK
6
CONTINUOUS
10
5.413355669291338
20
-5.1938165748031491
11
5.4179944488188978
21
-5.1984553543307088
0
LINE
8
BLACK
6
CONTINUOUS
10
5.4179944488188978
20
-5.1984553543307088
11
5.4216390944881887
21
-5.2039099606299208
0
LINE
8
BLACK
6
CONTINUOUS
10
5.4216390944881887
20
-5.2039099606299208
11
5.4241495669291337
21
-5.2099707874015744
0
LINE
8
BLACK
6
CONTINUOUS
10
5.4241495669291337
20
-5.2099707874015744
11
5.4254294094488191
21
-5.2164049212598425
0
LINE
8
BLACK
6
CONTINUOUS
10
5.4254294094488191
20
-5.2164049212598425
11
5.4254294094488191
21
-5.2229651574803144
0
LINE
8
BLACK
6
CONTINUOUS
10
5.4254294094488191
20
-5.2229651574803144
11
5.4241495669291337
21
-5.2293992913385825
0
LINE
8
BLACK
6
CONTINUOUS
10
5.4241495669291337
20
-5.2293992913385825
11
5.4216390944881887
21
-5.235460118110236
0
LINE
8
BLACK
6
CONTINUOUS
10
5.4216390944881887
20
-5.235460118110236
11
5.4179944488188978
21
-5.2409147244094489
0
LINE
8
BLACK
6
CONTINUOUS
10
5.4179944488188978
20
-5.2409147244094489
11
5.413355669291338
21
-5.2455535039370078
0
LINE
8
BLACK
6
CONTINUOUS
10
5.413355669291338
20
-5.2455535039370078
11
5.407901062992126
21
-5.2491981496062987
0
LINE
8
BLACK
6
CONTINUOUS
10
5.407901062992126
20
-5.2491981496062987
11
5.4018402362204725
21
-5.2517086220472438
0
LINE
8
BLACK
6
CONTINUOUS
10
5.4018402362204725
20
-5.2517086220472438
11
5.3954061023622044
21
-5.2529884645669291
0
LINE
8
BLACK
6
CONTINUOUS
10
5.3954061023622044
20
-5.2529884645669291
11
5.3888458661417324
21
-5.2529884645669291
0
LINE
8
BLACK
6
CONTINUOUS
10
5.3888458661417324
20
-5.2529884645669291
11
5.3824117322834644
21
-5.2517086220472438
0
LINE
8
BLACK
6
CONTINUOUS
10
5.3824117322834644
20
-5.2517086220472438
11
5.3763509055118108
21
-5.2491981496062987
0
LINE
8
BLACK
6
CONTINUOUS
10
5.3763509055118108
20
-5.2491981496062987
11
5.3708962992125979
21
-5.2455535039370078
0
LINE
8
BLACK
6
CONTINUOUS
10
5.3708962992125979
20
-5.2455535039370078
11
5.3662575196850391
21
-5.2409147244094489
0
LINE
8
BLACK
6
CONTINUOUS
10
5.3662575196850391
20
-5.2409147244094489
11
5.3626128740157482
21
-5.235460118110236
0
LINE
8
BLACK
6
CONTINUOUS
10
5.3626128740157482
20
-5.235460118110236
11
5.3601024015748031
21
-5.2293992913385825
0
LINE
8
BLACK
6
CONTINUOUS
10
5.3601024015748031
20
-5.2293992913385825
11
5.3588225590551177
21
-5.2229651574803144
0
LINE
8
BLACK
6
CONTINUOUS
10
5.3588225590551177
20
-5.2229651574803144
11
5.3588225590551177
21
-5.2164049212598425
0
LINE
8
BLACK
6
CONTINUOUS
10
5.3588225590551177
20
-5.2164049212598425
11
5.3601024015748031
21
-5.2099707874015744
0
LINE
8
BLACK
6
CONTINUOUS
10
5.3601024015748031
20
-5.2099707874015744
11
5.3626128740157482
21
-5.2039099606299208
0
LINE
8
BLACK
6
CONTINUOUS
10
5.3626128740157482
20
-5.2039099606299208
11
5.3662575196850391
21
-5.1984553543307088
0
LINE
8
BLACK
6
CONTINUOUS
10
5.3662575196850391
20
-5.1984553543307088
11
5.3708962992125979
21
-5.1938165748031491
0
LINE
8
BLACK
6
CONTINUOUS
10
5.3708962992125979
20
-5.1938165748031491
11
5.3763509055118108
21
-5.1901719291338582
0
LINE
8
BLACK
6
CONTINUOUS
10
5.3763509055118108
20
-5.1901719291338582
11
5.3824117322834644
21
-5.1876614566929131
0
LINE
8
BLACK
6
CONTINUOUS
10
5.3824117322834644
20
-5.1876614566929131
11
5.3888458661417324
21
-5.1863816141732286
0
LINE
8
BLACK
6
CONTINUOUS
10
5.3888458661417324
20
-5.1863816141732286
11
5.3954061023622044
21
-5.1863816141732286
0
LINE
8
BLACK
6
CONTINUOUS
10
5.3954061023622044
20
-5.1863816141732286
11
5.4018402362204725
21
-5.1876614566929131
0
LINE
8
BLACK
6
CONTINUOUS
10
5.5018402362204721
20
-5.1876614566929131
11
5.5079010629921257
21
-5.1901719291338582
0
LINE
8
BLACK
6
CONTINUOUS
10
5.5079010629921257
20
-5.1901719291338582
11
5.5133556692913386
21
-5.1938165748031491
0
LINE
8
BLACK
6
CONTINUOUS
10
5.5133556692913386
20
-5.1938165748031491
11
5.5179944488188974
21
-5.1984553543307088
0
LINE
8
BLACK
6
CONTINUOUS
10
5.5179944488188974
20
-5.1984553543307088
11
5.5216390944881892
21
-5.2039099606299208
0
LINE
8
BLACK
6
CONTINUOUS
10
5.5216390944881892
20
-5.2039099606299208
11
5.5241495669291334
21
-5.2099707874015744
0
LINE
8
BLACK
6
CONTINUOUS
10
5.5241495669291334
20
-5.2099707874015744
11
5.5254294094488188
21
-5.2164049212598425
0
LINE
8
BLACK
6
CONTINUOUS
10
5.5254294094488188
20
-5.2164049212598425
11
5.5254294094488188
21
-5.2229651574803144
0
LINE
8
BLACK
6
CONTINUOUS
10
5.5254294094488188
20
-5.2229651574803144
11
5.5241495669291334
21
-5.2293992913385825
0
LINE
8
BLACK
6
CONTINUOUS
10
5.5241495669291334
20
-5.2293992913385825
11
5.5216390944881892
21
-5.235460118110236
0
LINE
8
BLACK
6
CONTINUOUS
10
5.5216390944881892
20
-5.235460118110236
11
5.5179944488188974
21
-5.2409147244094489
0
LINE
8
BLACK
6
CONTINUOUS
10
5.5179944488188974
20
-5.2409147244094489
11
5.5133556692913386
21
-5.2455535039370078
0
LINE
8
BLACK
6
CONTINUOUS
10
5.5133556692913386
20
-5.2455535039370078
11
5.5079010629921257
21
-5.2491981496062987
0
LINE
8
BLACK
6
CONTINUOUS
10
5.5079010629921257
20
-5.2491981496062987
11
5.5018402362204721
21
-5.2517086220472438
0
LINE
8
BLACK
6
CONTINUOUS
10
5.5018402362204721
20
-5.2517086220472438
11
5.4954061023622049
21
-5.2529884645669291
0
LINE
8
BLACK
6
CONTINUOUS
10
5.4954061023622049
20
-5.2529884645669291
11
5.4888458661417321
21
-5.2529884645669291
0
LINE
8
BLACK
6
CONTINUOUS
10
5.4888458661417321
20
-5.2529884645669291
11
5.482411732283464
21
-5.2517086220472438
0
LINE
8
BLACK
6
CONTINUOUS
10
5.482411732283464
20
-5.2517086220472438
11
5.4763509055118105
21
-5.2491981496062987
0
LINE
8
BLACK
6
CONTINUOUS
10
5.4763509055118105
20
-5.2491981496062987
11
5.4708962992125985
21
-5.2455535039370078
0
LINE
8
BLACK
6
CONTINUOUS
10
5.4708962992125985
20
-5.2455535039370078
11
5.4662575196850396
21
-5.2409147244094489
0
LINE
8
BLACK
6
CONTINUOUS
10
5.4662575196850396
20
-5.2409147244094489
11
5.4626128740157478
21
-5.235460118110236
0
LINE
8
BLACK
6
CONTINUOUS
10
5.4626128740157478
20
-5.235460118110236
11
5.4601024015748028
21
-5.2293992913385825
0
LINE
8
BLACK
6
CONTINUOUS
10
5.4601024015748028
20
-5.2293992913385825
11
5.4588225590551183
21
-5.2229651574803144
0
LINE
8
BLACK
6
CONTINUOUS
10
5.4588225590551183
20
-5.2229651574803144
11
5.4588225590551183
21
-5.2164049212598425
0
LINE
8
BLACK
6
CONTINUOUS
10
5.4588225590551183
20
-5.2164049212598425
11
5.4601024015748028
21
-5.2099707874015744
0
LINE
8
BLACK
6
CONTINUOUS
10
5.4601024015748028
20
-5.2099707874015744
11
5.4626128740157478
21
-5.2039099606299208
0
LINE
8
BLACK
6
CONTINUOUS
10
5.4626128740157478
20
-5.2039099606299208
11
5.4662575196850396
21
-5.1984553543307088
0
LINE
8
BLACK
6
CONTINUOUS
10
5.4662575196850396
20
-5.1984553543307088
11
5.4708962992125985
21
-5.1938165748031491
0
LINE
8
BLACK
6
CONTINUOUS
10
5.4708962992125985
20
-5.1938165748031491
11
5.4763509055118105
21
-5.1901719291338582
0
LINE
8
BLACK
6
CONTINUOUS
10
5.4763509055118105
20
-5.1901719291338582
11
5.482411732283464
21
-5.1876614566929131
0
LINE
8
BLACK
6
CONTINUOUS
10
5.482411732283464
20
-5.1876614566929131
11
5.4888458661417321
21
-5.1863816141732286
0
LINE
8
BLACK
6
CONTINUOUS
10
5.4888458661417321
20
-5.1863816141732286
11
5.4954061023622049
21
-5.1863816141732286
0
LINE
8
BLACK
6
CONTINUOUS
10
5.4954061023622049
20
-5.1863816141732286
11
5.5018402362204721
21
-5.1876614566929131
0
LINE
8
BLACK
6
CONTINUOUS
10
4.3908813779527556
20
-5.1394912992125983
11
4.3939148818897635
21
-5.1415181889763781
0
LINE
8
BLACK
6
CONTINUOUS
10
4.3939148818897635
20
-5.1415181889763781
11
4.3959417716535434
21
-5.1445516929133861
0
LINE
8
BLACK
6
CONTINUOUS
10
4.3959417716535434
20
-5.1445516929133861
11
4.3966535433070861
21
-5.1481299212598426
0
LINE
8
BLACK
6
CONTINUOUS
10
4.3966535433070861
20
-5.1481299212598426
11
4.3966535433070861
21
-5.1668307086614176
0
LINE
8
BLACK
6
CONTINUOUS
10
4.3966535433070861
20
-5.1668307086614176
11
4.3959417716535434
21
-5.1704089370078741
0
LINE
8
BLACK
6
CONTINUOUS
10
4.3959417716535434
20
-5.1704089370078741
11
4.3939148818897635
21
-5.173442440944882
0
LINE
8
BLACK
6
CONTINUOUS
10
4.3939148818897635
20
-5.173442440944882
11
4.3908813779527556
21
-5.175469330708661
0
LINE
8
BLACK
6
CONTINUOUS
10
4.3908813779527556
20
-5.175469330708661
11
4.3873031496062991
21
-5.1761811023622046
0
LINE
8
BLACK
6
CONTINUOUS
10
4.3873031496062991
20
-5.1761811023622046
11
4.3636811023622046
21
-5.1761811023622046
0
LINE
8
BLACK
6
CONTINUOUS
10
4.3636811023622046
20
-5.1761811023622046
11
4.3601028740157481
21
-5.175469330708661
0
LINE
8
BLACK
6
CONTINUOUS
10
4.3601028740157481
20
-5.175469330708661
11
4.3570693700787402
21
-5.173442440944882
0
LINE
8
BLACK
6
CONTINUOUS
10
4.3570693700787402
20
-5.173442440944882
11
4.3550424803149603
21
-5.1704089370078741
0
LINE
8
BLACK
6
CONTINUOUS
10
4.3550424803149603
20
-5.1704089370078741
11
4.3543307086614176
21
-5.1668307086614176
0
LINE
8
BLACK
6
CONTINUOUS
10
4.3543307086614176
20
-5.1668307086614176
11
4.3543307086614176
21
-5.1481299212598426
0
LINE
8
BLACK
6
CONTINUOUS
10
4.3543307086614176
20
-5.1481299212598426
11
4.3550424803149603
21
-5.1445516929133861
0
LINE
8
BLACK
6
CONTINUOUS
10
4.3550424803149603
20
-5.1445516929133861
11
4.3570693700787402
21
-5.1415181889763781
0
LINE
8
BLACK
6
CONTINUOUS
10
4.3570693700787402
20
-5.1415181889763781
11
4.3601028740157481
21
-5.1394912992125983
0
LINE
8
BLACK
6
CONTINUOUS
10
4.3601028740157481
20
-5.1394912992125983
11
4.3636811023622046
21
-5.1387795275590546
0
LINE
8
BLACK
6
CONTINUOUS
10
4.3636811023622046
20
-5.1387795275590546
11
4.3873031496062991
21
-5.1387795275590546
0
LINE
8
BLACK
6
CONTINUOUS
10
4.3873031496062991
20
-5.1387795275590546
11
4.3908813779527556
21
-5.1394912992125983
0
LINE
8
BLACK
6
CONTINUOUS
10
4.4587947637795278
20
-5.1394912992125983
11
4.4618282677165357
21
-5.1415181889763781
0
LINE
8
BLACK
6
CONTINUOUS
10
4.4618282677165357
20
-5.1415181889763781
11
4.4638551574803147
21
-5.1445516929133861
0
LINE
8
BLACK
6
CONTINUOUS
10
4.4638551574803147
20
-5.1445516929133861
11
4.4645669291338583
21
-5.1481299212598426
0
LINE
8
BLACK
6
CONTINUOUS
10
4.4645669291338583
20
-5.1481299212598426
11
4.4645669291338583
21
-5.1668307086614176
0
LINE
8
BLACK
6
CONTINUOUS
10
4.4645669291338583
20
-5.1668307086614176
11
4.4638551574803147
21
-5.1704089370078741
0
LINE
8
BLACK
6
CONTINUOUS
10
4.4638551574803147
20
-5.1704089370078741
11
4.4618282677165357
21
-5.173442440944882
0
LINE
8
BLACK
6
CONTINUOUS
10
4.4618282677165357
20
-5.173442440944882
11
4.4587947637795278
21
-5.175469330708661
0
LINE
8
BLACK
6
CONTINUOUS
10
4.4587947637795278
20
-5.175469330708661
11
4.4552165354330704
21
-5.1761811023622046
0
LINE
8
BLACK
6
CONTINUOUS
10
4.4552165354330704
20
-5.1761811023622046
11
4.4315944881889759
21
-5.1761811023622046
0
LINE
8
BLACK
6
CONTINUOUS
10
4.4315944881889759
20
-5.1761811023622046
11
4.4280162598425195
21
-5.175469330708661
0
LINE
8
BLACK
6
CONTINUOUS
10
4.4280162598425195
20
-5.175469330708661
11
4.4249827559055115
21
-5.173442440944882
0
LINE
8
BLACK
6
CONTINUOUS
10
4.4249827559055115
20
-5.173442440944882
11
4.4229558661417325
21
-5.1704089370078741
0
LINE
8
BLACK
6
CONTINUOUS
10
4.4229558661417325
20
-5.1704089370078741
11
4.4222440944881889
21
-5.1668307086614176
0
LINE
8
BLACK
6
CONTINUOUS
10
4.4222440944881889
20
-5.1668307086614176
11
4.4222440944881889
21
-5.1481299212598426
0
LINE
8
BLACK
6
CONTINUOUS
10
4.4222440944881889
20
-5.1481299212598426
11
4.4229558661417325
21
-5.1445516929133861
0
LINE
8
BLACK
6
CONTINUOUS
10
4.4229558661417325
20
-5.1445516929133861
11
4.4249827559055115
21
-5.1415181889763781
0
LINE
8
BLACK
6
CONTINUOUS
10
4.4249827559055115
20
-5.1415181889763781
11
4.4280162598425195
21
-5.1394912992125983
0
LINE
8
BLACK
6
CONTINUOUS
10
4.4280162598425195
20
-5.1394912992125983
11
4.4315944881889759
21
-5.1387795275590546
0
LINE
8
BLACK
6
CONTINUOUS
10
4.4315944881889759
20
-5.1387795275590546
11
4.4552165354330704
21
-5.1387795275590546
0
LINE
8
BLACK
6
CONTINUOUS
10
4.4552165354330704
20
-5.1387795275590546
11
4.4587947637795278
21
-5.1394912992125983
0
LINE
8
BLACK
6
CONTINUOUS
10
5.4018402362204725
20
-5.0876614566929135
11
5.407901062992126
21
-5.0901719291338585
0
LINE
8
BLACK
6
CONTINUOUS
10
5.407901062992126
20
-5.0901719291338585
11
5.413355669291338
21
-5.0938165748031494
0
LINE
8
BLACK
6
CONTINUOUS
10
5.413355669291338
20
-5.0938165748031494
11
5.4179944488188978
21
-5.0984553543307083
0
LINE
8
BLACK
6
CONTINUOUS
10
5.4179944488188978
20
-5.0984553543307083
11
5.4216390944881887
21
-5.1039099606299212
0
LINE
8
BLACK
6
CONTINUOUS
10
5.4216390944881887
20
-5.1039099606299212
11
5.4241495669291337
21
-5.1099707874015747
0
LINE
8
BLACK
6
CONTINUOUS
10
5.4241495669291337
20
-5.1099707874015747
11
5.4254294094488191
21
-5.1164049212598428
0
LINE
8
BLACK
6
CONTINUOUS
10
5.4254294094488191
20
-5.1164049212598428
11
5.4254294094488191
21
-5.1229651574803148
0
LINE
8
BLACK
6
CONTINUOUS
10
5.4254294094488191
20
-5.1229651574803148
11
5.4241495669291337
21
-5.1293992913385829
0
LINE
8
BLACK
6
CONTINUOUS
10
5.4241495669291337
20
-5.1293992913385829
11
5.4216390944881887
21
-5.1354601181102364
0
LINE
8
BLACK
6
CONTINUOUS
10
5.4216390944881887
20
-5.1354601181102364
11
5.4179944488188978
21
-5.1409147244094484
0
LINE
8
BLACK
6
CONTINUOUS
10
5.4179944488188978
20
-5.1409147244094484
11
5.413355669291338
21
-5.1455535039370082
0
LINE
8
BLACK
6
CONTINUOUS
10
5.413355669291338
20
-5.1455535039370082
11
5.407901062992126
21
-5.1491981496062991
0
LINE
8
BLACK
6
CONTINUOUS
10
5.407901062992126
20
-5.1491981496062991
11
5.4018402362204725
21
-5.1517086220472441
0
LINE
8
BLACK
6
CONTINUOUS
10
5.4018402362204725
20
-5.1517086220472441
11
5.3954061023622044
21
-5.1529884645669286
0
LINE
8
BLACK
6
CONTINUOUS
10
5.3954061023622044
20
-5.1529884645669286
11
5.3888458661417324
21
-5.1529884645669286
0
LINE
8
BLACK
6
CONTINUOUS
10
5.3888458661417324
20
-5.1529884645669286
11
5.3824117322834644
21
-5.1517086220472441
0
LINE
8
BLACK
6
CONTINUOUS
10
5.3824117322834644
20
-5.1517086220472441
11
5.3763509055118108
21
-5.1491981496062991
0
LINE
8
BLACK
6
CONTINUOUS
10
5.3763509055118108
20
-5.1491981496062991
11
5.3708962992125979
21
-5.1455535039370082
0
LINE
8
BLACK
6
CONTINUOUS
10
5.3708962992125979
20
-5.1455535039370082
11
5.3662575196850391
21
-5.1409147244094484
0
LINE
8
BLACK
6
CONTINUOUS
10
5.3662575196850391
20
-5.1409147244094484
11
5.3626128740157482
21
-5.1354601181102364
0
LINE
8
BLACK
6
CONTINUOUS
10
5.3626128740157482
20
-5.1354601181102364
11
5.3601024015748031
21
-5.1293992913385829
0
LINE
8
BLACK
6
CONTINUOUS
10
5.3601024015748031
20
-5.1293992913385829
11
5.3588225590551177
21
-5.1229651574803148
0
LINE
8
BLACK
6
CONTINUOUS
10
5.3588225590551177
20
-5.1229651574803148
11
5.3588225590551177
21
-5.1164049212598428
0
LINE
8
BLACK
6
CONTINUOUS
10
5.3588225590551177
20
-5.1164049212598428
11
5.3601024015748031
21
-5.1099707874015747
0
LINE
8
BLACK
6
CONTINUOUS
10
5.3601024015748031
20
-5.1099707874015747
11
5.3626128740157482
21
-5.1039099606299212
0
LINE
8
BLACK
6
CONTINUOUS
10
5.3626128740157482
20
-5.1039099606299212
11
5.3662575196850391
21
-5.0984553543307083
0
LINE
8
BLACK
6
CONTINUOUS
10
5.3662575196850391
20
-5.0984553543307083
11
5.3708962992125979
21
-5.0938165748031494
0
LINE
8
BLACK
6
CONTINUOUS
10
5.3708962992125979
20
-5.0938165748031494
11
5.3763509055118108
21
-5.0901719291338585
0
LINE
8
BLACK
6
CONTINUOUS
10
5.3763509055118108
20
-5.0901719291338585
11
5.3824117322834644
21
-5.0876614566929135
0
LINE
8
BLACK
6
CONTINUOUS
10
5.3824117322834644
20
-5.0876614566929135
11
5.3888458661417324
21
-5.0863816141732281
0
LINE
8
BLACK
6
CONTINUOUS
10
5.3888458661417324
20
-5.0863816141732281
11
5.3954061023622044
21
-5.0863816141732281
0
LINE
8
BLACK
6
CONTINUOUS
10
5.3954061023622044
20
-5.0863816141732281
11
5.4018402362204725
21
-5.0876614566929135
0
LINE
8
BLACK
6
CONTINUOUS
10
5.5018402362204721
20
-5.0876614566929135
11
5.5079010629921257
21
-5.0901719291338585
0
LINE
8
BLACK
6
CONTINUOUS
10
5.5079010629921257
20
-5.0901719291338585
11
5.5133556692913386
21
-5.0938165748031494
0
LINE
8
BLACK
6
CONTINUOUS
10
5.5133556692913386
20
-5.0938165748031494
11
5.5179944488188974
21
-5.0984553543307083
0
LINE
8
BLACK
6
CONTINUOUS
10
5.5179944488188974
20
-5.0984553543307083
11
5.5216390944881892
21
-5.1039099606299212
0
LINE
8
BLACK
6
CONTINUOUS
10
5.5216390944881892
20
-5.1039099606299212
11
5.5241495669291334
21
-5.1099707874015747
0
LINE
8
BLACK
6
CONTINUOUS
10
5.5241495669291334
20
-5.1099707874015747
11
5.5254294094488188
21
-5.1164049212598428
0
LINE
8
BLACK
6
CONTINUOUS
10
5.5254294094488188
20
-5.1164049212598428
11
5.5254294094488188
21
-5.1229651574803148
0
LINE
8
BLACK
6
CONTINUOUS
10
5.5254294094488188
20
-5.1229651574803148
11
5.5241495669291334
21
-5.1293992913385829
0
LINE
8
BLACK
6
CONTINUOUS
10
5.5241495669291334
20
-5.1293992913385829
11
5.5216390944881892
21
-5.1354601181102364
0
LINE
8
BLACK
6
CONTINUOUS
10
5.5216390944881892
20
-5.1354601181102364
11
5.5179944488188974
21
-5.1409147244094484
0
LINE
8
BLACK
6
CONTINUOUS
10
5.5179944488188974
20
-5.1409147244094484
11
5.5133556692913386
21
-5.1455535039370082
0
LINE
8
BLACK
6
CONTINUOUS
10
5.5133556692913386
20
-5.1455535039370082
11
5.5079010629921257
21
-5.1491981496062991
0
LINE
8
BLACK
6
CONTINUOUS
10
5.5079010629921257
20
-5.1491981496062991
11
5.5018402362204721
21
-5.1517086220472441
0
LINE
8
BLACK
6
CONTINUOUS
10
5.5018402362204721
20
-5.1517086220472441
11
5.4954061023622049
21
-5.1529884645669286
0
LINE
8
BLACK
6
CONTINUOUS
10
5.4954061023622049
20
-5.1529884645669286
11
5.4888458661417321
21
-5.1529884645669286
0
LINE
8
BLACK
6
CONTINUOUS
10
5.4888458661417321
20
-5.1529884645669286
11
5.482411732283464
21
-5.1517086220472441
0
LINE
8
BLACK
6
CONTINUOUS
10
5.482411732283464
20
-5.1517086220472441
11
5.4763509055118105
21
-5.1491981496062991
0
LINE
8
BLACK
6
CONTINUOUS
10
5.4763509055118105
20
-5.1491981496062991
11
5.4708962992125985
21
-5.1455535039370082
0
LINE
8
BLACK
6
CONTINUOUS
10
5.4708962992125985
20
-5.1455535039370082
11
5.4662575196850396
21
-5.1409147244094484
0
LINE
8
BLACK
6
CONTINUOUS
10
5.4662575196850396
20
-5.1409147244094484
11
5.4626128740157478
21
-5.1354601181102364
0
LINE
8
BLACK
6
CONTINUOUS
10
5.4626128740157478
20
-5.1354601181102364
11
5.4601024015748028
21
-5.1293992913385829
0
LINE
8
BLACK
6
CONTINUOUS
10
5.4601024015748028
20
-5.1293992913385829
11
5.4588225590551183
21
-5.1229651574803148
0
LINE
8
BLACK
6
CONTINUOUS
10
5.4588225590551183
20
-5.1229651574803148
11
5.4588225590551183
21
-5.1164049212598428
0
LINE
8
BLACK
6
CONTINUOUS
10
5.4588225590551183
20
-5.1164049212598428
11
5.4601024015748028
21
-5.1099707874015747
0
LINE
8
BLACK
6
CONTINUOUS
10
5.4601024015748028
20
-5.1099707874015747
11
5.4626128740157478
21
-5.1039099606299212
0
LINE
8
BLACK
6
CONTINUOUS
10
5.4626128740157478
20
-5.1039099606299212
11
5.4662575196850396
21
-5.0984553543307083
0
LINE
8
BLACK
6
CONTINUOUS
10
5.4662575196850396
20
-5.0984553543307083
11
5.4708962992125985
21
-5.0938165748031494
0
LINE
8
BLACK
6
CONTINUOUS
10
5.4708962992125985
20
-5.0938165748031494
11
5.4763509055118105
21
-5.0901719291338585
0
LINE
8
BLACK
6
CONTINUOUS
10
5.4763509055118105
20
-5.0901719291338585
11
5.482411732283464
21
-5.0876614566929135
0
LINE
8
BLACK
6
CONTINUOUS
10
5.482411732283464
20
-5.0876614566929135
11
5.4888458661417321
21
-5.0863816141732281
0
LINE
8
BLACK
6
CONTINUOUS
10
5.4888458661417321
20
-5.0863816141732281
11
5.4954061023622049
21
-5.0863816141732281
0
LINE
8
BLACK
6
CONTINUOUS
10
5.4954061023622049
20
-5.0863816141732281
11
5.5018402362204721
21
-5.0876614566929135
0
LINE
8
BLACK
6
CONTINUOUS
10
4.2755905511811019
20
-5.0885826771653546
11
4.1968503937007871
21
-5.0885826771653546
0
LINE
8
BLACK
6
CONTINUOUS
10
4.1968503937007871
20
-5.0885826771653546
11
4.1968503937007871
21
-5.0452755905511806
0
LINE
8
BLACK
6
CONTINUOUS
10
4.1968503937007871
20
-5.0452755905511806
11
4.2755905511811019
21
-5.0452755905511806
0
LINE
8
BLACK
6
CONTINUOUS
10
4.2755905511811019
20
-5.0452755905511806
11
4.2755905511811019
21
-5.0885826771653546
0
LINE
8
BLACK
6
CONTINUOUS
10
4.4645669291338583
20
-5.0885826771653546
11
4.3858267716535435
21
-5.0885826771653546
0
LINE
8
BLACK
6
CONTINUOUS
10
4.3858267716535435
20
-5.0885826771653546
11
4.3858267716535435
21
-5.0452755905511806
0
LINE
8
BLACK
6
CONTINUOUS
10
4.3858267716535435
20
-5.0452755905511806
11
4.4645669291338583
21
-5.0452755905511806
0
LINE
8
BLACK
6
CONTINUOUS
10
4.4645669291338583
20
-5.0452755905511806
11
4.4645669291338583
21
-5.0885826771653546
0
LINE
8
BLACK
6
CONTINUOUS
10
6.4803149606299213
20
-5.0885826771653546
11
6.4015748031496065
21
-5.0885826771653546
0
LINE
8
BLACK
6
CONTINUOUS
10
6.4015748031496065
20
-5.0885826771653546
11
6.4015748031496065
21
-5.0452755905511806
0
LINE
8
BLACK
6
CONTINUOUS
10
6.4015748031496065
20
-5.0452755905511806
11
6.4803149606299213
21
-5.0452755905511806
0
LINE
8
BLACK
6
CONTINUOUS
10
6.4803149606299213
20
-5.0452755905511806
11
6.4803149606299213
21
-5.0885826771653546
0
LINE
8
BLACK
6
CONTINUOUS
10
6.6692913385826769
20
-5.0885826771653546
11
6.590551181102362
21
-5.0885826771653546
0
LINE
8
BLACK
6
CONTINUOUS
10
6.590551181102362
20
-5.0885826771653546
11
6.590551181102362
21
-5.0452755905511806
0
LINE
8
BLACK
6
CONTINUOUS
10
6.590551181102362
20
-5.0452755905511806
11
6.6692913385826769
21
-5.0452755905511806
0
LINE
8
BLACK
6
CONTINUOUS
10
6.6692913385826769
20
-5.0452755905511806
11
6.6692913385826769
21
-5.0885826771653546
0
LINE
8
BLACK
6
CONTINUOUS
10
5.4018402362204725
20
-4.9876614566929129
11
5.407901062992126
21
-4.990171929133858
0
LINE
8
BLACK
6
CONTINUOUS
10
5.407901062992126
20
-4.990171929133858
11
5.413355669291338
21
-4.9938165748031498
0
LINE
8
BLACK
6
CONTINUOUS
10
5.413355669291338
20
-4.9938165748031498
11
5.4179944488188978
21
-4.9984553543307086
0
LINE
8
BLACK
6
CONTINUOUS
10
5.4179944488188978
20
-4.9984553543307086
11
5.4216390944881887
21
-5.0039099606299215
0
LINE
8
BLACK
6
CONTINUOUS
10
5.4216390944881887
20
-5.0039099606299215
11
5.4241495669291337
21
-5.0099707874015751
0
LINE
8
BLACK
6
CONTINUOUS
10
5.4241495669291337
20
-5.0099707874015751
11
5.4254294094488191
21
-5.0164049212598423
0
LINE
8
BLACK
6
CONTINUOUS
10
5.4254294094488191
20
-5.0164049212598423
11
5.4254294094488191
21
-5.0229651574803151
0
LINE
8
BLACK
6
CONTINUOUS
10
5.4254294094488191
20
-5.0229651574803151
11
5.4241495669291337
21
-5.0293992913385823
0
LINE
8
BLACK
6
CONTINUOUS
10
5.4241495669291337
20
-5.0293992913385823
11
5.4216390944881887
21
-5.0354601181102359
0
LINE
8
BLACK
6
CONTINUOUS
10
5.4216390944881887
20
-5.0354601181102359
11
5.4179944488188978
21
-5.0409147244094488
0
LINE
8
BLACK
6
CONTINUOUS
10
5.4179944488188978
20
-5.0409147244094488
11
5.413355669291338
21
-5.0455535039370076
0
LINE
8
BLACK
6
CONTINUOUS
10
5.413355669291338
20
-5.0455535039370076
11
5.407901062992126
21
-5.0491981496062994
0
LINE
8
BLACK
6
CONTINUOUS
10
5.407901062992126
20
-5.0491981496062994
11
5.4018402362204725
21
-5.0517086220472436
0
LINE
8
BLACK
6
CONTINUOUS
10
5.4018402362204725
20
-5.0517086220472436
11
5.3954061023622044
21
-5.052988464566929
0
LINE
8
BLACK
6
CONTINUOUS
10
5.3954061023622044
20
-5.052988464566929
11
5.3888458661417324
21
-5.052988464566929
0
LINE
8
BLACK
6
CONTINUOUS
10
5.3888458661417324
20
-5.052988464566929
11
5.3824117322834644
21
-5.0517086220472436
0
LINE
8
BLACK
6
CONTINUOUS
10
5.3824117322834644
20
-5.0517086220472436
11
5.3763509055118108
21
-5.0491981496062994
0
LINE
8
BLACK
6
CONTINUOUS
10
5.3763509055118108
20
-5.0491981496062994
11
5.3708962992125979
21
-5.0455535039370076
0
LINE
8
BLACK
6
CONTINUOUS
10
5.3708962992125979
20
-5.0455535039370076
11
5.3662575196850391
21
-5.0409147244094488
0
LINE
8
BLACK
6
CONTINUOUS
10
5.3662575196850391
20
-5.0409147244094488
11
5.3626128740157482
21
-5.0354601181102359
0
LINE
8
BLACK
6
CONTINUOUS
10
5.3626128740157482
20
-5.0354601181102359
11
5.3601024015748031
21
-5.0293992913385823
0
LINE
8
BLACK
6
CONTINUOUS
10
5.3601024015748031
20
-5.0293992913385823
11
5.3588225590551177
21
-5.0229651574803151
0
LINE
8
BLACK
6
CONTINUOUS
10
5.3588225590551177
20
-5.0229651574803151
11
5.3588225590551177
21
-5.0164049212598423
0
LINE
8
BLACK
6
CONTINUOUS
10
5.3588225590551177
20
-5.0164049212598423
11
5.3601024015748031
21
-5.0099707874015751
0
LINE
8
BLACK
6
CONTINUOUS
10
5.3601024015748031
20
-5.0099707874015751
11
5.3626128740157482
21
-5.0039099606299215
0
LINE
8
BLACK
6
CONTINUOUS
10
5.3626128740157482
20
-5.0039099606299215
11
5.3662575196850391
21
-4.9984553543307086
0
LINE
8
BLACK
6
CONTINUOUS
10
5.3662575196850391
20
-4.9984553543307086
11
5.3708962992125979
21
-4.9938165748031498
0
LINE
8
BLACK
6
CONTINUOUS
10
5.3708962992125979
20
-4.9938165748031498
11
5.3763509055118108
21
-4.990171929133858
0
LINE
8
BLACK
6
CONTINUOUS
10
5.3763509055118108
20
-4.990171929133858
11
5.3824117322834644
21
-4.9876614566929129
0
LINE
8
BLACK
6
CONTINUOUS
10
5.3824117322834644
20
-4.9876614566929129
11
5.3888458661417324
21
-4.9863816141732284
0
LINE
8
BLACK
6
CONTINUOUS
10
5.3888458661417324
20
-4.9863816141732284
11
5.3954061023622044
21
-4.9863816141732284
0
LINE
8
BLACK
6
CONTINUOUS
10
5.3954061023622044
20
-4.9863816141732284
11
5.4018402362204725
21
-4.9876614566929129
0
LINE
8
BLACK
6
CONTINUOUS
10
5.5018402362204721
20
-4.9876614566929129
11
5.5079010629921257
21
-4.990171929133858
0
LINE
8
BLACK
6
CONTINUOUS
10
5.5079010629921257
20
-4.990171929133858
11
5.5133556692913386
21
-4.9938165748031498
0
LINE
8
BLACK
6
CONTINUOUS
10
5.5133556692913386
20
-4.9938165748031498
11
5.5179944488188974
21
-4.9984553543307086
0
LINE
8
BLACK
6
CONTINUOUS
10
5.5179944488188974
20
-4.9984553543307086
11
5.5216390944881892
21
-5.0039099606299215
0
LINE
8
BLACK
6
CONTINUOUS
10
5.5216390944881892
20
-5.0039099606299215
11
5.5241495669291334
21
-5.0099707874015751
0
LINE
8
BLACK
6
CONTINUOUS
10
5.5241495669291334
20
-5.0099707874015751
11
5.5254294094488188
21
-5.0164049212598423
0
LINE
8
BLACK
6
CONTINUOUS
10
5.5254294094488188
20
-5.0164049212598423
11
5.5254294094488188
21
-5.0229651574803151
0
LINE
8
BLACK
6
CONTINUOUS
10
5.5254294094488188
20
-5.0229651574803151
11
5.5241495669291334
21
-5.0293992913385823
0
LINE
8
BLACK
6
CONTINUOUS
10
5.5241495669291334
20
-5.0293992913385823
11
5.5216390944881892
21
-5.0354601181102359
0
LINE
8
BLACK
6
CONTINUOUS
10
5.5216390944881892
20
-5.0354601181102359
11
5.5179944488188974
21
-5.0409147244094488
0
LINE
8
BLACK
6
CONTINUOUS
10
5.5179944488188974
20
-5.0409147244094488
11
5.5133556692913386
21
-5.0455535039370076
0
LINE
8
BLACK
6
CONTINUOUS
10
5.5133556692913386
20
-5.0455535039370076
11
5.5079010629921257
21
-5.0491981496062994
0
LINE
8
BLACK
6
CONTINUOUS
10
5.5079010629921257
20
-5.0491981496062994
11
5.5018402362204721
21
-5.0517086220472436
0
LINE
8
BLACK
6
CONTINUOUS
10
5.5018402362204721
20
-5.0517086220472436
11
5.4954061023622049
21
-5.052988464566929
0
LINE
8
BLACK
6
CONTINUOUS
10
5.4954061023622049
20
-5.052988464566929
11
5.4888458661417321
21
-5.052988464566929
0
LINE
8
BLACK
6
CONTINUOUS
10
5.4888458661417321
20
-5.052988464566929
11
5.482411732283464
21
-5.0517086220472436
0
LINE
8
BLACK
6
CONTINUOUS
10
5.482411732283464
20
-5.0517086220472436
11
5.4763509055118105
21
-5.0491981496062994
0
LINE
8
BLACK
6
CONTINUOUS
10
5.4763509055118105
20
-5.0491981496062994
11
5.4708962992125985
21
-5.0455535039370076
0
LINE
8
BLACK
6
CONTINUOUS
10
5.4708962992125985
20
-5.0455535039370076
11
5.4662575196850396
21
-5.0409147244094488
0
LINE
8
BLACK
6
CONTINUOUS
10
5.4662575196850396
20
-5.0409147244094488
11
5.4626128740157478
21
-5.0354601181102359
0
LINE
8
BLACK
6
CONTINUOUS
10
5.4626128740157478
20
-5.0354601181102359
11
5.4601024015748028
21
-5.0293992913385823
0
LINE
8
BLACK
6
CONTINUOUS
10
5.4601024015748028
20
-5.0293992913385823
11
5.4588225590551183
21
-5.0229651574803151
0
LINE
8
BLACK
6
CONTINUOUS
10
5.4588225590551183
20
-5.0229651574803151
11
5.4588225590551183
21
-5.0164049212598423
0
LINE
8
BLACK
6
CONTINUOUS
10
5.4588225590551183
20
-5.0164049212598423
11
5.4601024015748028
21
-5.0099707874015751
0
LINE
8
BLACK
6
CONTINUOUS
10
5.4601024015748028
20
-5.0099707874015751
11
5.4626128740157478
21
-5.0039099606299215
0
LINE
8
BLACK
6
CONTINUOUS
10
5.4626128740157478
20
-5.0039099606299215
11
5.4662575196850396
21
-4.9984553543307086
0
LINE
8
BLACK
6
CONTINUOUS
10
5.4662575196850396
20
-4.9984553543307086
11
5.4708962992125985
21
-4.9938165748031498
0
LINE
8
BLACK
6
CONTINUOUS
10
5.4708962992125985
20
-4.9938165748031498
11
5.4763509055118105
21
-4.990171929133858
0
LINE
8
BLACK
6
CONTINUOUS
10
5.4763509055118105
20
-4.990171929133858
11
5.482411732283464
21
-4.9876614566929129
0
LINE
8
BLACK
6
CONTINUOUS
10
5.482411732283464
20
-4.9876614566929129
11
5.4888458661417321
21
-4.9863816141732284
0
LINE
8
BLACK
6
CONTINUOUS
10
5.4888458661417321
20
-4.9863816141732284
11
5.4954061023622049
21
-4.9863816141732284
0
LINE
8
BLACK
6
CONTINUOUS
10
5.4954061023622049
20
-4.9863816141732284
11
5.5018402362204721
21
-4.9876614566929129
0
LINE
8
BLACK
6
CONTINUOUS
10
5.2045539763779525
20
-4.9869696850393703
11
5.2077471259842518
21
-4.9891032677165352
0
LINE
8
BLACK
6
CONTINUOUS
10
5.2077471259842518
20
-4.9891032677165352
11
5.2098807086614176
21
-4.9922964173228346
0
LINE
8
BLACK
6
CONTINUOUS
10
5.2098807086614176
20
-4.9922964173228346
11
5.2106299212598426
21
-4.9960629921259843
0
LINE
8
BLACK
6
CONTINUOUS
10
5.2106299212598426
20
-4.9960629921259843
11
5.2106299212598426
21
-5.0354330708661417
0
LINE
8
BLACK
6
CONTINUOUS
10
5.2106299212598426
20
-5.0354330708661417
11
5.2098807086614176
21
-5.0391996456692913
0
LINE
8
BLACK
6
CONTINUOUS
10
5.2098807086614176
20
-5.0391996456692913
11
5.2077471259842518
21
-5.0423927952755907
0
LINE
8
BLACK
6
CONTINUOUS
10
5.2077471259842518
20
-5.0423927952755907
11
5.2045539763779525
21
-5.0445263779527556
0
LINE
8
BLACK
6
CONTINUOUS
10
5.2045539763779525
20
-5.0445263779527556
11
5.2007874015748028
21
-5.0452755905511806
0
LINE
8
BLACK
6
CONTINUOUS
10
5.2007874015748028
20
-5.0452755905511806
11
5.1141732283464565
21
-5.0452755905511806
0
LINE
8
BLACK
6
CONTINUOUS
10
5.1141732283464565
20
-5.0452755905511806
11
5.1104066535433068
21
-5.0445263779527556
0
LINE
8
BLACK
6
CONTINUOUS
10
5.1104066535433068
20
-5.0445263779527556
11
5.1072135039370075
21
-5.0423927952755907
0
LINE
8
BLACK
6
CONTINUOUS
10
5.1072135039370075
20
-5.0423927952755907
11
5.1050799212598426
21
-5.0391996456692913
0
LINE
8
BLACK
6
CONTINUOUS
10
5.1050799212598426
20
-5.0391996456692913
11
5.1043307086614176
21
-5.0354330708661417
0
LINE
8
BLACK
6
CONTINUOUS
10
5.1043307086614176
20
-5.0354330708661417
11
5.1043307086614176
21
-4.9960629921259843
0
LINE
8
BLACK
6
CONTINUOUS
10
5.1043307086614176
20
-4.9960629921259843
11
5.1050799212598426
21
-4.9922964173228346
0
LINE
8
BLACK
6
CONTINUOUS
10
5.1050799212598426
20
-4.9922964173228346
11
5.1072135039370075
21
-4.9891032677165352
0
LINE
8
BLACK
6
CONTINUOUS
10
5.1072135039370075
20
-4.9891032677165352
11
5.1104066535433068
21
-4.9869696850393703
0
LINE
8
BLACK
6
CONTINUOUS
10
5.1104066535433068
20
-4.9869696850393703
11
5.1141732283464565
21
-4.9862204724409445
0
LINE
8
BLACK
6
CONTINUOUS
10
5.1141732283464565
20
-4.9862204724409445
11
5.2007874015748028
21
-4.9862204724409445
0
LINE
8
BLACK
6
CONTINUOUS
10
5.2007874015748028
20
-4.9862204724409445
11
5.2045539763779525
21
-4.9869696850393703
0
LINE
8
BLACK
6
CONTINUOUS
10
4.2755905511811019
20
-5.0216535433070861
11
4.1968503937007871
21
-5.0216535433070861
0
LINE
8
BLACK
6
CONTINUOUS
10
4.1968503937007871
20
-5.0216535433070861
11
4.1968503937007871
21
-4.978346456692913
0
LINE
8
BLACK
6
CONTINUOUS
10
4.1968503937007871
20
-4.978346456692913
11
4.2755905511811019
21
-4.978346456692913
0
LINE
8
BLACK
6
CONTINUOUS
10
4.2755905511811019
20
-4.978346456692913
11
4.2755905511811019
21
-5.0216535433070861
0
LINE
8
BLACK
6
CONTINUOUS
10
4.4645669291338583
20
-5.0216535433070861
11
4.3858267716535435
21
-5.0216535433070861
0
LINE
8
BLACK
6
CONTINUOUS
10
4.3858267716535435
20
-5.0216535433070861
11
4.3858267716535435
21
-4.978346456692913
0
LINE
8
BLACK
6
CONTINUOUS
10
4.3858267716535435
20
-4.978346456692913
11
4.4645669291338583
21
-4.978346456692913
0
LINE
8
BLACK
6
CONTINUOUS
10
4.4645669291338583
20
-4.978346456692913
11
4.4645669291338583
21
-5.0216535433070861
0
LINE
8
BLACK
6
CONTINUOUS
10
6.4803149606299213
20
-5.0216535433070861
11
6.4015748031496065
21
-5.0216535433070861
0
LINE
8
BLACK
6
CONTINUOUS
10
6.4015748031496065
20
-5.0216535433070861
11
6.4015748031496065
21
-4.978346456692913
0
LINE
8
BLACK
6
CONTINUOUS
10
6.4015748031496065
20
-4.978346456692913
11
6.4803149606299213
21
-4.978346456692913
0
LINE
8
BLACK
6
CONTINUOUS
10
6.4803149606299213
20
-4.978346456692913
11
6.4803149606299213
21
-5.0216535433070861
0
LINE
8
BLACK
6
CONTINUOUS
10
6.6692913385826769
20
-5.0216535433070861
11
6.590551181102362
21
-5.0216535433070861
0
LINE
8
BLACK
6
CONTINUOUS
10
6.590551181102362
20
-5.0216535433070861
11
6.590551181102362
21
-4.978346456692913
0
LINE
8
BLACK
6
CONTINUOUS
10
6.590551181102362
20
-4.978346456692913
11
6.6692913385826769
21
-4.978346456692913
0
LINE
8
BLACK
6
CONTINUOUS
10
6.6692913385826769
20
-4.978346456692913
11
6.6692913385826769
21
-5.0216535433070861
0
LINE
8
BLACK
6
CONTINUOUS
10
4.2755905511811019
20
-4.9547244094488185
11
4.1968503937007871
21
-4.9547244094488185
0
LINE
8
BLACK
6
CONTINUOUS
10
4.1968503937007871
20
-4.9547244094488185
11
4.1968503937007871
21
-4.9114173228346454
0
LINE
8
BLACK
6
CONTINUOUS
10
4.1968503937007871
20
-4.9114173228346454
11
4.2755905511811019
21
-4.9114173228346454
0
LINE
8
BLACK
6
CONTINUOUS
10
4.2755905511811019
20
-4.9114173228346454
11
4.2755905511811019
21
-4.9547244094488185
0
LINE
8
BLACK
6
CONTINUOUS
10
4.4645669291338583
20
-4.9547244094488185
11
4.3858267716535435
21
-4.9547244094488185
0
LINE
8
BLACK
6
CONTINUOUS
10
4.3858267716535435
20
-4.9547244094488185
11
4.3858267716535435
21
-4.9114173228346454
0
LINE
8
BLACK
6
CONTINUOUS
10
4.3858267716535435
20
-4.9114173228346454
11
4.4645669291338583
21
-4.9114173228346454
0
LINE
8
BLACK
6
CONTINUOUS
10
4.4645669291338583
20
-4.9114173228346454
11
4.4645669291338583
21
-4.9547244094488185
0
LINE
8
BLACK
6
CONTINUOUS
10
6.4803149606299213
20
-4.9547244094488185
11
6.4015748031496065
21
-4.9547244094488185
0
LINE
8
BLACK
6
CONTINUOUS
10
6.4015748031496065
20
-4.9547244094488185
11
6.4015748031496065
21
-4.9114173228346454
0
LINE
8
BLACK
6
CONTINUOUS
10
6.4015748031496065
20
-4.9114173228346454
11
6.4803149606299213
21
-4.9114173228346454
0
LINE
8
BLACK
6
CONTINUOUS
10
6.4803149606299213
20
-4.9114173228346454
11
6.4803149606299213
21
-4.9547244094488185
0
LINE
8
BLACK
6
CONTINUOUS
10
6.6692913385826769
20
-4.9547244094488185
11
6.590551181102362
21
-4.9547244094488185
0
LINE
8
BLACK
6
CONTINUOUS
10
6.590551181102362
20
-4.9547244094488185
11
6.590551181102362
21
-4.9114173228346454
0
LINE
8
BLACK
6
CONTINUOUS
10
6.590551181102362
20
-4.9114173228346454
11
6.6692913385826769
21
-4.9114173228346454
0
LINE
8
BLACK
6
CONTINUOUS
10
6.6692913385826769
20
-4.9114173228346454
11
6.6692913385826769
21
-4.9547244094488185
0
LINE
8
BLACK
6
CONTINUOUS
10
5.4018402362204725
20
-4.8876614566929133
11
5.407901062992126
21
-4.8901719291338583
0
LINE
8
BLACK
6
CONTINUOUS
10
5.407901062992126
20
-4.8901719291338583
11
5.413355669291338
21
-4.8938165748031492
0
LINE
8
BLACK
6
CONTINUOUS
10
5.413355669291338
20
-4.8938165748031492
11
5.4179944488188978
21
-4.8984553543307081
0
LINE
8
BLACK
6
CONTINUOUS
10
5.4179944488188978
20
-4.8984553543307081
11
5.4216390944881887
21
-4.903909960629921
0
LINE
8
BLACK
6
CONTINUOUS
10
5.4216390944881887
20
-4.903909960629921
11
5.4241495669291337
21
-4.9099707874015746
0
LINE
8
BLACK
6
CONTINUOUS
10
5.4241495669291337
20
-4.9099707874015746
11
5.4254294094488191
21
-4.9164049212598426
0
LINE
8
BLACK
6
CONTINUOUS
10
5.4254294094488191
20
-4.9164049212598426
11
5.4254294094488191
21
-4.9229651574803146
0
LINE
8
BLACK
6
CONTINUOUS
10
5.4254294094488191
20
-4.9229651574803146
11
5.4241495669291337
21
-4.9293992913385827
0
LINE
8
BLACK
6
CONTINUOUS
10
5.4241495669291337
20
-4.9293992913385827
11
5.4216390944881887
21
-4.9354601181102362
0
LINE
8
BLACK
6
CONTINUOUS
10
5.4216390944881887
20
-4.9354601181102362
11
5.4179944488188978
21
-4.9409147244094491
0
LINE
8
BLACK
6
CONTINUOUS
10
5.4179944488188978
20
-4.9409147244094491
11
5.413355669291338
21
-4.945553503937008
0
LINE
8
BLACK
6
CONTINUOUS
10
5.413355669291338
20
-4.945553503937008
11
5.407901062992126
21
-4.9491981496062989
0
LINE
8
BLACK
6
CONTINUOUS
10
5.407901062992126
20
-4.9491981496062989
11
5.4018402362204725
21
-4.9517086220472439
0
LINE
8
BLACK
6
CONTINUOUS
10
5.4018402362204725
20
-4.9517086220472439
11
5.3954061023622044
21
-4.9529884645669293
0
LINE
8
BLACK
6
CONTINUOUS
10
5.3954061023622044
20
-4.9529884645669293
11
5.3888458661417324
21
-4.9529884645669293
0
LINE
8
BLACK
6
CONTINUOUS
10
5.3888458661417324
20
-4.9529884645669293
11
5.3824117322834644
21
-4.9517086220472439
0
LINE
8
BLACK
6
CONTINUOUS
10
5.3824117322834644
20
-4.9517086220472439
11
5.3763509055118108
21
-4.9491981496062989
0
LINE
8
BLACK
6
CONTINUOUS
10
5.3763509055118108
20
-4.9491981496062989
11
5.3708962992125979
21
-4.945553503937008
0
LINE
8
BLACK
6
CONTINUOUS
10
5.3708962992125979
20
-4.945553503937008
11
5.3662575196850391
21
-4.9409147244094491
0
LINE
8
BLACK
6
CONTINUOUS
10
5.3662575196850391
20
-4.9409147244094491
11
5.3626128740157482
21
-4.9354601181102362
0
LINE
8
BLACK
6
CONTINUOUS
10
5.3626128740157482
20
-4.9354601181102362
11
5.3601024015748031
21
-4.9293992913385827
0
LINE
8
BLACK
6
CONTINUOUS
10
5.3601024015748031
20
-4.9293992913385827
11
5.3588225590551177
21
-4.9229651574803146
0
LINE
8
BLACK
6
CONTINUOUS
10
5.3588225590551177
20
-4.9229651574803146
11
5.3588225590551177
21
-4.9164049212598426
0
LINE
8
BLACK
6
CONTINUOUS
10
5.3588225590551177
20
-4.9164049212598426
11
5.3601024015748031
21
-4.9099707874015746
0
LINE
8
BLACK
6
CONTINUOUS
10
5.3601024015748031
20
-4.9099707874015746
11
5.3626128740157482
21
-4.903909960629921
0
LINE
8
BLACK
6
CONTINUOUS
10
5.3626128740157482
20
-4.903909960629921
11
5.3662575196850391
21
-4.8984553543307081
0
LINE
8
BLACK
6
CONTINUOUS
10
5.3662575196850391
20
-4.8984553543307081
11
5.3708962992125979
21
-4.8938165748031492
0
LINE
8
BLACK
6
CONTINUOUS
10
5.3708962992125979
20
-4.8938165748031492
11
5.3763509055118108
21
-4.8901719291338583
0
LINE
8
BLACK
6
CONTINUOUS
10
5.3763509055118108
20
-4.8901719291338583
11
5.3824117322834644
21
-4.8876614566929133
0
LINE
8
BLACK
6
CONTINUOUS
10
5.3824117322834644
20
-4.8876614566929133
11
5.3888458661417324
21
-4.8863816141732279
0
LINE
8
BLACK
6
CONTINUOUS
10
5.3888458661417324
20
-4.8863816141732279
11
5.3954061023622044
21
-4.8863816141732279
0
LINE
8
BLACK
6
CONTINUOUS
10
5.3954061023622044
20
-4.8863816141732279
11
5.4018402362204725
21
-4.8876614566929133
0
LINE
8
BLACK
6
CONTINUOUS
10
5.5018402362204721
20
-4.8876614566929133
11
5.5079010629921257
21
-4.8901719291338583
0
LINE
8
BLACK
6
CONTINUOUS
10
5.5079010629921257
20
-4.8901719291338583
11
5.5133556692913386
21
-4.8938165748031492
0
LINE
8
BLACK
6
CONTINUOUS
10
5.5133556692913386
20
-4.8938165748031492
11
5.5179944488188974
21
-4.8984553543307081
0
LINE
8
BLACK
6
CONTINUOUS
10
5.5179944488188974
20
-4.8984553543307081
11
5.5216390944881892
21
-4.903909960629921
0
LINE
8
BLACK
6
CONTINUOUS
10
5.5216390944881892
20
-4.903909960629921
11
5.5241495669291334
21
-4.9099707874015746
0
LINE
8
BLACK
6
CONTINUOUS
10
5.5241495669291334
20
-4.9099707874015746
11
5.5254294094488188
21
-4.9164049212598426
0
LINE
8
BLACK
6
CONTINUOUS
10
5.5254294094488188
20
-4.9164049212598426
11
5.5254294094488188
21
-4.9229651574803146
0
LINE
8
BLACK
6
CONTINUOUS
10
5.5254294094488188
20
-4.9229651574803146
11
5.5241495669291334
21
-4.9293992913385827
0
LINE
8
BLACK
6
CONTINUOUS
10
5.5241495669291334
20
-4.9293992913385827
11
5.5216390944881892
21
-4.9354601181102362
0
LINE
8
BLACK
6
CONTINUOUS
10
5.5216390944881892
20
-4.9354601181102362
11
5.5179944488188974
21
-4.9409147244094491
0
LINE
8
BLACK
6
CONTINUOUS
10
5.5179944488188974
20
-4.9409147244094491
11
5.5133556692913386
21
-4.945553503937008
0
LINE
8
BLACK
6
CONTINUOUS
10
5.5133556692913386
20
-4.945553503937008
11
5.5079010629921257
21
-4.9491981496062989
0
LINE
8
BLACK
6
CONTINUOUS
10
5.5079010629921257
20
-4.9491981496062989
11
5.5018402362204721
21
-4.9517086220472439
0
LINE
8
BLACK
6
CONTINUOUS
10
5.5018402362204721
20
-4.9517086220472439
11
5.4954061023622049
21
-4.9529884645669293
0
LINE
8
BLACK
6
CONTINUOUS
10
5.4954061023622049
20
-4.9529884645669293
11
5.4888458661417321
21
-4.9529884645669293
0
LINE
8
BLACK
6
CONTINUOUS
10
5.4888458661417321
20
-4.9529884645669293
11
5.482411732283464
21
-4.9517086220472439
0
LINE
8
BLACK
6
CONTINUOUS
10
5.482411732283464
20
-4.9517086220472439
11
5.4763509055118105
21
-4.9491981496062989
0
LINE
8
BLACK
6
CONTINUOUS
10
5.4763509055118105
20
-4.9491981496062989
11
5.4708962992125985
21
-4.945553503937008
0
LINE
8
BLACK
6
CONTINUOUS
10
5.4708962992125985
20
-4.945553503937008
11
5.4662575196850396
21
-4.9409147244094491
0
LINE
8
BLACK
6
CONTINUOUS
10
5.4662575196850396
20
-4.9409147244094491
11
5.4626128740157478
21
-4.9354601181102362
0
LINE
8
BLACK
6
CONTINUOUS
10
5.4626128740157478
20
-4.9354601181102362
11
5.4601024015748028
21
-4.9293992913385827
0
LINE
8
BLACK
6
CONTINUOUS
10
5.4601024015748028
20
-4.9293992913385827
11
5.4588225590551183
21
-4.9229651574803146
0
LINE
8
BLACK
6
CONTINUOUS
10
5.4588225590551183
20
-4.9229651574803146
11
5.4588225590551183
21
-4.9164049212598426
0
LINE
8
BLACK
6
CONTINUOUS
10
5.4588225590551183
20
-4.9164049212598426
11
5.4601024015748028
21
-4.9099707874015746
0
LINE
8
BLACK
6
CONTINUOUS
10
5.4601024015748028
20
-4.9099707874015746
11
5.4626128740157478
21
-4.903909960629921
0
LINE
8
BLACK
6
CONTINUOUS
10
5.4626128740157478
20
-4.903909960629921
11
5.4662575196850396
21
-4.8984553543307081
0
LINE
8
BLACK
6
CONTINUOUS
10
5.4662575196850396
20
-4.8984553543307081
11
5.4708962992125985
21
-4.8938165748031492
0
LINE
8
BLACK
6
CONTINUOUS
10
5.4708962992125985
20
-4.8938165748031492
11
5.4763509055118105
21
-4.8901719291338583
0
LINE
8
BLACK
6
CONTINUOUS
10
5.4763509055118105
20
-4.8901719291338583
11
5.482411732283464
21
-4.8876614566929133
0
LINE
8
BLACK
6
CONTINUOUS
10
5.482411732283464
20
-4.8876614566929133
11
5.4888458661417321
21
-4.8863816141732279
0
LINE
8
BLACK
6
CONTINUOUS
10
5.4888458661417321
20
-4.8863816141732279
11
5.4954061023622049
21
-4.8863816141732279
0
LINE
8
BLACK
6
CONTINUOUS
10
5.4954061023622049
20
-4.8863816141732279
11
5.5018402362204721
21
-4.8876614566929133
0
LINE
8
BLACK
6
CONTINUOUS
10
6.4381254724409445
20
-4.8245306692913381
11
6.4411589763779524
21
-4.826557559055118
0
LINE
8
BLACK
6
CONTINUOUS
10
6.4411589763779524
20
-4.826557559055118
11
6.4431858661417323
21
-4.8295910629921259
0
LINE
8
BLACK
6
CONTINUOUS
10
6.4431858661417323
20
-4.8295910629921259
11
6.443897637795275
21
-4.8331692913385824
0
LINE
8
BLACK
6
CONTINUOUS
10
6.443897637795275
20
-4.8331692913385824
11
6.443897637795275
21
-4.8518700787401574
0
LINE
8
BLACK
6
CONTINUOUS
10
6.443897637795275
20
-4.8518700787401574
11
6.4431858661417323
21
-4.8554483070866139
0
LINE
8
BLACK
6
CONTINUOUS
10
6.4431858661417323
20
-4.8554483070866139
11
6.4411589763779524
21
-4.8584818110236219
0
LINE
8
BLACK
6
CONTINUOUS
10
6.4411589763779524
20
-4.8584818110236219
11
6.4381254724409445
21
-4.8605087007874017
0
LINE
8
BLACK
6
CONTINUOUS
10
6.4381254724409445
20
-4.8605087007874017
11
6.434547244094488
21
-4.8612204724409445
0
LINE
8
BLACK
6
CONTINUOUS
10
6.434547244094488
20
-4.8612204724409445
11
6.4109251968503935
21
-4.8612204724409445
0
LINE
8
BLACK
6
CONTINUOUS
10
6.4109251968503935
20
-4.8612204724409445
11
6.407346968503937
21
-4.8605087007874017
0
LINE
8
BLACK
6
CONTINUOUS
10
6.407346968503937
20
-4.8605087007874017
11
6.4043134645669291
21
-4.8584818110236219
0
LINE
8
BLACK
6
CONTINUOUS
10
6.4043134645669291
20
-4.8584818110236219
11
6.4022865748031492
21
-4.8554483070866139
0
LINE
8
BLACK
6
CONTINUOUS
10
6.4022865748031492
20
-4.8554483070866139
11
6.4015748031496065
21
-4.8518700787401574
0
LINE
8
BLACK
6
CONTINUOUS
10
6.4015748031496065
20
-4.8518700787401574
11
6.4015748031496065
21
-4.8331692913385824
0
LINE
8
BLACK
6
CONTINUOUS
10
6.4015748031496065
20
-4.8331692913385824
11
6.4022865748031492
21
-4.8295910629921259
0
LINE
8
BLACK
6
CONTINUOUS
10
6.4022865748031492
20
-4.8295910629921259
11
6.4043134645669291
21
-4.826557559055118
0
LINE
8
BLACK
6
CONTINUOUS
10
6.4043134645669291
20
-4.826557559055118
11
6.407346968503937
21
-4.8245306692913381
0
LINE
8
BLACK
6
CONTINUOUS
10
6.407346968503937
20
-4.8245306692913381
11
6.4109251968503935
21
-4.8238188976377954
0
LINE
8
BLACK
6
CONTINUOUS
10
6.4109251968503935
20
-4.8238188976377954
11
6.434547244094488
21
-4.8238188976377954
0
LINE
8
BLACK
6
CONTINUOUS
10
6.434547244094488
20
-4.8238188976377954
11
6.4381254724409445
21
-4.8245306692913381
0
LINE
8
BLACK
6
CONTINUOUS
10
6.5060388582677167
20
-4.8245306692913381
11
6.5090723622047246
21
-4.826557559055118
0
LINE
8
BLACK
6
CONTINUOUS
10
6.5090723622047246
20
-4.826557559055118
11
6.5110992519685036
21
-4.8295910629921259
0
LINE
8
BLACK
6
CONTINUOUS
10
6.5110992519685036
20
-4.8295910629921259
11
6.5118110236220472
21
-4.8331692913385824
0
LINE
8
BLACK
6
CONTINUOUS
10
6.5118110236220472
20
-4.8331692913385824
11
6.5118110236220472
21
-4.8518700787401574
0
LINE
8
BLACK
6
CONTINUOUS
10
6.5118110236220472
20
-4.8518700787401574
11
6.5110992519685036
21
-4.8554483070866139
0
LINE
8
BLACK
6
CONTINUOUS
10
6.5110992519685036
20
-4.8554483070866139
11
6.5090723622047246
21
-4.8584818110236219
0
LINE
8
BLACK
6
CONTINUOUS
10
6.5090723622047246
20
-4.8584818110236219
11
6.5060388582677167
21
-4.8605087007874017
0
LINE
8
BLACK
6
CONTINUOUS
10
6.5060388582677167
20
-4.8605087007874017
11
6.5024606299212593
21
-4.8612204724409445
0
LINE
8
BLACK
6
CONTINUOUS
10
6.5024606299212593
20
-4.8612204724409445
11
6.4788385826771648
21
-4.8612204724409445
0
LINE
8
BLACK
6
CONTINUOUS
10
6.4788385826771648
20
-4.8612204724409445
11
6.4752603543307083
21
-4.8605087007874017
0
LINE
8
BLACK
6
CONTINUOUS
10
6.4752603543307083
20
-4.8605087007874017
11
6.4722268503937004
21
-4.8584818110236219
0
LINE
8
BLACK
6
CONTINUOUS
10
6.4722268503937004
20
-4.8584818110236219
11
6.4701999606299214
21
-4.8554483070866139
0
LINE
8
BLACK
6
CONTINUOUS
10
6.4701999606299214
20
-4.8554483070866139
11
6.4694881889763778
21
-4.8518700787401574
0
LINE
8
BLACK
6
CONTINUOUS
10
6.4694881889763778
20
-4.8518700787401574
11
6.4694881889763778
21
-4.8331692913385824
0
LINE
8
BLACK
6
CONTINUOUS
10
6.4694881889763778
20
-4.8331692913385824
11
6.4701999606299214
21
-4.8295910629921259
0
LINE
8
BLACK
6
CONTINUOUS
10
6.4701999606299214
20
-4.8295910629921259
11
6.4722268503937004
21
-4.826557559055118
0
LINE
8
BLACK
6
CONTINUOUS
10
6.4722268503937004
20
-4.826557559055118
11
6.4752603543307083
21
-4.8245306692913381
0
LINE
8
BLACK
6
CONTINUOUS
10
6.4752603543307083
20
-4.8245306692913381
11
6.4788385826771648
21
-4.8238188976377954
0
LINE
8
BLACK
6
CONTINUOUS
10
6.4788385826771648
20
-4.8238188976377954
11
6.5024606299212593
21
-4.8238188976377954
0
LINE
8
BLACK
6
CONTINUOUS
10
6.5024606299212593
20
-4.8238188976377954
11
6.5060388582677167
21
-4.8245306692913381
0
LINE
8
BLACK
6
CONTINUOUS
10
5.2045539763779525
20
-4.7979933070866139
11
5.2077471259842518
21
-4.8001268897637797
0
LINE
8
BLACK
6
CONTINUOUS
10
5.2077471259842518
20
-4.8001268897637797
11
5.2098807086614176
21
-4.803320039370079
0
LINE
8
BLACK
6
CONTINUOUS
10
5.2098807086614176
20
-4.803320039370079
11
5.2106299212598426
21
-4.8070866141732278
0
LINE
8
BLACK
6
CONTINUOUS
10
5.2106299212598426
20
-4.8070866141732278
11
5.2106299212598426
21
-4.8464566929133861
0
LINE
8
BLACK
6
CONTINUOUS
10
5.2106299212598426
20
-4.8464566929133861
11
5.2098807086614176
21
-4.8502232677165349
0
LINE
8
BLACK
6
CONTINUOUS
10
5.2098807086614176
20
-4.8502232677165349
11
5.2077471259842518
21
-4.8534164173228342
0
LINE
8
BLACK
6
CONTINUOUS
10
5.2077471259842518
20
-4.8534164173228342
11
5.2045539763779525
21
-4.85555
0
LINE
8
BLACK
6
CONTINUOUS
10
5.2045539763779525
20
-4.85555
11
5.2007874015748028
21
-4.856299212598425
0
LINE
8
BLACK
6
CONTINUOUS
10
5.2007874015748028
20
-4.856299212598425
11
5.1141732283464565
21
-4.856299212598425
0
LINE
8
BLACK
6
CONTINUOUS
10
5.1141732283464565
20
-4.856299212598425
11
5.1104066535433068
21
-4.85555
0
LINE
8
BLACK
6
CONTINUOUS
10
5.1104066535433068
20
-4.85555
11
5.1072135039370075
21
-4.8534164173228342
0
LINE
8
BLACK
6
CONTINUOUS
10
5.1072135039370075
20
-4.8534164173228342
11
5.1050799212598426
21
-4.8502232677165349
0
LINE
8
BLACK
6
CONTINUOUS
10
5.1050799212598426
20
-4.8502232677165349
11
5.1043307086614176
21
-4.8464566929133861
0
LINE
8
BLACK
6
CONTINUOUS
10
5.1043307086614176
20
-4.8464566929133861
11
5.1043307086614176
21
-4.8070866141732278
0
LINE
8
BLACK
6
CONTINUOUS
10
5.1043307086614176
20
-4.8070866141732278
11
5.1050799212598426
21
-4.803320039370079
0
LINE
8
BLACK
6
CONTINUOUS
10
5.1050799212598426
20
-4.803320039370079
11
5.1072135039370075
21
-4.8001268897637797
0
LINE
8
BLACK
6
CONTINUOUS
10
5.1072135039370075
20
-4.8001268897637797
11
5.1104066535433068
21
-4.7979933070866139
0
LINE
8
BLACK
6
CONTINUOUS
10
5.1104066535433068
20
-4.7979933070866139
11
5.1141732283464565
21
-4.7972440944881889
0
LINE
8
BLACK
6
CONTINUOUS
10
5.1141732283464565
20
-4.7972440944881889
11
5.2007874015748028
21
-4.7972440944881889
0
LINE
8
BLACK
6
CONTINUOUS
10
5.2007874015748028
20
-4.7972440944881889
11
5.2045539763779525
21
-4.7979933070866139
0
LINE
8
BLACK
6
CONTINUOUS
10
5.5255905511811019
20
-4.8531496062992128
11
5.4586614173228343
21
-4.8531496062992128
0
LINE
8
BLACK
6
CONTINUOUS
10
5.4586614173228343
20
-4.8531496062992128
11
5.4586614173228343
21
-4.7862204724409452
0
LINE
8
BLACK
6
CONTINUOUS
10
5.4586614173228343
20
-4.7862204724409452
11
5.5255905511811019
21
-4.7862204724409452
0
LINE
8
BLACK
6
CONTINUOUS
10
5.5255905511811019
20
-4.7862204724409452
11
5.5255905511811019
21
-4.8531496062992128
0
LINE
8
BLACK
6
CONTINUOUS
10
5.4018402362204725
20
-4.7876614566929137
11
5.407901062992126
21
-4.7901719291338578
0
LINE
8
BLACK
6
CONTINUOUS
10
5.407901062992126
20
-4.7901719291338578
11
5.413355669291338
21
-4.7938165748031496
0
LINE
8
BLACK
6
CONTINUOUS
10
5.413355669291338
20
-4.7938165748031496
11
5.4179944488188978
21
-4.7984553543307085
0
LINE
8
BLACK
6
CONTINUOUS
10
5.4179944488188978
20
-4.7984553543307085
11
5.4216390944881887
21
-4.8039099606299214
0
LINE
8
BLACK
6
CONTINUOUS
10
5.4216390944881887
20
-4.8039099606299214
11
5.4241495669291337
21
-4.8099707874015749
0
LINE
8
BLACK
6
CONTINUOUS
10
5.4241495669291337
20
-4.8099707874015749
11
5.4254294094488191
21
-4.8164049212598421
0
LINE
8
BLACK
6
CONTINUOUS
10
5.4254294094488191
20
-4.8164049212598421
11
5.4254294094488191
21
-4.822965157480315
0
LINE
8
BLACK
6
CONTINUOUS
10
5.4254294094488191
20
-4.822965157480315
11
5.4241495669291337
21
-4.8293992913385821
0
LINE
8
BLACK
6
CONTINUOUS
10
5.4241495669291337
20
-4.8293992913385821
11
5.4216390944881887
21
-4.8354601181102357
0
LINE
8
BLACK
6
CONTINUOUS
10
5.4216390944881887
20
-4.8354601181102357
11
5.4179944488188978
21
-4.8409147244094486
0
LINE
8
BLACK
6
CONTINUOUS
10
5.4179944488188978
20
-4.8409147244094486
11
5.413355669291338
21
-4.8455535039370075
0
LINE
8
BLACK
6
CONTINUOUS
10
5.413355669291338
20
-4.8455535039370075
11
5.407901062992126
21
-4.8491981496062992
0
LINE
8
BLACK
6
CONTINUOUS
10
5.407901062992126
20
-4.8491981496062992
11
5.4018402362204725
21
-4.8517086220472443
0
LINE
8
BLACK
6
CONTINUOUS
10
5.4018402362204725
20
-4.8517086220472443
11
5.3954061023622044
21
-4.8529884645669288
0
LINE
8
BLACK
6
CONTINUOUS
10
5.3954061023622044
20
-4.8529884645669288
11
5.3888458661417324
21
-4.8529884645669288
0
LINE
8
BLACK
6
CONTINUOUS
10
5.3888458661417324
20
-4.8529884645669288
11
5.3824117322834644
21
-4.8517086220472443
0
LINE
8
BLACK
6
CONTINUOUS
10
5.3824117322834644
20
-4.8517086220472443
11
5.3763509055118108
21
-4.8491981496062992
0
LINE
8
BLACK
6
CONTINUOUS
10
5.3763509055118108
20
-4.8491981496062992
11
5.3708962992125979
21
-4.8455535039370075
0
LINE
8
BLACK
6
CONTINUOUS
10
5.3708962992125979
20
-4.8455535039370075
11
5.3662575196850391
21
-4.8409147244094486
0
LINE
8
BLACK
6
CONTINUOUS
10
5.3662575196850391
20
-4.8409147244094486
11
5.3626128740157482
21
-4.8354601181102357
0
LINE
8
BLACK
6
CONTINUOUS
10
5.3626128740157482
20
-4.8354601181102357
11
5.3601024015748031
21
-4.8293992913385821
0
LINE
8
BLACK
6
CONTINUOUS
10
5.3601024015748031
20
-4.8293992913385821
11
5.3588225590551177
21
-4.822965157480315
0
LINE
8
BLACK
6
CONTINUOUS
10
5.3588225590551177
20
-4.822965157480315
11
5.3588225590551177
21
-4.8164049212598421
0
LINE
8
BLACK
6
CONTINUOUS
10
5.3588225590551177
20
-4.8164049212598421
11
5.3601024015748031
21
-4.8099707874015749
0
LINE
8
BLACK
6
CONTINUOUS
10
5.3601024015748031
20
-4.8099707874015749
11
5.3626128740157482
21
-4.8039099606299214
0
LINE
8
BLACK
6
CONTINUOUS
10
5.3626128740157482
20
-4.8039099606299214
11
5.3662575196850391
21
-4.7984553543307085
0
LINE
8
BLACK
6
CONTINUOUS
10
5.3662575196850391
20
-4.7984553543307085
11
5.3708962992125979
21
-4.7938165748031496
0
LINE
8
BLACK
6
CONTINUOUS
10
5.3708962992125979
20
-4.7938165748031496
11
5.3763509055118108
21
-4.7901719291338578
0
LINE
8
BLACK
6
CONTINUOUS
10
5.3763509055118108
20
-4.7901719291338578
11
5.3824117322834644
21
-4.7876614566929137
0
LINE
8
BLACK
6
CONTINUOUS
10
5.3824117322834644
20
-4.7876614566929137
11
5.3888458661417324
21
-4.7863816141732283
0
LINE
8
BLACK
6
CONTINUOUS
10
5.3888458661417324
20
-4.7863816141732283
11
5.3954061023622044
21
-4.7863816141732283
0
LINE
8
BLACK
6
CONTINUOUS
10
5.3954061023622044
20
-4.7863816141732283
11
5.4018402362204725
21
-4.7876614566929137
0
LINE
8
BLACK
6
CONTINUOUS
10
4.3908813779527556
20
-4.6276802755905511
11
4.3939148818897635
21
-4.6297071653543309
0
LINE
8
BLACK
6
CONTINUOUS
10
4.3939148818897635
20
-4.6297071653543309
11
4.3959417716535434
21
-4.6327406692913389
0
LINE
8
BLACK
6
CONTINUOUS
10
4.3959417716535434
20
-4.6327406692913389
11
4.3966535433070861
21
-4.6363188976377954
0
LINE
8
BLACK
6
CONTINUOUS
10
4.3966535433070861
20
-4.6363188976377954
11
4.3966535433070861
21
-4.6550196850393704
0
LINE
8
BLACK
6
CONTINUOUS
10
4.3966535433070861
20
-4.6550196850393704
11
4.3959417716535434
21
-4.6585979133858268
0
LINE
8
BLACK
6
CONTINUOUS
10
4.3959417716535434
20
-4.6585979133858268
11
4.3939148818897635
21
-4.6616314173228348
0
LINE
8
BLACK
6
CONTINUOUS
10
4.3939148818897635
20
-4.6616314173228348
11
4.3908813779527556
21
-4.6636583070866138
0
LINE
8
BLACK
6
CONTINUOUS
10
4.3908813779527556
20
-4.6636583070866138
11
4.3873031496062991
21
-4.6643700787401574
0
LINE
8
BLACK
6
CONTINUOUS
10
4.3873031496062991
20
-4.6643700787401574
11
4.3636811023622046
21
-4.6643700787401574
0
LINE
8
BLACK
6
CONTINUOUS
10
4.3636811023622046
20
-4.6643700787401574
11
4.3601028740157481
21
-4.6636583070866138
0
LINE
8
BLACK
6
CONTINUOUS
10
4.3601028740157481
20
-4.6636583070866138
11
4.3570693700787402
21
-4.6616314173228348
0
LINE
8
BLACK
6
CONTINUOUS
10
4.3570693700787402
20
-4.6616314173228348
11
4.3550424803149603
21
-4.6585979133858268
0
LINE
8
BLACK
6
CONTINUOUS
10
4.3550424803149603
20
-4.6585979133858268
11
4.3543307086614176
21
-4.6550196850393704
0
LINE
8
BLACK
6
CONTINUOUS
10
4.3543307086614176
20
-4.6550196850393704
11
4.3543307086614176
21
-4.6363188976377954
0
LINE
8
BLACK
6
CONTINUOUS
10
4.3543307086614176
20
-4.6363188976377954
11
4.3550424803149603
21
-4.6327406692913389
0
LINE
8
BLACK
6
CONTINUOUS
10
4.3550424803149603
20
-4.6327406692913389
11
4.3570693700787402
21
-4.6297071653543309
0
LINE
8
BLACK
6
CONTINUOUS
10
4.3570693700787402
20
-4.6297071653543309
11
4.3601028740157481
21
-4.6276802755905511
0
LINE
8
BLACK
6
CONTINUOUS
10
4.3601028740157481
20
-4.6276802755905511
11
4.3636811023622046
21
-4.6269685039370074
0
LINE
8
BLACK
6
CONTINUOUS
10
4.3636811023622046
20
-4.6269685039370074
11
4.3873031496062991
21
-4.6269685039370074
0
LINE
8
BLACK
6
CONTINUOUS
10
4.3873031496062991
20
-4.6269685039370074
11
4.3908813779527556
21
-4.6276802755905511
0
LINE
8
BLACK
6
CONTINUOUS
10
4.4587947637795278
20
-4.6276802755905511
11
4.4618282677165357
21
-4.6297071653543309
0
LINE
8
BLACK
6
CONTINUOUS
10
4.4618282677165357
20
-4.6297071653543309
11
4.4638551574803147
21
-4.6327406692913389
0
LINE
8
BLACK
6
CONTINUOUS
10
4.4638551574803147
20
-4.6327406692913389
11
4.4645669291338583
21
-4.6363188976377954
0
LINE
8
BLACK
6
CONTINUOUS
10
4.4645669291338583
20
-4.6363188976377954
11
4.4645669291338583
21
-4.6550196850393704
0
LINE
8
BLACK
6
CONTINUOUS
10
4.4645669291338583
20
-4.6550196850393704
11
4.4638551574803147
21
-4.6585979133858268
0
LINE
8
BLACK
6
CONTINUOUS
10
4.4638551574803147
20
-4.6585979133858268
11
4.4618282677165357
21
-4.6616314173228348
0
LINE
8
BLACK
6
CONTINUOUS
10
4.4618282677165357
20
-4.6616314173228348
11
4.4587947637795278
21
-4.6636583070866138
0
LINE
8
BLACK
6
CONTINUOUS
10
4.4587947637795278
20
-4.6636583070866138
11
4.4552165354330704
21
-4.6643700787401574
0
LINE
8
BLACK
6
CONTINUOUS
10
4.4552165354330704
20
-4.6643700787401574
11
4.4315944881889759
21
-4.6643700787401574
0
LINE
8
BLACK
6
CONTINUOUS
10
4.4315944881889759
20
-4.6643700787401574
11
4.4280162598425195
21
-4.6636583070866138
0
LINE
8
BLACK
6
CONTINUOUS
10
4.4280162598425195
20
-4.6636583070866138
11
4.4249827559055115
21
-4.6616314173228348
0
LINE
8
BLACK
6
CONTINUOUS
10
4.4249827559055115
20
-4.6616314173228348
11
4.4229558661417325
21
-4.6585979133858268
0
LINE
8
BLACK
6
CONTINUOUS
10
4.4229558661417325
20
-4.6585979133858268
11
4.4222440944881889
21
-4.6550196850393704
0
LINE
8
BLACK
6
CONTINUOUS
10
4.4222440944881889
20
-4.6550196850393704
11
4.4222440944881889
21
-4.6363188976377954
0
LINE
8
BLACK
6
CONTINUOUS
10
4.4222440944881889
20
-4.6363188976377954
11
4.4229558661417325
21
-4.6327406692913389
0
LINE
8
BLACK
6
CONTINUOUS
10
4.4229558661417325
20
-4.6327406692913389
11
4.4249827559055115
21
-4.6297071653543309
0
LINE
8
BLACK
6
CONTINUOUS
10
4.4249827559055115
20
-4.6297071653543309
11
4.4280162598425195
21
-4.6276802755905511
0
LINE
8
BLACK
6
CONTINUOUS
10
4.4280162598425195
20
-4.6276802755905511
11
4.4315944881889759
21
-4.6269685039370074
0
LINE
8
BLACK
6
CONTINUOUS
10
4.4315944881889759
20
-4.6269685039370074
11
4.4552165354330704
21
-4.6269685039370074
0
LINE
8
BLACK
6
CONTINUOUS
10
4.4552165354330704
20
-4.6269685039370074
11
4.4587947637795278
21
-4.6276802755905511
0
LINE
8
BLACK
6
CONTINUOUS
10
4.2755905511811019
20
-4.5767716535433074
11
4.1968503937007871
21
-4.5767716535433074
0
LINE
8
BLACK
6
CONTINUOUS
10
4.1968503937007871
20
-4.5767716535433074
11
4.1968503937007871
21
-4.5334645669291334
0
LINE
8
BLACK
6
CONTINUOUS
10
4.1968503937007871
20
-4.5334645669291334
11
4.2755905511811019
21
-4.5334645669291334
0
LINE
8
BLACK
6
CONTINUOUS
10
4.2755905511811019
20
-4.5334645669291334
11
4.2755905511811019
21
-4.5767716535433074
0
LINE
8
BLACK
6
CONTINUOUS
10
4.4645669291338583
20
-4.5767716535433074
11
4.3858267716535435
21
-4.5767716535433074
0
LINE
8
BLACK
6
CONTINUOUS
10
4.3858267716535435
20
-4.5767716535433074
11
4.3858267716535435
21
-4.5334645669291334
0
LINE
8
BLACK
6
CONTINUOUS
10
4.3858267716535435
20
-4.5334645669291334
11
4.4645669291338583
21
-4.5334645669291334
0
LINE
8
BLACK
6
CONTINUOUS
10
4.4645669291338583
20
-4.5334645669291334
11
4.4645669291338583
21
-4.5767716535433074
0
LINE
8
BLACK
6
CONTINUOUS
10
6.4803149606299213
20
-4.5767716535433074
11
6.4015748031496065
21
-4.5767716535433074
0
LINE
8
BLACK
6
CONTINUOUS
10
6.4015748031496065
20
-4.5767716535433074
11
6.4015748031496065
21
-4.5334645669291334
0
LINE
8
BLACK
6
CONTINUOUS
10
6.4015748031496065
20
-4.5334645669291334
11
6.4803149606299213
21
-4.5334645669291334
0
LINE
8
BLACK
6
CONTINUOUS
10
6.4803149606299213
20
-4.5334645669291334
11
6.4803149606299213
21
-4.5767716535433074
0
LINE
8
BLACK
6
CONTINUOUS
10
6.6692913385826769
20
-4.5767716535433074
11
6.590551181102362
21
-4.5767716535433074
0
LINE
8
BLACK
6
CONTINUOUS
10
6.590551181102362
20
-4.5767716535433074
11
6.590551181102362
21
-4.5334645669291334
0
LINE
8
BLACK
6
CONTINUOUS
10
6.590551181102362
20
-4.5334645669291334
11
6.6692913385826769
21
-4.5334645669291334
0
LINE
8
BLACK
6
CONTINUOUS
10
6.6692913385826769
20
-4.5334645669291334
11
6.6692913385826769
21
-4.5767716535433074
0
LINE
8
BLACK
6
CONTINUOUS
10
4.2755905511811019
20
-4.5098425196850389
11
4.1968503937007871
21
-4.5098425196850389
0
LINE
8
BLACK
6
CONTINUOUS
10
4.1968503937007871
20
-4.5098425196850389
11
4.1968503937007871
21
-4.4665354330708658
0
LINE
8
BLACK
6
CONTINUOUS
10
4.1968503937007871
20
-4.4665354330708658
11
4.2755905511811019
21
-4.4665354330708658
0
LINE
8
BLACK
6
CONTINUOUS
10
4.2755905511811019
20
-4.4665354330708658
11
4.2755905511811019
21
-4.5098425196850389
0
LINE
8
BLACK
6
CONTINUOUS
10
4.4645669291338583
20
-4.5098425196850389
11
4.3858267716535435
21
-4.5098425196850389
0
LINE
8
BLACK
6
CONTINUOUS
10
4.3858267716535435
20
-4.5098425196850389
11
4.3858267716535435
21
-4.4665354330708658
0
LINE
8
BLACK
6
CONTINUOUS
10
4.3858267716535435
20
-4.4665354330708658
11
4.4645669291338583
21
-4.4665354330708658
0
LINE
8
BLACK
6
CONTINUOUS
10
4.4645669291338583
20
-4.4665354330708658
11
4.4645669291338583
21
-4.5098425196850389
0
LINE
8
BLACK
6
CONTINUOUS
10
6.4803149606299213
20
-4.5098425196850389
11
6.4015748031496065
21
-4.5098425196850389
0
LINE
8
BLACK
6
CONTINUOUS
10
6.4015748031496065
20
-4.5098425196850389
11
6.4015748031496065
21
-4.4665354330708658
0
LINE
8
BLACK
6
CONTINUOUS
10
6.4015748031496065
20
-4.4665354330708658
11
6.4803149606299213
21
-4.4665354330708658
0
LINE
8
BLACK
6
CONTINUOUS
10
6.4803149606299213
20
-4.4665354330708658
11
6.4803149606299213
21
-4.5098425196850389
0
LINE
8
BLACK
6
CONTINUOUS
10
6.6692913385826769
20
-4.5098425196850389
11
6.590551181102362
21
-4.5098425196850389
0
LINE
8
BLACK
6
CONTINUOUS
10
6.590551181102362
20
-4.5098425196850389
11
6.590551181102362
21
-4.4665354330708658
0
LINE
8
BLACK
6
CONTINUOUS
10
6.590551181102362
20
-4.4665354330708658
11
6.6692913385826769
21
-4.4665354330708658
0
LINE
8
BLACK
6
CONTINUOUS
10
6.6692913385826769
20
-4.4665354330708658
11
6.6692913385826769
21
-4.5098425196850389
0
LINE
8
BLACK
6
CONTINUOUS
10
6.0088582677165352
20
-4.46259842519685
11
5.9419291338582676
21
-4.46259842519685
0
LINE
8
BLACK
6
CONTINUOUS
10
5.9419291338582676
20
-4.46259842519685
11
5.9419291338582676
21
-4.3956692913385824
0
LINE
8
BLACK
6
CONTINUOUS
10
5.9419291338582676
20
-4.3956692913385824
11
6.0088582677165352
21
-4.3956692913385824
0
LINE
8
BLACK
6
CONTINUOUS
10
6.0088582677165352
20
-4.3956692913385824
11
6.0088582677165352
21
-4.46259842519685
0
LINE
8
BLACK
6
CONTINUOUS
10
5.8851079527559058
20
-4.3971102755905509
11
5.8911687795275594
21
-4.3996207480314959
0
LINE
8
BLACK
6
CONTINUOUS
10
5.8911687795275594
20
-4.3996207480314959
11
5.8966233858267714
21
-4.4032653937007877
0
LINE
8
BLACK
6
CONTINUOUS
10
5.8966233858267714
20
-4.4032653937007877
11
5.9012621653543302
21
-4.4079041732283466
0
LINE
8
BLACK
6
CONTINUOUS
10
5.9012621653543302
20
-4.4079041732283466
11
5.904906811023622
21
-4.4133587795275586
0
LINE
8
BLACK
6
CONTINUOUS
10
5.904906811023622
20
-4.4133587795275586
11
5.9074172834645671
21
-4.4194196062992122
0
LINE
8
BLACK
6
CONTINUOUS
10
5.9074172834645671
20
-4.4194196062992122
11
5.9086971259842516
21
-4.4258537401574802
0
LINE
8
BLACK
6
CONTINUOUS
10
5.9086971259842516
20
-4.4258537401574802
11
5.9086971259842516
21
-4.4324139763779531
0
LINE
8
BLACK
6
CONTINUOUS
10
5.9086971259842516
20
-4.4324139763779531
11
5.9074172834645671
21
-4.4388481102362203
0
LINE
8
BLACK
6
CONTINUOUS
10
5.9074172834645671
20
-4.4388481102362203
11
5.904906811023622
21
-4.4449089370078738
0
LINE
8
BLACK
6
CONTINUOUS
10
5.904906811023622
20
-4.4449089370078738
11
5.9012621653543302
21
-4.4503635433070867
0
LINE
8
BLACK
6
CONTINUOUS
10
5.9012621653543302
20
-4.4503635433070867
11
5.8966233858267714
21
-4.4550023228346456
0
LINE
8
BLACK
6
CONTINUOUS
10
5.8966233858267714
20
-4.4550023228346456
11
5.8911687795275594
21
-4.4586469685039365
0
LINE
8
BLACK
6
CONTINUOUS
10
5.8911687795275594
20
-4.4586469685039365
11
5.8851079527559058
21
-4.4611574409448815
0
LINE
8
BLACK
6
CONTINUOUS
10
5.8851079527559058
20
-4.4611574409448815
11
5.8786738188976377
21
-4.4624372834645669
0
LINE
8
BLACK
6
CONTINUOUS
10
5.8786738188976377
20
-4.4624372834645669
11
5.8721135826771649
21
-4.4624372834645669
0
LINE
8
BLACK
6
CONTINUOUS
10
5.8721135826771649
20
-4.4624372834645669
11
5.8656794488188977
21
-4.4611574409448815
0
LINE
8
BLACK
6
CONTINUOUS
10
5.8656794488188977
20
-4.4611574409448815
11
5.8596186220472442
21
-4.4586469685039365
0
LINE
8
BLACK
6
CONTINUOUS
10
5.8596186220472442
20
-4.4586469685039365
11
5.8541640157480312
21
-4.4550023228346456
0
LINE
8
BLACK
6
CONTINUOUS
10
5.8541640157480312
20
-4.4550023228346456
11
5.8495252362204724
21
-4.4503635433070867
0
LINE
8
BLACK
6
CONTINUOUS
10
5.8495252362204724
20
-4.4503635433070867
11
5.8458805905511806
21
-4.4449089370078738
0
LINE
8
BLACK
6
CONTINUOUS
10
5.8458805905511806
20
-4.4449089370078738
11
5.8433701181102364
21
-4.4388481102362203
0
LINE
8
BLACK
6
CONTINUOUS
10
5.8433701181102364
20
-4.4388481102362203
11
5.8420902755905511
21
-4.4324139763779531
0
LINE
8
BLACK
6
CONTINUOUS
10
5.8420902755905511
20
-4.4324139763779531
11
5.8420902755905511
21
-4.4258537401574802
0
LINE
8
BLACK
6
CONTINUOUS
10
5.8420902755905511
20
-4.4258537401574802
11
5.8433701181102364
21
-4.4194196062992122
0
LINE
8
BLACK
6
CONTINUOUS
10
5.8433701181102364
20
-4.4194196062992122
11
5.8458805905511806
21
-4.4133587795275586
0
LINE
8
BLACK
6
CONTINUOUS
10
5.8458805905511806
20
-4.4133587795275586
11
5.8495252362204724
21
-4.4079041732283466
0
LINE
8
BLACK
6
CONTINUOUS
10
5.8495252362204724
20
-4.4079041732283466
11
5.8541640157480312
21
-4.4032653937007877
0
LINE
8
BLACK
6
CONTINUOUS
10
5.8541640157480312
20
-4.4032653937007877
11
5.8596186220472442
21
-4.3996207480314959
0
LINE
8
BLACK
6
CONTINUOUS
10
5.8596186220472442
20
-4.3996207480314959
11
5.8656794488188977
21
-4.3971102755905509
0
LINE
8
BLACK
6
CONTINUOUS
10
5.8656794488188977
20
-4.3971102755905509
11
5.8721135826771649
21
-4.3958304330708664
0
LINE
8
BLACK
6
CONTINUOUS
10
5.8721135826771649
20
-4.3958304330708664
11
5.8786738188976377
21
-4.3958304330708664
0
LINE
8
BLACK
6
CONTINUOUS
10
5.8786738188976377
20
-4.3958304330708664
11
5.8851079527559058
21
-4.3971102755905509
0
LINE
8
BLACK
6
CONTINUOUS
10
5.0214831102362201
20
-4.3727964566929129
11
5.0246762598425194
21
-4.3749300393700787
0
LINE
8
BLACK
6
CONTINUOUS
10
5.0246762598425194
20
-4.3749300393700787
11
5.0268098425196852
21
-4.3781231889763781
0
LINE
8
BLACK
6
CONTINUOUS
10
5.0268098425196852
20
-4.3781231889763781
11
5.0275590551181102
21
-4.3818897637795278
0
LINE
8
BLACK
6
CONTINUOUS
10
5.0275590551181102
20
-4.3818897637795278
11
5.0275590551181102
21
-4.4370078740157481
0
LINE
8
BLACK
6
CONTINUOUS
10
5.0275590551181102
20
-4.4370078740157481
11
5.0268098425196852
21
-4.4407744488188978
0
LINE
8
BLACK
6
CONTINUOUS
10
5.0268098425196852
20
-4.4407744488188978
11
5.0246762598425194
21
-4.4439675984251972
0
LINE
8
BLACK
6
CONTINUOUS
10
5.0246762598425194
20
-4.4439675984251972
11
5.0214831102362201
21
-4.4461011811023621
0
LINE
8
BLACK
6
CONTINUOUS
10
5.0214831102362201
20
-4.4461011811023621
11
5.0177165354330704
21
-4.4468503937007871
0
LINE
8
BLACK
6
CONTINUOUS
10
5.0177165354330704
20
-4.4468503937007871
11
4.8641732283464565
21
-4.4468503937007871
0
LINE
8
BLACK
6
CONTINUOUS
10
4.8641732283464565
20
-4.4468503937007871
11
4.8604066535433068
21
-4.4461011811023621
0
LINE
8
BLACK
6
CONTINUOUS
10
4.8604066535433068
20
-4.4461011811023621
11
4.8572135039370075
21
-4.4439675984251972
0
LINE
8
BLACK
6
CONTINUOUS
10
4.8572135039370075
20
-4.4439675984251972
11
4.8550799212598426
21
-4.4407744488188978
0
LINE
8
BLACK
6
CONTINUOUS
10
4.8550799212598426
20
-4.4407744488188978
11
4.8543307086614176
21
-4.4370078740157481
0
LINE
8
BLACK
6
CONTINUOUS
10
4.8543307086614176
20
-4.4370078740157481
11
4.8543307086614176
21
-4.3818897637795278
0
LINE
8
BLACK
6
CONTINUOUS
10
4.8543307086614176
20
-4.3818897637795278
11
4.8550799212598426
21
-4.3781231889763781
0
LINE
8
BLACK
6
CONTINUOUS
10
4.8550799212598426
20
-4.3781231889763781
11
4.8572135039370075
21
-4.3749300393700787
0
LINE
8
BLACK
6
CONTINUOUS
10
4.8572135039370075
20
-4.3749300393700787
11
4.8604066535433068
21
-4.3727964566929129
0
LINE
8
BLACK
6
CONTINUOUS
10
4.8604066535433068
20
-4.3727964566929129
11
4.8641732283464565
21
-4.372047244094488
0
LINE
8
BLACK
6
CONTINUOUS
10
4.8641732283464565
20
-4.372047244094488
11
5.0177165354330704
21
-4.372047244094488
0
LINE
8
BLACK
6
CONTINUOUS
10
5.0177165354330704
20
-4.372047244094488
11
5.0214831102362201
21
-4.3727964566929129
0
LINE
8
BLACK
6
CONTINUOUS
10
5.3640027952755904
20
-4.3727964566929129
11
5.3671959448818898
21
-4.3749300393700787
0
LINE
8
BLACK
6
CONTINUOUS
10
5.3671959448818898
20
-4.3749300393700787
11
5.3693295275590547
21
-4.3781231889763781
0
LINE
8
BLACK
6
CONTINUOUS
10
5.3693295275590547
20
-4.3781231889763781
11
5.3700787401574805
21
-4.3818897637795278
0
LINE
8
BLACK
6
CONTINUOUS
10
5.3700787401574805
20
-4.3818897637795278
11
5.3700787401574805
21
-4.4370078740157481
0
LINE
8
BLACK
6
CONTINUOUS
10
5.3700787401574805
20
-4.4370078740157481
11
5.3693295275590547
21
-4.4407744488188978
0
LINE
8
BLACK
6
CONTINUOUS
10
5.3693295275590547
20
-4.4407744488188978
11
5.3671959448818898
21
-4.4439675984251972
0
LINE
8
BLACK
6
CONTINUOUS
10
5.3671959448818898
20
-4.4439675984251972
11
5.3640027952755904
21
-4.4461011811023621
0
LINE
8
BLACK
6
CONTINUOUS
10
5.3640027952755904
20
-4.4461011811023621
11
5.3602362204724407
21
-4.4468503937007871
0
LINE
8
BLACK
6
CONTINUOUS
10
5.3602362204724407
20
-4.4468503937007871
11
5.2066929133858268
21
-4.4468503937007871
0
LINE
8
BLACK
6
CONTINUOUS
10
5.2066929133858268
20
-4.4468503937007871
11
5.2029263385826772
21
-4.4461011811023621
0
LINE
8
BLACK
6
CONTINUOUS
10
5.2029263385826772
20
-4.4461011811023621
11
5.1997331889763778
21
-4.4439675984251972
0
LINE
8
BLACK
6
CONTINUOUS
10
5.1997331889763778
20
-4.4439675984251972
11
5.1975996062992129
21
-4.4407744488188978
0
LINE
8
BLACK
6
CONTINUOUS
10
5.1975996062992129
20
-4.4407744488188978
11
5.1968503937007871
21
-4.4370078740157481
0
LINE
8
BLACK
6
CONTINUOUS
10
5.1968503937007871
20
-4.4370078740157481
11
5.1968503937007871
21
-4.3818897637795278
0
LINE
8
BLACK
6
CONTINUOUS
10
5.1968503937007871
20
-4.3818897637795278
11
5.1975996062992129
21
-4.3781231889763781
0
LINE
8
BLACK
6
CONTINUOUS
10
5.1975996062992129
20
-4.3781231889763781
11
5.1997331889763778
21
-4.3749300393700787
0
LINE
8
BLACK
6
CONTINUOUS
10
5.1997331889763778
20
-4.3749300393700787
11
5.2029263385826772
21
-4.3727964566929129
0
LINE
8
BLACK
6
CONTINUOUS
10
5.2029263385826772
20
-4.3727964566929129
11
5.2066929133858268
21
-4.372047244094488
0
LINE
8
BLACK
6
CONTINUOUS
10
5.2066929133858268
20
-4.372047244094488
11
5.3602362204724407
21
-4.372047244094488
0
LINE
8
BLACK
6
CONTINUOUS
10
5.3602362204724407
20
-4.372047244094488
11
5.3640027952755904
21
-4.3727964566929129
0
LINE
8
BLACK
6
CONTINUOUS
10
4.2755905511811019
20
-4.4429133858267713
11
4.1968503937007871
21
-4.4429133858267713
0
LINE
8
BLACK
6
CONTINUOUS
10
4.1968503937007871
20
-4.4429133858267713
11
4.1968503937007871
21
-4.3996062992125982
0
LINE
8
BLACK
6
CONTINUOUS
10
4.1968503937007871
20
-4.3996062992125982
11
4.2755905511811019
21
-4.3996062992125982
0
LINE
8
BLACK
6
CONTINUOUS
10
4.2755905511811019
20
-4.3996062992125982
11
4.2755905511811019
21
-4.4429133858267713
0
LINE
8
BLACK
6
CONTINUOUS
10
4.4645669291338583
20
-4.4429133858267713
11
4.3858267716535435
21
-4.4429133858267713
0
LINE
8
BLACK
6
CONTINUOUS
10
4.3858267716535435
20
-4.4429133858267713
11
4.3858267716535435
21
-4.3996062992125982
0
LINE
8
BLACK
6
CONTINUOUS
10
4.3858267716535435
20
-4.3996062992125982
11
4.4645669291338583
21
-4.3996062992125982
0
LINE
8
BLACK
6
CONTINUOUS
10
4.4645669291338583
20
-4.3996062992125982
11
4.4645669291338583
21
-4.4429133858267713
0
LINE
8
BLACK
6
CONTINUOUS
10
6.4803149606299213
20
-4.4429133858267713
11
6.4015748031496065
21
-4.4429133858267713
0
LINE
8
BLACK
6
CONTINUOUS
10
6.4015748031496065
20
-4.4429133858267713
11
6.4015748031496065
21
-4.3996062992125982
0
LINE
8
BLACK
6
CONTINUOUS
10
6.4015748031496065
20
-4.3996062992125982
11
6.4803149606299213
21
-4.3996062992125982
0
LINE
8
BLACK
6
CONTINUOUS
10
6.4803149606299213
20
-4.3996062992125982
11
6.4803149606299213
21
-4.4429133858267713
0
LINE
8
BLACK
6
CONTINUOUS
10
6.6692913385826769
20
-4.4429133858267713
11
6.590551181102362
21
-4.4429133858267713
0
LINE
8
BLACK
6
CONTINUOUS
10
6.590551181102362
20
-4.4429133858267713
11
6.590551181102362
21
-4.3996062992125982
0
LINE
8
BLACK
6
CONTINUOUS
10
6.590551181102362
20
-4.3996062992125982
11
6.6692913385826769
21
-4.3996062992125982
0
LINE
8
BLACK
6
CONTINUOUS
10
6.6692913385826769
20
-4.3996062992125982
11
6.6692913385826769
21
-4.4429133858267713
0
LINE
8
BLACK
6
CONTINUOUS
10
6.4327120866141732
20
-4.3127196456692909
11
6.4357455905511811
21
-4.3147465354330707
0
LINE
8
BLACK
6
CONTINUOUS
10
6.4357455905511811
20
-4.3147465354330707
11
6.4377724803149601
21
-4.3177800393700787
0
LINE
8
BLACK
6
CONTINUOUS
10
6.4377724803149601
20
-4.3177800393700787
11
6.4384842519685037
21
-4.3213582677165352
0
LINE
8
BLACK
6
CONTINUOUS
10
6.4384842519685037
20
-4.3213582677165352
11
6.4384842519685037
21
-4.3400590551181102
0
LINE
8
BLACK
6
CONTINUOUS
10
6.4384842519685037
20
-4.3400590551181102
11
6.4377724803149601
21
-4.3436372834645667
0
LINE
8
BLACK
6
CONTINUOUS
10
6.4377724803149601
20
-4.3436372834645667
11
6.4357455905511811
21
-4.3466707874015746
0
LINE
8
BLACK
6
CONTINUOUS
10
6.4357455905511811
20
-4.3466707874015746
11
6.4327120866141732
21
-4.3486976771653545
0
LINE
8
BLACK
6
CONTINUOUS
10
6.4327120866141732
20
-4.3486976771653545
11
6.4291338582677167
21
-4.3494094488188972
0
LINE
8
BLACK
6
CONTINUOUS
10
6.4291338582677167
20
-4.3494094488188972
11
6.4055118110236222
21
-4.3494094488188972
0
LINE
8
BLACK
6
CONTINUOUS
10
6.4055118110236222
20
-4.3494094488188972
11
6.4019335826771648
21
-4.3486976771653545
0
LINE
8
BLACK
6
CONTINUOUS
10
6.4019335826771648
20
-4.3486976771653545
11
6.3989000787401578
21
-4.3466707874015746
0
LINE
8
BLACK
6
CONTINUOUS
10
6.3989000787401578
20
-4.3466707874015746
11
6.3968731889763779
21
-4.3436372834645667
0
LINE
8
BLACK
6
CONTINUOUS
10
6.3968731889763779
20
-4.3436372834645667
11
6.3961614173228343
21
-4.3400590551181102
0
LINE
8
BLACK
6
CONTINUOUS
10
6.3961614173228343
20
-4.3400590551181102
11
6.3961614173228343
21
-4.3213582677165352
0
LINE
8
BLACK
6
CONTINUOUS
10
6.3961614173228343
20
-4.3213582677165352
11
6.3968731889763779
21
-4.3177800393700787
0
LINE
8
BLACK
6
CONTINUOUS
10
6.3968731889763779
20
-4.3177800393700787
11
6.3989000787401578
21
-4.3147465354330707
0
LINE
8
BLACK
6
CONTINUOUS
10
6.3989000787401578
20
-4.3147465354330707
11
6.4019335826771648
21
-4.3127196456692909
0
LINE
8
BLACK
6
CONTINUOUS
10
6.4019335826771648
20
-4.3127196456692909
11
6.4055118110236222
21
-4.3120078740157481
0
LINE
8
BLACK
6
CONTINUOUS
10
6.4055118110236222
20
-4.3120078740157481
11
6.4291338582677167
21
-4.3120078740157481
0
LINE
8
BLACK
6
CONTINUOUS
10
6.4291338582677167
20
-4.3120078740157481
11
6.4327120866141732
21
-4.3127196456692909
0
LINE
8
BLACK
6
CONTINUOUS
10
6.5006254724409445
20
-4.3127196456692909
11
6.5036589763779524
21
-4.3147465354330707
0
LINE
8
BLACK
6
CONTINUOUS
10
6.5036589763779524
20
-4.3147465354330707
11
6.5056858661417323
21
-4.3177800393700787
0
LINE
8
BLACK
6
CONTINUOUS
10
6.5056858661417323
20
-4.3177800393700787
11
6.506397637795275
21
-4.3213582677165352
0
LINE
8
BLACK
6
CONTINUOUS
10
6.506397637795275
20
-4.3213582677165352
11
6.506397637795275
21
-4.3400590551181102
0
LINE
8
BLACK
6
CONTINUOUS
10
6.506397637795275
20
-4.3400590551181102
11
6.5056858661417323
21
-4.3436372834645667
0
LINE
8
BLACK
6
CONTINUOUS
10
6.5056858661417323
20
-4.3436372834645667
11
6.5036589763779524
21
-4.3466707874015746
0
LINE
8
BLACK
6
CONTINUOUS
10
6.5036589763779524
20
-4.3466707874015746
11
6.5006254724409445
21
-4.3486976771653545
0
LINE
8
BLACK
6
CONTINUOUS
10
6.5006254724409445
20
-4.3486976771653545
11
6.497047244094488
21
-4.3494094488188972
0
LINE
8
BLACK
6
CONTINUOUS
10
6.497047244094488
20
-4.3494094488188972
11
6.4734251968503935
21
-4.3494094488188972
0
LINE
8
BLACK
6
CONTINUOUS
10
6.4734251968503935
20
-4.3494094488188972
11
6.469846968503937
21
-4.3486976771653545
0
LINE
8
BLACK
6
CONTINUOUS
10
6.469846968503937
20
-4.3486976771653545
11
6.4668134645669291
21
-4.3466707874015746
0
LINE
8
BLACK
6
CONTINUOUS
10
6.4668134645669291
20
-4.3466707874015746
11
6.4647865748031492
21
-4.3436372834645667
0
LINE
8
BLACK
6
CONTINUOUS
10
6.4647865748031492
20
-4.3436372834645667
11
6.4640748031496065
21
-4.3400590551181102
0
LINE
8
BLACK
6
CONTINUOUS
10
6.4640748031496065
20
-4.3400590551181102
11
6.4640748031496065
21
-4.3213582677165352
0
LINE
8
BLACK
6
CONTINUOUS
10
6.4640748031496065
20
-4.3213582677165352
11
6.4647865748031492
21
-4.3177800393700787
0
LINE
8
BLACK
6
CONTINUOUS
10
6.4647865748031492
20
-4.3177800393700787
11
6.4668134645669291
21
-4.3147465354330707
0
LINE
8
BLACK
6
CONTINUOUS
10
6.4668134645669291
20
-4.3147465354330707
11
6.469846968503937
21
-4.3127196456692909
0
LINE
8
BLACK
6
CONTINUOUS
10
6.469846968503937
20
-4.3127196456692909
11
6.4734251968503935
21
-4.3120078740157481
0
LINE
8
BLACK
6
CONTINUOUS
10
6.4734251968503935
20
-4.3120078740157481
11
6.497047244094488
21
-4.3120078740157481
0
LINE
8
BLACK
6
CONTINUOUS
10
6.497047244094488
20
-4.3120078740157481
11
6.5006254724409445
21
-4.3127196456692909
0
LINE
8
BLACK
6
CONTINUOUS
10
4.3908813779527556
20
-4.1158692519685038
11
4.3939148818897635
21
-4.1178961417322837
0
LINE
8
BLACK
6
CONTINUOUS
10
4.3939148818897635
20
-4.1178961417322837
11
4.3959417716535434
21
-4.1209296456692917
0
LINE
8
BLACK
6
CONTINUOUS
10
4.3959417716535434
20
-4.1209296456692917
11
4.3966535433070861
21
-4.1245078740157481
0
LINE
8
BLACK
6
CONTINUOUS
10
4.3966535433070861
20
-4.1245078740157481
11
4.3966535433070861
21
-4.1432086614173231
0
LINE
8
BLACK
6
CONTINUOUS
10
4.3966535433070861
20
-4.1432086614173231
11
4.3959417716535434
21
-4.1467868897637796
0
LINE
8
BLACK
6
CONTINUOUS
10
4.3959417716535434
20
-4.1467868897637796
11
4.3939148818897635
21
-4.1498203937007876
0
LINE
8
BLACK
6
CONTINUOUS
10
4.3939148818897635
20
-4.1498203937007876
11
4.3908813779527556
21
-4.1518472834645666
0
LINE
8
BLACK
6
CONTINUOUS
10
4.3908813779527556
20
-4.1518472834645666
11
4.3873031496062991
21
-4.1525590551181102
0
LINE
8
BLACK
6
CONTINUOUS
10
4.3873031496062991
20
-4.1525590551181102
11
4.3636811023622046
21
-4.1525590551181102
0
LINE
8
BLACK
6
CONTINUOUS
10
4.3636811023622046
20
-4.1525590551181102
11
4.3601028740157481
21
-4.1518472834645666
0
LINE
8
BLACK
6
CONTINUOUS
10
4.3601028740157481
20
-4.1518472834645666
11
4.3570693700787402
21
-4.1498203937007876
0
LINE
8
BLACK
6
CONTINUOUS
10
4.3570693700787402
20
-4.1498203937007876
11
4.3550424803149603
21
-4.1467868897637796
0
LINE
8
BLACK
6
CONTINUOUS
10
4.3550424803149603
20
-4.1467868897637796
11
4.3543307086614176
21
-4.1432086614173231
0
LINE
8
BLACK
6
CONTINUOUS
10
4.3543307086614176
20
-4.1432086614173231
11
4.3543307086614176
21
-4.1245078740157481
0
LINE
8
BLACK
6
CONTINUOUS
10
4.3543307086614176
20
-4.1245078740157481
11
4.3550424803149603
21
-4.1209296456692917
0
LINE
8
BLACK
6
CONTINUOUS
10
4.3550424803149603
20
-4.1209296456692917
11
4.3570693700787402
21
-4.1178961417322837
0
LINE
8
BLACK
6
CONTINUOUS
10
4.3570693700787402
20
-4.1178961417322837
11
4.3601028740157481
21
-4.1158692519685038
0
LINE
8
BLACK
6
CONTINUOUS
10
4.3601028740157481
20
-4.1158692519685038
11
4.3636811023622046
21
-4.1151574803149602
0
LINE
8
BLACK
6
CONTINUOUS
10
4.3636811023622046
20
-4.1151574803149602
11
4.3873031496062991
21
-4.1151574803149602
0
LINE
8
BLACK
6
CONTINUOUS
10
4.3873031496062991
20
-4.1151574803149602
11
4.3908813779527556
21
-4.1158692519685038
0
LINE
8
BLACK
6
CONTINUOUS
10
4.4587947637795278
20
-4.1158692519685038
11
4.4618282677165357
21
-4.1178961417322837
0
LINE
8
BLACK
6
CONTINUOUS
10
4.4618282677165357
20
-4.1178961417322837
11
4.4638551574803147
21
-4.1209296456692917
0
LINE
8
BLACK
6
CONTINUOUS
10
4.4638551574803147
20
-4.1209296456692917
11
4.4645669291338583
21
-4.1245078740157481
0
LINE
8
BLACK
6
CONTINUOUS
10
4.4645669291338583
20
-4.1245078740157481
11
4.4645669291338583
21
-4.1432086614173231
0
LINE
8
BLACK
6
CONTINUOUS
10
4.4645669291338583
20
-4.1432086614173231
11
4.4638551574803147
21
-4.1467868897637796
0
LINE
8
BLACK
6
CONTINUOUS
10
4.4638551574803147
20
-4.1467868897637796
11
4.4618282677165357
21
-4.1498203937007876
0
LINE
8
BLACK
6
CONTINUOUS
10
4.4618282677165357
20
-4.1498203937007876
11
4.4587947637795278
21
-4.1518472834645666
0
LINE
8
BLACK
6
CONTINUOUS
10
4.4587947637795278
20
-4.1518472834645666
11
4.4552165354330704
21
-4.1525590551181102
0
LINE
8
BLACK
6
CONTINUOUS
10
4.4552165354330704
20
-4.1525590551181102
11
4.4315944881889759
21
-4.1525590551181102
0
LINE
8
BLACK
6
CONTINUOUS
10
4.4315944881889759
20
-4.1525590551181102
11
4.4280162598425195
21
-4.1518472834645666
0
LINE
8
BLACK
6
CONTINUOUS
10
4.4280162598425195
20
-4.1518472834645666
11
4.4249827559055115
21
-4.1498203937007876
0
LINE
8
BLACK
6
CONTINUOUS
10
4.4249827559055115
20
-4.1498203937007876
11
4.4229558661417325
21
-4.1467868897637796
0
LINE
8
BLACK
6
CONTINUOUS
10
4.4229558661417325
20
-4.1467868897637796
11
4.4222440944881889
21
-4.1432086614173231
0
LINE
8
BLACK
6
CONTINUOUS
10
4.4222440944881889
20
-4.1432086614173231
11
4.4222440944881889
21
-4.1245078740157481
0
LINE
8
BLACK
6
CONTINUOUS
10
4.4222440944881889
20
-4.1245078740157481
11
4.4229558661417325
21
-4.1209296456692917
0
LINE
8
BLACK
6
CONTINUOUS
10
4.4229558661417325
20
-4.1209296456692917
11
4.4249827559055115
21
-4.1178961417322837
0
LINE
8
BLACK
6
CONTINUOUS
10
4.4249827559055115
20
-4.1178961417322837
11
4.4280162598425195
21
-4.1158692519685038
0
LINE
8
BLACK
6
CONTINUOUS
10
4.4280162598425195
20
-4.1158692519685038
11
4.4315944881889759
21
-4.1151574803149602
0
LINE
8
BLACK
6
CONTINUOUS
10
4.4315944881889759
20
-4.1151574803149602
11
4.4552165354330704
21
-4.1151574803149602
0
LINE
8
BLACK
6
CONTINUOUS
10
4.4552165354330704
20
-4.1151574803149602
11
4.4587947637795278
21
-4.1158692519685038
0
LINE
8
BLACK
6
CONTINUOUS
10
6.5168656299212593
20
-4.1158692519685038
11
6.5198991338582672
21
-4.1178961417322837
0
LINE
8
BLACK
6
CONTINUOUS
10
6.5198991338582672
20
-4.1178961417322837
11
6.5219260236220471
21
-4.1209296456692917
0
LINE
8
BLACK
6
CONTINUOUS
10
6.5219260236220471
20
-4.1209296456692917
11
6.5226377952755907
21
-4.1245078740157481
0
LINE
8
BLACK
6
CONTINUOUS
10
6.5226377952755907
20
-4.1245078740157481
11
6.5226377952755907
21
-4.1432086614173231
0
LINE
8
BLACK
6
CONTINUOUS
10
6.5226377952755907
20
-4.1432086614173231
11
6.5219260236220471
21
-4.1467868897637796
0
LINE
8
BLACK
6
CONTINUOUS
10
6.5219260236220471
20
-4.1467868897637796
11
6.5198991338582672
21
-4.1498203937007876
0
LINE
8
BLACK
6
CONTINUOUS
10
6.5198991338582672
20
-4.1498203937007876
11
6.5168656299212593
21
-4.1518472834645666
0
LINE
8
BLACK
6
CONTINUOUS
10
6.5168656299212593
20
-4.1518472834645666
11
6.5132874015748028
21
-4.1525590551181102
0
LINE
8
BLACK
6
CONTINUOUS
10
6.5132874015748028
20
-4.1525590551181102
11
6.4896653543307083
21
-4.1525590551181102
0
LINE
8
BLACK
6
CONTINUOUS
10
6.4896653543307083
20
-4.1525590551181102
11
6.4860871259842519
21
-4.1518472834645666
0
LINE
8
BLACK
6
CONTINUOUS
10
6.4860871259842519
20
-4.1518472834645666
11
6.4830536220472439
21
-4.1498203937007876
0
LINE
8
BLACK
6
CONTINUOUS
10
6.4830536220472439
20
-4.1498203937007876
11
6.481026732283464
21
-4.1467868897637796
0
LINE
8
BLACK
6
CONTINUOUS
10
6.481026732283464
20
-4.1467868897637796
11
6.4803149606299213
21
-4.1432086614173231
0
LINE
8
BLACK
6
CONTINUOUS
10
6.4803149606299213
20
-4.1432086614173231
11
6.4803149606299213
21
-4.1245078740157481
0
LINE
8
BLACK
6
CONTINUOUS
10
6.4803149606299213
20
-4.1245078740157481
11
6.481026732283464
21
-4.1209296456692917
0
LINE
8
BLACK
6
CONTINUOUS
10
6.481026732283464
20
-4.1209296456692917
11
6.4830536220472439
21
-4.1178961417322837
0
LINE
8
BLACK
6
CONTINUOUS
10
6.4830536220472439
20
-4.1178961417322837
11
6.4860871259842519
21
-4.1158692519685038
0
LINE
8
BLACK
6
CONTINUOUS
10
6.4860871259842519
20
-4.1158692519685038
11
6.4896653543307083
21
-4.1151574803149602
0
LINE
8
BLACK
6
CONTINUOUS
10
6.4896653543307083
20
-4.1151574803149602
11
6.5132874015748028
21
-4.1151574803149602
0
LINE
8
BLACK
6
CONTINUOUS
10
6.5132874015748028
20
-4.1151574803149602
11
6.5168656299212593
21
-4.1158692519685038
0
LINE
8
BLACK
6
CONTINUOUS
10
6.5847790157480315
20
-4.1158692519685038
11
6.5878125196850394
21
-4.1178961417322837
0
LINE
8
BLACK
6
CONTINUOUS
10
6.5878125196850394
20
-4.1178961417322837
11
6.5898394094488184
21
-4.1209296456692917
0
LINE
8
BLACK
6
CONTINUOUS
10
6.5898394094488184
20
-4.1209296456692917
11
6.590551181102362
21
-4.1245078740157481
0
LINE
8
BLACK
6
CONTINUOUS
10
6.590551181102362
20
-4.1245078740157481
11
6.590551181102362
21
-4.1432086614173231
0
LINE
8
BLACK
6
CONTINUOUS
10
6.590551181102362
20
-4.1432086614173231
11
6.5898394094488184
21
-4.1467868897637796
0
LINE
8
BLACK
6
CONTINUOUS
10
6.5898394094488184
20
-4.1467868897637796
11
6.5878125196850394
21
-4.1498203937007876
0
LINE
8
BLACK
6
CONTINUOUS
10
6.5878125196850394
20
-4.1498203937007876
11
6.5847790157480315
21
-4.1518472834645666
0
LINE
8
BLACK
6
CONTINUOUS
10
6.5847790157480315
20
-4.1518472834645666
11
6.581200787401575
21
-4.1525590551181102
0
LINE
8
BLACK
6
CONTINUOUS
10
6.581200787401575
20
-4.1525590551181102
11
6.5575787401574805
21
-4.1525590551181102
0
LINE
8
BLACK
6
CONTINUOUS
10
6.5575787401574805
20
-4.1525590551181102
11
6.5540005118110232
21
-4.1518472834645666
0
LINE
8
BLACK
6
CONTINUOUS
10
6.5540005118110232
20
-4.1518472834645666
11
6.5509670078740152
21
-4.1498203937007876
0
LINE
8
BLACK
6
CONTINUOUS
10
6.5509670078740152
20
-4.1498203937007876
11
6.5489401181102362
21
-4.1467868897637796
0
LINE
8
BLACK
6
CONTINUOUS
10
6.5489401181102362
20
-4.1467868897637796
11
6.5482283464566926
21
-4.1432086614173231
0
LINE
8
BLACK
6
CONTINUOUS
10
6.5482283464566926
20
-4.1432086614173231
11
6.5482283464566926
21
-4.1245078740157481
0
LINE
8
BLACK
6
CONTINUOUS
10
6.5482283464566926
20
-4.1245078740157481
11
6.5489401181102362
21
-4.1209296456692917
0
LINE
8
BLACK
6
CONTINUOUS
10
6.5489401181102362
20
-4.1209296456692917
11
6.5509670078740152
21
-4.1178961417322837
0
LINE
8
BLACK
6
CONTINUOUS
10
6.5509670078740152
20
-4.1178961417322837
11
6.5540005118110232
21
-4.1158692519685038
0
LINE
8
BLACK
6
CONTINUOUS
10
6.5540005118110232
20
-4.1158692519685038
11
6.5575787401574805
21
-4.1151574803149602
0
LINE
8
BLACK
6
CONTINUOUS
10
6.5575787401574805
20
-4.1151574803149602
11
6.581200787401575
21
-4.1151574803149602
0
LINE
8
BLACK
6
CONTINUOUS
10
6.581200787401575
20
-4.1151574803149602
11
6.5847790157480315
21
-4.1158692519685038
0
LINE
8
BLACK
6
CONTINUOUS
10
4.2755905511811019
20
-4.0649606299212602
11
4.1968503937007871
21
-4.0649606299212602
0
LINE
8
BLACK
6
CONTINUOUS
10
4.1968503937007871
20
-4.0649606299212602
11
4.1968503937007871
21
-4.0216535433070861
0
LINE
8
BLACK
6
CONTINUOUS
10
4.1968503937007871
20
-4.0216535433070861
11
4.2755905511811019
21
-4.0216535433070861
0
LINE
8
BLACK
6
CONTINUOUS
10
4.2755905511811019
20
-4.0216535433070861
11
4.2755905511811019
21
-4.0649606299212602
0
LINE
8
BLACK
6
CONTINUOUS
10
4.4645669291338583
20
-4.0649606299212602
11
4.3858267716535435
21
-4.0649606299212602
0
LINE
8
BLACK
6
CONTINUOUS
10
4.3858267716535435
20
-4.0649606299212602
11
4.3858267716535435
21
-4.0216535433070861
0
LINE
8
BLACK
6
CONTINUOUS
10
4.3858267716535435
20
-4.0216535433070861
11
4.4645669291338583
21
-4.0216535433070861
0
LINE
8
BLACK
6
CONTINUOUS
10
4.4645669291338583
20
-4.0216535433070861
11
4.4645669291338583
21
-4.0649606299212602
0
LINE
8
BLACK
6
CONTINUOUS
10
6.4803149606299213
20
-4.0649606299212602
11
6.4015748031496065
21
-4.0649606299212602
0
LINE
8
BLACK
6
CONTINUOUS
10
6.4015748031496065
20
-4.0649606299212602
11
6.4015748031496065
21
-4.0216535433070861
0
LINE
8
BLACK
6
CONTINUOUS
10
6.4015748031496065
20
-4.0216535433070861
11
6.4803149606299213
21
-4.0216535433070861
0
LINE
8
BLACK
6
CONTINUOUS
10
6.4803149606299213
20
-4.0216535433070861
11
6.4803149606299213
21
-4.0649606299212602
0
LINE
8
BLACK
6
CONTINUOUS
10
6.6692913385826769
20
-4.0649606299212602
11
6.590551181102362
21
-4.0649606299212602
0
LINE
8
BLACK
6
CONTINUOUS
10
6.590551181102362
20
-4.0649606299212602
11
6.590551181102362
21
-4.0216535433070861
0
LINE
8
BLACK
6
CONTINUOUS
10
6.590551181102362
20
-4.0216535433070861
11
6.6692913385826769
21
-4.0216535433070861
0
LINE
8
BLACK
6
CONTINUOUS
10
6.6692913385826769
20
-4.0216535433070861
11
6.6692913385826769
21
-4.0649606299212602
0
LINE
8
BLACK
6
CONTINUOUS
10
4.2755905511811019
20
-3.9980314960629921
11
4.1968503937007871
21
-3.9980314960629921
0
LINE
8
BLACK
6
CONTINUOUS
10
4.1968503937007871
20
-3.9980314960629921
11
4.1968503937007871
21
-3.954724409448819
0
LINE
8
BLACK
6
CONTINUOUS
10
4.1968503937007871
20
-3.954724409448819
11
4.2755905511811019
21
-3.954724409448819
0
LINE
8
BLACK
6
CONTINUOUS
10
4.2755905511811019
20
-3.954724409448819
11
4.2755905511811019
21
-3.9980314960629921
0
LINE
8
BLACK
6
CONTINUOUS
10
4.4645669291338583
20
-3.9980314960629921
11
4.3858267716535435
21
-3.9980314960629921
0
LINE
8
BLACK
6
CONTINUOUS
10
4.3858267716535435
20
-3.9980314960629921
11
4.3858267716535435
21
-3.954724409448819
0
LINE
8
BLACK
6
CONTINUOUS
10
4.3858267716535435
20
-3.954724409448819
11
4.4645669291338583
21
-3.954724409448819
0
LINE
8
BLACK
6
CONTINUOUS
10
4.4645669291338583
20
-3.954724409448819
11
4.4645669291338583
21
-3.9980314960629921
0
LINE
8
BLACK
6
CONTINUOUS
10
6.4803149606299213
20
-3.9980314960629921
11
6.4015748031496065
21
-3.9980314960629921
0
LINE
8
BLACK
6
CONTINUOUS
10
6.4015748031496065
20
-3.9980314960629921
11
6.4015748031496065
21
-3.954724409448819
0
LINE
8
BLACK
6
CONTINUOUS
10
6.4015748031496065
20
-3.954724409448819
11
6.4803149606299213
21
-3.954724409448819
0
LINE
8
BLACK
6
CONTINUOUS
10
6.4803149606299213
20
-3.954724409448819
11
6.4803149606299213
21
-3.9980314960629921
0
LINE
8
BLACK
6
CONTINUOUS
10
6.6692913385826769
20
-3.9980314960629921
11
6.590551181102362
21
-3.9980314960629921
0
LINE
8
BLACK
6
CONTINUOUS
10
6.590551181102362
20
-3.9980314960629921
11
6.590551181102362
21
-3.954724409448819
0
LINE
8
BLACK
6
CONTINUOUS
10
6.590551181102362
20
-3.954724409448819
11
6.6692913385826769
21
-3.954724409448819
0
LINE
8
BLACK
6
CONTINUOUS
10
6.6692913385826769
20
-3.954724409448819
11
6.6692913385826769
21
-3.9980314960629921
0
LINE
8
BLACK
6
CONTINUOUS
10
4.2755905511811019
20
-3.9311023622047245
11
4.1968503937007871
21
-3.9311023622047245
0
LINE
8
BLACK
6
CONTINUOUS
10
4.1968503937007871
20
-3.9311023622047245
11
4.1968503937007871
21
-3.8877952755905509
0
LINE
8
BLACK
6
CONTINUOUS
10
4.1968503937007871
20
-3.8877952755905509
11
4.2755905511811019
21
-3.8877952755905509
0
LINE
8
BLACK
6
CONTINUOUS
10
4.2755905511811019
20
-3.8877952755905509
11
4.2755905511811019
21
-3.9311023622047245
0
LINE
8
BLACK
6
CONTINUOUS
10
4.4645669291338583
20
-3.9311023622047245
11
4.3858267716535435
21
-3.9311023622047245
0
LINE
8
BLACK
6
CONTINUOUS
10
4.3858267716535435
20
-3.9311023622047245
11
4.3858267716535435
21
-3.8877952755905509
0
LINE
8
BLACK
6
CONTINUOUS
10
4.3858267716535435
20
-3.8877952755905509
11
4.4645669291338583
21
-3.8877952755905509
0
LINE
8
BLACK
6
CONTINUOUS
10
4.4645669291338583
20
-3.8877952755905509
11
4.4645669291338583
21
-3.9311023622047245
0
LINE
8
BLACK
6
CONTINUOUS
10
6.4803149606299213
20
-3.9311023622047245
11
6.4015748031496065
21
-3.9311023622047245
0
LINE
8
BLACK
6
CONTINUOUS
10
6.4015748031496065
20
-3.9311023622047245
11
6.4015748031496065
21
-3.8877952755905509
0
LINE
8
BLACK
6
CONTINUOUS
10
6.4015748031496065
20
-3.8877952755905509
11
6.4803149606299213
21
-3.8877952755905509
0
LINE
8
BLACK
6
CONTINUOUS
10
6.4803149606299213
20
-3.8877952755905509
11
6.4803149606299213
21
-3.9311023622047245
0
LINE
8
BLACK
6
CONTINUOUS
10
6.6692913385826769
20
-3.9311023622047245
11
6.590551181102362
21
-3.9311023622047245
0
LINE
8
BLACK
6
CONTINUOUS
10
6.590551181102362
20
-3.9311023622047245
11
6.590551181102362
21
-3.8877952755905509
0
LINE
8
BLACK
6
CONTINUOUS
10
6.590551181102362
20
-3.8877952755905509
11
6.6692913385826769
21
-3.8877952755905509
0
LINE
8
BLACK
6
CONTINUOUS
10
6.6692913385826769
20
-3.8877952755905509
11
6.6692913385826769
21
-3.9311023622047245
0
LINE
8
BLACK
6
CONTINUOUS
10
4.6003937007874018
20
-3.7755905511811023
11
4.5570866141732278
21
-3.7755905511811023
0
LINE
8
BLACK
6
CONTINUOUS
10
4.5570866141732278
20
-3.7755905511811023
11
4.5570866141732278
21
-3.6968503937007875
0
LINE
8
BLACK
6
CONTINUOUS
10
4.5570866141732278
20
-3.6968503937007875
11
4.6003937007874018
21
-3.6968503937007875
0
LINE
8
BLACK
6
CONTINUOUS
10
4.6003937007874018
20
-3.6968503937007875
11
4.6003937007874018
21
-3.7755905511811023
0
LINE
8
BLACK
6
CONTINUOUS
10
4.6673228346456694
20
-3.7755905511811023
11
4.6240157480314963
21
-3.7755905511811023
0
LINE
8
BLACK
6
CONTINUOUS
10
4.6240157480314963
20
-3.7755905511811023
11
4.6240157480314963
21
-3.6968503937007875
0
LINE
8
BLACK
6
CONTINUOUS
10
4.6240157480314963
20
-3.6968503937007875
11
4.6673228346456694
21
-3.6968503937007875
0
LINE
8
BLACK
6
CONTINUOUS
10
4.6673228346456694
20
-3.6968503937007875
11
4.6673228346456694
21
-3.7755905511811023
0
LINE
8
BLACK
6
CONTINUOUS
10
4.734251968503937
20
-3.7755905511811023
11
4.6909448818897639
21
-3.7755905511811023
0
LINE
8
BLACK
6
CONTINUOUS
10
4.6909448818897639
20
-3.7755905511811023
11
4.6909448818897639
21
-3.6968503937007875
0
LINE
8
BLACK
6
CONTINUOUS
10
4.6909448818897639
20
-3.6968503937007875
11
4.734251968503937
21
-3.6968503937007875
0
LINE
8
BLACK
6
CONTINUOUS
10
4.734251968503937
20
-3.6968503937007875
11
4.734251968503937
21
-3.7755905511811023
0
LINE
8
BLACK
6
CONTINUOUS
10
5.0129286220472435
20
-3.7339794881889765
11
5.0159621259842515
21
-3.7360063779527559
0
LINE
8
BLACK
6
CONTINUOUS
10
5.0159621259842515
20
-3.7360063779527559
11
5.0179890157480314
21
-3.7390398818897639
0
LINE
8
BLACK
6
CONTINUOUS
10
5.0179890157480314
20
-3.7390398818897639
11
5.018700787401575
21
-3.7426181102362204
0
LINE
8
BLACK
6
CONTINUOUS
10
5.018700787401575
20
-3.7426181102362204
11
5.018700787401575
21
-3.7662401574803148
0
LINE
8
BLACK
6
CONTINUOUS
10
5.018700787401575
20
-3.7662401574803148
11
5.0179890157480314
21
-3.7698183858267718
0
LINE
8
BLACK
6
CONTINUOUS
10
5.0179890157480314
20
-3.7698183858267718
11
5.0159621259842515
21
-3.7728518897637793
0
LINE
8
BLACK
6
CONTINUOUS
10
5.0159621259842515
20
-3.7728518897637793
11
5.0129286220472435
21
-3.7748787795275591
0
LINE
8
BLACK
6
CONTINUOUS
10
5.0129286220472435
20
-3.7748787795275591
11
5.0093503937007871
21
-3.7755905511811023
0
LINE
8
BLACK
6
CONTINUOUS
10
5.0093503937007871
20
-3.7755905511811023
11
4.9906496062992121
21
-3.7755905511811023
0
LINE
8
BLACK
6
CONTINUOUS
10
4.9906496062992121
20
-3.7755905511811023
11
4.9870713779527556
21
-3.7748787795275591
0
LINE
8
BLACK
6
CONTINUOUS
10
4.9870713779527556
20
-3.7748787795275591
11
4.9840378740157476
21
-3.7728518897637793
0
LINE
8
BLACK
6
CONTINUOUS
10
4.9840378740157476
20
-3.7728518897637793
11
4.9820109842519686
21
-3.7698183858267718
0
LINE
8
BLACK
6
CONTINUOUS
10
4.9820109842519686
20
-3.7698183858267718
11
4.981299212598425
21
-3.7662401574803148
0
LINE
8
BLACK
6
CONTINUOUS
10
4.981299212598425
20
-3.7662401574803148
11
4.981299212598425
21
-3.7426181102362204
0
LINE
8
BLACK
6
CONTINUOUS
10
4.981299212598425
20
-3.7426181102362204
11
4.9820109842519686
21
-3.7390398818897639
0
LINE
8
BLACK
6
CONTINUOUS
10
4.9820109842519686
20
-3.7390398818897639
11
4.9840378740157476
21
-3.7360063779527559
0
LINE
8
BLACK
6
CONTINUOUS
10
4.9840378740157476
20
-3.7360063779527559
11
4.9870713779527556
21
-3.7339794881889765
0
LINE
8
BLACK
6
CONTINUOUS
10
4.9870713779527556
20
-3.7339794881889765
11
4.9906496062992121
21
-3.7332677165354329
0
LINE
8
BLACK
6
CONTINUOUS
10
4.9906496062992121
20
-3.7332677165354329
11
5.0093503937007871
21
-3.7332677165354329
0
LINE
8
BLACK
6
CONTINUOUS
10
5.0093503937007871
20
-3.7332677165354329
11
5.0129286220472435
21
-3.7339794881889765
0
LINE
8
BLACK
6
CONTINUOUS
10
5.1122047244094491
20
-3.7755905511811023
11
5.0688976377952759
21
-3.7755905511811023
0
LINE
8
BLACK
6
CONTINUOUS
10
5.0688976377952759
20
-3.7755905511811023
11
5.0688976377952759
21
-3.6968503937007875
0
LINE
8
BLACK
6
CONTINUOUS
10
5.0688976377952759
20
-3.6968503937007875
11
5.1122047244094491
21
-3.6968503937007875
0
LINE
8
BLACK
6
CONTINUOUS
10
5.1122047244094491
20
-3.6968503937007875
11
5.1122047244094491
21
-3.7755905511811023
0
LINE
8
BLACK
6
CONTINUOUS
10
5.1791338582677167
20
-3.7755905511811023
11
5.1358267716535435
21
-3.7755905511811023
0
LINE
8
BLACK
6
CONTINUOUS
10
5.1358267716535435
20
-3.7755905511811023
11
5.1358267716535435
21
-3.6968503937007875
0
LINE
8
BLACK
6
CONTINUOUS
10
5.1358267716535435
20
-3.6968503937007875
11
5.1791338582677167
21
-3.6968503937007875
0
LINE
8
BLACK
6
CONTINUOUS
10
5.1791338582677167
20
-3.6968503937007875
11
5.1791338582677167
21
-3.7755905511811023
0
LINE
8
BLACK
6
CONTINUOUS
10
5.2460629921259843
20
-3.7755905511811023
11
5.2027559055118111
21
-3.7755905511811023
0
LINE
8
BLACK
6
CONTINUOUS
10
5.2027559055118111
20
-3.7755905511811023
11
5.2027559055118111
21
-3.6968503937007875
0
LINE
8
BLACK
6
CONTINUOUS
10
5.2027559055118111
20
-3.6968503937007875
11
5.2460629921259843
21
-3.6968503937007875
0
LINE
8
BLACK
6
CONTINUOUS
10
5.2460629921259843
20
-3.6968503937007875
11
5.2460629921259843
21
-3.7755905511811023
0
LINE
8
BLACK
6
CONTINUOUS
10
5.5444246850393704
20
-3.7339794881889765
11
5.5474581889763774
21
-3.7360063779527559
0
LINE
8
BLACK
6
CONTINUOUS
10
5.5474581889763774
20
-3.7360063779527559
11
5.5494850787401573
21
-3.7390398818897639
0
LINE
8
BLACK
6
CONTINUOUS
10
5.5494850787401573
20
-3.7390398818897639
11
5.5501968503937009
21
-3.7426181102362204
0
LINE
8
BLACK
6
CONTINUOUS
10
5.5501968503937009
20
-3.7426181102362204
11
5.5501968503937009
21
-3.7662401574803148
0
LINE
8
BLACK
6
CONTINUOUS
10
5.5501968503937009
20
-3.7662401574803148
11
5.5494850787401573
21
-3.7698183858267718
0
LINE
8
BLACK
6
CONTINUOUS
10
5.5494850787401573
20
-3.7698183858267718
11
5.5474581889763774
21
-3.7728518897637793
0
LINE
8
BLACK
6
CONTINUOUS
10
5.5474581889763774
20
-3.7728518897637793
11
5.5444246850393704
21
-3.7748787795275591
0
LINE
8
BLACK
6
CONTINUOUS
10
5.5444246850393704
20
-3.7748787795275591
11
5.540846456692913
21
-3.7755905511811023
0
LINE
8
BLACK
6
CONTINUOUS
10
5.540846456692913
20
-3.7755905511811023
11
5.5221456692913389
21
-3.7755905511811023
0
LINE
8
BLACK
6
CONTINUOUS
10
5.5221456692913389
20
-3.7755905511811023
11
5.5185674409448815
21
-3.7748787795275591
0
LINE
8
BLACK
6
CONTINUOUS
10
5.5185674409448815
20
-3.7748787795275591
11
5.5155339370078735
21
-3.7728518897637793
0
LINE
8
BLACK
6
CONTINUOUS
10
5.5155339370078735
20
-3.7728518897637793
11
5.5135070472440946
21
-3.7698183858267718
0
LINE
8
BLACK
6
CONTINUOUS
10
5.5135070472440946
20
-3.7698183858267718
11
5.5127952755905509
21
-3.7662401574803148
0
LINE
8
BLACK
6
CONTINUOUS
10
5.5127952755905509
20
-3.7662401574803148
11
5.5127952755905509
21
-3.7426181102362204
0
LINE
8
BLACK
6
CONTINUOUS
10
5.5127952755905509
20
-3.7426181102362204
11
5.5135070472440946
21
-3.7390398818897639
0
LINE
8
BLACK
6
CONTINUOUS
10
5.5135070472440946
20
-3.7390398818897639
11
5.5155339370078735
21
-3.7360063779527559
0
LINE
8
BLACK
6
CONTINUOUS
10
5.5155339370078735
20
-3.7360063779527559
11
5.5185674409448815
21
-3.7339794881889765
0
LINE
8
BLACK
6
CONTINUOUS
10
5.5185674409448815
20
-3.7339794881889765
11
5.5221456692913389
21
-3.7332677165354329
0
LINE
8
BLACK
6
CONTINUOUS
10
5.5221456692913389
20
-3.7332677165354329
11
5.540846456692913
21
-3.7332677165354329
0
LINE
8
BLACK
6
CONTINUOUS
10
5.540846456692913
20
-3.7332677165354329
11
5.5444246850393704
21
-3.7339794881889765
0
LINE
8
BLACK
6
CONTINUOUS
10
5.643700787401575
20
-3.7755905511811023
11
5.6003937007874018
21
-3.7755905511811023
0
LINE
8
BLACK
6
CONTINUOUS
10
5.6003937007874018
20
-3.7755905511811023
11
5.6003937007874018
21
-3.6968503937007875
0
LINE
8
BLACK
6
CONTINUOUS
10
5.6003937007874018
20
-3.6968503937007875
11
5.643700787401575
21
-3.6968503937007875
0
LINE
8
BLACK
6
CONTINUOUS
10
5.643700787401575
20
-3.6968503937007875
11
5.643700787401575
21
-3.7755905511811023
0
LINE
8
BLACK
6
CONTINUOUS
10
5.7106299212598426
20
-3.7755905511811023
11
5.6673228346456694
21
-3.7755905511811023
0
LINE
8
BLACK
6
CONTINUOUS
10
5.6673228346456694
20
-3.7755905511811023
11
5.6673228346456694
21
-3.6968503937007875
0
LINE
8
BLACK
6
CONTINUOUS
10
5.6673228346456694
20
-3.6968503937007875
11
5.7106299212598426
21
-3.6968503937007875
0
LINE
8
BLACK
6
CONTINUOUS
10
5.7106299212598426
20
-3.6968503937007875
11
5.7106299212598426
21
-3.7755905511811023
0
LINE
8
BLACK
6
CONTINUOUS
10
5.7775590551181102
20
-3.7755905511811023
11
5.734251968503937
21
-3.7755905511811023
0
LINE
8
BLACK
6
CONTINUOUS
10
5.734251968503937
20
-3.7755905511811023
11
5.734251968503937
21
-3.6968503937007875
0
LINE
8
BLACK
6
CONTINUOUS
10
5.734251968503937
20
-3.6968503937007875
11
5.7775590551181102
21
-3.6968503937007875
0
LINE
8
BLACK
6
CONTINUOUS
10
5.7775590551181102
20
-3.6968503937007875
11
5.7775590551181102
21
-3.7755905511811023
0
LINE
8
BLACK
6
CONTINUOUS
10
6.0562357086614176
20
-3.7339794881889765
11
6.0592692125984247
21
-3.7360063779527559
0
LINE
8
BLACK
6
CONTINUOUS
10
6.0592692125984247
20
-3.7360063779527559
11
6.0612961023622045
21
-3.7390398818897639
0
LINE
8
BLACK
6
CONTINUOUS
10
6.0612961023622045
20
-3.7390398818897639
11
6.0620078740157481
21
-3.7426181102362204
0
LINE
8
BLACK
6
CONTINUOUS
10
6.0620078740157481
20
-3.7426181102362204
11
6.0620078740157481
21
-3.7662401574803148
0
LINE
8
BLACK
6
CONTINUOUS
10
6.0620078740157481
20
-3.7662401574803148
11
6.0612961023622045
21
-3.7698183858267718
0
LINE
8
BLACK
6
CONTINUOUS
10
6.0612961023622045
20
-3.7698183858267718
11
6.0592692125984247
21
-3.7728518897637793
0
LINE
8
BLACK
6
CONTINUOUS
10
6.0592692125984247
20
-3.7728518897637793
11
6.0562357086614176
21
-3.7748787795275591
0
LINE
8
BLACK
6
CONTINUOUS
10
6.0562357086614176
20
-3.7748787795275591
11
6.0526574803149602
21
-3.7755905511811023
0
LINE
8
BLACK
6
CONTINUOUS
10
6.0526574803149602
20
-3.7755905511811023
11
6.0339566929133861
21
-3.7755905511811023
0
LINE
8
BLACK
6
CONTINUOUS
10
6.0339566929133861
20
-3.7755905511811023
11
6.0303784645669287
21
-3.7748787795275591
0
LINE
8
BLACK
6
CONTINUOUS
10
6.0303784645669287
20
-3.7748787795275591
11
6.0273449606299208
21
-3.7728518897637793
0
LINE
8
BLACK
6
CONTINUOUS
10
6.0273449606299208
20
-3.7728518897637793
11
6.0253180708661418
21
-3.7698183858267718
0
LINE
8
BLACK
6
CONTINUOUS
10
6.0253180708661418
20
-3.7698183858267718
11
6.0246062992125982
21
-3.7662401574803148
0
LINE
8
BLACK
6
CONTINUOUS
10
6.0246062992125982
20
-3.7662401574803148
11
6.0246062992125982
21
-3.7426181102362204
0
LINE
8
BLACK
6
CONTINUOUS
10
6.0246062992125982
20
-3.7426181102362204
11
6.0253180708661418
21
-3.7390398818897639
0
LINE
8
BLACK
6
CONTINUOUS
10
6.0253180708661418
20
-3.7390398818897639
11
6.0273449606299208
21
-3.7360063779527559
0
LINE
8
BLACK
6
CONTINUOUS
10
6.0273449606299208
20
-3.7360063779527559
11
6.0303784645669287
21
-3.7339794881889765
0
LINE
8
BLACK
6
CONTINUOUS
10
6.0303784645669287
20
-3.7339794881889765
11
6.0339566929133861
21
-3.7332677165354329
0
LINE
8
BLACK
6
CONTINUOUS
10
6.0339566929133861
20
-3.7332677165354329
11
6.0526574803149602
21
-3.7332677165354329
0
LINE
8
BLACK
6
CONTINUOUS
10
6.0526574803149602
20
-3.7332677165354329
11
6.0562357086614176
21
-3.7339794881889765
0
LINE
8
BLACK
6
CONTINUOUS
10
6.1555118110236222
20
-3.7755905511811023
11
6.1122047244094491
21
-3.7755905511811023
0
LINE
8
BLACK
6
CONTINUOUS
10
6.1122047244094491
20
-3.7755905511811023
11
6.1122047244094491
21
-3.6968503937007875
0
LINE
8
BLACK
6
CONTINUOUS
10
6.1122047244094491
20
-3.6968503937007875
11
6.1555118110236222
21
-3.6968503937007875
0
LINE
8
BLACK
6
CONTINUOUS
10
6.1555118110236222
20
-3.6968503937007875
11
6.1555118110236222
21
-3.7755905511811023
0
LINE
8
BLACK
6
CONTINUOUS
10
6.2224409448818898
20
-3.7755905511811023
11
6.1791338582677167
21
-3.7755905511811023
0
LINE
8
BLACK
6
CONTINUOUS
10
6.1791338582677167
20
-3.7755905511811023
11
6.1791338582677167
21
-3.6968503937007875
0
LINE
8
BLACK
6
CONTINUOUS
10
6.1791338582677167
20
-3.6968503937007875
11
6.2224409448818898
21
-3.6968503937007875
0
LINE
8
BLACK
6
CONTINUOUS
10
6.2224409448818898
20
-3.6968503937007875
11
6.2224409448818898
21
-3.7755905511811023
0
LINE
8
BLACK
6
CONTINUOUS
10
6.2893700787401574
20
-3.7755905511811023
11
6.2460629921259843
21
-3.7755905511811023
0
LINE
8
BLACK
6
CONTINUOUS
10
6.2460629921259843
20
-3.7755905511811023
11
6.2460629921259843
21
-3.6968503937007875
0
LINE
8
BLACK
6
CONTINUOUS
10
6.2460629921259843
20
-3.6968503937007875
11
6.2893700787401574
21
-3.6968503937007875
0
LINE
8
BLACK
6
CONTINUOUS
10
6.2893700787401574
20
-3.6968503937007875
11
6.2893700787401574
21
-3.7755905511811023
0
LINE
8
BLACK
6
CONTINUOUS
10
5.0129286220472435
20
-3.6660661023622048
11
5.0159621259842515
21
-3.6680929921259842
0
LINE
8
BLACK
6
CONTINUOUS
10
5.0159621259842515
20
-3.6680929921259842
11
5.0179890157480314
21
-3.6711264960629921
0
LINE
8
BLACK
6
CONTINUOUS
10
5.0179890157480314
20
-3.6711264960629921
11
5.018700787401575
21
-3.6747047244094486
0
LINE
8
BLACK
6
CONTINUOUS
10
5.018700787401575
20
-3.6747047244094486
11
5.018700787401575
21
-3.6983267716535431
0
LINE
8
BLACK
6
CONTINUOUS
10
5.018700787401575
20
-3.6983267716535431
11
5.0179890157480314
21
-3.701905
0
LINE
8
BLACK
6
CONTINUOUS
10
5.0179890157480314
20
-3.701905
11
5.0159621259842515
21
-3.704938503937008
0
LINE
8
BLACK
6
CONTINUOUS
10
5.0159621259842515
20
-3.704938503937008
11
5.0129286220472435
21
-3.7069653937007874
0
LINE
8
BLACK
6
CONTINUOUS
10
5.0129286220472435
20
-3.7069653937007874
11
5.0093503937007871
21
-3.7076771653543306
0
LINE
8
BLACK
6
CONTINUOUS
10
5.0093503937007871
20
-3.7076771653543306
11
4.9906496062992121
21
-3.7076771653543306
0
LINE
8
BLACK
6
CONTINUOUS
10
4.9906496062992121
20
-3.7076771653543306
11
4.9870713779527556
21
-3.7069653937007874
0
LINE
8
BLACK
6
CONTINUOUS
10
4.9870713779527556
20
-3.7069653937007874
11
4.9840378740157476
21
-3.704938503937008
0
LINE
8
BLACK
6
CONTINUOUS
10
4.9840378740157476
20
-3.704938503937008
11
4.9820109842519686
21
-3.701905
0
LINE
8
BLACK
6
CONTINUOUS
10
4.9820109842519686
20
-3.701905
11
4.981299212598425
21
-3.6983267716535431
0
LINE
8
BLACK
6
CONTINUOUS
10
4.981299212598425
20
-3.6983267716535431
11
4.981299212598425
21
-3.6747047244094486
0
LINE
8
BLACK
6
CONTINUOUS
10
4.981299212598425
20
-3.6747047244094486
11
4.9820109842519686
21
-3.6711264960629921
0
LINE
8
BLACK
6
CONTINUOUS
10
4.9820109842519686
20
-3.6711264960629921
11
4.9840378740157476
21
-3.6680929921259842
0
LINE
8
BLACK
6
CONTINUOUS
10
4.9840378740157476
20
-3.6680929921259842
11
4.9870713779527556
21
-3.6660661023622048
0
LINE
8
BLACK
6
CONTINUOUS
10
4.9870713779527556
20
-3.6660661023622048
11
4.9906496062992121
21
-3.6653543307086611
0
LINE
8
BLACK
6
CONTINUOUS
10
4.9906496062992121
20
-3.6653543307086611
11
5.0093503937007871
21
-3.6653543307086611
0
LINE
8
BLACK
6
CONTINUOUS
10
5.0093503937007871
20
-3.6653543307086611
11
5.0129286220472435
21
-3.6660661023622048
0
LINE
8
BLACK
6
CONTINUOUS
10
5.5444246850393704
20
-3.6660661023622048
11
5.5474581889763774
21
-3.6680929921259842
0
LINE
8
BLACK
6
CONTINUOUS
10
5.5474581889763774
20
-3.6680929921259842
11
5.5494850787401573
21
-3.6711264960629921
0
LINE
8
BLACK
6
CONTINUOUS
10
5.5494850787401573
20
-3.6711264960629921
11
5.5501968503937009
21
-3.6747047244094486
0
LINE
8
BLACK
6
CONTINUOUS
10
5.5501968503937009
20
-3.6747047244094486
11
5.5501968503937009
21
-3.6983267716535431
0
LINE
8
BLACK
6
CONTINUOUS
10
5.5501968503937009
20
-3.6983267716535431
11
5.5494850787401573
21
-3.701905
0
LINE
8
BLACK
6
CONTINUOUS
10
5.5494850787401573
20
-3.701905
11
5.5474581889763774
21
-3.704938503937008
0
LINE
8
BLACK
6
CONTINUOUS
10
5.5474581889763774
20
-3.704938503937008
11
5.5444246850393704
21
-3.7069653937007874
0
LINE
8
BLACK
6
CONTINUOUS
10
5.5444246850393704
20
-3.7069653937007874
11
5.540846456692913
21
-3.7076771653543306
0
LINE
8
BLACK
6
CONTINUOUS
10
5.540846456692913
20
-3.7076771653543306
11
5.5221456692913389
21
-3.7076771653543306
0
LINE
8
BLACK
6
CONTINUOUS
10
5.5221456692913389
20
-3.7076771653543306
11
5.5185674409448815
21
-3.7069653937007874
0
LINE
8
BLACK
6
CONTINUOUS
10
5.5185674409448815
20
-3.7069653937007874
11
5.5155339370078735
21
-3.704938503937008
0
LINE
8
BLACK
6
CONTINUOUS
10
5.5155339370078735
20
-3.704938503937008
11
5.5135070472440946
21
-3.701905
0
LINE
8
BLACK
6
CONTINUOUS
10
5.5135070472440946
20
-3.701905
11
5.5127952755905509
21
-3.6983267716535431
0
LINE
8
BLACK
6
CONTINUOUS
10
5.5127952755905509
20
-3.6983267716535431
11
5.5127952755905509
21
-3.6747047244094486
0
LINE
8
BLACK
6
CONTINUOUS
10
5.5127952755905509
20
-3.6747047244094486
11
5.5135070472440946
21
-3.6711264960629921
0
LINE
8
BLACK
6
CONTINUOUS
10
5.5135070472440946
20
-3.6711264960629921
11
5.5155339370078735
21
-3.6680929921259842
0
LINE
8
BLACK
6
CONTINUOUS
10
5.5155339370078735
20
-3.6680929921259842
11
5.5185674409448815
21
-3.6660661023622048
0
LINE
8
BLACK
6
CONTINUOUS
10
5.5185674409448815
20
-3.6660661023622048
11
5.5221456692913389
21
-3.6653543307086611
0
LINE
8
BLACK
6
CONTINUOUS
10
5.5221456692913389
20
-3.6653543307086611
11
5.540846456692913
21
-3.6653543307086611
0
LINE
8
BLACK
6
CONTINUOUS
10
5.540846456692913
20
-3.6653543307086611
11
5.5444246850393704
21
-3.6660661023622048
0
LINE
8
BLACK
6
CONTINUOUS
10
6.0562357086614176
20
-3.6660661023622048
11
6.0592692125984247
21
-3.6680929921259842
0
LINE
8
BLACK
6
CONTINUOUS
10
6.0592692125984247
20
-3.6680929921259842
11
6.0612961023622045
21
-3.6711264960629921
0
LINE
8
BLACK
6
CONTINUOUS
10
6.0612961023622045
20
-3.6711264960629921
11
6.0620078740157481
21
-3.6747047244094486
0
LINE
8
BLACK
6
CONTINUOUS
10
6.0620078740157481
20
-3.6747047244094486
11
6.0620078740157481
21
-3.6983267716535431
0
LINE
8
BLACK
6
CONTINUOUS
10
6.0620078740157481
20
-3.6983267716535431
11
6.0612961023622045
21
-3.701905
0
LINE
8
BLACK
6
CONTINUOUS
10
6.0612961023622045
20
-3.701905
11
6.0592692125984247
21
-3.704938503937008
0
LINE
8
BLACK
6
CONTINUOUS
10
6.0592692125984247
20
-3.704938503937008
11
6.0562357086614176
21
-3.7069653937007874
0
LINE
8
BLACK
6
CONTINUOUS
10
6.0562357086614176
20
-3.7069653937007874
11
6.0526574803149602
21
-3.7076771653543306
0
LINE
8
BLACK
6
CONTINUOUS
10
6.0526574803149602
20
-3.7076771653543306
11
6.0339566929133861
21
-3.7076771653543306
0
LINE
8
BLACK
6
CONTINUOUS
10
6.0339566929133861
20
-3.7076771653543306
11
6.0303784645669287
21
-3.7069653937007874
0
LINE
8
BLACK
6
CONTINUOUS
10
6.0303784645669287
20
-3.7069653937007874
11
6.0273449606299208
21
-3.704938503937008
0
LINE
8
BLACK
6
CONTINUOUS
10
6.0273449606299208
20
-3.704938503937008
11
6.0253180708661418
21
-3.701905
0
LINE
8
BLACK
6
CONTINUOUS
10
6.0253180708661418
20
-3.701905
11
6.0246062992125982
21
-3.6983267716535431
0
LINE
8
BLACK
6
CONTINUOUS
10
6.0246062992125982
20
-3.6983267716535431
11
6.0246062992125982
21
-3.6747047244094486
0
LINE
8
BLACK
6
CONTINUOUS
10
6.0246062992125982
20
-3.6747047244094486
11
6.0253180708661418
21
-3.6711264960629921
0
LINE
8
BLACK
6
CONTINUOUS
10
6.0253180708661418
20
-3.6711264960629921
11
6.0273449606299208
21
-3.6680929921259842
0
LINE
8
BLACK
6
CONTINUOUS
10
6.0273449606299208
20
-3.6680929921259842
11
6.0303784645669287
21
-3.6660661023622048
0
LINE
8
BLACK
6
CONTINUOUS
10
6.0303784645669287
20
-3.6660661023622048
11
6.0339566929133861
21
-3.6653543307086611
0
LINE
8
BLACK
6
CONTINUOUS
10
6.0339566929133861
20
-3.6653543307086611
11
6.0526574803149602
21
-3.6653543307086611
0
LINE
8
BLACK
6
CONTINUOUS
10
6.0526574803149602
20
-3.6653543307086611
11
6.0562357086614176
21
-3.6660661023622048
0
LINE
8
BLACK
6
CONTINUOUS
10
4.8160782283464565
20
-3.6552393307086612
11
4.8191117322834645
21
-3.6572662204724407
0
LINE
8
BLACK
6
CONTINUOUS
10
4.8191117322834645
20
-3.6572662204724407
11
4.8211386220472443
21
-3.6602997244094486
0
LINE
8
BLACK
6
CONTINUOUS
10
4.8211386220472443
20
-3.6602997244094486
11
4.8218503937007871
21
-3.6638779527559056
0
LINE
8
BLACK
6
CONTINUOUS
10
4.8218503937007871
20
-3.6638779527559056
11
4.8218503937007871
21
-3.6875
0
LINE
8
BLACK
6
CONTINUOUS
10
4.8218503937007871
20
-3.6875
11
4.8211386220472443
21
-3.6910782283464565
0
LINE
8
BLACK
6
CONTINUOUS
10
4.8211386220472443
20
-3.6910782283464565
11
4.8191117322834645
21
-3.6941117322834645
0
LINE
8
BLACK
6
CONTINUOUS
10
4.8191117322834645
20
-3.6941117322834645
11
4.8160782283464565
21
-3.6961386220472439
0
LINE
8
BLACK
6
CONTINUOUS
10
4.8160782283464565
20
-3.6961386220472439
11
4.8125
21
-3.6968503937007875
0
LINE
8
BLACK
6
CONTINUOUS
10
4.8125
20
-3.6968503937007875
11
4.793799212598425
21
-3.6968503937007875
0
LINE
8
BLACK
6
CONTINUOUS
10
4.793799212598425
20
-3.6968503937007875
11
4.7902209842519685
21
-3.6961386220472439
0
LINE
8
BLACK
6
CONTINUOUS
10
4.7902209842519685
20
-3.6961386220472439
11
4.7871874803149606
21
-3.6941117322834645
0
LINE
8
BLACK
6
CONTINUOUS
10
4.7871874803149606
20
-3.6941117322834645
11
4.7851605905511807
21
-3.6910782283464565
0
LINE
8
BLACK
6
CONTINUOUS
10
4.7851605905511807
20
-3.6910782283464565
11
4.784448818897638
21
-3.6875
0
LINE
8
BLACK
6
CONTINUOUS
10
4.784448818897638
20
-3.6875
11
4.784448818897638
21
-3.6638779527559056
0
LINE
8
BLACK
6
CONTINUOUS
10
4.784448818897638
20
-3.6638779527559056
11
4.7851605905511807
21
-3.6602997244094486
0
LINE
8
BLACK
6
CONTINUOUS
10
4.7851605905511807
20
-3.6602997244094486
11
4.7871874803149606
21
-3.6572662204724407
0
LINE
8
BLACK
6
CONTINUOUS
10
4.7871874803149606
20
-3.6572662204724407
11
4.7902209842519685
21
-3.6552393307086612
0
LINE
8
BLACK
6
CONTINUOUS
10
4.7902209842519685
20
-3.6552393307086612
11
4.793799212598425
21
-3.6545275590551181
0
LINE
8
BLACK
6
CONTINUOUS
10
4.793799212598425
20
-3.6545275590551181
11
4.8125
21
-3.6545275590551181
0
LINE
8
BLACK
6
CONTINUOUS
10
4.8125
20
-3.6545275590551181
11
4.8160782283464565
21
-3.6552393307086612
0
LINE
8
BLACK
6
CONTINUOUS
10
4.8160782283464565
20
-3.5873259448818895
11
4.8191117322834645
21
-3.5893528346456693
0
LINE
8
BLACK
6
CONTINUOUS
10
4.8191117322834645
20
-3.5893528346456693
11
4.8211386220472443
21
-3.5923863385826769
0
LINE
8
BLACK
6
CONTINUOUS
10
4.8211386220472443
20
-3.5923863385826769
11
4.8218503937007871
21
-3.5959645669291338
0
LINE
8
BLACK
6
CONTINUOUS
10
4.8218503937007871
20
-3.5959645669291338
11
4.8218503937007871
21
-3.6195866141732282
0
LINE
8
BLACK
6
CONTINUOUS
10
4.8218503937007871
20
-3.6195866141732282
11
4.8211386220472443
21
-3.6231648425196847
0
LINE
8
BLACK
6
CONTINUOUS
10
4.8211386220472443
20
-3.6231648425196847
11
4.8191117322834645
21
-3.6261983464566927
0
LINE
8
BLACK
6
CONTINUOUS
10
4.8191117322834645
20
-3.6261983464566927
11
4.8160782283464565
21
-3.6282252362204725
0
LINE
8
BLACK
6
CONTINUOUS
10
4.8160782283464565
20
-3.6282252362204725
11
4.8125
21
-3.6289370078740157
0
LINE
8
BLACK
6
CONTINUOUS
10
4.8125
20
-3.6289370078740157
11
4.793799212598425
21
-3.6289370078740157
0
LINE
8
BLACK
6
CONTINUOUS
10
4.793799212598425
20
-3.6289370078740157
11
4.7902209842519685
21
-3.6282252362204725
0
LINE
8
BLACK
6
CONTINUOUS
10
4.7902209842519685
20
-3.6282252362204725
11
4.7871874803149606
21
-3.6261983464566927
0
LINE
8
BLACK
6
CONTINUOUS
10
4.7871874803149606
20
-3.6261983464566927
11
4.7851605905511807
21
-3.6231648425196847
0
LINE
8
BLACK
6
CONTINUOUS
10
4.7851605905511807
20
-3.6231648425196847
11
4.784448818897638
21
-3.6195866141732282
0
LINE
8
BLACK
6
CONTINUOUS
10
4.784448818897638
20
-3.6195866141732282
11
4.784448818897638
21
-3.5959645669291338
0
LINE
8
BLACK
6
CONTINUOUS
10
4.784448818897638
20
-3.5959645669291338
11
4.7851605905511807
21
-3.5923863385826769
0
LINE
8
BLACK
6
CONTINUOUS
10
4.7851605905511807
20
-3.5923863385826769
11
4.7871874803149606
21
-3.5893528346456693
0
LINE
8
BLACK
6
CONTINUOUS
10
4.7871874803149606
20
-3.5893528346456693
11
4.7902209842519685
21
-3.5873259448818895
0
LINE
8
BLACK
6
CONTINUOUS
10
4.7902209842519685
20
-3.5873259448818895
11
4.793799212598425
21
-3.5866141732283463
0
LINE
8
BLACK
6
CONTINUOUS
10
4.793799212598425
20
-3.5866141732283463
11
4.8125
21
-3.5866141732283463
0
LINE
8
BLACK
6
CONTINUOUS
10
4.8125
20
-3.5866141732283463
11
4.8160782283464565
21
-3.5873259448818895
0
LINE
8
BLACK
6
CONTINUOUS
10
4.6003937007874018
20
-3.5866141732283463
11
4.5570866141732278
21
-3.5866141732283463
0
LINE
8
BLACK
6
CONTINUOUS
10
4.5570866141732278
20
-3.5866141732283463
11
4.5570866141732278
21
-3.5078740157480315
0
LINE
8
BLACK
6
CONTINUOUS
10
4.5570866141732278
20
-3.5078740157480315
11
4.6003937007874018
21
-3.5078740157480315
0
LINE
8
BLACK
6
CONTINUOUS
10
4.6003937007874018
20
-3.5078740157480315
11
4.6003937007874018
21
-3.5866141732283463
0
LINE
8
BLACK
6
CONTINUOUS
10
4.6673228346456694
20
-3.5866141732283463
11
4.6240157480314963
21
-3.5866141732283463
0
LINE
8
BLACK
6
CONTINUOUS
10
4.6240157480314963
20
-3.5866141732283463
11
4.6240157480314963
21
-3.5078740157480315
0
LINE
8
BLACK
6
CONTINUOUS
10
4.6240157480314963
20
-3.5078740157480315
11
4.6673228346456694
21
-3.5078740157480315
0
LINE
8
BLACK
6
CONTINUOUS
10
4.6673228346456694
20
-3.5078740157480315
11
4.6673228346456694
21
-3.5866141732283463
0
LINE
8
BLACK
6
CONTINUOUS
10
4.734251968503937
20
-3.5866141732283463
11
4.6909448818897639
21
-3.5866141732283463
0
LINE
8
BLACK
6
CONTINUOUS
10
4.6909448818897639
20
-3.5866141732283463
11
4.6909448818897639
21
-3.5078740157480315
0
LINE
8
BLACK
6
CONTINUOUS
10
4.6909448818897639
20
-3.5078740157480315
11
4.734251968503937
21
-3.5078740157480315
0
LINE
8
BLACK
6
CONTINUOUS
10
4.734251968503937
20
-3.5078740157480315
11
4.734251968503937
21
-3.5866141732283463
0
LINE
8
BLACK
6
CONTINUOUS
10
5.1122047244094491
20
-3.5866141732283463
11
5.0688976377952759
21
-3.5866141732283463
0
LINE
8
BLACK
6
CONTINUOUS
10
5.0688976377952759
20
-3.5866141732283463
11
5.0688976377952759
21
-3.5078740157480315
0
LINE
8
BLACK
6
CONTINUOUS
10
5.0688976377952759
20
-3.5078740157480315
11
5.1122047244094491
21
-3.5078740157480315
0
LINE
8
BLACK
6
CONTINUOUS
10
5.1122047244094491
20
-3.5078740157480315
11
5.1122047244094491
21
-3.5866141732283463
0
LINE
8
BLACK
6
CONTINUOUS
10
5.1791338582677167
20
-3.5866141732283463
11
5.1358267716535435
21
-3.5866141732283463
0
LINE
8
BLACK
6
CONTINUOUS
10
5.1358267716535435
20
-3.5866141732283463
11
5.1358267716535435
21
-3.5078740157480315
0
LINE
8
BLACK
6
CONTINUOUS
10
5.1358267716535435
20
-3.5078740157480315
11
5.1791338582677167
21
-3.5078740157480315
0
LINE
8
BLACK
6
CONTINUOUS
10
5.1791338582677167
20
-3.5078740157480315
11
5.1791338582677167
21
-3.5866141732283463
0
LINE
8
BLACK
6
CONTINUOUS
10
5.2460629921259843
20
-3.5866141732283463
11
5.2027559055118111
21
-3.5866141732283463
0
LINE
8
BLACK
6
CONTINUOUS
10
5.2027559055118111
20
-3.5866141732283463
11
5.2027559055118111
21
-3.5078740157480315
0
LINE
8
BLACK
6
CONTINUOUS
10
5.2027559055118111
20
-3.5078740157480315
11
5.2460629921259843
21
-3.5078740157480315
0
LINE
8
BLACK
6
CONTINUOUS
10
5.2460629921259843
20
-3.5078740157480315
11
5.2460629921259843
21
-3.5866141732283463
0
LINE
8
BLACK
6
CONTINUOUS
10
5.643700787401575
20
-3.5866141732283463
11
5.6003937007874018
21
-3.5866141732283463
0
LINE
8
BLACK
6
CONTINUOUS
10
5.6003937007874018
20
-3.5866141732283463
11
5.6003937007874018
21
-3.5078740157480315
0
LINE
8
BLACK
6
CONTINUOUS
10
5.6003937007874018
20
-3.5078740157480315
11
5.643700787401575
21
-3.5078740157480315
0
LINE
8
BLACK
6
CONTINUOUS
10
5.643700787401575
20
-3.5078740157480315
11
5.643700787401575
21
-3.5866141732283463
0
LINE
8
BLACK
6
CONTINUOUS
10
5.7106299212598426
20
-3.5866141732283463
11
5.6673228346456694
21
-3.5866141732283463
0
LINE
8
BLACK
6
CONTINUOUS
10
5.6673228346456694
20
-3.5866141732283463
11
5.6673228346456694
21
-3.5078740157480315
0
LINE
8
BLACK
6
CONTINUOUS
10
5.6673228346456694
20
-3.5078740157480315
11
5.7106299212598426
21
-3.5078740157480315
0
LINE
8
BLACK
6
CONTINUOUS
10
5.7106299212598426
20
-3.5078740157480315
11
5.7106299212598426
21
-3.5866141732283463
0
LINE
8
BLACK
6
CONTINUOUS
10
5.7775590551181102
20
-3.5866141732283463
11
5.734251968503937
21
-3.5866141732283463
0
LINE
8
BLACK
6
CONTINUOUS
10
5.734251968503937
20
-3.5866141732283463
11
5.734251968503937
21
-3.5078740157480315
0
LINE
8
BLACK
6
CONTINUOUS
10
5.734251968503937
20
-3.5078740157480315
11
5.7775590551181102
21
-3.5078740157480315
0
LINE
8
BLACK
6
CONTINUOUS
10
5.7775590551181102
20
-3.5078740157480315
11
5.7775590551181102
21
-3.5866141732283463
0
LINE
8
BLACK
6
CONTINUOUS
10
6.1555118110236222
20
-3.5866141732283463
11
6.1122047244094491
21
-3.5866141732283463
0
LINE
8
BLACK
6
CONTINUOUS
10
6.1122047244094491
20
-3.5866141732283463
11
6.1122047244094491
21
-3.5078740157480315
0
LINE
8
BLACK
6
CONTINUOUS
10
6.1122047244094491
20
-3.5078740157480315
11
6.1555118110236222
21
-3.5078740157480315
0
LINE
8
BLACK
6
CONTINUOUS
10
6.1555118110236222
20
-3.5078740157480315
11
6.1555118110236222
21
-3.5866141732283463
0
LINE
8
BLACK
6
CONTINUOUS
10
6.2224409448818898
20
-3.5866141732283463
11
6.1791338582677167
21
-3.5866141732283463
0
LINE
8
BLACK
6
CONTINUOUS
10
6.1791338582677167
20
-3.5866141732283463
11
6.1791338582677167
21
-3.5078740157480315
0
LINE
8
BLACK
6
CONTINUOUS
10
6.1791338582677167
20
-3.5078740157480315
11
6.2224409448818898
21
-3.5078740157480315
0
LINE
8
BLACK
6
CONTINUOUS
10
6.2224409448818898
20
-3.5078740157480315
11
6.2224409448818898
21
-3.5866141732283463
0
LINE
8
BLACK
6
CONTINUOUS
10
6.2893700787401574
20
-3.5866141732283463
11
6.2460629921259843
21
-3.5866141732283463
0
LINE
8
BLACK
6
CONTINUOUS
10
6.2460629921259843
20
-3.5866141732283463
11
6.2460629921259843
21
-3.5078740157480315
0
LINE
8
BLACK
6
CONTINUOUS
10
6.2460629921259843
20
-3.5078740157480315
11
6.2893700787401574
21
-3.5078740157480315
0
LINE
8
BLACK
6
CONTINUOUS
10
6.2893700787401574
20
-3.5078740157480315
11
6.2893700787401574
21
-3.5866141732283463
0
LINE
8
BLACK
6
CONTINUOUS
10
4.2755905511811019
20
-3.4153543307086611
11
4.1968503937007871
21
-3.4153543307086611
0
LINE
8
BLACK
6
CONTINUOUS
10
4.1968503937007871
20
-3.4153543307086611
11
4.1968503937007871
21
-3.372047244094488
0
LINE
8
BLACK
6
CONTINUOUS
10
4.1968503937007871
20
-3.372047244094488
11
4.2755905511811019
21
-3.372047244094488
0
LINE
8
BLACK
6
CONTINUOUS
10
4.2755905511811019
20
-3.372047244094488
11
4.2755905511811019
21
-3.4153543307086611
0
LINE
8
BLACK
6
CONTINUOUS
10
4.4645669291338583
20
-3.4153543307086611
11
4.3858267716535435
21
-3.4153543307086611
0
LINE
8
BLACK
6
CONTINUOUS
10
4.3858267716535435
20
-3.4153543307086611
11
4.3858267716535435
21
-3.372047244094488
0
LINE
8
BLACK
6
CONTINUOUS
10
4.3858267716535435
20
-3.372047244094488
11
4.4645669291338583
21
-3.372047244094488
0
LINE
8
BLACK
6
CONTINUOUS
10
4.4645669291338583
20
-3.372047244094488
11
4.4645669291338583
21
-3.4153543307086611
0
LINE
8
BLACK
6
CONTINUOUS
10
6.4803149606299213
20
-3.4153543307086611
11
6.4015748031496065
21
-3.4153543307086611
0
LINE
8
BLACK
6
CONTINUOUS
10
6.4015748031496065
20
-3.4153543307086611
11
6.4015748031496065
21
-3.372047244094488
0
LINE
8
BLACK
6
CONTINUOUS
10
6.4015748031496065
20
-3.372047244094488
11
6.4803149606299213
21
-3.372047244094488
0
LINE
8
BLACK
6
CONTINUOUS
10
6.4803149606299213
20
-3.372047244094488
11
6.4803149606299213
21
-3.4153543307086611
0
LINE
8
BLACK
6
CONTINUOUS
10
6.6692913385826769
20
-3.4153543307086611
11
6.590551181102362
21
-3.4153543307086611
0
LINE
8
BLACK
6
CONTINUOUS
10
6.590551181102362
20
-3.4153543307086611
11
6.590551181102362
21
-3.372047244094488
0
LINE
8
BLACK
6
CONTINUOUS
10
6.590551181102362
20
-3.372047244094488
11
6.6692913385826769
21
-3.372047244094488
0
LINE
8
BLACK
6
CONTINUOUS
10
6.6692913385826769
20
-3.372047244094488
11
6.6692913385826769
21
-3.4153543307086611
0
LINE
8
BLACK
6
CONTINUOUS
10
4.2755905511811019
20
-3.3484251968503935
11
4.1968503937007871
21
-3.3484251968503935
0
LINE
8
BLACK
6
CONTINUOUS
10
4.1968503937007871
20
-3.3484251968503935
11
4.1968503937007871
21
-3.3051181102362204
0
LINE
8
BLACK
6
CONTINUOUS
10
4.1968503937007871
20
-3.3051181102362204
11
4.2755905511811019
21
-3.3051181102362204
0
LINE
8
BLACK
6
CONTINUOUS
10
4.2755905511811019
20
-3.3051181102362204
11
4.2755905511811019
21
-3.3484251968503935
0
LINE
8
BLACK
6
CONTINUOUS
10
4.4645669291338583
20
-3.3484251968503935
11
4.3858267716535435
21
-3.3484251968503935
0
LINE
8
BLACK
6
CONTINUOUS
10
4.3858267716535435
20
-3.3484251968503935
11
4.3858267716535435
21
-3.3051181102362204
0
LINE
8
BLACK
6
CONTINUOUS
10
4.3858267716535435
20
-3.3051181102362204
11
4.4645669291338583
21
-3.3051181102362204
0
LINE
8
BLACK
6
CONTINUOUS
10
4.4645669291338583
20
-3.3051181102362204
11
4.4645669291338583
21
-3.3484251968503935
0
LINE
8
BLACK
6
CONTINUOUS
10
6.4803149606299213
20
-3.3484251968503935
11
6.4015748031496065
21
-3.3484251968503935
0
LINE
8
BLACK
6
CONTINUOUS
10
6.4015748031496065
20
-3.3484251968503935
11
6.4015748031496065
21
-3.3051181102362204
0
LINE
8
BLACK
6
CONTINUOUS
10
6.4015748031496065
20
-3.3051181102362204
11
6.4803149606299213
21
-3.3051181102362204
0
LINE
8
BLACK
6
CONTINUOUS
10
6.4803149606299213
20
-3.3051181102362204
11
6.4803149606299213
21
-3.3484251968503935
0
LINE
8
BLACK
6
CONTINUOUS
10
6.6692913385826769
20
-3.3484251968503935
11
6.590551181102362
21
-3.3484251968503935
0
LINE
8
BLACK
6
CONTINUOUS
10
6.590551181102362
20
-3.3484251968503935
11
6.590551181102362
21
-3.3051181102362204
0
LINE
8
BLACK
6
CONTINUOUS
10
6.590551181102362
20
-3.3051181102362204
11
6.6692913385826769
21
-3.3051181102362204
0
LINE
8
BLACK
6
CONTINUOUS
10
6.6692913385826769
20
-3.3051181102362204
11
6.6692913385826769
21
-3.3484251968503935
0
LINE
8
BLACK
6
CONTINUOUS
10
4.2755905511811019
20
-3.2814960629921259
11
4.1968503937007871
21
-3.2814960629921259
0
LINE
8
BLACK
6
CONTINUOUS
10
4.1968503937007871
20
-3.2814960629921259
11
4.1968503937007871
21
-3.2381889763779528
0
LINE
8
BLACK
6
CONTINUOUS
10
4.1968503937007871
20
-3.2381889763779528
11
4.2755905511811019
21
-3.2381889763779528
0
LINE
8
BLACK
6
CONTINUOUS
10
4.2755905511811019
20
-3.2381889763779528
11
4.2755905511811019
21
-3.2814960629921259
0
LINE
8
BLACK
6
CONTINUOUS
10
4.4645669291338583
20
-3.2814960629921259
11
4.3858267716535435
21
-3.2814960629921259
0
LINE
8
BLACK
6
CONTINUOUS
10
4.3858267716535435
20
-3.2814960629921259
11
4.3858267716535435
21
-3.2381889763779528
0
LINE
8
BLACK
6
CONTINUOUS
10
4.3858267716535435
20
-3.2381889763779528
11
4.4645669291338583
21
-3.2381889763779528
0
LINE
8
BLACK
6
CONTINUOUS
10
4.4645669291338583
20
-3.2381889763779528
11
4.4645669291338583
21
-3.2814960629921259
0
LINE
8
BLACK
6
CONTINUOUS
10
6.4803149606299213
20
-3.2814960629921259
11
6.4015748031496065
21
-3.2814960629921259
0
LINE
8
BLACK
6
CONTINUOUS
10
6.4015748031496065
20
-3.2814960629921259
11
6.4015748031496065
21
-3.2381889763779528
0
LINE
8
BLACK
6
CONTINUOUS
10
6.4015748031496065
20
-3.2381889763779528
11
6.4803149606299213
21
-3.2381889763779528
0
LINE
8
BLACK
6
CONTINUOUS
10
6.4803149606299213
20
-3.2381889763779528
11
6.4803149606299213
21
-3.2814960629921259
0
LINE
8
BLACK
6
CONTINUOUS
10
6.6692913385826769
20
-3.2814960629921259
11
6.590551181102362
21
-3.2814960629921259
0
LINE
8
BLACK
6
CONTINUOUS
10
6.590551181102362
20
-3.2814960629921259
11
6.590551181102362
21
-3.2381889763779528
0
LINE
8
BLACK
6
CONTINUOUS
10
6.590551181102362
20
-3.2381889763779528
11
6.6692913385826769
21
-3.2381889763779528
0
LINE
8
BLACK
6
CONTINUOUS
10
6.6692913385826769
20
-3.2381889763779528
11
6.6692913385826769
21
-3.2814960629921259
0
LINE
8
BLACK
6
CONTINUOUS
10
4.2334010629921259
20
-3.1513023228346455
11
4.2364345669291339
21
-3.1533292125984249
0
LINE
8
BLACK
6
CONTINUOUS
10
4.2364345669291339
20
-3.1533292125984249
11
4.2384614566929129
21
-3.1563627165354329
0
LINE
8
BLACK
6
CONTINUOUS
10
4.2384614566929129
20
-3.1563627165354329
11
4.2391732283464565
21
-3.1599409448818898
0
LINE
8
BLACK
6
CONTINUOUS
10
4.2391732283464565
20
-3.1599409448818898
11
4.2391732283464565
21
-3.1786417322834644
0
LINE
8
BLACK
6
CONTINUOUS
10
4.2391732283464565
20
-3.1786417322834644
11
4.2384614566929129
21
-3.1822199606299213
0
LINE
8
BLACK
6
CONTINUOUS
10
4.2384614566929129
20
-3.1822199606299213
11
4.2364345669291339
21
-3.1852534645669293
0
LINE
8
BLACK
6
CONTINUOUS
10
4.2364345669291339
20
-3.1852534645669293
11
4.2334010629921259
21
-3.1872803543307087
0
LINE
8
BLACK
6
CONTINUOUS
10
4.2334010629921259
20
-3.1872803543307087
11
4.2298228346456694
21
-3.1879921259842519
0
LINE
8
BLACK
6
CONTINUOUS
10
4.2298228346456694
20
-3.1879921259842519
11
4.206200787401575
21
-3.1879921259842519
0
LINE
8
BLACK
6
CONTINUOUS
10
4.206200787401575
20
-3.1879921259842519
11
4.2026225590551176
21
-3.1872803543307087
0
LINE
8
BLACK
6
CONTINUOUS
10
4.2026225590551176
20
-3.1872803543307087
11
4.1995890551181105
21
-3.1852534645669293
0
LINE
8
BLACK
6
CONTINUOUS
10
4.1995890551181105
20
-3.1852534645669293
11
4.1975621653543307
21
-3.1822199606299213
0
LINE
8
BLACK
6
CONTINUOUS
10
4.1975621653543307
20
-3.1822199606299213
11
4.1968503937007871
21
-3.1786417322834644
0
LINE
8
BLACK
6
CONTINUOUS
10
4.1968503937007871
20
-3.1786417322834644
11
4.1968503937007871
21
-3.1599409448818898
0
LINE
8
BLACK
6
CONTINUOUS
10
4.1968503937007871
20
-3.1599409448818898
11
4.1975621653543307
21
-3.1563627165354329
0
LINE
8
BLACK
6
CONTINUOUS
10
4.1975621653543307
20
-3.1563627165354329
11
4.1995890551181105
21
-3.1533292125984249
0
LINE
8
BLACK
6
CONTINUOUS
10
4.1995890551181105
20
-3.1533292125984249
11
4.2026225590551176
21
-3.1513023228346455
0
LINE
8
BLACK
6
CONTINUOUS
10
4.2026225590551176
20
-3.1513023228346455
11
4.206200787401575
21
-3.1505905511811023
0
LINE
8
BLACK
6
CONTINUOUS
10
4.206200787401575
20
-3.1505905511811023
11
4.2298228346456694
21
-3.1505905511811023
0
LINE
8
BLACK
6
CONTINUOUS
10
4.2298228346456694
20
-3.1505905511811023
11
4.2334010629921259
21
-3.1513023228346455
0
LINE
8
BLACK
6
CONTINUOUS
10
4.3013144488188972
20
-3.1513023228346455
11
4.3043479527559052
21
-3.1533292125984249
0
LINE
8
BLACK
6
CONTINUOUS
10
4.3043479527559052
20
-3.1533292125984249
11
4.3063748425196851
21
-3.1563627165354329
0
LINE
8
BLACK
6
CONTINUOUS
10
4.3063748425196851
20
-3.1563627165354329
11
4.3070866141732287
21
-3.1599409448818898
0
LINE
8
BLACK
6
CONTINUOUS
10
4.3070866141732287
20
-3.1599409448818898
11
4.3070866141732287
21
-3.1786417322834644
0
LINE
8
BLACK
6
CONTINUOUS
10
4.3070866141732287
20
-3.1786417322834644
11
4.3063748425196851
21
-3.1822199606299213
0
LINE
8
BLACK
6
CONTINUOUS
10
4.3063748425196851
20
-3.1822199606299213
11
4.3043479527559052
21
-3.1852534645669293
0
LINE
8
BLACK
6
CONTINUOUS
10
4.3043479527559052
20
-3.1852534645669293
11
4.3013144488188972
21
-3.1872803543307087
0
LINE
8
BLACK
6
CONTINUOUS
10
4.3013144488188972
20
-3.1872803543307087
11
4.2977362204724407
21
-3.1879921259842519
0
LINE
8
BLACK
6
CONTINUOUS
10
4.2977362204724407
20
-3.1879921259842519
11
4.2741141732283463
21
-3.1879921259842519
0
LINE
8
BLACK
6
CONTINUOUS
10
4.2741141732283463
20
-3.1879921259842519
11
4.2705359448818898
21
-3.1872803543307087
0
LINE
8
BLACK
6
CONTINUOUS
10
4.2705359448818898
20
-3.1872803543307087
11
4.2675024409448818
21
-3.1852534645669293
0
LINE
8
BLACK
6
CONTINUOUS
10
4.2675024409448818
20
-3.1852534645669293
11
4.265475551181102
21
-3.1822199606299213
0
LINE
8
BLACK
6
CONTINUOUS
10
4.265475551181102
20
-3.1822199606299213
11
4.2647637795275593
21
-3.1786417322834644
0
LINE
8
BLACK
6
CONTINUOUS
10
4.2647637795275593
20
-3.1786417322834644
11
4.2647637795275593
21
-3.1599409448818898
0
LINE
8
BLACK
6
CONTINUOUS
10
4.2647637795275593
20
-3.1599409448818898
11
4.265475551181102
21
-3.1563627165354329
0
LINE
8
BLACK
6
CONTINUOUS
10
4.265475551181102
20
-3.1563627165354329
11
4.2675024409448818
21
-3.1533292125984249
0
LINE
8
BLACK
6
CONTINUOUS
10
4.2675024409448818
20
-3.1533292125984249
11
4.2705359448818898
21
-3.1513023228346455
0
LINE
8
BLACK
6
CONTINUOUS
10
4.2705359448818898
20
-3.1513023228346455
11
4.2741141732283463
21
-3.1505905511811023
0
LINE
8
BLACK
6
CONTINUOUS
10
4.2741141732283463
20
-3.1505905511811023
11
4.2977362204724407
21
-3.1505905511811023
0
LINE
8
BLACK
6
CONTINUOUS
10
4.2977362204724407
20
-3.1505905511811023
11
4.3013144488188972
21
-3.1513023228346455
0
LINE
8
BLACK
6
CONTINUOUS
10
6.4381254724409445
20
-3.1513023228346455
11
6.4411589763779524
21
-3.1533292125984249
0
LINE
8
BLACK
6
CONTINUOUS
10
6.4411589763779524
20
-3.1533292125984249
11
6.4431858661417323
21
-3.1563627165354329
0
LINE
8
BLACK
6
CONTINUOUS
10
6.4431858661417323
20
-3.1563627165354329
11
6.443897637795275
21
-3.1599409448818898
0
LINE
8
BLACK
6
CONTINUOUS
10
6.443897637795275
20
-3.1599409448818898
11
6.443897637795275
21
-3.1786417322834644
0
LINE
8
BLACK
6
CONTINUOUS
10
6.443897637795275
20
-3.1786417322834644
11
6.4431858661417323
21
-3.1822199606299213
0
LINE
8
BLACK
6
CONTINUOUS
10
6.4431858661417323
20
-3.1822199606299213
11
6.4411589763779524
21
-3.1852534645669293
0
LINE
8
BLACK
6
CONTINUOUS
10
6.4411589763779524
20
-3.1852534645669293
11
6.4381254724409445
21
-3.1872803543307087
0
LINE
8
BLACK
6
CONTINUOUS
10
6.4381254724409445
20
-3.1872803543307087
11
6.434547244094488
21
-3.1879921259842519
0
LINE
8
BLACK
6
CONTINUOUS
10
6.434547244094488
20
-3.1879921259842519
11
6.4109251968503935
21
-3.1879921259842519
0
LINE
8
BLACK
6
CONTINUOUS
10
6.4109251968503935
20
-3.1879921259842519
11
6.407346968503937
21
-3.1872803543307087
0
LINE
8
BLACK
6
CONTINUOUS
10
6.407346968503937
20
-3.1872803543307087
11
6.4043134645669291
21
-3.1852534645669293
0
LINE
8
BLACK
6
CONTINUOUS
10
6.4043134645669291
20
-3.1852534645669293
11
6.4022865748031492
21
-3.1822199606299213
0
LINE
8
BLACK
6
CONTINUOUS
10
6.4022865748031492
20
-3.1822199606299213
11
6.4015748031496065
21
-3.1786417322834644
0
LINE
8
BLACK
6
CONTINUOUS
10
6.4015748031496065
20
-3.1786417322834644
11
6.4015748031496065
21
-3.1599409448818898
0
LINE
8
BLACK
6
CONTINUOUS
10
6.4015748031496065
20
-3.1599409448818898
11
6.4022865748031492
21
-3.1563627165354329
0
LINE
8
BLACK
6
CONTINUOUS
10
6.4022865748031492
20
-3.1563627165354329
11
6.4043134645669291
21
-3.1533292125984249
0
LINE
8
BLACK
6
CONTINUOUS
10
6.4043134645669291
20
-3.1533292125984249
11
6.407346968503937
21
-3.1513023228346455
0
LINE
8
BLACK
6
CONTINUOUS
10
6.407346968503937
20
-3.1513023228346455
11
6.4109251968503935
21
-3.1505905511811023
0
LINE
8
BLACK
6
CONTINUOUS
10
6.4109251968503935
20
-3.1505905511811023
11
6.434547244094488
21
-3.1505905511811023
0
LINE
8
BLACK
6
CONTINUOUS
10
6.434547244094488
20
-3.1505905511811023
11
6.4381254724409445
21
-3.1513023228346455
0
LINE
8
BLACK
6
CONTINUOUS
10
6.5060388582677167
20
-3.1513023228346455
11
6.5090723622047246
21
-3.1533292125984249
0
LINE
8
BLACK
6
CONTINUOUS
10
6.5090723622047246
20
-3.1533292125984249
11
6.5110992519685036
21
-3.1563627165354329
0
LINE
8
BLACK
6
CONTINUOUS
10
6.5110992519685036
20
-3.1563627165354329
11
6.5118110236220472
21
-3.1599409448818898
0
LINE
8
BLACK
6
CONTINUOUS
10
6.5118110236220472
20
-3.1599409448818898
11
6.5118110236220472
21
-3.1786417322834644
0
LINE
8
BLACK
6
CONTINUOUS
10
6.5118110236220472
20
-3.1786417322834644
11
6.5110992519685036
21
-3.1822199606299213
0
LINE
8
BLACK
6
CONTINUOUS
10
6.5110992519685036
20
-3.1822199606299213
11
6.5090723622047246
21
-3.1852534645669293
0
LINE
8
BLACK
6
CONTINUOUS
10
6.5090723622047246
20
-3.1852534645669293
11
6.5060388582677167
21
-3.1872803543307087
0
LINE
8
BLACK
6
CONTINUOUS
10
6.5060388582677167
20
-3.1872803543307087
11
6.5024606299212593
21
-3.1879921259842519
0
LINE
8
BLACK
6
CONTINUOUS
10
6.5024606299212593
20
-3.1879921259842519
11
6.4788385826771648
21
-3.1879921259842519
0
LINE
8
BLACK
6
CONTINUOUS
10
6.4788385826771648
20
-3.1879921259842519
11
6.4752603543307083
21
-3.1872803543307087
0
LINE
8
BLACK
6
CONTINUOUS
10
6.4752603543307083
20
-3.1872803543307087
11
6.4722268503937004
21
-3.1852534645669293
0
LINE
8
BLACK
6
CONTINUOUS
10
6.4722268503937004
20
-3.1852534645669293
11
6.4701999606299214
21
-3.1822199606299213
0
LINE
8
BLACK
6
CONTINUOUS
10
6.4701999606299214
20
-3.1822199606299213
11
6.4694881889763778
21
-3.1786417322834644
0
LINE
8
BLACK
6
CONTINUOUS
10
6.4694881889763778
20
-3.1786417322834644
11
6.4694881889763778
21
-3.1599409448818898
0
LINE
8
BLACK
6
CONTINUOUS
10
6.4694881889763778
20
-3.1599409448818898
11
6.4701999606299214
21
-3.1563627165354329
0
LINE
8
BLACK
6
CONTINUOUS
10
6.4701999606299214
20
-3.1563627165354329
11
6.4722268503937004
21
-3.1533292125984249
0
LINE
8
BLACK
6
CONTINUOUS
10
6.4722268503937004
20
-3.1533292125984249
11
6.4752603543307083
21
-3.1513023228346455
0
LINE
8
BLACK
6
CONTINUOUS
10
6.4752603543307083
20
-3.1513023228346455
11
6.4788385826771648
21
-3.1505905511811023
0
LINE
8
BLACK
6
CONTINUOUS
10
6.4788385826771648
20
-3.1505905511811023
11
6.5024606299212593
21
-3.1505905511811023
0
LINE
8
BLACK
6
CONTINUOUS
10
6.5024606299212593
20
-3.1505905511811023
11
6.5060388582677167
21
-3.1513023228346455
0
LINE
8
BLACK
6
CONTINUOUS
10
5.761452244094488
20
-3.1316172834645668
11
5.7644857480314959
21
-3.1336441732283462
0
LINE
8
BLACK
6
CONTINUOUS
10
5.7644857480314959
20
-3.1336441732283462
11
5.7665126377952758
21
-3.1366776771653542
0
LINE
8
BLACK
6
CONTINUOUS
10
5.7665126377952758
20
-3.1366776771653542
11
5.7672244094488185
21
-3.1402559055118111
0
LINE
8
BLACK
6
CONTINUOUS
10
5.7672244094488185
20
-3.1402559055118111
11
5.7672244094488185
21
-3.1589566929133857
0
LINE
8
BLACK
6
CONTINUOUS
10
5.7672244094488185
20
-3.1589566929133857
11
5.7665126377952758
21
-3.1625349212598426
0
LINE
8
BLACK
6
CONTINUOUS
10
5.7665126377952758
20
-3.1625349212598426
11
5.7644857480314959
21
-3.1655684251968501
0
LINE
8
BLACK
6
CONTINUOUS
10
5.7644857480314959
20
-3.1655684251968501
11
5.761452244094488
21
-3.16759531496063
0
LINE
8
BLACK
6
CONTINUOUS
10
5.761452244094488
20
-3.16759531496063
11
5.7578740157480315
21
-3.1683070866141732
0
LINE
8
BLACK
6
CONTINUOUS
10
5.7578740157480315
20
-3.1683070866141732
11
5.7381889763779528
21
-3.1683070866141732
0
LINE
8
BLACK
6
CONTINUOUS
10
5.7381889763779528
20
-3.1683070866141732
11
5.7346107480314963
21
-3.16759531496063
0
LINE
8
BLACK
6
CONTINUOUS
10
5.7346107480314963
20
-3.16759531496063
11
5.7315772440944883
21
-3.1655684251968501
0
LINE
8
BLACK
6
CONTINUOUS
10
5.7315772440944883
20
-3.1655684251968501
11
5.7295503543307085
21
-3.1625349212598426
0
LINE
8
BLACK
6
CONTINUOUS
10
5.7295503543307085
20
-3.1625349212598426
11
5.7288385826771648
21
-3.1589566929133857
0
LINE
8
BLACK
6
CONTINUOUS
10
5.7288385826771648
20
-3.1589566929133857
11
5.7288385826771648
21
-3.1402559055118111
0
LINE
8
BLACK
6
CONTINUOUS
10
5.7288385826771648
20
-3.1402559055118111
11
5.7295503543307085
21
-3.1366776771653542
0
LINE
8
BLACK
6
CONTINUOUS
10
5.7295503543307085
20
-3.1366776771653542
11
5.7315772440944883
21
-3.1336441732283462
0
LINE
8
BLACK
6
CONTINUOUS
10
5.7315772440944883
20
-3.1336441732283462
11
5.7346107480314963
21
-3.1316172834645668
0
LINE
8
BLACK
6
CONTINUOUS
10
5.7346107480314963
20
-3.1316172834645668
11
5.7381889763779528
21
-3.1309055118110236
0
LINE
8
BLACK
6
CONTINUOUS
10
5.7381889763779528
20
-3.1309055118110236
11
5.7578740157480315
21
-3.1309055118110236
0
LINE
8
BLACK
6
CONTINUOUS
10
5.7578740157480315
20
-3.1309055118110236
11
5.761452244094488
21
-3.1316172834645668
0
LINE
8
BLACK
6
CONTINUOUS
10
5.833302637795275
20
-3.1316172834645668
11
5.836336141732283
21
-3.1336441732283462
0
LINE
8
BLACK
6
CONTINUOUS
10
5.836336141732283
20
-3.1336441732283462
11
5.8383630314960628
21
-3.1366776771653542
0
LINE
8
BLACK
6
CONTINUOUS
10
5.8383630314960628
20
-3.1366776771653542
11
5.8390748031496065
21
-3.1402559055118111
0
LINE
8
BLACK
6
CONTINUOUS
10
5.8390748031496065
20
-3.1402559055118111
11
5.8390748031496065
21
-3.1589566929133857
0
LINE
8
BLACK
6
CONTINUOUS
10
5.8390748031496065
20
-3.1589566929133857
11
5.8383630314960628
21
-3.1625349212598426
0
LINE
8
BLACK
6
CONTINUOUS
10
5.8383630314960628
20
-3.1625349212598426
11
5.836336141732283
21
-3.1655684251968501
0
LINE
8
BLACK
6
CONTINUOUS
10
5.836336141732283
20
-3.1655684251968501
11
5.833302637795275
21
-3.16759531496063
0
LINE
8
BLACK
6
CONTINUOUS
10
5.833302637795275
20
-3.16759531496063
11
5.8297244094488185
21
-3.1683070866141732
0
LINE
8
BLACK
6
CONTINUOUS
10
5.8297244094488185
20
-3.1683070866141732
11
5.8100393700787398
21
-3.1683070866141732
0
LINE
8
BLACK
6
CONTINUOUS
10
5.8100393700787398
20
-3.1683070866141732
11
5.8064611417322833
21
-3.16759531496063
0
LINE
8
BLACK
6
CONTINUOUS
10
5.8064611417322833
20
-3.16759531496063
11
5.8034276377952754
21
-3.1655684251968501
0
LINE
8
BLACK
6
CONTINUOUS
10
5.8034276377952754
20
-3.1655684251968501
11
5.8014007480314955
21
-3.1625349212598426
0
LINE
8
BLACK
6
CONTINUOUS
10
5.8014007480314955
20
-3.1625349212598426
11
5.8006889763779528
21
-3.1589566929133857
0
LINE
8
BLACK
6
CONTINUOUS
10
5.8006889763779528
20
-3.1589566929133857
11
5.8006889763779528
21
-3.1402559055118111
0
LINE
8
BLACK
6
CONTINUOUS
10
5.8006889763779528
20
-3.1402559055118111
11
5.8014007480314955
21
-3.1366776771653542
0
LINE
8
BLACK
6
CONTINUOUS
10
5.8014007480314955
20
-3.1366776771653542
11
5.8034276377952754
21
-3.1336441732283462
0
LINE
8
BLACK
6
CONTINUOUS
10
5.8034276377952754
20
-3.1336441732283462
11
5.8064611417322833
21
-3.1316172834645668
0
LINE
8
BLACK
6
CONTINUOUS
10
5.8064611417322833
20
-3.1316172834645668
11
5.8100393700787398
21
-3.1309055118110236
0
LINE
8
BLACK
6
CONTINUOUS
10
5.8100393700787398
20
-3.1309055118110236
11
5.8297244094488185
21
-3.1309055118110236
0
LINE
8
BLACK
6
CONTINUOUS
10
5.8297244094488185
20
-3.1309055118110236
11
5.833302637795275
21
-3.1316172834645668
0
LINE
8
BLACK
6
CONTINUOUS
10
4.9299476377952756
20
-3.1021271653543305
11
4.9331407874015749
21
-3.1042607874015746
0
LINE
8
BLACK
6
CONTINUOUS
10
4.9331407874015749
20
-3.1042607874015746
11
4.9352744094488186
21
-3.107453937007874
0
LINE
8
BLACK
6
CONTINUOUS
10
4.9352744094488186
20
-3.107453937007874
11
4.9360235826771657
21
-3.1112205511811024
0
LINE
8
BLACK
6
CONTINUOUS
10
4.9360235826771657
20
-3.1112205511811024
11
4.9360236220472435
21
-3.1476377559055115
0
LINE
8
BLACK
6
CONTINUOUS
10
4.9360236220472435
20
-3.1476377559055115
11
4.9352744094488186
21
-3.1514043307086612
0
LINE
8
BLACK
6
CONTINUOUS
10
4.9352744094488186
20
-3.1514043307086612
11
4.9331407874015749
21
-3.1545974803149606
0
LINE
8
BLACK
6
CONTINUOUS
10
4.9331407874015749
20
-3.1545974803149606
11
4.9299476377952756
21
-3.1567311023622047
0
LINE
8
BLACK
6
CONTINUOUS
10
4.9299476377952756
20
-3.1567311023622047
11
4.9261810236220471
21
-3.1574802755905509
0
LINE
8
BLACK
6
CONTINUOUS
10
4.9261810236220471
20
-3.1574802755905509
11
4.8769685433070862
21
-3.1574803149606296
0
LINE
8
BLACK
6
CONTINUOUS
10
4.8769685433070862
20
-3.1574803149606296
11
4.8732019685039365
21
-3.1567311023622047
0
LINE
8
BLACK
6
CONTINUOUS
10
4.8732019685039365
20
-3.1567311023622047
11
4.870008818897638
21
-3.1545974803149606
0
LINE
8
BLACK
6
CONTINUOUS
10
4.870008818897638
20
-3.1545974803149606
11
4.8678751968503935
21
-3.1514043307086612
0
LINE
8
BLACK
6
CONTINUOUS
10
4.8678751968503935
20
-3.1514043307086612
11
4.8671260236220473
21
-3.1476377165354328
0
LINE
8
BLACK
6
CONTINUOUS
10
4.8671260236220473
20
-3.1476377165354328
11
4.8671259842519685
21
-3.1112205118110237
0
LINE
8
BLACK
6
CONTINUOUS
10
4.8671259842519685
20
-3.1112205118110237
11
4.8678751968503935
21
-3.107453937007874
0
LINE
8
BLACK
6
CONTINUOUS
10
4.8678751968503935
20
-3.107453937007874
11
4.870008818897638
21
-3.1042607874015746
0
LINE
8
BLACK
6
CONTINUOUS
10
4.870008818897638
20
-3.1042607874015746
11
4.8732019685039365
21
-3.1021271653543305
0
LINE
8
BLACK
6
CONTINUOUS
10
4.8732019685039365
20
-3.1021271653543305
11
4.8769685826771649
21
-3.1013779921259843
0
LINE
8
BLACK
6
CONTINUOUS
10
4.8769685826771649
20
-3.1013779921259843
11
4.9261810629921259
21
-3.1013779527559056
0
LINE
8
BLACK
6
CONTINUOUS
10
4.9261810629921259
20
-3.1013779527559056
11
4.9299476377952756
21
-3.1021271653543305
0
LINE
8
BLACK
6
CONTINUOUS
10
5.3121412204724408
20
-3.1119322440944881
11
5.3151747244094487
21
-3.1139591338582675
0
LINE
8
BLACK
6
CONTINUOUS
10
5.3151747244094487
20
-3.1139591338582675
11
5.3172016141732286
21
-3.1169926377952755
0
LINE
8
BLACK
6
CONTINUOUS
10
5.3172016141732286
20
-3.1169926377952755
11
5.3179133858267713
21
-3.1205708661417324
0
LINE
8
BLACK
6
CONTINUOUS
10
5.3179133858267713
20
-3.1205708661417324
11
5.3179133858267713
21
-3.139271653543307
0
LINE
8
BLACK
6
CONTINUOUS
10
5.3179133858267713
20
-3.139271653543307
11
5.3172016141732286
21
-3.1428498818897639
0
LINE
8
BLACK
6
CONTINUOUS
10
5.3172016141732286
20
-3.1428498818897639
11
5.3151747244094487
21
-3.1458833858267714
0
LINE
8
BLACK
6
CONTINUOUS
10
5.3151747244094487
20
-3.1458833858267714
11
5.3121412204724408
21
-3.1479102755905513
0
LINE
8
BLACK
6
CONTINUOUS
10
5.3121412204724408
20
-3.1479102755905513
11
5.3085629921259843
21
-3.1486220472440944
0
LINE
8
BLACK
6
CONTINUOUS
10
5.3085629921259843
20
-3.1486220472440944
11
5.2888779527559056
21
-3.1486220472440944
0
LINE
8
BLACK
6
CONTINUOUS
10
5.2888779527559056
20
-3.1486220472440944
11
5.2852997244094491
21
-3.1479102755905513
0
LINE
8
BLACK
6
CONTINUOUS
10
5.2852997244094491
20
-3.1479102755905513
11
5.2822662204724411
21
-3.1458833858267714
0
LINE
8
BLACK
6
CONTINUOUS
10
5.2822662204724411
20
-3.1458833858267714
11
5.2802393307086612
21
-3.1428498818897639
0
LINE
8
BLACK
6
CONTINUOUS
10
5.2802393307086612
20
-3.1428498818897639
11
5.2795275590551176
21
-3.139271653543307
0
LINE
8
BLACK
6
CONTINUOUS
10
5.2795275590551176
20
-3.139271653543307
11
5.2795275590551176
21
-3.1205708661417324
0
LINE
8
BLACK
6
CONTINUOUS
10
5.2795275590551176
20
-3.1205708661417324
11
5.2802393307086612
21
-3.1169926377952755
0
LINE
8
BLACK
6
CONTINUOUS
10
5.2802393307086612
20
-3.1169926377952755
11
5.2822662204724411
21
-3.1139591338582675
0
LINE
8
BLACK
6
CONTINUOUS
10
5.2822662204724411
20
-3.1139591338582675
11
5.2852997244094491
21
-3.1119322440944881
0
LINE
8
BLACK
6
CONTINUOUS
10
5.2852997244094491
20
-3.1119322440944881
11
5.2888779527559056
21
-3.1112204724409449
0
LINE
8
BLACK
6
CONTINUOUS
10
5.2888779527559056
20
-3.1112204724409449
11
5.3085629921259843
21
-3.1112204724409449
0
LINE
8
BLACK
6
CONTINUOUS
10
5.3085629921259843
20
-3.1112204724409449
11
5.3121412204724408
21
-3.1119322440944881
0
LINE
8
BLACK
6
CONTINUOUS
10
5.3839916141732278
20
-3.1119322440944881
11
5.3870251181102358
21
-3.1139591338582675
0
LINE
8
BLACK
6
CONTINUOUS
10
5.3870251181102358
20
-3.1139591338582675
11
5.3890520078740156
21
-3.1169926377952755
0
LINE
8
BLACK
6
CONTINUOUS
10
5.3890520078740156
20
-3.1169926377952755
11
5.3897637795275593
21
-3.1205708661417324
0
LINE
8
BLACK
6
CONTINUOUS
10
5.3897637795275593
20
-3.1205708661417324
11
5.3897637795275593
21
-3.139271653543307
0
LINE
8
BLACK
6
CONTINUOUS
10
5.3897637795275593
20
-3.139271653543307
11
5.3890520078740156
21
-3.1428498818897639
0
LINE
8
BLACK
6
CONTINUOUS
10
5.3890520078740156
20
-3.1428498818897639
11
5.3870251181102358
21
-3.1458833858267714
0
LINE
8
BLACK
6
CONTINUOUS
10
5.3870251181102358
20
-3.1458833858267714
11
5.3839916141732278
21
-3.1479102755905513
0
LINE
8
BLACK
6
CONTINUOUS
10
5.3839916141732278
20
-3.1479102755905513
11
5.3804133858267713
21
-3.1486220472440944
0
LINE
8
BLACK
6
CONTINUOUS
10
5.3804133858267713
20
-3.1486220472440944
11
5.3607283464566926
21
-3.1486220472440944
0
LINE
8
BLACK
6
CONTINUOUS
10
5.3607283464566926
20
-3.1486220472440944
11
5.3571501181102361
21
-3.1479102755905513
0
LINE
8
BLACK
6
CONTINUOUS
10
5.3571501181102361
20
-3.1479102755905513
11
5.3541166141732282
21
-3.1458833858267714
0
LINE
8
BLACK
6
CONTINUOUS
10
5.3541166141732282
20
-3.1458833858267714
11
5.3520897244094483
21
-3.1428498818897639
0
LINE
8
BLACK
6
CONTINUOUS
10
5.3520897244094483
20
-3.1428498818897639
11
5.3513779527559056
21
-3.139271653543307
0
LINE
8
BLACK
6
CONTINUOUS
10
5.3513779527559056
20
-3.139271653543307
11
5.3513779527559056
21
-3.1205708661417324
0
LINE
8
BLACK
6
CONTINUOUS
10
5.3513779527559056
20
-3.1205708661417324
11
5.3520897244094483
21
-3.1169926377952755
0
LINE
8
BLACK
6
CONTINUOUS
10
5.3520897244094483
20
-3.1169926377952755
11
5.3541166141732282
21
-3.1139591338582675
0
LINE
8
BLACK
6
CONTINUOUS
10
5.3541166141732282
20
-3.1139591338582675
11
5.3571501181102361
21
-3.1119322440944881
0
LINE
8
BLACK
6
CONTINUOUS
10
5.3571501181102361
20
-3.1119322440944881
11
5.3607283464566926
21
-3.1112204724409449
0
LINE
8
BLACK
6
CONTINUOUS
10
5.3607283464566926
20
-3.1112204724409449
11
5.3804133858267713
21
-3.1112204724409449
0
LINE
8
BLACK
6
CONTINUOUS
10
5.3804133858267713
20
-3.1112204724409449
11
5.3839916141732278
21
-3.1119322440944881
0
LINE
8
BLACK
6
CONTINUOUS
10
5.095763897637795
20
-3.1165912598425196
11
5.097679763779527
21
-3.1178714173228346
0
LINE
8
BLACK
6
CONTINUOUS
10
5.097679763779527
20
-3.1178714173228346
11
5.0989599212598424
21
-3.119787283464567
0
LINE
8
BLACK
6
CONTINUOUS
10
5.0989599212598424
20
-3.119787283464567
11
5.0994094488188972
21
-3.122047244094488
0
LINE
8
BLACK
6
CONTINUOUS
10
5.0994094488188972
20
-3.122047244094488
11
5.0994094488188972
21
-3.1338582677165352
0
LINE
8
BLACK
6
CONTINUOUS
10
5.0994094488188972
20
-3.1338582677165352
11
5.0989599212598424
21
-3.1361182283464566
0
LINE
8
BLACK
6
CONTINUOUS
10
5.0989599212598424
20
-3.1361182283464566
11
5.097679763779527
21
-3.138034094488189
0
LINE
8
BLACK
6
CONTINUOUS
10
5.097679763779527
20
-3.138034094488189
11
5.095763897637795
21
-3.139314251968504
0
LINE
8
BLACK
6
CONTINUOUS
10
5.095763897637795
20
-3.139314251968504
11
5.0935039370078741
21
-3.1397637795275588
0
LINE
8
BLACK
6
CONTINUOUS
10
5.0935039370078741
20
-3.1397637795275588
11
5.0531496062992121
21
-3.1397637795275588
0
LINE
8
BLACK
6
CONTINUOUS
10
5.0531496062992121
20
-3.1397637795275588
11
5.0508896456692911
21
-3.139314251968504
0
LINE
8
BLACK
6
CONTINUOUS
10
5.0508896456692911
20
-3.139314251968504
11
5.0489737795275591
21
-3.138034094488189
0
LINE
8
BLACK
6
CONTINUOUS
10
5.0489737795275591
20
-3.138034094488189
11
5.0476936220472437
21
-3.1361182283464566
0
LINE
8
BLACK
6
CONTINUOUS
10
5.0476936220472437
20
-3.1361182283464566
11
5.0472440944881889
21
-3.1338582677165352
0
LINE
8
BLACK
6
CONTINUOUS
10
5.0472440944881889
20
-3.1338582677165352
11
5.0472440944881889
21
-3.122047244094488
0
LINE
8
BLACK
6
CONTINUOUS
10
5.0472440944881889
20
-3.122047244094488
11
5.0476936220472437
21
-3.119787283464567
0
LINE
8
BLACK
6
CONTINUOUS
10
5.0476936220472437
20
-3.119787283464567
11
5.0489737795275591
21
-3.1178714173228346
0
LINE
8
BLACK
6
CONTINUOUS
10
5.0489737795275591
20
-3.1178714173228346
11
5.0508896456692911
21
-3.1165912598425196
0
LINE
8
BLACK
6
CONTINUOUS
10
5.0508896456692911
20
-3.1165912598425196
11
5.0531496062992121
21
-3.1161417322834644
0
LINE
8
BLACK
6
CONTINUOUS
10
5.0531496062992121
20
-3.1161417322834644
11
5.0935039370078741
21
-3.1161417322834644
0
LINE
8
BLACK
6
CONTINUOUS
10
5.0935039370078741
20
-3.1161417322834644
11
5.095763897637795
21
-3.1165912598425196
0
LINE
8
BLACK
6
CONTINUOUS
10
5.1853308267716534
20
-3.1165912598425196
11
5.1872466929133854
21
-3.1178714173228346
0
LINE
8
BLACK
6
CONTINUOUS
10
5.1872466929133854
20
-3.1178714173228346
11
5.1885268503937008
21
-3.119787283464567
0
LINE
8
BLACK
6
CONTINUOUS
10
5.1885268503937008
20
-3.119787283464567
11
5.1889763779527556
21
-3.122047244094488
0
LINE
8
BLACK
6
CONTINUOUS
10
5.1889763779527556
20
-3.122047244094488
11
5.1889763779527556
21
-3.1338582677165352
0
LINE
8
BLACK
6
CONTINUOUS
10
5.1889763779527556
20
-3.1338582677165352
11
5.1885268503937008
21
-3.1361182283464566
0
LINE
8
BLACK
6
CONTINUOUS
10
5.1885268503937008
20
-3.1361182283464566
11
5.1872466929133854
21
-3.138034094488189
0
LINE
8
BLACK
6
CONTINUOUS
10
5.1872466929133854
20
-3.138034094488189
11
5.1853308267716534
21
-3.139314251968504
0
LINE
8
BLACK
6
CONTINUOUS
10
5.1853308267716534
20
-3.139314251968504
11
5.1830708661417324
21
-3.1397637795275588
0
LINE
8
BLACK
6
CONTINUOUS
10
5.1830708661417324
20
-3.1397637795275588
11
5.1427165354330704
21
-3.1397637795275588
0
LINE
8
BLACK
6
CONTINUOUS
10
5.1427165354330704
20
-3.1397637795275588
11
5.1404565748031494
21
-3.139314251968504
0
LINE
8
BLACK
6
CONTINUOUS
10
5.1404565748031494
20
-3.139314251968504
11
5.1385407086614174
21
-3.138034094488189
0
LINE
8
BLACK
6
CONTINUOUS
10
5.1385407086614174
20
-3.138034094488189
11
5.137260551181102
21
-3.1361182283464566
0
LINE
8
BLACK
6
CONTINUOUS
10
5.137260551181102
20
-3.1361182283464566
11
5.1368110236220472
21
-3.1338582677165352
0
LINE
8
BLACK
6
CONTINUOUS
10
5.1368110236220472
20
-3.1338582677165352
11
5.1368110236220472
21
-3.122047244094488
0
LINE
8
BLACK
6
CONTINUOUS
10
5.1368110236220472
20
-3.122047244094488
11
5.137260551181102
21
-3.119787283464567
0
LINE
8
BLACK
6
CONTINUOUS
10
5.137260551181102
20
-3.119787283464567
11
5.1385407086614174
21
-3.1178714173228346
0
LINE
8
BLACK
6
CONTINUOUS
10
5.1385407086614174
20
-3.1178714173228346
11
5.1404565748031494
21
-3.1165912598425196
0
LINE
8
BLACK
6
CONTINUOUS
10
5.1404565748031494
20
-3.1165912598425196
11
5.1427165354330704
21
-3.1161417322834644
0
LINE
8
BLACK
6
CONTINUOUS
10
5.1427165354330704
20
-3.1161417322834644
11
5.1830708661417324
21
-3.1161417322834644
0
LINE
8
BLACK
6
CONTINUOUS
10
5.1830708661417324
20
-3.1161417322834644
11
5.1853308267716534
21
-3.1165912598425196
0
LINE
8
BLACK
6
CONTINUOUS
10
5.095763897637795
20
-3.0791896850393701
11
5.097679763779527
21
-3.080469842519685
0
LINE
8
BLACK
6
CONTINUOUS
10
5.097679763779527
20
-3.080469842519685
11
5.0989599212598424
21
-3.082385708661417
0
LINE
8
BLACK
6
CONTINUOUS
10
5.0989599212598424
20
-3.082385708661417
11
5.0994094488188972
21
-3.0846456692913384
0
LINE
8
BLACK
6
CONTINUOUS
10
5.0994094488188972
20
-3.0846456692913384
11
5.0994094488188972
21
-3.0964566929133857
0
LINE
8
BLACK
6
CONTINUOUS
10
5.0994094488188972
20
-3.0964566929133857
11
5.0989599212598424
21
-3.0987166535433071
0
LINE
8
BLACK
6
CONTINUOUS
10
5.0989599212598424
20
-3.0987166535433071
11
5.097679763779527
21
-3.1006325196850395
0
LINE
8
BLACK
6
CONTINUOUS
10
5.097679763779527
20
-3.1006325196850395
11
5.095763897637795
21
-3.1019126771653545
0
LINE
8
BLACK
6
CONTINUOUS
10
5.095763897637795
20
-3.1019126771653545
11
5.0935039370078741
21
-3.1023622047244093
0
LINE
8
BLACK
6
CONTINUOUS
10
5.0935039370078741
20
-3.1023622047244093
11
5.0531496062992121
21
-3.1023622047244093
0
LINE
8
BLACK
6
CONTINUOUS
10
5.0531496062992121
20
-3.1023622047244093
11
5.0508896456692911
21
-3.1019126771653545
0
LINE
8
BLACK
6
CONTINUOUS
10
5.0508896456692911
20
-3.1019126771653545
11
5.0489737795275591
21
-3.1006325196850395
0
LINE
8
BLACK
6
CONTINUOUS
10
5.0489737795275591
20
-3.1006325196850395
11
5.0476936220472437
21
-3.0987166535433071
0
LINE
8
BLACK
6
CONTINUOUS
10
5.0476936220472437
20
-3.0987166535433071
11
5.0472440944881889
21
-3.0964566929133857
0
LINE
8
BLACK
6
CONTINUOUS
10
5.0472440944881889
20
-3.0964566929133857
11
5.0472440944881889
21
-3.0846456692913384
0
LINE
8
BLACK
6
CONTINUOUS
10
5.0472440944881889
20
-3.0846456692913384
11
5.0476936220472437
21
-3.082385708661417
0
LINE
8
BLACK
6
CONTINUOUS
10
5.0476936220472437
20
-3.082385708661417
11
5.0489737795275591
21
-3.080469842519685
0
LINE
8
BLACK
6
CONTINUOUS
10
5.0489737795275591
20
-3.080469842519685
11
5.0508896456692911
21
-3.0791896850393701
0
LINE
8
BLACK
6
CONTINUOUS
10
5.0508896456692911
20
-3.0791896850393701
11
5.0531496062992121
21
-3.0787401574803148
0
LINE
8
BLACK
6
CONTINUOUS
10
5.0531496062992121
20
-3.0787401574803148
11
5.0935039370078741
21
-3.0787401574803148
0
LINE
8
BLACK
6
CONTINUOUS
10
5.0935039370078741
20
-3.0787401574803148
11
5.095763897637795
21
-3.0791896850393701
0
LINE
8
BLACK
6
CONTINUOUS
10
5.1853308267716534
20
-3.0791896850393701
11
5.1872466929133854
21
-3.080469842519685
0
LINE
8
BLACK
6
CONTINUOUS
10
5.1872466929133854
20
-3.080469842519685
11
5.1885268503937008
21
-3.082385708661417
0
LINE
8
BLACK
6
CONTINUOUS
10
5.1885268503937008
20
-3.082385708661417
11
5.1889763779527556
21
-3.0846456692913384
0
LINE
8
BLACK
6
CONTINUOUS
10
5.1889763779527556
20
-3.0846456692913384
11
5.1889763779527556
21
-3.0964566929133857
0
LINE
8
BLACK
6
CONTINUOUS
10
5.1889763779527556
20
-3.0964566929133857
11
5.1885268503937008
21
-3.0987166535433071
0
LINE
8
BLACK
6
CONTINUOUS
10
5.1885268503937008
20
-3.0987166535433071
11
5.1872466929133854
21
-3.1006325196850395
0
LINE
8
BLACK
6
CONTINUOUS
10
5.1872466929133854
20
-3.1006325196850395
11
5.1853308267716534
21
-3.1019126771653545
0
LINE
8
BLACK
6
CONTINUOUS
10
5.1853308267716534
20
-3.1019126771653545
11
5.1830708661417324
21
-3.1023622047244093
0
LINE
8
BLACK
6
CONTINUOUS
10
5.1830708661417324
20
-3.1023622047244093
11
5.1427165354330704
21
-3.1023622047244093
0
LINE
8
BLACK
6
CONTINUOUS
10
5.1427165354330704
20
-3.1023622047244093
11
5.1404565748031494
21
-3.1019126771653545
0
LINE
8
BLACK
6
CONTINUOUS
10
5.1404565748031494
20
-3.1019126771653545
11
5.1385407086614174
21
-3.1006325196850395
0
LINE
8
BLACK
6
CONTINUOUS
10
5.1385407086614174
20
-3.1006325196850395
11
5.137260551181102
21
-3.0987166535433071
0
LINE
8
BLACK
6
CONTINUOUS
10
5.137260551181102
20
-3.0987166535433071
11
5.1368110236220472
21
-3.0964566929133857
0
LINE
8
BLACK
6
CONTINUOUS
10
5.1368110236220472
20
-3.0964566929133857
11
5.1368110236220472
21
-3.0846456692913384
0
LINE
8
BLACK
6
CONTINUOUS
10
5.1368110236220472
20
-3.0846456692913384
11
5.137260551181102
21
-3.082385708661417
0
LINE
8
BLACK
6
CONTINUOUS
10
5.137260551181102
20
-3.082385708661417
11
5.1385407086614174
21
-3.080469842519685
0
LINE
8
BLACK
6
CONTINUOUS
10
5.1385407086614174
20
-3.080469842519685
11
5.1404565748031494
21
-3.0791896850393701
0
LINE
8
BLACK
6
CONTINUOUS
10
5.1404565748031494
20
-3.0791896850393701
11
5.1427165354330704
21
-3.0787401574803148
0
LINE
8
BLACK
6
CONTINUOUS
10
5.1427165354330704
20
-3.0787401574803148
11
5.1830708661417324
21
-3.0787401574803148
0
LINE
8
BLACK
6
CONTINUOUS
10
5.1830708661417324
20
-3.0787401574803148
11
5.1853308267716534
21
-3.0791896850393701
0
LINE
8
BLACK
6
CONTINUOUS
10
5.095763897637795
20
-3.0417881102362205
11
5.097679763779527
21
-3.0430682677165355
0
LINE
8
BLACK
6
CONTINUOUS
10
5.097679763779527
20
-3.0430682677165355
11
5.0989599212598424
21
-3.0449841338582675
0
LINE
8
BLACK
6
CONTINUOUS
10
5.0989599212598424
20
-3.0449841338582675
11
5.0994094488188972
21
-3.0472440944881889
0
LINE
8
BLACK
6
CONTINUOUS
10
5.0994094488188972
20
-3.0472440944881889
11
5.0994094488188972
21
-3.0590551181102361
0
LINE
8
BLACK
6
CONTINUOUS
10
5.0994094488188972
20
-3.0590551181102361
11
5.0989599212598424
21
-3.0613150787401575
0
LINE
8
BLACK
6
CONTINUOUS
10
5.0989599212598424
20
-3.0613150787401575
11
5.097679763779527
21
-3.0632309448818895
0
LINE
8
BLACK
6
CONTINUOUS
10
5.097679763779527
20
-3.0632309448818895
11
5.095763897637795
21
-3.0645111023622045
0
LINE
8
BLACK
6
CONTINUOUS
10
5.095763897637795
20
-3.0645111023622045
11
5.0935039370078741
21
-3.0649606299212597
0
LINE
8
BLACK
6
CONTINUOUS
10
5.0935039370078741
20
-3.0649606299212597
11
5.0531496062992121
21
-3.0649606299212597
0
LINE
8
BLACK
6
CONTINUOUS
10
5.0531496062992121
20
-3.0649606299212597
11
5.0508896456692911
21
-3.0645111023622045
0
LINE
8
BLACK
6
CONTINUOUS
10
5.0508896456692911
20
-3.0645111023622045
11
5.0489737795275591
21
-3.0632309448818895
0
LINE
8
BLACK
6
CONTINUOUS
10
5.0489737795275591
20
-3.0632309448818895
11
5.0476936220472437
21
-3.0613150787401575
0
LINE
8
BLACK
6
CONTINUOUS
10
5.0476936220472437
20
-3.0613150787401575
11
5.0472440944881889
21
-3.0590551181102361
0
LINE
8
BLACK
6
CONTINUOUS
10
5.0472440944881889
20
-3.0590551181102361
11
5.0472440944881889
21
-3.0472440944881889
0
LINE
8
BLACK
6
CONTINUOUS
10
5.0472440944881889
20
-3.0472440944881889
11
5.0476936220472437
21
-3.0449841338582675
0
LINE
8
BLACK
6
CONTINUOUS
10
5.0476936220472437
20
-3.0449841338582675
11
5.0489737795275591
21
-3.0430682677165355
0
LINE
8
BLACK
6
CONTINUOUS
10
5.0489737795275591
20
-3.0430682677165355
11
5.0508896456692911
21
-3.0417881102362205
0
LINE
8
BLACK
6
CONTINUOUS
10
5.0508896456692911
20
-3.0417881102362205
11
5.0531496062992121
21
-3.0413385826771653
0
LINE
8
BLACK
6
CONTINUOUS
10
5.0531496062992121
20
-3.0413385826771653
11
5.0935039370078741
21
-3.0413385826771653
0
LINE
8
BLACK
6
CONTINUOUS
10
5.0935039370078741
20
-3.0413385826771653
11
5.095763897637795
21
-3.0417881102362205
0
LINE
8
BLACK
6
CONTINUOUS
10
5.1853308267716534
20
-3.0417881102362205
11
5.1872466929133854
21
-3.0430682677165355
0
LINE
8
BLACK
6
CONTINUOUS
10
5.1872466929133854
20
-3.0430682677165355
11
5.1885268503937008
21
-3.0449841338582675
0
LINE
8
BLACK
6
CONTINUOUS
10
5.1885268503937008
20
-3.0449841338582675
11
5.1889763779527556
21
-3.0472440944881889
0
LINE
8
BLACK
6
CONTINUOUS
10
5.1889763779527556
20
-3.0472440944881889
11
5.1889763779527556
21
-3.0590551181102361
0
LINE
8
BLACK
6
CONTINUOUS
10
5.1889763779527556
20
-3.0590551181102361
11
5.1885268503937008
21
-3.0613150787401575
0
LINE
8
BLACK
6
CONTINUOUS
10
5.1885268503937008
20
-3.0613150787401575
11
5.1872466929133854
21
-3.0632309448818895
0
LINE
8
BLACK
6
CONTINUOUS
10
5.1872466929133854
20
-3.0632309448818895
11
5.1853308267716534
21
-3.0645111023622045
0
LINE
8
BLACK
6
CONTINUOUS
10
5.1853308267716534
20
-3.0645111023622045
11
5.1830708661417324
21
-3.0649606299212597
0
LINE
8
BLACK
6
CONTINUOUS
10
5.1830708661417324
20
-3.0649606299212597
11
5.1427165354330704
21
-3.0649606299212597
0
LINE
8
BLACK
6
CONTINUOUS
10
5.1427165354330704
20
-3.0649606299212597
11
5.1404565748031494
21
-3.0645111023622045
0
LINE
8
BLACK
6
CONTINUOUS
10
5.1404565748031494
20
-3.0645111023622045
11
5.1385407086614174
21
-3.0632309448818895
0
LINE
8
BLACK
6
CONTINUOUS
10
5.1385407086614174
20
-3.0632309448818895
11
5.137260551181102
21
-3.0613150787401575
0
LINE
8
BLACK
6
CONTINUOUS
10
5.137260551181102
20
-3.0613150787401575
11
5.1368110236220472
21
-3.0590551181102361
0
LINE
8
BLACK
6
CONTINUOUS
10
5.1368110236220472
20
-3.0590551181102361
11
5.1368110236220472
21
-3.0472440944881889
0
LINE
8
BLACK
6
CONTINUOUS
10
5.1368110236220472
20
-3.0472440944881889
11
5.137260551181102
21
-3.0449841338582675
0
LINE
8
BLACK
6
CONTINUOUS
10
5.137260551181102
20
-3.0449841338582675
11
5.1385407086614174
21
-3.0430682677165355
0
LINE
8
BLACK
6
CONTINUOUS
10
5.1385407086614174
20
-3.0430682677165355
11
5.1404565748031494
21
-3.0417881102362205
0
LINE
8
BLACK
6
CONTINUOUS
10
5.1404565748031494
20
-3.0417881102362205
11
5.1427165354330704
21
-3.0413385826771653
0
LINE
8
BLACK
6
CONTINUOUS
10
5.1427165354330704
20
-3.0413385826771653
11
5.1830708661417324
21
-3.0413385826771653
0
LINE
8
BLACK
6
CONTINUOUS
10
5.1830708661417324
20
-3.0413385826771653
11
5.1853308267716534
21
-3.0417881102362205
0
LINE
8
BLACK
6
CONTINUOUS
10
5.2885191732283463
20
-3.0056330314960631
11
5.2915526771653543
21
-3.0076599212598425
0
LINE
8
BLACK
6
CONTINUOUS
10
5.2915526771653543
20
-3.0076599212598425
11
5.2935795669291341
21
-3.0106934251968505
0
LINE
8
BLACK
6
CONTINUOUS
10
5.2935795669291341
20
-3.0106934251968505
11
5.2942913385826769
21
-3.014271653543307
0
LINE
8
BLACK
6
CONTINUOUS
10
5.2942913385826769
20
-3.014271653543307
11
5.2942913385826769
21
-3.0378937007874014
0
LINE
8
BLACK
6
CONTINUOUS
10
5.2942913385826769
20
-3.0378937007874014
11
5.2935795669291341
21
-3.0414719291338583
0
LINE
8
BLACK
6
CONTINUOUS
10
5.2935795669291341
20
-3.0414719291338583
11
5.2915526771653543
21
-3.0445054330708659
0
LINE
8
BLACK
6
CONTINUOUS
10
5.2915526771653543
20
-3.0445054330708659
11
5.2885191732283463
21
-3.0465323228346457
0
LINE
8
BLACK
6
CONTINUOUS
10
5.2885191732283463
20
-3.0465323228346457
11
5.2849409448818898
21
-3.0472440944881889
0
LINE
8
BLACK
6
CONTINUOUS
10
5.2849409448818898
20
-3.0472440944881889
11
5.2662401574803148
21
-3.0472440944881889
0
LINE
8
BLACK
6
CONTINUOUS
10
5.2662401574803148
20
-3.0472440944881889
11
5.2626619291338583
21
-3.0465323228346457
0
LINE
8
BLACK
6
CONTINUOUS
10
5.2626619291338583
20
-3.0465323228346457
11
5.2596284251968504
21
-3.0445054330708659
0
LINE
8
BLACK
6
CONTINUOUS
10
5.2596284251968504
20
-3.0445054330708659
11
5.2576015354330705
21
-3.0414719291338583
0
LINE
8
BLACK
6
CONTINUOUS
10
5.2576015354330705
20
-3.0414719291338583
11
5.2568897637795278
21
-3.0378937007874014
0
LINE
8
BLACK
6
CONTINUOUS
10
5.2568897637795278
20
-3.0378937007874014
11
5.2568897637795278
21
-3.014271653543307
0
LINE
8
BLACK
6
CONTINUOUS
10
5.2568897637795278
20
-3.014271653543307
11
5.2576015354330705
21
-3.0106934251968505
0
LINE
8
BLACK
6
CONTINUOUS
10
5.2576015354330705
20
-3.0106934251968505
11
5.2596284251968504
21
-3.0076599212598425
0
LINE
8
BLACK
6
CONTINUOUS
10
5.2596284251968504
20
-3.0076599212598425
11
5.2626619291338583
21
-3.0056330314960631
0
LINE
8
BLACK
6
CONTINUOUS
10
5.2626619291338583
20
-3.0056330314960631
11
5.2662401574803148
21
-3.0049212598425195
0
LINE
8
BLACK
6
CONTINUOUS
10
5.2662401574803148
20
-3.0049212598425195
11
5.2849409448818898
21
-3.0049212598425195
0
LINE
8
BLACK
6
CONTINUOUS
10
5.2849409448818898
20
-3.0049212598425195
11
5.2885191732283463
21
-3.0056330314960631
0
LINE
8
BLACK
6
CONTINUOUS
10
5.4066294094488185
20
-3.0095700393700788
11
5.4096629133858265
21
-3.0115969291338582
0
LINE
8
BLACK
6
CONTINUOUS
10
5.4096629133858265
20
-3.0115969291338582
11
5.4116898031496063
21
-3.0146304330708662
0
LINE
8
BLACK
6
CONTINUOUS
10
5.4116898031496063
20
-3.0146304330708662
11
5.4124015748031491
21
-3.0182086614173227
0
LINE
8
BLACK
6
CONTINUOUS
10
5.4124015748031491
20
-3.0182086614173227
11
5.4124015748031491
21
-3.0378937007874014
0
LINE
8
BLACK
6
CONTINUOUS
10
5.4124015748031491
20
-3.0378937007874014
11
5.4116898031496063
21
-3.0414719291338583
0
LINE
8
BLACK
6
CONTINUOUS
10
5.4116898031496063
20
-3.0414719291338583
11
5.4096629133858265
21
-3.0445054330708659
0
LINE
8
BLACK
6
CONTINUOUS
10
5.4096629133858265
20
-3.0445054330708659
11
5.4066294094488185
21
-3.0465323228346457
0
LINE
8
BLACK
6
CONTINUOUS
10
5.4066294094488185
20
-3.0465323228346457
11
5.403051181102362
21
-3.0472440944881889
0
LINE
8
BLACK
6
CONTINUOUS
10
5.403051181102362
20
-3.0472440944881889
11
5.3843503937007871
21
-3.0472440944881889
0
LINE
8
BLACK
6
CONTINUOUS
10
5.3843503937007871
20
-3.0472440944881889
11
5.3807721653543306
21
-3.0465323228346457
0
LINE
8
BLACK
6
CONTINUOUS
10
5.3807721653543306
20
-3.0465323228346457
11
5.3777386614173226
21
-3.0445054330708659
0
LINE
8
BLACK
6
CONTINUOUS
10
5.3777386614173226
20
-3.0445054330708659
11
5.3757117716535427
21
-3.0414719291338583
0
LINE
8
BLACK
6
CONTINUOUS
10
5.3757117716535427
20
-3.0414719291338583
11
5.375
21
-3.0378937007874014
0
LINE
8
BLACK
6
CONTINUOUS
10
5.375
20
-3.0378937007874014
11
5.375
21
-3.0182086614173227
0
LINE
8
BLACK
6
CONTINUOUS
10
5.375
20
-3.0182086614173227
11
5.3757117716535427
21
-3.0146304330708662
0
LINE
8
BLACK
6
CONTINUOUS
10
5.3757117716535427
20
-3.0146304330708662
11
5.3777386614173226
21
-3.0115969291338582
0
LINE
8
BLACK
6
CONTINUOUS
10
5.3777386614173226
20
-3.0115969291338582
11
5.3807721653543306
21
-3.0095700393700788
0
LINE
8
BLACK
6
CONTINUOUS
10
5.3807721653543306
20
-3.0095700393700788
11
5.3843503937007871
21
-3.0088582677165352
0
LINE
8
BLACK
6
CONTINUOUS
10
5.3843503937007871
20
-3.0088582677165352
11
5.403051181102362
21
-3.0088582677165352
0
LINE
8
BLACK
6
CONTINUOUS
10
5.403051181102362
20
-3.0088582677165352
11
5.4066294094488185
21
-3.0095700393700788
0
LINE
8
BLACK
6
CONTINUOUS
10
5.7561969685039367
20
-2.9832251181102363
11
5.7581128346456696
21
-2.9845052755905512
0
LINE
8
BLACK
6
CONTINUOUS
10
5.7581128346456696
20
-2.9845052755905512
11
5.7593929921259841
21
-2.9864211417322832
0
LINE
8
BLACK
6
CONTINUOUS
10
5.7593929921259841
20
-2.9864211417322832
11
5.7598425196850389
21
-2.9886811023622046
0
LINE
8
BLACK
6
CONTINUOUS
10
5.7598425196850389
20
-2.9886811023622046
11
5.7598425196850389
21
-3.0349409448818898
0
LINE
8
BLACK
6
CONTINUOUS
10
5.7598425196850389
20
-3.0349409448818898
11
5.7593929921259841
21
-3.0372009055118108
0
LINE
8
BLACK
6
CONTINUOUS
10
5.7593929921259841
20
-3.0372009055118108
11
5.7581128346456696
21
-3.0391167716535432
0
LINE
8
BLACK
6
CONTINUOUS
10
5.7581128346456696
20
-3.0391167716535432
11
5.7561969685039367
21
-3.0403969291338582
0
LINE
8
BLACK
6
CONTINUOUS
10
5.7561969685039367
20
-3.0403969291338582
11
5.7539370078740157
21
-3.0408464566929134
0
LINE
8
BLACK
6
CONTINUOUS
10
5.7539370078740157
20
-3.0408464566929134
11
5.7421259842519685
21
-3.0408464566929134
0
LINE
8
BLACK
6
CONTINUOUS
10
5.7421259842519685
20
-3.0408464566929134
11
5.7398660236220467
21
-3.0403969291338582
0
LINE
8
BLACK
6
CONTINUOUS
10
5.7398660236220467
20
-3.0403969291338582
11
5.7379501574803147
21
-3.0391167716535432
0
LINE
8
BLACK
6
CONTINUOUS
10
5.7379501574803147
20
-3.0391167716535432
11
5.7366700000000002
21
-3.0372009055118108
0
LINE
8
BLACK
6
CONTINUOUS
10
5.7366700000000002
20
-3.0372009055118108
11
5.7362204724409445
21
-3.0349409448818898
0
LINE
8
BLACK
6
CONTINUOUS
10
5.7362204724409445
20
-3.0349409448818898
11
5.7362204724409445
21
-2.9886811023622046
0
LINE
8
BLACK
6
CONTINUOUS
10
5.7362204724409445
20
-2.9886811023622046
11
5.7366700000000002
21
-2.9864211417322832
0
LINE
8
BLACK
6
CONTINUOUS
10
5.7366700000000002
20
-2.9864211417322832
11
5.7379501574803147
21
-2.9845052755905512
0
LINE
8
BLACK
6
CONTINUOUS
10
5.7379501574803147
20
-2.9845052755905512
11
5.7398660236220467
21
-2.9832251181102363
0
LINE
8
BLACK
6
CONTINUOUS
10
5.7398660236220467
20
-2.9832251181102363
11
5.7421259842519685
21
-2.982775590551181
0
LINE
8
BLACK
6
CONTINUOUS
10
5.7421259842519685
20
-2.982775590551181
11
5.7539370078740157
21
-2.982775590551181
0
LINE
8
BLACK
6
CONTINUOUS
10
5.7539370078740157
20
-2.982775590551181
11
5.7561969685039367
21
-2.9832251181102363
0
LINE
8
BLACK
6
CONTINUOUS
10
5.8310001181102358
20
-2.9832251181102363
11
5.8329159842519687
21
-2.9845052755905512
0
LINE
8
BLACK
6
CONTINUOUS
10
5.8329159842519687
20
-2.9845052755905512
11
5.8341961417322832
21
-2.9864211417322832
0
LINE
8
BLACK
6
CONTINUOUS
10
5.8341961417322832
20
-2.9864211417322832
11
5.8346456692913389
21
-2.9886811023622046
0
LINE
8
BLACK
6
CONTINUOUS
10
5.8346456692913389
20
-2.9886811023622046
11
5.8346456692913389
21
-3.0349409448818898
0
LINE
8
BLACK
6
CONTINUOUS
10
5.8346456692913389
20
-3.0349409448818898
11
5.8341961417322832
21
-3.0372009055118108
0
LINE
8
BLACK
6
CONTINUOUS
10
5.8341961417322832
20
-3.0372009055118108
11
5.8329159842519687
21
-3.0391167716535432
0
LINE
8
BLACK
6
CONTINUOUS
10
5.8329159842519687
20
-3.0391167716535432
11
5.8310001181102358
21
-3.0403969291338582
0
LINE
8
BLACK
6
CONTINUOUS
10
5.8310001181102358
20
-3.0403969291338582
11
5.8287401574803148
21
-3.0408464566929134
0
LINE
8
BLACK
6
CONTINUOUS
10
5.8287401574803148
20
-3.0408464566929134
11
5.8169291338582676
21
-3.0408464566929134
0
LINE
8
BLACK
6
CONTINUOUS
10
5.8169291338582676
20
-3.0408464566929134
11
5.8146691732283466
21
-3.0403969291338582
0
LINE
8
BLACK
6
CONTINUOUS
10
5.8146691732283466
20
-3.0403969291338582
11
5.8127533070866138
21
-3.0391167716535432
0
LINE
8
BLACK
6
CONTINUOUS
10
5.8127533070866138
20
-3.0391167716535432
11
5.8114731496062992
21
-3.0372009055118108
0
LINE
8
BLACK
6
CONTINUOUS
10
5.8114731496062992
20
-3.0372009055118108
11
5.8110236220472435
21
-3.0349409448818898
0
LINE
8
BLACK
6
CONTINUOUS
10
5.8110236220472435
20
-3.0349409448818898
11
5.8110236220472435
21
-2.9886811023622046
0
LINE
8
BLACK
6
CONTINUOUS
10
5.8110236220472435
20
-2.9886811023622046
11
5.8114731496062992
21
-2.9864211417322832
0
LINE
8
BLACK
6
CONTINUOUS
10
5.8114731496062992
20
-2.9864211417322832
11
5.8127533070866138
21
-2.9845052755905512
0
LINE
8
BLACK
6
CONTINUOUS
10
5.8127533070866138
20
-2.9845052755905512
11
5.8146691732283466
21
-2.9832251181102363
0
LINE
8
BLACK
6
CONTINUOUS
10
5.8146691732283466
20
-2.9832251181102363
11
5.8169291338582676
21
-2.982775590551181
0
LINE
8
BLACK
6
CONTINUOUS
10
5.8169291338582676
20
-2.982775590551181
11
5.8287401574803148
21
-2.982775590551181
0
LINE
8
BLACK
6
CONTINUOUS
10
5.8287401574803148
20
-2.982775590551181
11
5.8310001181102358
21
-2.9832251181102363
0
LINE
8
BLACK
6
CONTINUOUS
10
4.9299476377952756
20
-2.985001181102362
11
4.9331407874015749
21
-2.9871348031496061
0
LINE
8
BLACK
6
CONTINUOUS
10
4.9331407874015749
20
-2.9871348031496061
11
4.9352744094488186
21
-2.9903279527559055
0
LINE
8
BLACK
6
CONTINUOUS
10
4.9352744094488186
20
-2.9903279527559055
11
4.9360235826771657
21
-2.9940945669291339
0
LINE
8
BLACK
6
CONTINUOUS
10
4.9360235826771657
20
-2.9940945669291339
11
4.9360236220472435
21
-3.030511771653543
0
LINE
8
BLACK
6
CONTINUOUS
10
4.9360236220472435
20
-3.030511771653543
11
4.9352744094488186
21
-3.0342783464566927
0
LINE
8
BLACK
6
CONTINUOUS
10
4.9352744094488186
20
-3.0342783464566927
11
4.9331407874015749
21
-3.037471496062992
0
LINE
8
BLACK
6
CONTINUOUS
10
4.9331407874015749
20
-3.037471496062992
11
4.9299476377952756
21
-3.0396051181102361
0
LINE
8
BLACK
6
CONTINUOUS
10
4.9299476377952756
20
-3.0396051181102361
11
4.9261810236220471
21
-3.0403542913385828
0
LINE
8
BLACK
6
CONTINUOUS
10
4.9261810236220471
20
-3.0403542913385828
11
4.8769685433070862
21
-3.0403543307086616
0
LINE
8
BLACK
6
CONTINUOUS
10
4.8769685433070862
20
-3.0403543307086616
11
4.8732019685039365
21
-3.0396051181102361
0
LINE
8
BLACK
6
CONTINUOUS
10
4.8732019685039365
20
-3.0396051181102361
11
4.870008818897638
21
-3.037471496062992
0
LINE
8
BLACK
6
CONTINUOUS
10
4.870008818897638
20
-3.037471496062992
11
4.8678751968503935
21
-3.0342783464566927
0
LINE
8
BLACK
6
CONTINUOUS
10
4.8678751968503935
20
-3.0342783464566927
11
4.8671260236220473
21
-3.0305117322834647
0
LINE
8
BLACK
6
CONTINUOUS
10
4.8671260236220473
20
-3.0305117322834647
11
4.8671259842519685
21
-2.9940945275590551
0
LINE
8
BLACK
6
CONTINUOUS
10
4.8671259842519685
20
-2.9940945275590551
11
4.8678751968503935
21
-2.9903279527559055
0
LINE
8
BLACK
6
CONTINUOUS
10
4.8678751968503935
20
-2.9903279527559055
11
4.870008818897638
21
-2.9871348031496061
0
LINE
8
BLACK
6
CONTINUOUS
10
4.870008818897638
20
-2.9871348031496061
11
4.8732019685039365
21
-2.985001181102362
0
LINE
8
BLACK
6
CONTINUOUS
10
4.8732019685039365
20
-2.985001181102362
11
4.8769685826771649
21
-2.9842520078740158
0
LINE
8
BLACK
6
CONTINUOUS
10
4.8769685826771649
20
-2.9842520078740158
11
4.9261810629921259
21
-2.984251968503937
0
LINE
8
BLACK
6
CONTINUOUS
10
4.9261810629921259
20
-2.984251968503937
11
4.9299476377952756
21
-2.985001181102362
0
LINE
8
BLACK
6
CONTINUOUS
10
5.2885191732283463
20
-2.9377196456692913
11
5.2915526771653543
21
-2.9397465354330707
0
LINE
8
BLACK
6
CONTINUOUS
10
5.2915526771653543
20
-2.9397465354330707
11
5.2935795669291341
21
-2.9427800393700787
0
LINE
8
BLACK
6
CONTINUOUS
10
5.2935795669291341
20
-2.9427800393700787
11
5.2942913385826769
21
-2.9463582677165352
0
LINE
8
BLACK
6
CONTINUOUS
10
5.2942913385826769
20
-2.9463582677165352
11
5.2942913385826769
21
-2.9699803149606296
0
LINE
8
BLACK
6
CONTINUOUS
10
5.2942913385826769
20
-2.9699803149606296
11
5.2935795669291341
21
-2.9735585433070866
0
LINE
8
BLACK
6
CONTINUOUS
10
5.2935795669291341
20
-2.9735585433070866
11
5.2915526771653543
21
-2.9765920472440945
0
LINE
8
BLACK
6
CONTINUOUS
10
5.2915526771653543
20
-2.9765920472440945
11
5.2885191732283463
21
-2.9786189370078739
0
LINE
8
BLACK
6
CONTINUOUS
10
5.2885191732283463
20
-2.9786189370078739
11
5.2849409448818898
21
-2.9793307086614171
0
LINE
8
BLACK
6
CONTINUOUS
10
5.2849409448818898
20
-2.9793307086614171
11
5.2662401574803148
21
-2.9793307086614171
0
LINE
8
BLACK
6
CONTINUOUS
10
5.2662401574803148
20
-2.9793307086614171
11
5.2626619291338583
21
-2.9786189370078739
0
LINE
8
BLACK
6
CONTINUOUS
10
5.2626619291338583
20
-2.9786189370078739
11
5.2596284251968504
21
-2.9765920472440945
0
LINE
8
BLACK
6
CONTINUOUS
10
5.2596284251968504
20
-2.9765920472440945
11
5.2576015354330705
21
-2.9735585433070866
0
LINE
8
BLACK
6
CONTINUOUS
10
5.2576015354330705
20
-2.9735585433070866
11
5.2568897637795278
21
-2.9699803149606296
0
LINE
8
BLACK
6
CONTINUOUS
10
5.2568897637795278
20
-2.9699803149606296
11
5.2568897637795278
21
-2.9463582677165352
0
LINE
8
BLACK
6
CONTINUOUS
10
5.2568897637795278
20
-2.9463582677165352
11
5.2576015354330705
21
-2.9427800393700787
0
LINE
8
BLACK
6
CONTINUOUS
10
5.2576015354330705
20
-2.9427800393700787
11
5.2596284251968504
21
-2.9397465354330707
0
LINE
8
BLACK
6
CONTINUOUS
10
5.2596284251968504
20
-2.9397465354330707
11
5.2626619291338583
21
-2.9377196456692913
0
LINE
8
BLACK
6
CONTINUOUS
10
5.2626619291338583
20
-2.9377196456692913
11
5.2662401574803148
21
-2.9370078740157481
0
LINE
8
BLACK
6
CONTINUOUS
10
5.2662401574803148
20
-2.9370078740157481
11
5.2849409448818898
21
-2.9370078740157481
0
LINE
8
BLACK
6
CONTINUOUS
10
5.2849409448818898
20
-2.9370078740157481
11
5.2885191732283463
21
-2.9377196456692913
0
LINE
8
BLACK
6
CONTINUOUS
10
5.4066294094488185
20
-2.9377196456692913
11
5.4096629133858265
21
-2.9397465354330707
0
LINE
8
BLACK
6
CONTINUOUS
10
5.4096629133858265
20
-2.9397465354330707
11
5.4116898031496063
21
-2.9427800393700787
0
LINE
8
BLACK
6
CONTINUOUS
10
5.4116898031496063
20
-2.9427800393700787
11
5.4124015748031491
21
-2.9463582677165352
0
LINE
8
BLACK
6
CONTINUOUS
10
5.4124015748031491
20
-2.9463582677165352
11
5.4124015748031491
21
-2.9660433070866139
0
LINE
8
BLACK
6
CONTINUOUS
10
5.4124015748031491
20
-2.9660433070866139
11
5.4116898031496063
21
-2.9696215354330708
0
LINE
8
BLACK
6
CONTINUOUS
10
5.4116898031496063
20
-2.9696215354330708
11
5.4096629133858265
21
-2.9726550393700788
0
LINE
8
BLACK
6
CONTINUOUS
10
5.4096629133858265
20
-2.9726550393700788
11
5.4066294094488185
21
-2.9746819291338582
0
LINE
8
BLACK
6
CONTINUOUS
10
5.4066294094488185
20
-2.9746819291338582
11
5.403051181102362
21
-2.9753937007874014
0
LINE
8
BLACK
6
CONTINUOUS
10
5.403051181102362
20
-2.9753937007874014
11
5.3843503937007871
21
-2.9753937007874014
0
LINE
8
BLACK
6
CONTINUOUS
10
5.3843503937007871
20
-2.9753937007874014
11
5.3807721653543306
21
-2.9746819291338582
0
LINE
8
BLACK
6
CONTINUOUS
10
5.3807721653543306
20
-2.9746819291338582
11
5.3777386614173226
21
-2.9726550393700788
0
LINE
8
BLACK
6
CONTINUOUS
10
5.3777386614173226
20
-2.9726550393700788
11
5.3757117716535427
21
-2.9696215354330708
0
LINE
8
BLACK
6
CONTINUOUS
10
5.3757117716535427
20
-2.9696215354330708
11
5.375
21
-2.9660433070866139
0
LINE
8
BLACK
6
CONTINUOUS
10
5.375
20
-2.9660433070866139
11
5.375
21
-2.9463582677165352
0
LINE
8
BLACK
6
CONTINUOUS
10
5.375
20
-2.9463582677165352
11
5.3757117716535427
21
-2.9427800393700787
0
LINE
8
BLACK
6
CONTINUOUS
10
5.3757117716535427
20
-2.9427800393700787
11
5.3777386614173226
21
-2.9397465354330707
0
LINE
8
BLACK
6
CONTINUOUS
10
5.3777386614173226
20
-2.9397465354330707
11
5.3807721653543306
21
-2.9377196456692913
0
LINE
8
BLACK
6
CONTINUOUS
10
5.3807721653543306
20
-2.9377196456692913
11
5.3843503937007871
21
-2.9370078740157481
0
LINE
8
BLACK
6
CONTINUOUS
10
5.3843503937007871
20
-2.9370078740157481
11
5.403051181102362
21
-2.9370078740157481
0
LINE
8
BLACK
6
CONTINUOUS
10
5.403051181102362
20
-2.9370078740157481
11
5.4066294094488185
21
-2.9377196456692913
0
LINE
8
BLACK
6
CONTINUOUS
10
5.7935985433070867
20
-2.9094062204724409
11
5.7955144094488187
21
-2.9106863779527559
0
LINE
8
BLACK
6
CONTINUOUS
10
5.7955144094488187
20
-2.9106863779527559
11
5.7967945669291341
21
-2.9126022440944883
0
LINE
8
BLACK
6
CONTINUOUS
10
5.7967945669291341
20
-2.9126022440944883
11
5.7972440944881889
21
-2.9148622047244093
0
LINE
8
BLACK
6
CONTINUOUS
10
5.7972440944881889
20
-2.9148622047244093
11
5.7972440944881889
21
-2.9611220472440944
0
LINE
8
BLACK
6
CONTINUOUS
10
5.7972440944881889
20
-2.9611220472440944
11
5.7967945669291341
21
-2.9633820078740158
0
LINE
8
BLACK
6
CONTINUOUS
10
5.7967945669291341
20
-2.9633820078740158
11
5.7955144094488187
21
-2.9652978740157478
0
LINE
8
BLACK
6
CONTINUOUS
10
5.7955144094488187
20
-2.9652978740157478
11
5.7935985433070867
21
-2.9665780314960628
0
LINE
8
BLACK
6
CONTINUOUS
10
5.7935985433070867
20
-2.9665780314960628
11
5.7913385826771648
21
-2.9670275590551181
0
LINE
8
BLACK
6
CONTINUOUS
10
5.7913385826771648
20
-2.9670275590551181
11
5.7795275590551176
21
-2.9670275590551181
0
LINE
8
BLACK
6
CONTINUOUS
10
5.7795275590551176
20
-2.9670275590551181
11
5.7772675984251967
21
-2.9665780314960628
0
LINE
8
BLACK
6
CONTINUOUS
10
5.7772675984251967
20
-2.9665780314960628
11
5.7753517322834647
21
-2.9652978740157478
0
LINE
8
BLACK
6
CONTINUOUS
10
5.7753517322834647
20
-2.9652978740157478
11
5.7740715748031493
21
-2.9633820078740158
0
LINE
8
BLACK
6
CONTINUOUS
10
5.7740715748031493
20
-2.9633820078740158
11
5.7736220472440944
21
-2.9611220472440944
0
LINE
8
BLACK
6
CONTINUOUS
10
5.7736220472440944
20
-2.9611220472440944
11
5.7736220472440944
21
-2.9148622047244093
0
LINE
8
BLACK
6
CONTINUOUS
10
5.7736220472440944
20
-2.9148622047244093
11
5.7740715748031493
21
-2.9126022440944883
0
LINE
8
BLACK
6
CONTINUOUS
10
5.7740715748031493
20
-2.9126022440944883
11
5.7753517322834647
21
-2.9106863779527559
0
LINE
8
BLACK
6
CONTINUOUS
10
5.7753517322834647
20
-2.9106863779527559
11
5.7772675984251967
21
-2.9094062204724409
0
LINE
8
BLACK
6
CONTINUOUS
10
5.7772675984251967
20
-2.9094062204724409
11
5.7795275590551176
21
-2.9089566929133857
0
LINE
8
BLACK
6
CONTINUOUS
10
5.7795275590551176
20
-2.9089566929133857
11
5.7913385826771648
21
-2.9089566929133857
0
LINE
8
BLACK
6
CONTINUOUS
10
5.7913385826771648
20
-2.9089566929133857
11
5.7935985433070867
21
-2.9094062204724409
0
LINE
8
BLACK
6
CONTINUOUS
10
5.1947114566929136
20
-2.8806704724409449
11
5.1979046062992129
21
-2.8828040551181102
0
LINE
8
BLACK
6
CONTINUOUS
10
5.1979046062992129
20
-2.8828040551181102
11
5.2000381889763778
21
-2.8859972047244096
0
LINE
8
BLACK
6
CONTINUOUS
10
5.2000381889763778
20
-2.8859972047244096
11
5.200787362204724
21
-2.8897637795275588
0
LINE
8
BLACK
6
CONTINUOUS
10
5.200787362204724
20
-2.8897637795275588
11
5.2007874015748028
21
-2.9251968897637797
0
LINE
8
BLACK
6
CONTINUOUS
10
5.2007874015748028
20
-2.9251968897637797
11
5.2000381889763778
21
-2.9289634251968502
0
LINE
8
BLACK
6
CONTINUOUS
10
5.2000381889763778
20
-2.9289634251968502
11
5.1979046062992129
21
-2.9321565748031495
0
LINE
8
BLACK
6
CONTINUOUS
10
5.1979046062992129
20
-2.9321565748031495
11
5.1947114566929136
21
-2.9342901574803149
0
LINE
8
BLACK
6
CONTINUOUS
10
5.1947114566929136
20
-2.9342901574803149
11
5.1909448818897639
21
-2.9350393307086615
0
LINE
8
BLACK
6
CONTINUOUS
10
5.1909448818897639
20
-2.9350393307086615
11
5.0452755511811018
21
-2.9350393700787403
0
LINE
8
BLACK
6
CONTINUOUS
10
5.0452755511811018
20
-2.9350393700787403
11
5.0415090157480318
21
-2.9342901574803149
0
LINE
8
BLACK
6
CONTINUOUS
10
5.0415090157480318
20
-2.9342901574803149
11
5.0383158661417324
21
-2.9321565748031495
0
LINE
8
BLACK
6
CONTINUOUS
10
5.0383158661417324
20
-2.9321565748031495
11
5.0361822834645666
21
-2.9289634251968502
0
LINE
8
BLACK
6
CONTINUOUS
10
5.0361822834645666
20
-2.9289634251968502
11
5.0354331102362204
21
-2.9251968503937009
0
LINE
8
BLACK
6
CONTINUOUS
10
5.0354331102362204
20
-2.9251968503937009
11
5.0354330708661417
21
-2.8897637401574801
0
LINE
8
BLACK
6
CONTINUOUS
10
5.0354330708661417
20
-2.8897637401574801
11
5.0361822834645666
21
-2.8859972047244096
0
LINE
8
BLACK
6
CONTINUOUS
10
5.0361822834645666
20
-2.8859972047244096
11
5.0383158661417324
21
-2.8828040551181102
0
LINE
8
BLACK
6
CONTINUOUS
10
5.0383158661417324
20
-2.8828040551181102
11
5.0415090157480318
21
-2.8806704724409449
0
LINE
8
BLACK
6
CONTINUOUS
10
5.0415090157480318
20
-2.8806704724409449
11
5.0452755905511806
21
-2.8799212992125982
0
LINE
8
BLACK
6
CONTINUOUS
10
5.0452755905511806
20
-2.8799212992125982
11
5.1909449212598426
21
-2.8799212598425195
0
LINE
8
BLACK
6
CONTINUOUS
10
5.1909449212598426
20
-2.8799212598425195
11
5.1947114566929136
21
-2.8806704724409449
0
LINE
8
BLACK
6
CONTINUOUS
10
4.91450342519685
20
-2.8875227952755904
11
4.917536929133858
21
-2.8895496850393698
0
LINE
8
BLACK
6
CONTINUOUS
10
4.917536929133858
20
-2.8895496850393698
11
4.9195638188976378
21
-2.8925831889763778
0
LINE
8
BLACK
6
CONTINUOUS
10
4.9195638188976378
20
-2.8925831889763778
11
4.9202755905511806
21
-2.8961614173228347
0
LINE
8
BLACK
6
CONTINUOUS
10
4.9202755905511806
20
-2.8961614173228347
11
4.9202755905511806
21
-2.9197834645669292
0
LINE
8
BLACK
6
CONTINUOUS
10
4.9202755905511806
20
-2.9197834645669292
11
4.9195638188976378
21
-2.9233616929133857
0
LINE
8
BLACK
6
CONTINUOUS
10
4.9195638188976378
20
-2.9233616929133857
11
4.917536929133858
21
-2.9263951968503936
0
LINE
8
BLACK
6
CONTINUOUS
10
4.917536929133858
20
-2.9263951968503936
11
4.91450342519685
21
-2.928422086614173
0
LINE
8
BLACK
6
CONTINUOUS
10
4.91450342519685
20
-2.928422086614173
11
4.9109251968503935
21
-2.9291338582677167
0
LINE
8
BLACK
6
CONTINUOUS
10
4.9109251968503935
20
-2.9291338582677167
11
4.8922244094488185
21
-2.9291338582677167
0
LINE
8
BLACK
6
CONTINUOUS
10
4.8922244094488185
20
-2.9291338582677167
11
4.888646181102362
21
-2.928422086614173
0
LINE
8
BLACK
6
CONTINUOUS
10
4.888646181102362
20
-2.928422086614173
11
4.8856126771653541
21
-2.9263951968503936
0
LINE
8
BLACK
6
CONTINUOUS
10
4.8856126771653541
20
-2.9263951968503936
11
4.8835857874015751
21
-2.9233616929133857
0
LINE
8
BLACK
6
CONTINUOUS
10
4.8835857874015751
20
-2.9233616929133857
11
4.8828740157480315
21
-2.9197834645669292
0
LINE
8
BLACK
6
CONTINUOUS
10
4.8828740157480315
20
-2.9197834645669292
11
4.8828740157480315
21
-2.8961614173228347
0
LINE
8
BLACK
6
CONTINUOUS
10
4.8828740157480315
20
-2.8961614173228347
11
4.8835857874015751
21
-2.8925831889763778
0
LINE
8
BLACK
6
CONTINUOUS
10
4.8835857874015751
20
-2.8925831889763778
11
4.8856126771653541
21
-2.8895496850393698
0
LINE
8
BLACK
6
CONTINUOUS
10
4.8856126771653541
20
-2.8895496850393698
11
4.888646181102362
21
-2.8875227952755904
0
LINE
8
BLACK
6
CONTINUOUS
10
4.888646181102362
20
-2.8875227952755904
11
4.8922244094488185
21
-2.8868110236220472
0
LINE
8
BLACK
6
CONTINUOUS
10
4.8922244094488185
20
-2.8868110236220472
11
4.9109251968503935
21
-2.8868110236220472
0
LINE
8
BLACK
6
CONTINUOUS
10
4.9109251968503935
20
-2.8868110236220472
11
4.91450342519685
21
-2.8875227952755904
0
LINE
8
BLACK
6
CONTINUOUS
10
4.2755905511811019
20
-2.9035433070866139
11
4.1968503937007871
21
-2.9035433070866139
0
LINE
8
BLACK
6
CONTINUOUS
10
4.1968503937007871
20
-2.9035433070866139
11
4.1968503937007871
21
-2.8602362204724407
0
LINE
8
BLACK
6
CONTINUOUS
10
4.1968503937007871
20
-2.8602362204724407
11
4.2755905511811019
21
-2.8602362204724407
0
LINE
8
BLACK
6
CONTINUOUS
10
4.2755905511811019
20
-2.8602362204724407
11
4.2755905511811019
21
-2.9035433070866139
0
LINE
8
BLACK
6
CONTINUOUS
10
4.4645669291338583
20
-2.9035433070866139
11
4.3858267716535435
21
-2.9035433070866139
0
LINE
8
BLACK
6
CONTINUOUS
10
4.3858267716535435
20
-2.9035433070866139
11
4.3858267716535435
21
-2.8602362204724407
0
LINE
8
BLACK
6
CONTINUOUS
10
4.3858267716535435
20
-2.8602362204724407
11
4.4645669291338583
21
-2.8602362204724407
0
LINE
8
BLACK
6
CONTINUOUS
10
4.4645669291338583
20
-2.8602362204724407
11
4.4645669291338583
21
-2.9035433070866139
0
LINE
8
BLACK
6
CONTINUOUS
10
6.4803149606299213
20
-2.9035433070866139
11
6.4015748031496065
21
-2.9035433070866139
0
LINE
8
BLACK
6
CONTINUOUS
10
6.4015748031496065
20
-2.9035433070866139
11
6.4015748031496065
21
-2.8602362204724407
0
LINE
8
BLACK
6
CONTINUOUS
10
6.4015748031496065
20
-2.8602362204724407
11
6.4803149606299213
21
-2.8602362204724407
0
LINE
8
BLACK
6
CONTINUOUS
10
6.4803149606299213
20
-2.8602362204724407
11
6.4803149606299213
21
-2.9035433070866139
0
LINE
8
BLACK
6
CONTINUOUS
10
6.6692913385826769
20
-2.9035433070866139
11
6.590551181102362
21
-2.9035433070866139
0
LINE
8
BLACK
6
CONTINUOUS
10
6.590551181102362
20
-2.9035433070866139
11
6.590551181102362
21
-2.8602362204724407
0
LINE
8
BLACK
6
CONTINUOUS
10
6.590551181102362
20
-2.8602362204724407
11
6.6692913385826769
21
-2.8602362204724407
0
LINE
8
BLACK
6
CONTINUOUS
10
6.6692913385826769
20
-2.8602362204724407
11
6.6692913385826769
21
-2.9035433070866139
0
LINE
8
BLACK
6
CONTINUOUS
10
4.91450342519685
20
-2.8196094094488187
11
4.917536929133858
21
-2.8216362992125985
0
LINE
8
BLACK
6
CONTINUOUS
10
4.917536929133858
20
-2.8216362992125985
11
4.9195638188976378
21
-2.824669803149606
0
LINE
8
BLACK
6
CONTINUOUS
10
4.9195638188976378
20
-2.824669803149606
11
4.9202755905511806
21
-2.828248031496063
0
LINE
8
BLACK
6
CONTINUOUS
10
4.9202755905511806
20
-2.828248031496063
11
4.9202755905511806
21
-2.8518700787401574
0
LINE
8
BLACK
6
CONTINUOUS
10
4.9202755905511806
20
-2.8518700787401574
11
4.9195638188976378
21
-2.8554483070866139
0
LINE
8
BLACK
6
CONTINUOUS
10
4.9195638188976378
20
-2.8554483070866139
11
4.917536929133858
21
-2.8584818110236219
0
LINE
8
BLACK
6
CONTINUOUS
10
4.917536929133858
20
-2.8584818110236219
11
4.91450342519685
21
-2.8605087007874017
0
LINE
8
BLACK
6
CONTINUOUS
10
4.91450342519685
20
-2.8605087007874017
11
4.9109251968503935
21
-2.8612204724409449
0
LINE
8
BLACK
6
CONTINUOUS
10
4.9109251968503935
20
-2.8612204724409449
11
4.8922244094488185
21
-2.8612204724409449
0
LINE
8
BLACK
6
CONTINUOUS
10
4.8922244094488185
20
-2.8612204724409449
11
4.888646181102362
21
-2.8605087007874017
0
LINE
8
BLACK
6
CONTINUOUS
10
4.888646181102362
20
-2.8605087007874017
11
4.8856126771653541
21
-2.8584818110236219
0
LINE
8
BLACK
6
CONTINUOUS
10
4.8856126771653541
20
-2.8584818110236219
11
4.8835857874015751
21
-2.8554483070866139
0
LINE
8
BLACK
6
CONTINUOUS
10
4.8835857874015751
20
-2.8554483070866139
11
4.8828740157480315
21
-2.8518700787401574
0
LINE
8
BLACK
6
CONTINUOUS
10
4.8828740157480315
20
-2.8518700787401574
11
4.8828740157480315
21
-2.828248031496063
0
LINE
8
BLACK
6
CONTINUOUS
10
4.8828740157480315
20
-2.828248031496063
11
4.8835857874015751
21
-2.824669803149606
0
LINE
8
BLACK
6
CONTINUOUS
10
4.8835857874015751
20
-2.824669803149606
11
4.8856126771653541
21
-2.8216362992125985
0
LINE
8
BLACK
6
CONTINUOUS
10
4.8856126771653541
20
-2.8216362992125985
11
4.888646181102362
21
-2.8196094094488187
0
LINE
8
BLACK
6
CONTINUOUS
10
4.888646181102362
20
-2.8196094094488187
11
4.8922244094488185
21
-2.8188976377952755
0
LINE
8
BLACK
6
CONTINUOUS
10
4.8922244094488185
20
-2.8188976377952755
11
4.9109251968503935
21
-2.8188976377952755
0
LINE
8
BLACK
6
CONTINUOUS
10
4.9109251968503935
20
-2.8188976377952755
11
4.91450342519685
21
-2.8196094094488187
0
LINE
8
BLACK
6
CONTINUOUS
10
5.3278892519685037
20
-2.8087826377952756
11
5.3309227559055117
21
-2.810809527559055
0
LINE
8
BLACK
6
CONTINUOUS
10
5.3309227559055117
20
-2.810809527559055
11
5.3329496456692915
21
-2.813843031496063
0
LINE
8
BLACK
6
CONTINUOUS
10
5.3329496456692915
20
-2.813843031496063
11
5.3336614173228343
21
-2.8174212598425195
0
LINE
8
BLACK
6
CONTINUOUS
10
5.3336614173228343
20
-2.8174212598425195
11
5.3336614173228343
21
-2.8410433070866139
0
LINE
8
BLACK
6
CONTINUOUS
10
5.3336614173228343
20
-2.8410433070866139
11
5.3329496456692915
21
-2.8446215354330708
0
LINE
8
BLACK
6
CONTINUOUS
10
5.3329496456692915
20
-2.8446215354330708
11
5.3309227559055117
21
-2.8476550393700788
0
LINE
8
BLACK
6
CONTINUOUS
10
5.3309227559055117
20
-2.8476550393700788
11
5.3278892519685037
21
-2.8496819291338582
0
LINE
8
BLACK
6
CONTINUOUS
10
5.3278892519685037
20
-2.8496819291338582
11
5.3243110236220472
21
-2.8503937007874014
0
LINE
8
BLACK
6
CONTINUOUS
10
5.3243110236220472
20
-2.8503937007874014
11
5.3056102362204722
21
-2.8503937007874014
0
LINE
8
BLACK
6
CONTINUOUS
10
5.3056102362204722
20
-2.8503937007874014
11
5.3020320078740157
21
-2.8496819291338582
0
LINE
8
BLACK
6
CONTINUOUS
10
5.3020320078740157
20
-2.8496819291338582
11
5.2989985039370078
21
-2.8476550393700788
0
LINE
8
BLACK
6
CONTINUOUS
10
5.2989985039370078
20
-2.8476550393700788
11
5.2969716141732279
21
-2.8446215354330708
0
LINE
8
BLACK
6
CONTINUOUS
10
5.2969716141732279
20
-2.8446215354330708
11
5.2962598425196852
21
-2.8410433070866139
0
LINE
8
BLACK
6
CONTINUOUS
10
5.2962598425196852
20
-2.8410433070866139
11
5.2962598425196852
21
-2.8174212598425195
0
LINE
8
BLACK
6
CONTINUOUS
10
5.2962598425196852
20
-2.8174212598425195
11
5.2969716141732279
21
-2.813843031496063
0
LINE
8
BLACK
6
CONTINUOUS
10
5.2969716141732279
20
-2.813843031496063
11
5.2989985039370078
21
-2.810809527559055
0
LINE
8
BLACK
6
CONTINUOUS
10
5.2989985039370078
20
-2.810809527559055
11
5.3020320078740157
21
-2.8087826377952756
0
LINE
8
BLACK
6
CONTINUOUS
10
5.3020320078740157
20
-2.8087826377952756
11
5.3056102362204722
21
-2.8080708661417324
0
LINE
8
BLACK
6
CONTINUOUS
10
5.3056102362204722
20
-2.8080708661417324
11
5.3243110236220472
21
-2.8080708661417324
0
LINE
8
BLACK
6
CONTINUOUS
10
5.3243110236220472
20
-2.8080708661417324
11
5.3278892519685037
21
-2.8087826377952756
0
LINE
8
BLACK
6
CONTINUOUS
10
5.4066294094488185
20
-2.8087826377952756
11
5.4096629133858265
21
-2.810809527559055
0
LINE
8
BLACK
6
CONTINUOUS
10
5.4096629133858265
20
-2.810809527559055
11
5.4116898031496063
21
-2.813843031496063
0
LINE
8
BLACK
6
CONTINUOUS
10
5.4116898031496063
20
-2.813843031496063
11
5.4124015748031491
21
-2.8174212598425195
0
LINE
8
BLACK
6
CONTINUOUS
10
5.4124015748031491
20
-2.8174212598425195
11
5.4124015748031491
21
-2.8410433070866139
0
LINE
8
BLACK
6
CONTINUOUS
10
5.4124015748031491
20
-2.8410433070866139
11
5.4116898031496063
21
-2.8446215354330708
0
LINE
8
BLACK
6
CONTINUOUS
10
5.4116898031496063
20
-2.8446215354330708
11
5.4096629133858265
21
-2.8476550393700788
0
LINE
8
BLACK
6
CONTINUOUS
10
5.4096629133858265
20
-2.8476550393700788
11
5.4066294094488185
21
-2.8496819291338582
0
LINE
8
BLACK
6
CONTINUOUS
10
5.4066294094488185
20
-2.8496819291338582
11
5.403051181102362
21
-2.8503937007874014
0
LINE
8
BLACK
6
CONTINUOUS
10
5.403051181102362
20
-2.8503937007874014
11
5.3843503937007871
21
-2.8503937007874014
0
LINE
8
BLACK
6
CONTINUOUS
10
5.3843503937007871
20
-2.8503937007874014
11
5.3807721653543306
21
-2.8496819291338582
0
LINE
8
BLACK
6
CONTINUOUS
10
5.3807721653543306
20
-2.8496819291338582
11
5.3777386614173226
21
-2.8476550393700788
0
LINE
8
BLACK
6
CONTINUOUS
10
5.3777386614173226
20
-2.8476550393700788
11
5.3757117716535427
21
-2.8446215354330708
0
LINE
8
BLACK
6
CONTINUOUS
10
5.3757117716535427
20
-2.8446215354330708
11
5.375
21
-2.8410433070866139
0
LINE
8
BLACK
6
CONTINUOUS
10
5.375
20
-2.8410433070866139
11
5.375
21
-2.8174212598425195
0
LINE
8
BLACK
6
CONTINUOUS
10
5.375
20
-2.8174212598425195
11
5.3757117716535427
21
-2.813843031496063
0
LINE
8
BLACK
6
CONTINUOUS
10
5.3757117716535427
20
-2.813843031496063
11
5.3777386614173226
21
-2.810809527559055
0
LINE
8
BLACK
6
CONTINUOUS
10
5.3777386614173226
20
-2.810809527559055
11
5.3807721653543306
21
-2.8087826377952756
0
LINE
8
BLACK
6
CONTINUOUS
10
5.3807721653543306
20
-2.8087826377952756
11
5.3843503937007871
21
-2.8080708661417324
0
LINE
8
BLACK
6
CONTINUOUS
10
5.3843503937007871
20
-2.8080708661417324
11
5.403051181102362
21
-2.8080708661417324
0
LINE
8
BLACK
6
CONTINUOUS
10
5.403051181102362
20
-2.8080708661417324
11
5.4066294094488185
21
-2.8087826377952756
0
LINE
8
BLACK
6
CONTINUOUS
10
5.4853695669291334
20
-2.8087826377952756
11
5.4884030708661413
21
-2.810809527559055
0
LINE
8
BLACK
6
CONTINUOUS
10
5.4884030708661413
20
-2.810809527559055
11
5.4904299606299212
21
-2.813843031496063
0
LINE
8
BLACK
6
CONTINUOUS
10
5.4904299606299212
20
-2.813843031496063
11
5.4911417322834648
21
-2.8174212598425195
0
LINE
8
BLACK
6
CONTINUOUS
10
5.4911417322834648
20
-2.8174212598425195
11
5.4911417322834648
21
-2.8410433070866139
0
LINE
8
BLACK
6
CONTINUOUS
10
5.4911417322834648
20
-2.8410433070866139
11
5.4904299606299212
21
-2.8446215354330708
0
LINE
8
BLACK
6
CONTINUOUS
10
5.4904299606299212
20
-2.8446215354330708
11
5.4884030708661413
21
-2.8476550393700788
0
LINE
8
BLACK
6
CONTINUOUS
10
5.4884030708661413
20
-2.8476550393700788
11
5.4853695669291334
21
-2.8496819291338582
0
LINE
8
BLACK
6
CONTINUOUS
10
5.4853695669291334
20
-2.8496819291338582
11
5.4817913385826769
21
-2.8503937007874014
0
LINE
8
BLACK
6
CONTINUOUS
10
5.4817913385826769
20
-2.8503937007874014
11
5.4630905511811019
21
-2.8503937007874014
0
LINE
8
BLACK
6
CONTINUOUS
10
5.4630905511811019
20
-2.8503937007874014
11
5.4595123228346454
21
-2.8496819291338582
0
LINE
8
BLACK
6
CONTINUOUS
10
5.4595123228346454
20
-2.8496819291338582
11
5.4564788188976374
21
-2.8476550393700788
0
LINE
8
BLACK
6
CONTINUOUS
10
5.4564788188976374
20
-2.8476550393700788
11
5.4544519291338585
21
-2.8446215354330708
0
LINE
8
BLACK
6
CONTINUOUS
10
5.4544519291338585
20
-2.8446215354330708
11
5.4537401574803148
21
-2.8410433070866139
0
LINE
8
BLACK
6
CONTINUOUS
10
5.4537401574803148
20
-2.8410433070866139
11
5.4537401574803148
21
-2.8174212598425195
0
LINE
8
BLACK
6
CONTINUOUS
10
5.4537401574803148
20
-2.8174212598425195
11
5.4544519291338585
21
-2.813843031496063
0
LINE
8
BLACK
6
CONTINUOUS
10
5.4544519291338585
20
-2.813843031496063
11
5.4564788188976374
21
-2.810809527559055
0
LINE
8
BLACK
6
CONTINUOUS
10
5.4564788188976374
20
-2.810809527559055
11
5.4595123228346454
21
-2.8087826377952756
0
LINE
8
BLACK
6
CONTINUOUS
10
5.4595123228346454
20
-2.8087826377952756
11
5.4630905511811019
21
-2.8080708661417324
0
LINE
8
BLACK
6
CONTINUOUS
10
5.4630905511811019
20
-2.8080708661417324
11
5.4817913385826769
21
-2.8080708661417324
0
LINE
8
BLACK
6
CONTINUOUS
10
5.4817913385826769
20
-2.8080708661417324
11
5.4853695669291334
21
-2.8087826377952756
0
LINE
8
BLACK
6
CONTINUOUS
10
4.2755905511811019
20
-2.8366141732283463
11
4.1968503937007871
21
-2.8366141732283463
0
LINE
8
BLACK
6
CONTINUOUS
10
4.1968503937007871
20
-2.8366141732283463
11
4.1968503937007871
21
-2.7933070866141732
0
LINE
8
BLACK
6
CONTINUOUS
10
4.1968503937007871
20
-2.7933070866141732
11
4.2755905511811019
21
-2.7933070866141732
0
LINE
8
BLACK
6
CONTINUOUS
10
4.2755905511811019
20
-2.7933070866141732
11
4.2755905511811019
21
-2.8366141732283463
0
LINE
8
BLACK
6
CONTINUOUS
10
4.4645669291338583
20
-2.8366141732283463
11
4.3858267716535435
21
-2.8366141732283463
0
LINE
8
BLACK
6
CONTINUOUS
10
4.3858267716535435
20
-2.8366141732283463
11
4.3858267716535435
21
-2.7933070866141732
0
LINE
8
BLACK
6
CONTINUOUS
10
4.3858267716535435
20
-2.7933070866141732
11
4.4645669291338583
21
-2.7933070866141732
0
LINE
8
BLACK
6
CONTINUOUS
10
4.4645669291338583
20
-2.7933070866141732
11
4.4645669291338583
21
-2.8366141732283463
0
LINE
8
BLACK
6
CONTINUOUS
10
6.4803149606299213
20
-2.8366141732283463
11
6.4015748031496065
21
-2.8366141732283463
0
LINE
8
BLACK
6
CONTINUOUS
10
6.4015748031496065
20
-2.8366141732283463
11
6.4015748031496065
21
-2.7933070866141732
0
LINE
8
BLACK
6
CONTINUOUS
10
6.4015748031496065
20
-2.7933070866141732
11
6.4803149606299213
21
-2.7933070866141732
0
LINE
8
BLACK
6
CONTINUOUS
10
6.4803149606299213
20
-2.7933070866141732
11
6.4803149606299213
21
-2.8366141732283463
0
LINE
8
BLACK
6
CONTINUOUS
10
6.6692913385826769
20
-2.8366141732283463
11
6.590551181102362
21
-2.8366141732283463
0
LINE
8
BLACK
6
CONTINUOUS
10
6.590551181102362
20
-2.8366141732283463
11
6.590551181102362
21
-2.7933070866141732
0
LINE
8
BLACK
6
CONTINUOUS
10
6.590551181102362
20
-2.7933070866141732
11
6.6692913385826769
21
-2.7933070866141732
0
LINE
8
BLACK
6
CONTINUOUS
10
6.6692913385826769
20
-2.7933070866141732
11
6.6692913385826769
21
-2.8366141732283463
0
LINE
8
BLACK
6
CONTINUOUS
10
5.7061969685039369
20
-2.735685748031496
11
5.7081128346456689
21
-2.736965905511811
0
LINE
8
BLACK
6
CONTINUOUS
10
5.7081128346456689
20
-2.736965905511811
11
5.7093929921259843
21
-2.7388817716535434
0
LINE
8
BLACK
6
CONTINUOUS
10
5.7093929921259843
20
-2.7388817716535434
11
5.7098425196850391
21
-2.7411417322834644
0
LINE
8
BLACK
6
CONTINUOUS
10
5.7098425196850391
20
-2.7411417322834644
11
5.7098425196850391
21
-2.8061023622047245
0
LINE
8
BLACK
6
CONTINUOUS
10
5.7098425196850391
20
-2.8061023622047245
11
5.7093929921259843
21
-2.8083623228346455
0
LINE
8
BLACK
6
CONTINUOUS
10
5.7093929921259843
20
-2.8083623228346455
11
5.7081128346456689
21
-2.8102781889763779
0
LINE
8
BLACK
6
CONTINUOUS
10
5.7081128346456689
20
-2.8102781889763779
11
5.7061969685039369
21
-2.8115583464566929
0
LINE
8
BLACK
6
CONTINUOUS
10
5.7061969685039369
20
-2.8115583464566929
11
5.7039370078740159
21
-2.8120078740157481
0
LINE
8
BLACK
6
CONTINUOUS
10
5.7039370078740159
20
-2.8120078740157481
11
5.6921259842519687
21
-2.8120078740157481
0
LINE
8
BLACK
6
CONTINUOUS
10
5.6921259842519687
20
-2.8120078740157481
11
5.6898660236220469
21
-2.8115583464566929
0
LINE
8
BLACK
6
CONTINUOUS
10
5.6898660236220469
20
-2.8115583464566929
11
5.6879501574803149
21
-2.8102781889763779
0
LINE
8
BLACK
6
CONTINUOUS
10
5.6879501574803149
20
-2.8102781889763779
11
5.6866699999999994
21
-2.8083623228346455
0
LINE
8
BLACK
6
CONTINUOUS
10
5.6866699999999994
20
-2.8083623228346455
11
5.6862204724409446
21
-2.8061023622047245
0
LINE
8
BLACK
6
CONTINUOUS
10
5.6862204724409446
20
-2.8061023622047245
11
5.6862204724409446
21
-2.7411417322834644
0
LINE
8
BLACK
6
CONTINUOUS
10
5.6862204724409446
20
-2.7411417322834644
11
5.6866699999999994
21
-2.7388817716535434
0
LINE
8
BLACK
6
CONTINUOUS
10
5.6866699999999994
20
-2.7388817716535434
11
5.6879501574803149
21
-2.736965905511811
0
LINE
8
BLACK
6
CONTINUOUS
10
5.6879501574803149
20
-2.736965905511811
11
5.6898660236220469
21
-2.735685748031496
0
LINE
8
BLACK
6
CONTINUOUS
10
5.6898660236220469
20
-2.735685748031496
11
5.6921259842519687
21
-2.7352362204724407
0
LINE
8
BLACK
6
CONTINUOUS
10
5.6921259842519687
20
-2.7352362204724407
11
5.7039370078740159
21
-2.7352362204724407
0
LINE
8
BLACK
6
CONTINUOUS
10
5.7039370078740159
20
-2.7352362204724407
11
5.7061969685039369
21
-2.735685748031496
0
LINE
8
BLACK
6
CONTINUOUS
10
5.7561969685039367
20
-2.735685748031496
11
5.7581128346456696
21
-2.736965905511811
0
LINE
8
BLACK
6
CONTINUOUS
10
5.7581128346456696
20
-2.736965905511811
11
5.7593929921259841
21
-2.7388817716535434
0
LINE
8
BLACK
6
CONTINUOUS
10
5.7593929921259841
20
-2.7388817716535434
11
5.7598425196850389
21
-2.7411417322834644
0
LINE
8
BLACK
6
CONTINUOUS
10
5.7598425196850389
20
-2.7411417322834644
11
5.7598425196850389
21
-2.8061023622047245
0
LINE
8
BLACK
6
CONTINUOUS
10
5.7598425196850389
20
-2.8061023622047245
11
5.7593929921259841
21
-2.8083623228346455
0
LINE
8
BLACK
6
CONTINUOUS
10
5.7593929921259841
20
-2.8083623228346455
11
5.7581128346456696
21
-2.8102781889763779
0
LINE
8
BLACK
6
CONTINUOUS
10
5.7581128346456696
20
-2.8102781889763779
11
5.7561969685039367
21
-2.8115583464566929
0
LINE
8
BLACK
6
CONTINUOUS
10
5.7561969685039367
20
-2.8115583464566929
11
5.7539370078740157
21
-2.8120078740157481
0
LINE
8
BLACK
6
CONTINUOUS
10
5.7539370078740157
20
-2.8120078740157481
11
5.7421259842519685
21
-2.8120078740157481
0
LINE
8
BLACK
6
CONTINUOUS
10
5.7421259842519685
20
-2.8120078740157481
11
5.7398660236220467
21
-2.8115583464566929
0
LINE
8
BLACK
6
CONTINUOUS
10
5.7398660236220467
20
-2.8115583464566929
11
5.7379501574803147
21
-2.8102781889763779
0
LINE
8
BLACK
6
CONTINUOUS
10
5.7379501574803147
20
-2.8102781889763779
11
5.7366700000000002
21
-2.8083623228346455
0
LINE
8
BLACK
6
CONTINUOUS
10
5.7366700000000002
20
-2.8083623228346455
11
5.7362204724409445
21
-2.8061023622047245
0
LINE
8
BLACK
6
CONTINUOUS
10
5.7362204724409445
20
-2.8061023622047245
11
5.7362204724409445
21
-2.7411417322834644
0
LINE
8
BLACK
6
CONTINUOUS
10
5.7362204724409445
20
-2.7411417322834644
11
5.7366700000000002
21
-2.7388817716535434
0
LINE
8
BLACK
6
CONTINUOUS
10
5.7366700000000002
20
-2.7388817716535434
11
5.7379501574803147
21
-2.736965905511811
0
LINE
8
BLACK
6
CONTINUOUS
10
5.7379501574803147
20
-2.736965905511811
11
5.7398660236220467
21
-2.735685748031496
0
LINE
8
BLACK
6
CONTINUOUS
10
5.7398660236220467
20
-2.735685748031496
11
5.7421259842519685
21
-2.7352362204724407
0
LINE
8
BLACK
6
CONTINUOUS
10
5.7421259842519685
20
-2.7352362204724407
11
5.7539370078740157
21
-2.7352362204724407
0
LINE
8
BLACK
6
CONTINUOUS
10
5.7539370078740157
20
-2.7352362204724407
11
5.7561969685039367
21
-2.735685748031496
0
LINE
8
BLACK
6
CONTINUOUS
10
5.8061969685039365
20
-2.735685748031496
11
5.8081128346456694
21
-2.736965905511811
0
LINE
8
BLACK
6
CONTINUOUS
10
5.8081128346456694
20
-2.736965905511811
11
5.8093929921259839
21
-2.7388817716535434
0
LINE
8
BLACK
6
CONTINUOUS
10
5.8093929921259839
20
-2.7388817716535434
11
5.8098425196850396
21
-2.7411417322834644
0
LINE
8
BLACK
6
CONTINUOUS
10
5.8098425196850396
20
-2.7411417322834644
11
5.8098425196850396
21
-2.8061023622047245
0
LINE
8
BLACK
6
CONTINUOUS
10
5.8098425196850396
20
-2.8061023622047245
11
5.8093929921259839
21
-2.8083623228346455
0
LINE
8
BLACK
6
CONTINUOUS
10
5.8093929921259839
20
-2.8083623228346455
11
5.8081128346456694
21
-2.8102781889763779
0
LINE
8
BLACK
6
CONTINUOUS
10
5.8081128346456694
20
-2.8102781889763779
11
5.8061969685039365
21
-2.8115583464566929
0
LINE
8
BLACK
6
CONTINUOUS
10
5.8061969685039365
20
-2.8115583464566929
11
5.8039370078740156
21
-2.8120078740157481
0
LINE
8
BLACK
6
CONTINUOUS
10
5.8039370078740156
20
-2.8120078740157481
11
5.7921259842519683
21
-2.8120078740157481
0
LINE
8
BLACK
6
CONTINUOUS
10
5.7921259842519683
20
-2.8120078740157481
11
5.7898660236220474
21
-2.8115583464566929
0
LINE
8
BLACK
6
CONTINUOUS
10
5.7898660236220474
20
-2.8115583464566929
11
5.7879501574803145
21
-2.8102781889763779
0
LINE
8
BLACK
6
CONTINUOUS
10
5.7879501574803145
20
-2.8102781889763779
11
5.78667
21
-2.8083623228346455
0
LINE
8
BLACK
6
CONTINUOUS
10
5.78667
20
-2.8083623228346455
11
5.7862204724409452
21
-2.8061023622047245
0
LINE
8
BLACK
6
CONTINUOUS
10
5.7862204724409452
20
-2.8061023622047245
11
5.7862204724409452
21
-2.7411417322834644
0
LINE
8
BLACK
6
CONTINUOUS
10
5.7862204724409452
20
-2.7411417322834644
11
5.78667
21
-2.7388817716535434
0
LINE
8
BLACK
6
CONTINUOUS
10
5.78667
20
-2.7388817716535434
11
5.7879501574803145
21
-2.736965905511811
0
LINE
8
BLACK
6
CONTINUOUS
10
5.7879501574803145
20
-2.736965905511811
11
5.7898660236220474
21
-2.735685748031496
0
LINE
8
BLACK
6
CONTINUOUS
10
5.7898660236220474
20
-2.735685748031496
11
5.7921259842519683
21
-2.7352362204724407
0
LINE
8
BLACK
6
CONTINUOUS
10
5.7921259842519683
20
-2.7352362204724407
11
5.8039370078740156
21
-2.7352362204724407
0
LINE
8
BLACK
6
CONTINUOUS
10
5.8039370078740156
20
-2.7352362204724407
11
5.8061969685039365
21
-2.735685748031496
0
LINE
8
BLACK
6
CONTINUOUS
10
5.8561969685039372
20
-2.735685748031496
11
5.8581128346456692
21
-2.736965905511811
0
LINE
8
BLACK
6
CONTINUOUS
10
5.8581128346456692
20
-2.736965905511811
11
5.8593929921259837
21
-2.7388817716535434
0
LINE
8
BLACK
6
CONTINUOUS
10
5.8593929921259837
20
-2.7388817716535434
11
5.8598425196850394
21
-2.7411417322834644
0
LINE
8
BLACK
6
CONTINUOUS
10
5.8598425196850394
20
-2.7411417322834644
11
5.8598425196850394
21
-2.8061023622047245
0
LINE
8
BLACK
6
CONTINUOUS
10
5.8598425196850394
20
-2.8061023622047245
11
5.8593929921259837
21
-2.8083623228346455
0
LINE
8
BLACK
6
CONTINUOUS
10
5.8593929921259837
20
-2.8083623228346455
11
5.8581128346456692
21
-2.8102781889763779
0
LINE
8
BLACK
6
CONTINUOUS
10
5.8581128346456692
20
-2.8102781889763779
11
5.8561969685039372
21
-2.8115583464566929
0
LINE
8
BLACK
6
CONTINUOUS
10
5.8561969685039372
20
-2.8115583464566929
11
5.8539370078740154
21
-2.8120078740157481
0
LINE
8
BLACK
6
CONTINUOUS
10
5.8539370078740154
20
-2.8120078740157481
11
5.8421259842519682
21
-2.8120078740157481
0
LINE
8
BLACK
6
CONTINUOUS
10
5.8421259842519682
20
-2.8120078740157481
11
5.8398660236220472
21
-2.8115583464566929
0
LINE
8
BLACK
6
CONTINUOUS
10
5.8398660236220472
20
-2.8115583464566929
11
5.8379501574803152
21
-2.8102781889763779
0
LINE
8
BLACK
6
CONTINUOUS
10
5.8379501574803152
20
-2.8102781889763779
11
5.8366699999999998
21
-2.8083623228346455
0
LINE
8
BLACK
6
CONTINUOUS
10
5.8366699999999998
20
-2.8083623228346455
11
5.836220472440945
21
-2.8061023622047245
0
LINE
8
BLACK
6
CONTINUOUS
10
5.836220472440945
20
-2.8061023622047245
11
5.836220472440945
21
-2.7411417322834644
0
LINE
8
BLACK
6
CONTINUOUS
10
5.836220472440945
20
-2.7411417322834644
11
5.8366699999999998
21
-2.7388817716535434
0
LINE
8
BLACK
6
CONTINUOUS
10
5.8366699999999998
20
-2.7388817716535434
11
5.8379501574803152
21
-2.736965905511811
0
LINE
8
BLACK
6
CONTINUOUS
10
5.8379501574803152
20
-2.736965905511811
11
5.8398660236220472
21
-2.735685748031496
0
LINE
8
BLACK
6
CONTINUOUS
10
5.8398660236220472
20
-2.735685748031496
11
5.8421259842519682
21
-2.7352362204724407
0
LINE
8
BLACK
6
CONTINUOUS
10
5.8421259842519682
20
-2.7352362204724407
11
5.8539370078740154
21
-2.7352362204724407
0
LINE
8
BLACK
6
CONTINUOUS
10
5.8539370078740154
20
-2.7352362204724407
11
5.8561969685039372
21
-2.735685748031496
0
LINE
8
BLACK
6
CONTINUOUS
10
5.1947114566929136
20
-2.735001181102362
11
5.1979046062992129
21
-2.7371347637795274
0
LINE
8
BLACK
6
CONTINUOUS
10
5.1979046062992129
20
-2.7371347637795274
11
5.2000381889763778
21
-2.7403279133858267
0
LINE
8
BLACK
6
CONTINUOUS
10
5.2000381889763778
20
-2.7403279133858267
11
5.200787362204724
21
-2.7440944881889764
0
LINE
8
BLACK
6
CONTINUOUS
10
5.200787362204724
20
-2.7440944881889764
11
5.2007874015748028
21
-2.7795275984251968
0
LINE
8
BLACK
6
CONTINUOUS
10
5.2007874015748028
20
-2.7795275984251968
11
5.2000381889763778
21
-2.7832941338582677
0
LINE
8
BLACK
6
CONTINUOUS
10
5.2000381889763778
20
-2.7832941338582677
11
5.1979046062992129
21
-2.7864872834645666
0
LINE
8
BLACK
6
CONTINUOUS
10
5.1979046062992129
20
-2.7864872834645666
11
5.1947114566929136
21
-2.7886208661417324
0
LINE
8
BLACK
6
CONTINUOUS
10
5.1947114566929136
20
-2.7886208661417324
11
5.1909448818897639
21
-2.7893700393700787
0
LINE
8
BLACK
6
CONTINUOUS
10
5.1909448818897639
20
-2.7893700393700787
11
5.0452755511811018
21
-2.7893700787401574
0
LINE
8
BLACK
6
CONTINUOUS
10
5.0452755511811018
20
-2.7893700787401574
11
5.0415090157480318
21
-2.7886208661417324
0
LINE
8
BLACK
6
CONTINUOUS
10
5.0415090157480318
20
-2.7886208661417324
11
5.0383158661417324
21
-2.7864872834645666
0
LINE
8
BLACK
6
CONTINUOUS
10
5.0383158661417324
20
-2.7864872834645666
11
5.0361822834645666
21
-2.7832941338582677
0
LINE
8
BLACK
6
CONTINUOUS
10
5.0361822834645666
20
-2.7832941338582677
11
5.0354331102362204
21
-2.7795275590551181
0
LINE
8
BLACK
6
CONTINUOUS
10
5.0354331102362204
20
-2.7795275590551181
11
5.0354330708661417
21
-2.7440944488188976
0
LINE
8
BLACK
6
CONTINUOUS
10
5.0354330708661417
20
-2.7440944488188976
11
5.0361822834645666
21
-2.7403279133858267
0
LINE
8
BLACK
6
CONTINUOUS
10
5.0361822834645666
20
-2.7403279133858267
11
5.0383158661417324
21
-2.7371347637795274
0
LINE
8
BLACK
6
CONTINUOUS
10
5.0383158661417324
20
-2.7371347637795274
11
5.0415090157480318
21
-2.735001181102362
0
LINE
8
BLACK
6
CONTINUOUS
10
5.0415090157480318
20
-2.735001181102362
11
5.0452755905511806
21
-2.7342520078740158
0
LINE
8
BLACK
6
CONTINUOUS
10
5.0452755905511806
20
-2.7342520078740158
11
5.1909449212598426
21
-2.734251968503937
0
LINE
8
BLACK
6
CONTINUOUS
10
5.1909449212598426
20
-2.734251968503937
11
5.1947114566929136
21
-2.735001181102362
0
LINE
8
BLACK
6
CONTINUOUS
10
5.3278892519685037
20
-2.7408692519685038
11
5.3309227559055117
21
-2.7428961417322832
0
LINE
8
BLACK
6
CONTINUOUS
10
5.3309227559055117
20
-2.7428961417322832
11
5.3329496456692915
21
-2.7459296456692912
0
LINE
8
BLACK
6
CONTINUOUS
10
5.3329496456692915
20
-2.7459296456692912
11
5.3336614173228343
21
-2.7495078740157481
0
LINE
8
BLACK
6
CONTINUOUS
10
5.3336614173228343
20
-2.7495078740157481
11
5.3336614173228343
21
-2.7731299212598426
0
LINE
8
BLACK
6
CONTINUOUS
10
5.3336614173228343
20
-2.7731299212598426
11
5.3329496456692915
21
-2.7767081496062991
0
LINE
8
BLACK
6
CONTINUOUS
10
5.3329496456692915
20
-2.7767081496062991
11
5.3309227559055117
21
-2.779741653543307
0
LINE
8
BLACK
6
CONTINUOUS
10
5.3309227559055117
20
-2.779741653543307
11
5.3278892519685037
21
-2.7817685433070864
0
LINE
8
BLACK
6
CONTINUOUS
10
5.3278892519685037
20
-2.7817685433070864
11
5.3243110236220472
21
-2.7824803149606296
0
LINE
8
BLACK
6
CONTINUOUS
10
5.3243110236220472
20
-2.7824803149606296
11
5.3056102362204722
21
-2.7824803149606296
0
LINE
8
BLACK
6
CONTINUOUS
10
5.3056102362204722
20
-2.7824803149606296
11
5.3020320078740157
21
-2.7817685433070864
0
LINE
8
BLACK
6
CONTINUOUS
10
5.3020320078740157
20
-2.7817685433070864
11
5.2989985039370078
21
-2.779741653543307
0
LINE
8
BLACK
6
CONTINUOUS
10
5.2989985039370078
20
-2.779741653543307
11
5.2969716141732279
21
-2.7767081496062991
0
LINE
8
BLACK
6
CONTINUOUS
10
5.2969716141732279
20
-2.7767081496062991
11
5.2962598425196852
21
-2.7731299212598426
0
LINE
8
BLACK
6
CONTINUOUS
10
5.2962598425196852
20
-2.7731299212598426
11
5.2962598425196852
21
-2.7495078740157481
0
LINE
8
BLACK
6
CONTINUOUS
10
5.2962598425196852
20
-2.7495078740157481
11
5.2969716141732279
21
-2.7459296456692912
0
LINE
8
BLACK
6
CONTINUOUS
10
5.2969716141732279
20
-2.7459296456692912
11
5.2989985039370078
21
-2.7428961417322832
0
LINE
8
BLACK
6
CONTINUOUS
10
5.2989985039370078
20
-2.7428961417322832
11
5.3020320078740157
21
-2.7408692519685038
0
LINE
8
BLACK
6
CONTINUOUS
10
5.3020320078740157
20
-2.7408692519685038
11
5.3056102362204722
21
-2.7401574803149606
0
LINE
8
BLACK
6
CONTINUOUS
10
5.3056102362204722
20
-2.7401574803149606
11
5.3243110236220472
21
-2.7401574803149606
0
LINE
8
BLACK
6
CONTINUOUS
10
5.3243110236220472
20
-2.7401574803149606
11
5.3278892519685037
21
-2.7408692519685038
0
LINE
8
BLACK
6
CONTINUOUS
10
5.4066294094488185
20
-2.7408692519685038
11
5.4096629133858265
21
-2.7428961417322832
0
LINE
8
BLACK
6
CONTINUOUS
10
5.4096629133858265
20
-2.7428961417322832
11
5.4116898031496063
21
-2.7459296456692912
0
LINE
8
BLACK
6
CONTINUOUS
10
5.4116898031496063
20
-2.7459296456692912
11
5.4124015748031491
21
-2.7495078740157481
0
LINE
8
BLACK
6
CONTINUOUS
10
5.4124015748031491
20
-2.7495078740157481
11
5.4124015748031491
21
-2.7731299212598426
0
LINE
8
BLACK
6
CONTINUOUS
10
5.4124015748031491
20
-2.7731299212598426
11
5.4116898031496063
21
-2.7767081496062991
0
LINE
8
BLACK
6
CONTINUOUS
10
5.4116898031496063
20
-2.7767081496062991
11
5.4096629133858265
21
-2.779741653543307
0
LINE
8
BLACK
6
CONTINUOUS
10
5.4096629133858265
20
-2.779741653543307
11
5.4066294094488185
21
-2.7817685433070864
0
LINE
8
BLACK
6
CONTINUOUS
10
5.4066294094488185
20
-2.7817685433070864
11
5.403051181102362
21
-2.7824803149606296
0
LINE
8
BLACK
6
CONTINUOUS
10
5.403051181102362
20
-2.7824803149606296
11
5.3843503937007871
21
-2.7824803149606296
0
LINE
8
BLACK
6
CONTINUOUS
10
5.3843503937007871
20
-2.7824803149606296
11
5.3807721653543306
21
-2.7817685433070864
0
LINE
8
BLACK
6
CONTINUOUS
10
5.3807721653543306
20
-2.7817685433070864
11
5.3777386614173226
21
-2.779741653543307
0
LINE
8
BLACK
6
CONTINUOUS
10
5.3777386614173226
20
-2.779741653543307
11
5.3757117716535427
21
-2.7767081496062991
0
LINE
8
BLACK
6
CONTINUOUS
10
5.3757117716535427
20
-2.7767081496062991
11
5.375
21
-2.7731299212598426
0
LINE
8
BLACK
6
CONTINUOUS
10
5.375
20
-2.7731299212598426
11
5.375
21
-2.7495078740157481
0
LINE
8
BLACK
6
CONTINUOUS
10
5.375
20
-2.7495078740157481
11
5.3757117716535427
21
-2.7459296456692912
0
LINE
8
BLACK
6
CONTINUOUS
10
5.3757117716535427
20
-2.7459296456692912
11
5.3777386614173226
21
-2.7428961417322832
0
LINE
8
BLACK
6
CONTINUOUS
10
5.3777386614173226
20
-2.7428961417322832
11
5.3807721653543306
21
-2.7408692519685038
0
LINE
8
BLACK
6
CONTINUOUS
10
5.3807721653543306
20
-2.7408692519685038
11
5.3843503937007871
21
-2.7401574803149606
0
LINE
8
BLACK
6
CONTINUOUS
10
5.3843503937007871
20
-2.7401574803149606
11
5.403051181102362
21
-2.7401574803149606
0
LINE
8
BLACK
6
CONTINUOUS
10
5.403051181102362
20
-2.7401574803149606
11
5.4066294094488185
21
-2.7408692519685038
0
LINE
8
BLACK
6
CONTINUOUS
10
5.4853695669291334
20
-2.7408692519685038
11
5.4884030708661413
21
-2.7428961417322832
0
LINE
8
BLACK
6
CONTINUOUS
10
5.4884030708661413
20
-2.7428961417322832
11
5.4904299606299212
21
-2.7459296456692912
0
LINE
8
BLACK
6
CONTINUOUS
10
5.4904299606299212
20
-2.7459296456692912
11
5.4911417322834648
21
-2.7495078740157481
0
LINE
8
BLACK
6
CONTINUOUS
10
5.4911417322834648
20
-2.7495078740157481
11
5.4911417322834648
21
-2.7731299212598426
0
LINE
8
BLACK
6
CONTINUOUS
10
5.4911417322834648
20
-2.7731299212598426
11
5.4904299606299212
21
-2.7767081496062991
0
LINE
8
BLACK
6
CONTINUOUS
10
5.4904299606299212
20
-2.7767081496062991
11
5.4884030708661413
21
-2.779741653543307
0
LINE
8
BLACK
6
CONTINUOUS
10
5.4884030708661413
20
-2.779741653543307
11
5.4853695669291334
21
-2.7817685433070864
0
LINE
8
BLACK
6
CONTINUOUS
10
5.4853695669291334
20
-2.7817685433070864
11
5.4817913385826769
21
-2.7824803149606296
0
LINE
8
BLACK
6
CONTINUOUS
10
5.4817913385826769
20
-2.7824803149606296
11
5.4630905511811019
21
-2.7824803149606296
0
LINE
8
BLACK
6
CONTINUOUS
10
5.4630905511811019
20
-2.7824803149606296
11
5.4595123228346454
21
-2.7817685433070864
0
LINE
8
BLACK
6
CONTINUOUS
10
5.4595123228346454
20
-2.7817685433070864
11
5.4564788188976374
21
-2.779741653543307
0
LINE
8
BLACK
6
CONTINUOUS
10
5.4564788188976374
20
-2.779741653543307
11
5.4544519291338585
21
-2.7767081496062991
0
LINE
8
BLACK
6
CONTINUOUS
10
5.4544519291338585
20
-2.7767081496062991
11
5.4537401574803148
21
-2.7731299212598426
0
LINE
8
BLACK
6
CONTINUOUS
10
5.4537401574803148
20
-2.7731299212598426
11
5.4537401574803148
21
-2.7495078740157481
0
LINE
8
BLACK
6
CONTINUOUS
10
5.4537401574803148
20
-2.7495078740157481
11
5.4544519291338585
21
-2.7459296456692912
0
LINE
8
BLACK
6
CONTINUOUS
10
5.4544519291338585
20
-2.7459296456692912
11
5.4564788188976374
21
-2.7428961417322832
0
LINE
8
BLACK
6
CONTINUOUS
10
5.4564788188976374
20
-2.7428961417322832
11
5.4595123228346454
21
-2.7408692519685038
0
LINE
8
BLACK
6
CONTINUOUS
10
5.4595123228346454
20
-2.7408692519685038
11
5.4630905511811019
21
-2.7401574803149606
0
LINE
8
BLACK
6
CONTINUOUS
10
5.4630905511811019
20
-2.7401574803149606
11
5.4817913385826769
21
-2.7401574803149606
0
LINE
8
BLACK
6
CONTINUOUS
10
5.4817913385826769
20
-2.7401574803149606
11
5.4853695669291334
21
-2.7408692519685038
0
LINE
8
BLACK
6
CONTINUOUS
10
4.2755905511811019
20
-2.7696850393700787
11
4.1968503937007871
21
-2.7696850393700787
0
LINE
8
BLACK
6
CONTINUOUS
10
4.1968503937007871
20
-2.7696850393700787
11
4.1968503937007871
21
-2.7263779527559056
0
LINE
8
BLACK
6
CONTINUOUS
10
4.1968503937007871
20
-2.7263779527559056
11
4.2755905511811019
21
-2.7263779527559056
0
LINE
8
BLACK
6
CONTINUOUS
10
4.2755905511811019
20
-2.7263779527559056
11
4.2755905511811019
21
-2.7696850393700787
0
LINE
8
BLACK
6
CONTINUOUS
10
4.4645669291338583
20
-2.7696850393700787
11
4.3858267716535435
21
-2.7696850393700787
0
LINE
8
BLACK
6
CONTINUOUS
10
4.3858267716535435
20
-2.7696850393700787
11
4.3858267716535435
21
-2.7263779527559056
0
LINE
8
BLACK
6
CONTINUOUS
10
4.3858267716535435
20
-2.7263779527559056
11
4.4645669291338583
21
-2.7263779527559056
0
LINE
8
BLACK
6
CONTINUOUS
10
4.4645669291338583
20
-2.7263779527559056
11
4.4645669291338583
21
-2.7696850393700787
0
LINE
8
BLACK
6
CONTINUOUS
10
6.4803149606299213
20
-2.7696850393700787
11
6.4015748031496065
21
-2.7696850393700787
0
LINE
8
BLACK
6
CONTINUOUS
10
6.4015748031496065
20
-2.7696850393700787
11
6.4015748031496065
21
-2.7263779527559056
0
LINE
8
BLACK
6
CONTINUOUS
10
6.4015748031496065
20
-2.7263779527559056
11
6.4803149606299213
21
-2.7263779527559056
0
LINE
8
BLACK
6
CONTINUOUS
10
6.4803149606299213
20
-2.7263779527559056
11
6.4803149606299213
21
-2.7696850393700787
0
LINE
8
BLACK
6
CONTINUOUS
10
6.6692913385826769
20
-2.7696850393700787
11
6.590551181102362
21
-2.7696850393700787
0
LINE
8
BLACK
6
CONTINUOUS
10
6.590551181102362
20
-2.7696850393700787
11
6.590551181102362
21
-2.7263779527559056
0
LINE
8
BLACK
6
CONTINUOUS
10
6.590551181102362
20
-2.7263779527559056
11
6.6692913385826769
21
-2.7263779527559056
0
LINE
8
BLACK
6
CONTINUOUS
10
6.6692913385826769
20
-2.7263779527559056
11
6.6692913385826769
21
-2.7696850393700787
0
LINE
8
BLACK
6
CONTINUOUS
10
5.9578105118110232
20
-2.6906724015748029
11
5.9608440157480311
21
-2.6926992913385828
0
LINE
8
BLACK
6
CONTINUOUS
10
5.9608440157480311
20
-2.6926992913385828
11
5.962870905511811
21
-2.6957327952755903
0
LINE
8
BLACK
6
CONTINUOUS
10
5.962870905511811
20
-2.6957327952755903
11
5.9635826771653546
21
-2.6993110236220472
0
LINE
8
BLACK
6
CONTINUOUS
10
5.9635826771653546
20
-2.6993110236220472
11
5.9635826771653546
21
-2.7229330708661417
0
LINE
8
BLACK
6
CONTINUOUS
10
5.9635826771653546
20
-2.7229330708661417
11
5.962870905511811
21
-2.7265112992125982
0
LINE
8
BLACK
6
CONTINUOUS
10
5.962870905511811
20
-2.7265112992125982
11
5.9608440157480311
21
-2.7295448031496061
0
LINE
8
BLACK
6
CONTINUOUS
10
5.9608440157480311
20
-2.7295448031496061
11
5.9578105118110232
21
-2.731571692913386
0
LINE
8
BLACK
6
CONTINUOUS
10
5.9578105118110232
20
-2.731571692913386
11
5.9542322834645667
21
-2.7322834645669292
0
LINE
8
BLACK
6
CONTINUOUS
10
5.9542322834645667
20
-2.7322834645669292
11
5.9355314960629917
21
-2.7322834645669292
0
LINE
8
BLACK
6
CONTINUOUS
10
5.9355314960629917
20
-2.7322834645669292
11
5.9319532677165352
21
-2.731571692913386
0
LINE
8
BLACK
6
CONTINUOUS
10
5.9319532677165352
20
-2.731571692913386
11
5.9289197637795272
21
-2.7295448031496061
0
LINE
8
BLACK
6
CONTINUOUS
10
5.9289197637795272
20
-2.7295448031496061
11
5.9268928740157483
21
-2.7265112992125982
0
LINE
8
BLACK
6
CONTINUOUS
10
5.9268928740157483
20
-2.7265112992125982
11
5.9261811023622046
21
-2.7229330708661417
0
LINE
8
BLACK
6
CONTINUOUS
10
5.9261811023622046
20
-2.7229330708661417
11
5.9261811023622046
21
-2.6993110236220472
0
LINE
8
BLACK
6
CONTINUOUS
10
5.9261811023622046
20
-2.6993110236220472
11
5.9268928740157483
21
-2.6957327952755903
0
LINE
8
BLACK
6
CONTINUOUS
10
5.9268928740157483
20
-2.6957327952755903
11
5.9289197637795272
21
-2.6926992913385828
0
LINE
8
BLACK
6
CONTINUOUS
10
5.9289197637795272
20
-2.6926992913385828
11
5.9319532677165352
21
-2.6906724015748029
0
LINE
8
BLACK
6
CONTINUOUS
10
5.9319532677165352
20
-2.6906724015748029
11
5.9355314960629917
21
-2.6899606299212597
0
LINE
8
BLACK
6
CONTINUOUS
10
5.9355314960629917
20
-2.6899606299212597
11
5.9542322834645667
21
-2.6899606299212597
0
LINE
8
BLACK
6
CONTINUOUS
10
5.9542322834645667
20
-2.6899606299212597
11
5.9578105118110232
21
-2.6906724015748029
0
LINE
8
BLACK
6
CONTINUOUS
10
4.2334010629921259
20
-2.6394912992125983
11
4.2364345669291339
21
-2.6415181889763777
0
LINE
8
BLACK
6
CONTINUOUS
10
4.2364345669291339
20
-2.6415181889763777
11
4.2384614566929129
21
-2.6445516929133857
0
LINE
8
BLACK
6
CONTINUOUS
10
4.2384614566929129
20
-2.6445516929133857
11
4.2391732283464565
21
-2.6481299212598426
0
LINE
8
BLACK
6
CONTINUOUS
10
4.2391732283464565
20
-2.6481299212598426
11
4.2391732283464565
21
-2.6668307086614171
0
LINE
8
BLACK
6
CONTINUOUS
10
4.2391732283464565
20
-2.6668307086614171
11
4.2384614566929129
21
-2.6704089370078741
0
LINE
8
BLACK
6
CONTINUOUS
10
4.2384614566929129
20
-2.6704089370078741
11
4.2364345669291339
21
-2.673442440944882
0
LINE
8
BLACK
6
CONTINUOUS
10
4.2364345669291339
20
-2.673442440944882
11
4.2334010629921259
21
-2.6754693307086614
0
LINE
8
BLACK
6
CONTINUOUS
10
4.2334010629921259
20
-2.6754693307086614
11
4.2298228346456694
21
-2.6761811023622046
0
LINE
8
BLACK
6
CONTINUOUS
10
4.2298228346456694
20
-2.6761811023622046
11
4.206200787401575
21
-2.6761811023622046
0
LINE
8
BLACK
6
CONTINUOUS
10
4.206200787401575
20
-2.6761811023622046
11
4.2026225590551176
21
-2.6754693307086614
0
LINE
8
BLACK
6
CONTINUOUS
10
4.2026225590551176
20
-2.6754693307086614
11
4.1995890551181105
21
-2.673442440944882
0
LINE
8
BLACK
6
CONTINUOUS
10
4.1995890551181105
20
-2.673442440944882
11
4.1975621653543307
21
-2.6704089370078741
0
LINE
8
BLACK
6
CONTINUOUS
10
4.1975621653543307
20
-2.6704089370078741
11
4.1968503937007871
21
-2.6668307086614171
0
LINE
8
BLACK
6
CONTINUOUS
10
4.1968503937007871
20
-2.6668307086614171
11
4.1968503937007871
21
-2.6481299212598426
0
LINE
8
BLACK
6
CONTINUOUS
10
4.1968503937007871
20
-2.6481299212598426
11
4.1975621653543307
21
-2.6445516929133857
0
LINE
8
BLACK
6
CONTINUOUS
10
4.1975621653543307
20
-2.6445516929133857
11
4.1995890551181105
21
-2.6415181889763777
0
LINE
8
BLACK
6
CONTINUOUS
10
4.1995890551181105
20
-2.6415181889763777
11
4.2026225590551176
21
-2.6394912992125983
0
LINE
8
BLACK
6
CONTINUOUS
10
4.2026225590551176
20
-2.6394912992125983
11
4.206200787401575
21
-2.6387795275590551
0
LINE
8
BLACK
6
CONTINUOUS
10
4.206200787401575
20
-2.6387795275590551
11
4.2298228346456694
21
-2.6387795275590551
0
LINE
8
BLACK
6
CONTINUOUS
10
4.2298228346456694
20
-2.6387795275590551
11
4.2334010629921259
21
-2.6394912992125983
0
LINE
8
BLACK
6
CONTINUOUS
10
4.3013144488188972
20
-2.6394912992125983
11
4.3043479527559052
21
-2.6415181889763777
0
LINE
8
BLACK
6
CONTINUOUS
10
4.3043479527559052
20
-2.6415181889763777
11
4.3063748425196851
21
-2.6445516929133857
0
LINE
8
BLACK
6
CONTINUOUS
10
4.3063748425196851
20
-2.6445516929133857
11
4.3070866141732287
21
-2.6481299212598426
0
LINE
8
BLACK
6
CONTINUOUS
10
4.3070866141732287
20
-2.6481299212598426
11
4.3070866141732287
21
-2.6668307086614171
0
LINE
8
BLACK
6
CONTINUOUS
10
4.3070866141732287
20
-2.6668307086614171
11
4.3063748425196851
21
-2.6704089370078741
0
LINE
8
BLACK
6
CONTINUOUS
10
4.3063748425196851
20
-2.6704089370078741
11
4.3043479527559052
21
-2.673442440944882
0
LINE
8
BLACK
6
CONTINUOUS
10
4.3043479527559052
20
-2.673442440944882
11
4.3013144488188972
21
-2.6754693307086614
0
LINE
8
BLACK
6
CONTINUOUS
10
4.3013144488188972
20
-2.6754693307086614
11
4.2977362204724407
21
-2.6761811023622046
0
LINE
8
BLACK
6
CONTINUOUS
10
4.2977362204724407
20
-2.6761811023622046
11
4.2741141732283463
21
-2.6761811023622046
0
LINE
8
BLACK
6
CONTINUOUS
10
4.2741141732283463
20
-2.6761811023622046
11
4.2705359448818898
21
-2.6754693307086614
0
LINE
8
BLACK
6
CONTINUOUS
10
4.2705359448818898
20
-2.6754693307086614
11
4.2675024409448818
21
-2.673442440944882
0
LINE
8
BLACK
6
CONTINUOUS
10
4.2675024409448818
20
-2.673442440944882
11
4.265475551181102
21
-2.6704089370078741
0
LINE
8
BLACK
6
CONTINUOUS
10
4.265475551181102
20
-2.6704089370078741
11
4.2647637795275593
21
-2.6668307086614171
0
LINE
8
BLACK
6
CONTINUOUS
10
4.2647637795275593
20
-2.6668307086614171
11
4.2647637795275593
21
-2.6481299212598426
0
LINE
8
BLACK
6
CONTINUOUS
10
4.2647637795275593
20
-2.6481299212598426
11
4.265475551181102
21
-2.6445516929133857
0
LINE
8
BLACK
6
CONTINUOUS
10
4.265475551181102
20
-2.6445516929133857
11
4.2675024409448818
21
-2.6415181889763777
0
LINE
8
BLACK
6
CONTINUOUS
10
4.2675024409448818
20
-2.6415181889763777
11
4.2705359448818898
21
-2.6394912992125983
0
LINE
8
BLACK
6
CONTINUOUS
10
4.2705359448818898
20
-2.6394912992125983
11
4.2741141732283463
21
-2.6387795275590551
0
LINE
8
BLACK
6
CONTINUOUS
10
4.2741141732283463
20
-2.6387795275590551
11
4.2977362204724407
21
-2.6387795275590551
0
LINE
8
BLACK
6
CONTINUOUS
10
4.2977362204724407
20
-2.6387795275590551
11
4.3013144488188972
21
-2.6394912992125983
0
LINE
8
BLACK
6
CONTINUOUS
10
6.4381254724409445
20
-2.6394912992125983
11
6.4411589763779524
21
-2.6415181889763777
0
LINE
8
BLACK
6
CONTINUOUS
10
6.4411589763779524
20
-2.6415181889763777
11
6.4431858661417323
21
-2.6445516929133857
0
LINE
8
BLACK
6
CONTINUOUS
10
6.4431858661417323
20
-2.6445516929133857
11
6.443897637795275
21
-2.6481299212598426
0
LINE
8
BLACK
6
CONTINUOUS
10
6.443897637795275
20
-2.6481299212598426
11
6.443897637795275
21
-2.6668307086614171
0
LINE
8
BLACK
6
CONTINUOUS
10
6.443897637795275
20
-2.6668307086614171
11
6.4431858661417323
21
-2.6704089370078741
0
LINE
8
BLACK
6
CONTINUOUS
10
6.4431858661417323
20
-2.6704089370078741
11
6.4411589763779524
21
-2.673442440944882
0
LINE
8
BLACK
6
CONTINUOUS
10
6.4411589763779524
20
-2.673442440944882
11
6.4381254724409445
21
-2.6754693307086614
0
LINE
8
BLACK
6
CONTINUOUS
10
6.4381254724409445
20
-2.6754693307086614
11
6.434547244094488
21
-2.6761811023622046
0
LINE
8
BLACK
6
CONTINUOUS
10
6.434547244094488
20
-2.6761811023622046
11
6.4109251968503935
21
-2.6761811023622046
0
LINE
8
BLACK
6
CONTINUOUS
10
6.4109251968503935
20
-2.6761811023622046
11
6.407346968503937
21
-2.6754693307086614
0
LINE
8
BLACK
6
CONTINUOUS
10
6.407346968503937
20
-2.6754693307086614
11
6.4043134645669291
21
-2.673442440944882
0
LINE
8
BLACK
6
CONTINUOUS
10
6.4043134645669291
20
-2.673442440944882
11
6.4022865748031492
21
-2.6704089370078741
0
LINE
8
BLACK
6
CONTINUOUS
10
6.4022865748031492
20
-2.6704089370078741
11
6.4015748031496065
21
-2.6668307086614171
0
LINE
8
BLACK
6
CONTINUOUS
10
6.4015748031496065
20
-2.6668307086614171
11
6.4015748031496065
21
-2.6481299212598426
0
LINE
8
BLACK
6
CONTINUOUS
10
6.4015748031496065
20
-2.6481299212598426
11
6.4022865748031492
21
-2.6445516929133857
0
LINE
8
BLACK
6
CONTINUOUS
10
6.4022865748031492
20
-2.6445516929133857
11
6.4043134645669291
21
-2.6415181889763777
0
LINE
8
BLACK
6
CONTINUOUS
10
6.4043134645669291
20
-2.6415181889763777
11
6.407346968503937
21
-2.6394912992125983
0
LINE
8
BLACK
6
CONTINUOUS
10
6.407346968503937
20
-2.6394912992125983
11
6.4109251968503935
21
-2.6387795275590551
0
LINE
8
BLACK
6
CONTINUOUS
10
6.4109251968503935
20
-2.6387795275590551
11
6.434547244094488
21
-2.6387795275590551
0
LINE
8
BLACK
6
CONTINUOUS
10
6.434547244094488
20
-2.6387795275590551
11
6.4381254724409445
21
-2.6394912992125983
0
LINE
8
BLACK
6
CONTINUOUS
10
6.5060388582677167
20
-2.6394912992125983
11
6.5090723622047246
21
-2.6415181889763777
0
LINE
8
BLACK
6
CONTINUOUS
10
6.5090723622047246
20
-2.6415181889763777
11
6.5110992519685036
21
-2.6445516929133857
0
LINE
8
BLACK
6
CONTINUOUS
10
6.5110992519685036
20
-2.6445516929133857
11
6.5118110236220472
21
-2.6481299212598426
0
LINE
8
BLACK
6
CONTINUOUS
10
6.5118110236220472
20
-2.6481299212598426
11
6.5118110236220472
21
-2.6668307086614171
0
LINE
8
BLACK
6
CONTINUOUS
10
6.5118110236220472
20
-2.6668307086614171
11
6.5110992519685036
21
-2.6704089370078741
0
LINE
8
BLACK
6
CONTINUOUS
10
6.5110992519685036
20
-2.6704089370078741
11
6.5090723622047246
21
-2.673442440944882
0
LINE
8
BLACK
6
CONTINUOUS
10
6.5090723622047246
20
-2.673442440944882
11
6.5060388582677167
21
-2.6754693307086614
0
LINE
8
BLACK
6
CONTINUOUS
10
6.5060388582677167
20
-2.6754693307086614
11
6.5024606299212593
21
-2.6761811023622046
0
LINE
8
BLACK
6
CONTINUOUS
10
6.5024606299212593
20
-2.6761811023622046
11
6.4788385826771648
21
-2.6761811023622046
0
LINE
8
BLACK
6
CONTINUOUS
10
6.4788385826771648
20
-2.6761811023622046
11
6.4752603543307083
21
-2.6754693307086614
0
LINE
8
BLACK
6
CONTINUOUS
10
6.4752603543307083
20
-2.6754693307086614
11
6.4722268503937004
21
-2.673442440944882
0
LINE
8
BLACK
6
CONTINUOUS
10
6.4722268503937004
20
-2.673442440944882
11
6.4701999606299214
21
-2.6704089370078741
0
LINE
8
BLACK
6
CONTINUOUS
10
6.4701999606299214
20
-2.6704089370078741
11
6.4694881889763778
21
-2.6668307086614171
0
LINE
8
BLACK
6
CONTINUOUS
10
6.4694881889763778
20
-2.6668307086614171
11
6.4694881889763778
21
-2.6481299212598426
0
LINE
8
BLACK
6
CONTINUOUS
10
6.4694881889763778
20
-2.6481299212598426
11
6.4701999606299214
21
-2.6445516929133857
0
LINE
8
BLACK
6
CONTINUOUS
10
6.4701999606299214
20
-2.6445516929133857
11
6.4722268503937004
21
-2.6415181889763777
0
LINE
8
BLACK
6
CONTINUOUS
10
6.4722268503937004
20
-2.6415181889763777
11
6.4752603543307083
21
-2.6394912992125983
0
LINE
8
BLACK
6
CONTINUOUS
10
6.4752603543307083
20
-2.6394912992125983
11
6.4788385826771648
21
-2.6387795275590551
0
LINE
8
BLACK
6
CONTINUOUS
10
6.4788385826771648
20
-2.6387795275590551
11
6.5024606299212593
21
-2.6387795275590551
0
LINE
8
BLACK
6
CONTINUOUS
10
6.5024606299212593
20
-2.6387795275590551
11
6.5060388582677167
21
-2.6394912992125983
0
LINE
8
BLACK
6
CONTINUOUS
10
5.9578105118110232
20
-2.6227590157480316
11
5.9608440157480311
21
-2.624785905511811
0
LINE
8
BLACK
6
CONTINUOUS
10
5.9608440157480311
20
-2.624785905511811
11
5.962870905511811
21
-2.627819409448819
0
LINE
8
BLACK
6
CONTINUOUS
10
5.962870905511811
20
-2.627819409448819
11
5.9635826771653546
21
-2.6313976377952755
0
LINE
8
BLACK
6
CONTINUOUS
10
5.9635826771653546
20
-2.6313976377952755
11
5.9635826771653546
21
-2.6550196850393699
0
LINE
8
BLACK
6
CONTINUOUS
10
5.9635826771653546
20
-2.6550196850393699
11
5.962870905511811
21
-2.6585979133858268
0
LINE
8
BLACK
6
CONTINUOUS
10
5.962870905511811
20
-2.6585979133858268
11
5.9608440157480311
21
-2.6616314173228344
0
LINE
8
BLACK
6
CONTINUOUS
10
5.9608440157480311
20
-2.6616314173228344
11
5.9578105118110232
21
-2.6636583070866142
0
LINE
8
BLACK
6
CONTINUOUS
10
5.9578105118110232
20
-2.6636583070866142
11
5.9542322834645667
21
-2.6643700787401574
0
LINE
8
BLACK
6
CONTINUOUS
10
5.9542322834645667
20
-2.6643700787401574
11
5.9355314960629917
21
-2.6643700787401574
0
LINE
8
BLACK
6
CONTINUOUS
10
5.9355314960629917
20
-2.6643700787401574
11
5.9319532677165352
21
-2.6636583070866142
0
LINE
8
BLACK
6
CONTINUOUS
10
5.9319532677165352
20
-2.6636583070866142
11
5.9289197637795272
21
-2.6616314173228344
0
LINE
8
BLACK
6
CONTINUOUS
10
5.9289197637795272
20
-2.6616314173228344
11
5.9268928740157483
21
-2.6585979133858268
0
LINE
8
BLACK
6
CONTINUOUS
10
5.9268928740157483
20
-2.6585979133858268
11
5.9261811023622046
21
-2.6550196850393699
0
LINE
8
BLACK
6
CONTINUOUS
10
5.9261811023622046
20
-2.6550196850393699
11
5.9261811023622046
21
-2.6313976377952755
0
LINE
8
BLACK
6
CONTINUOUS
10
5.9261811023622046
20
-2.6313976377952755
11
5.9268928740157483
21
-2.627819409448819
0
LINE
8
BLACK
6
CONTINUOUS
10
5.9268928740157483
20
-2.627819409448819
11
5.9289197637795272
21
-2.624785905511811
0
LINE
8
BLACK
6
CONTINUOUS
10
5.9289197637795272
20
-2.624785905511811
11
5.9319532677165352
21
-2.6227590157480316
0
LINE
8
BLACK
6
CONTINUOUS
10
5.9319532677165352
20
-2.6227590157480316
11
5.9355314960629917
21
-2.622047244094488
0
LINE
8
BLACK
6
CONTINUOUS
10
5.9355314960629917
20
-2.622047244094488
11
5.9542322834645667
21
-2.622047244094488
0
LINE
8
BLACK
6
CONTINUOUS
10
5.9542322834645667
20
-2.622047244094488
11
5.9578105118110232
21
-2.6227590157480316
0
LINE
8
BLACK
6
CONTINUOUS
10
5.7061969685039369
20
-2.5408038582677164
11
5.7081128346456689
21
-2.5420840157480313
0
LINE
8
BLACK
6
CONTINUOUS
10
5.7081128346456689
20
-2.5420840157480313
11
5.7093929921259843
21
-2.5439998818897638
0
LINE
8
BLACK
6
CONTINUOUS
10
5.7093929921259843
20
-2.5439998818897638
11
5.7098425196850391
21
-2.5462598425196852
0
LINE
8
BLACK
6
CONTINUOUS
10
5.7098425196850391
20
-2.5462598425196852
11
5.7098425196850391
21
-2.6112204724409449
0
LINE
8
BLACK
6
CONTINUOUS
10
5.7098425196850391
20
-2.6112204724409449
11
5.7093929921259843
21
-2.6134804330708659
0
LINE
8
BLACK
6
CONTINUOUS
10
5.7093929921259843
20
-2.6134804330708659
11
5.7081128346456689
21
-2.6153962992125983
0
LINE
8
BLACK
6
CONTINUOUS
10
5.7081128346456689
20
-2.6153962992125983
11
5.7061969685039369
21
-2.6166764566929133
0
LINE
8
BLACK
6
CONTINUOUS
10
5.7061969685039369
20
-2.6166764566929133
11
5.7039370078740159
21
-2.6171259842519685
0
LINE
8
BLACK
6
CONTINUOUS
10
5.7039370078740159
20
-2.6171259842519685
11
5.6921259842519687
21
-2.6171259842519685
0
LINE
8
BLACK
6
CONTINUOUS
10
5.6921259842519687
20
-2.6171259842519685
11
5.6898660236220469
21
-2.6166764566929133
0
LINE
8
BLACK
6
CONTINUOUS
10
5.6898660236220469
20
-2.6166764566929133
11
5.6879501574803149
21
-2.6153962992125983
0
LINE
8
BLACK
6
CONTINUOUS
10
5.6879501574803149
20
-2.6153962992125983
11
5.6866699999999994
21
-2.6134804330708659
0
LINE
8
BLACK
6
CONTINUOUS
10
5.6866699999999994
20
-2.6134804330708659
11
5.6862204724409446
21
-2.6112204724409449
0
LINE
8
BLACK
6
CONTINUOUS
10
5.6862204724409446
20
-2.6112204724409449
11
5.6862204724409446
21
-2.5462598425196852
0
LINE
8
BLACK
6
CONTINUOUS
10
5.6862204724409446
20
-2.5462598425196852
11
5.6866699999999994
21
-2.5439998818897638
0
LINE
8
BLACK
6
CONTINUOUS
10
5.6866699999999994
20
-2.5439998818897638
11
5.6879501574803149
21
-2.5420840157480313
0
LINE
8
BLACK
6
CONTINUOUS
10
5.6879501574803149
20
-2.5420840157480313
11
5.6898660236220469
21
-2.5408038582677164
0
LINE
8
BLACK
6
CONTINUOUS
10
5.6898660236220469
20
-2.5408038582677164
11
5.6921259842519687
21
-2.5403543307086616
0
LINE
8
BLACK
6
CONTINUOUS
10
5.6921259842519687
20
-2.5403543307086616
11
5.7039370078740159
21
-2.5403543307086616
0
LINE
8
BLACK
6
CONTINUOUS
10
5.7039370078740159
20
-2.5403543307086616
11
5.7061969685039369
21
-2.5408038582677164
0
LINE
8
BLACK
6
CONTINUOUS
10
5.7561969685039367
20
-2.5408038582677164
11
5.7581128346456696
21
-2.5420840157480313
0
LINE
8
BLACK
6
CONTINUOUS
10
5.7581128346456696
20
-2.5420840157480313
11
5.7593929921259841
21
-2.5439998818897638
0
LINE
8
BLACK
6
CONTINUOUS
10
5.7593929921259841
20
-2.5439998818897638
11
5.7598425196850389
21
-2.5462598425196852
0
LINE
8
BLACK
6
CONTINUOUS
10
5.7598425196850389
20
-2.5462598425196852
11
5.7598425196850389
21
-2.6112204724409449
0
LINE
8
BLACK
6
CONTINUOUS
10
5.7598425196850389
20
-2.6112204724409449
11
5.7593929921259841
21
-2.6134804330708659
0
LINE
8
BLACK
6
CONTINUOUS
10
5.7593929921259841
20
-2.6134804330708659
11
5.7581128346456696
21
-2.6153962992125983
0
LINE
8
BLACK
6
CONTINUOUS
10
5.7581128346456696
20
-2.6153962992125983
11
5.7561969685039367
21
-2.6166764566929133
0
LINE
8
BLACK
6
CONTINUOUS
10
5.7561969685039367
20
-2.6166764566929133
11
5.7539370078740157
21
-2.6171259842519685
0
LINE
8
BLACK
6
CONTINUOUS
10
5.7539370078740157
20
-2.6171259842519685
11
5.7421259842519685
21
-2.6171259842519685
0
LINE
8
BLACK
6
CONTINUOUS
10
5.7421259842519685
20
-2.6171259842519685
11
5.7398660236220467
21
-2.6166764566929133
0
LINE
8
BLACK
6
CONTINUOUS
10
5.7398660236220467
20
-2.6166764566929133
11
5.7379501574803147
21
-2.6153962992125983
0
LINE
8
BLACK
6
CONTINUOUS
10
5.7379501574803147
20
-2.6153962992125983
11
5.7366700000000002
21
-2.6134804330708659
0
LINE
8
BLACK
6
CONTINUOUS
10
5.7366700000000002
20
-2.6134804330708659
11
5.7362204724409445
21
-2.6112204724409449
0
LINE
8
BLACK
6
CONTINUOUS
10
5.7362204724409445
20
-2.6112204724409449
11
5.7362204724409445
21
-2.5462598425196852
0
LINE
8
BLACK
6
CONTINUOUS
10
5.7362204724409445
20
-2.5462598425196852
11
5.7366700000000002
21
-2.5439998818897638
0
LINE
8
BLACK
6
CONTINUOUS
10
5.7366700000000002
20
-2.5439998818897638
11
5.7379501574803147
21
-2.5420840157480313
0
LINE
8
BLACK
6
CONTINUOUS
10
5.7379501574803147
20
-2.5420840157480313
11
5.7398660236220467
21
-2.5408038582677164
0
LINE
8
BLACK
6
CONTINUOUS
10
5.7398660236220467
20
-2.5408038582677164
11
5.7421259842519685
21
-2.5403543307086616
0
LINE
8
BLACK
6
CONTINUOUS
10
5.7421259842519685
20
-2.5403543307086616
11
5.7539370078740157
21
-2.5403543307086616
0
LINE
8
BLACK
6
CONTINUOUS
10
5.7539370078740157
20
-2.5403543307086616
11
5.7561969685039367
21
-2.5408038582677164
0
LINE
8
BLACK
6
CONTINUOUS
10
5.8061969685039365
20
-2.5408038582677164
11
5.8081128346456694
21
-2.5420840157480313
0
LINE
8
BLACK
6
CONTINUOUS
10
5.8081128346456694
20
-2.5420840157480313
11
5.8093929921259839
21
-2.5439998818897638
0
LINE
8
BLACK
6
CONTINUOUS
10
5.8093929921259839
20
-2.5439998818897638
11
5.8098425196850396
21
-2.5462598425196852
0
LINE
8
BLACK
6
CONTINUOUS
10
5.8098425196850396
20
-2.5462598425196852
11
5.8098425196850396
21
-2.6112204724409449
0
LINE
8
BLACK
6
CONTINUOUS
10
5.8098425196850396
20
-2.6112204724409449
11
5.8093929921259839
21
-2.6134804330708659
0
LINE
8
BLACK
6
CONTINUOUS
10
5.8093929921259839
20
-2.6134804330708659
11
5.8081128346456694
21
-2.6153962992125983
0
LINE
8
BLACK
6
CONTINUOUS
10
5.8081128346456694
20
-2.6153962992125983
11
5.8061969685039365
21
-2.6166764566929133
0
LINE
8
BLACK
6
CONTINUOUS
10
5.8061969685039365
20
-2.6166764566929133
11
5.8039370078740156
21
-2.6171259842519685
0
LINE
8
BLACK
6
CONTINUOUS
10
5.8039370078740156
20
-2.6171259842519685
11
5.7921259842519683
21
-2.6171259842519685
0
LINE
8
BLACK
6
CONTINUOUS
10
5.7921259842519683
20
-2.6171259842519685
11
5.7898660236220474
21
-2.6166764566929133
0
LINE
8
BLACK
6
CONTINUOUS
10
5.7898660236220474
20
-2.6166764566929133
11
5.7879501574803145
21
-2.6153962992125983
0
LINE
8
BLACK
6
CONTINUOUS
10
5.7879501574803145
20
-2.6153962992125983
11
5.78667
21
-2.6134804330708659
0
LINE
8
BLACK
6
CONTINUOUS
10
5.78667
20
-2.6134804330708659
11
5.7862204724409452
21
-2.6112204724409449
0
LINE
8
BLACK
6
CONTINUOUS
10
5.7862204724409452
20
-2.6112204724409449
11
5.7862204724409452
21
-2.5462598425196852
0
LINE
8
BLACK
6
CONTINUOUS
10
5.7862204724409452
20
-2.5462598425196852
11
5.78667
21
-2.5439998818897638
0
LINE
8
BLACK
6
CONTINUOUS
10
5.78667
20
-2.5439998818897638
11
5.7879501574803145
21
-2.5420840157480313
0
LINE
8
BLACK
6
CONTINUOUS
10
5.7879501574803145
20
-2.5420840157480313
11
5.7898660236220474
21
-2.5408038582677164
0
LINE
8
BLACK
6
CONTINUOUS
10
5.7898660236220474
20
-2.5408038582677164
11
5.7921259842519683
21
-2.5403543307086616
0
LINE
8
BLACK
6
CONTINUOUS
10
5.7921259842519683
20
-2.5403543307086616
11
5.8039370078740156
21
-2.5403543307086616
0
LINE
8
BLACK
6
CONTINUOUS
10
5.8039370078740156
20
-2.5403543307086616
11
5.8061969685039365
21
-2.5408038582677164
0
LINE
8
BLACK
6
CONTINUOUS
10
5.8561969685039372
20
-2.5408038582677164
11
5.8581128346456692
21
-2.5420840157480313
0
LINE
8
BLACK
6
CONTINUOUS
10
5.8581128346456692
20
-2.5420840157480313
11
5.8593929921259837
21
-2.5439998818897638
0
LINE
8
BLACK
6
CONTINUOUS
10
5.8593929921259837
20
-2.5439998818897638
11
5.8598425196850394
21
-2.5462598425196852
0
LINE
8
BLACK
6
CONTINUOUS
10
5.8598425196850394
20
-2.5462598425196852
11
5.8598425196850394
21
-2.6112204724409449
0
LINE
8
BLACK
6
CONTINUOUS
10
5.8598425196850394
20
-2.6112204724409449
11
5.8593929921259837
21
-2.6134804330708659
0
LINE
8
BLACK
6
CONTINUOUS
10
5.8593929921259837
20
-2.6134804330708659
11
5.8581128346456692
21
-2.6153962992125983
0
LINE
8
BLACK
6
CONTINUOUS
10
5.8581128346456692
20
-2.6153962992125983
11
5.8561969685039372
21
-2.6166764566929133
0
LINE
8
BLACK
6
CONTINUOUS
10
5.8561969685039372
20
-2.6166764566929133
11
5.8539370078740154
21
-2.6171259842519685
0
LINE
8
BLACK
6
CONTINUOUS
10
5.8539370078740154
20
-2.6171259842519685
11
5.8421259842519682
21
-2.6171259842519685
0
LINE
8
BLACK
6
CONTINUOUS
10
5.8421259842519682
20
-2.6171259842519685
11
5.8398660236220472
21
-2.6166764566929133
0
LINE
8
BLACK
6
CONTINUOUS
10
5.8398660236220472
20
-2.6166764566929133
11
5.8379501574803152
21
-2.6153962992125983
0
LINE
8
BLACK
6
CONTINUOUS
10
5.8379501574803152
20
-2.6153962992125983
11
5.8366699999999998
21
-2.6134804330708659
0
LINE
8
BLACK
6
CONTINUOUS
10
5.8366699999999998
20
-2.6134804330708659
11
5.836220472440945
21
-2.6112204724409449
0
LINE
8
BLACK
6
CONTINUOUS
10
5.836220472440945
20
-2.6112204724409449
11
5.836220472440945
21
-2.5462598425196852
0
LINE
8
BLACK
6
CONTINUOUS
10
5.836220472440945
20
-2.5462598425196852
11
5.8366699999999998
21
-2.5439998818897638
0
LINE
8
BLACK
6
CONTINUOUS
10
5.8366699999999998
20
-2.5439998818897638
11
5.8379501574803152
21
-2.5420840157480313
0
LINE
8
BLACK
6
CONTINUOUS
10
5.8379501574803152
20
-2.5420840157480313
11
5.8398660236220472
21
-2.5408038582677164
0
LINE
8
BLACK
6
CONTINUOUS
10
5.8398660236220472
20
-2.5408038582677164
11
5.8421259842519682
21
-2.5403543307086616
0
LINE
8
BLACK
6
CONTINUOUS
10
5.8421259842519682
20
-2.5403543307086616
11
5.8539370078740154
21
-2.5403543307086616
0
LINE
8
BLACK
6
CONTINUOUS
10
5.8539370078740154
20
-2.5403543307086616
11
5.8561969685039372
21
-2.5408038582677164
0
LINE
8
BLACK
6
CONTINUOUS
10
5.7097790157480315
20
-2.4229558661417321
11
5.7128125196850394
21
-2.4249827559055119
0
LINE
8
BLACK
6
CONTINUOUS
10
5.7128125196850394
20
-2.4249827559055119
11
5.7148394094488184
21
-2.4280162598425195
0
LINE
8
BLACK
6
CONTINUOUS
10
5.7148394094488184
20
-2.4280162598425195
11
5.715551181102362
21
-2.4315944881889764
0
LINE
8
BLACK
6
CONTINUOUS
10
5.715551181102362
20
-2.4315944881889764
11
5.715551181102362
21
-2.4502952755905509
0
LINE
8
BLACK
6
CONTINUOUS
10
5.715551181102362
20
-2.4502952755905509
11
5.7148394094488184
21
-2.4538735039370079
0
LINE
8
BLACK
6
CONTINUOUS
10
5.7148394094488184
20
-2.4538735039370079
11
5.7128125196850394
21
-2.4569070078740158
0
LINE
8
BLACK
6
CONTINUOUS
10
5.7128125196850394
20
-2.4569070078740158
11
5.7097790157480315
21
-2.4589338976377952
0
LINE
8
BLACK
6
CONTINUOUS
10
5.7097790157480315
20
-2.4589338976377952
11
5.706200787401575
21
-2.4596456692913384
0
LINE
8
BLACK
6
CONTINUOUS
10
5.706200787401575
20
-2.4596456692913384
11
5.6825787401574805
21
-2.4596456692913384
0
LINE
8
BLACK
6
CONTINUOUS
10
5.6825787401574805
20
-2.4596456692913384
11
5.6790005118110232
21
-2.4589338976377952
0
LINE
8
BLACK
6
CONTINUOUS
10
5.6790005118110232
20
-2.4589338976377952
11
5.6759670078740152
21
-2.4569070078740158
0
LINE
8
BLACK
6
CONTINUOUS
10
5.6759670078740152
20
-2.4569070078740158
11
5.6739401181102362
21
-2.4538735039370079
0
LINE
8
BLACK
6
CONTINUOUS
10
5.6739401181102362
20
-2.4538735039370079
11
5.6732283464566926
21
-2.4502952755905509
0
LINE
8
BLACK
6
CONTINUOUS
10
5.6732283464566926
20
-2.4502952755905509
11
5.6732283464566926
21
-2.4315944881889764
0
LINE
8
BLACK
6
CONTINUOUS
10
5.6732283464566926
20
-2.4315944881889764
11
5.6739401181102362
21
-2.4280162598425195
0
LINE
8
BLACK
6
CONTINUOUS
10
5.6739401181102362
20
-2.4280162598425195
11
5.6759670078740152
21
-2.4249827559055119
0
LINE
8
BLACK
6
CONTINUOUS
10
5.6759670078740152
20
-2.4249827559055119
11
5.6790005118110232
21
-2.4229558661417321
0
LINE
8
BLACK
6
CONTINUOUS
10
5.6790005118110232
20
-2.4229558661417321
11
5.6825787401574805
21
-2.4222440944881889
0
LINE
8
BLACK
6
CONTINUOUS
10
5.6825787401574805
20
-2.4222440944881889
11
5.706200787401575
21
-2.4222440944881889
0
LINE
8
BLACK
6
CONTINUOUS
10
5.706200787401575
20
-2.4222440944881889
11
5.7097790157480315
21
-2.4229558661417321
0
LINE
8
BLACK
6
CONTINUOUS
10
5.7776924015748028
20
-2.4229558661417321
11
5.7807259055118108
21
-2.4249827559055119
0
LINE
8
BLACK
6
CONTINUOUS
10
5.7807259055118108
20
-2.4249827559055119
11
5.7827527952755906
21
-2.4280162598425195
0
LINE
8
BLACK
6
CONTINUOUS
10
5.7827527952755906
20
-2.4280162598425195
11
5.7834645669291334
21
-2.4315944881889764
0
LINE
8
BLACK
6
CONTINUOUS
10
5.7834645669291334
20
-2.4315944881889764
11
5.7834645669291334
21
-2.4502952755905509
0
LINE
8
BLACK
6
CONTINUOUS
10
5.7834645669291334
20
-2.4502952755905509
11
5.7827527952755906
21
-2.4538735039370079
0
LINE
8
BLACK
6
CONTINUOUS
10
5.7827527952755906
20
-2.4538735039370079
11
5.7807259055118108
21
-2.4569070078740158
0
LINE
8
BLACK
6
CONTINUOUS
10
5.7807259055118108
20
-2.4569070078740158
11
5.7776924015748028
21
-2.4589338976377952
0
LINE
8
BLACK
6
CONTINUOUS
10
5.7776924015748028
20
-2.4589338976377952
11
5.7741141732283463
21
-2.4596456692913384
0
LINE
8
BLACK
6
CONTINUOUS
10
5.7741141732283463
20
-2.4596456692913384
11
5.7504921259842519
21
-2.4596456692913384
0
LINE
8
BLACK
6
CONTINUOUS
10
5.7504921259842519
20
-2.4596456692913384
11
5.7469138976377954
21
-2.4589338976377952
0
LINE
8
BLACK
6
CONTINUOUS
10
5.7469138976377954
20
-2.4589338976377952
11
5.7438803937007874
21
-2.4569070078740158
0
LINE
8
BLACK
6
CONTINUOUS
10
5.7438803937007874
20
-2.4569070078740158
11
5.7418535039370076
21
-2.4538735039370079
0
LINE
8
BLACK
6
CONTINUOUS
10
5.7418535039370076
20
-2.4538735039370079
11
5.7411417322834648
21
-2.4502952755905509
0
LINE
8
BLACK
6
CONTINUOUS
10
5.7411417322834648
20
-2.4502952755905509
11
5.7411417322834648
21
-2.4315944881889764
0
LINE
8
BLACK
6
CONTINUOUS
10
5.7411417322834648
20
-2.4315944881889764
11
5.7418535039370076
21
-2.4280162598425195
0
LINE
8
BLACK
6
CONTINUOUS
10
5.7418535039370076
20
-2.4280162598425195
11
5.7438803937007874
21
-2.4249827559055119
0
LINE
8
BLACK
6
CONTINUOUS
10
5.7438803937007874
20
-2.4249827559055119
11
5.7469138976377954
21
-2.4229558661417321
0
LINE
8
BLACK
6
CONTINUOUS
10
5.7469138976377954
20
-2.4229558661417321
11
5.7504921259842519
21
-2.4222440944881889
0
LINE
8
BLACK
6
CONTINUOUS
10
5.7504921259842519
20
-2.4222440944881889
11
5.7741141732283463
21
-2.4222440944881889
0
LINE
8
BLACK
6
CONTINUOUS
10
5.7741141732283463
20
-2.4222440944881889
11
5.7776924015748028
21
-2.4229558661417321
0
LINE
8
BLACK
6
CONTINUOUS
10
4.9100742913385824
20
-2.344609409448819
11
4.9131077952755904
21
-2.3466362992125984
0
LINE
8
BLACK
6
CONTINUOUS
10
4.9131077952755904
20
-2.3466362992125984
11
4.9151346850393702
21
-2.3496698031496064
0
LINE
8
BLACK
6
CONTINUOUS
10
4.9151346850393702
20
-2.3496698031496064
11
4.915846456692913
21
-2.3532480314960629
0
LINE
8
BLACK
6
CONTINUOUS
10
4.915846456692913
20
-2.3532480314960629
11
4.915846456692913
21
-2.3719488188976379
0
LINE
8
BLACK
6
CONTINUOUS
10
4.915846456692913
20
-2.3719488188976379
11
4.9151346850393702
21
-2.3755270472440944
0
LINE
8
BLACK
6
CONTINUOUS
10
4.9151346850393702
20
-2.3755270472440944
11
4.9131077952755904
21
-2.3785605511811023
0
LINE
8
BLACK
6
CONTINUOUS
10
4.9131077952755904
20
-2.3785605511811023
11
4.9100742913385824
21
-2.3805874409448817
0
LINE
8
BLACK
6
CONTINUOUS
10
4.9100742913385824
20
-2.3805874409448817
11
4.9064960629921259
21
-2.3812992125984254
0
LINE
8
BLACK
6
CONTINUOUS
10
4.9064960629921259
20
-2.3812992125984254
11
4.8828740157480315
21
-2.3812992125984254
0
LINE
8
BLACK
6
CONTINUOUS
10
4.8828740157480315
20
-2.3812992125984254
11
4.879295787401575
21
-2.3805874409448817
0
LINE
8
BLACK
6
CONTINUOUS
10
4.879295787401575
20
-2.3805874409448817
11
4.876262283464567
21
-2.3785605511811023
0
LINE
8
BLACK
6
CONTINUOUS
10
4.876262283464567
20
-2.3785605511811023
11
4.8742353937007872
21
-2.3755270472440944
0
LINE
8
BLACK
6
CONTINUOUS
10
4.8742353937007872
20
-2.3755270472440944
11
4.8735236220472435
21
-2.3719488188976379
0
LINE
8
BLACK
6
CONTINUOUS
10
4.8735236220472435
20
-2.3719488188976379
11
4.8735236220472435
21
-2.3532480314960629
0
LINE
8
BLACK
6
CONTINUOUS
10
4.8735236220472435
20
-2.3532480314960629
11
4.8742353937007872
21
-2.3496698031496064
0
LINE
8
BLACK
6
CONTINUOUS
10
4.8742353937007872
20
-2.3496698031496064
11
4.876262283464567
21
-2.3466362992125984
0
LINE
8
BLACK
6
CONTINUOUS
10
4.876262283464567
20
-2.3466362992125984
11
4.879295787401575
21
-2.344609409448819
0
LINE
8
BLACK
6
CONTINUOUS
10
4.879295787401575
20
-2.344609409448819
11
4.8828740157480315
21
-2.3438976377952754
0
LINE
8
BLACK
6
CONTINUOUS
10
4.8828740157480315
20
-2.3438976377952754
11
4.9064960629921259
21
-2.3438976377952754
0
LINE
8
BLACK
6
CONTINUOUS
10
4.9064960629921259
20
-2.3438976377952754
11
4.9100742913385824
21
-2.344609409448819
0
LINE
8
BLACK
6
CONTINUOUS
10
4.9779876771653546
20
-2.344609409448819
11
4.9810211811023617
21
-2.3466362992125984
0
LINE
8
BLACK
6
CONTINUOUS
10
4.9810211811023617
20
-2.3466362992125984
11
4.9830480708661415
21
-2.3496698031496064
0
LINE
8
BLACK
6
CONTINUOUS
10
4.9830480708661415
20
-2.3496698031496064
11
4.9837598425196852
21
-2.3532480314960629
0
LINE
8
BLACK
6
CONTINUOUS
10
4.9837598425196852
20
-2.3532480314960629
11
4.9837598425196852
21
-2.3719488188976379
0
LINE
8
BLACK
6
CONTINUOUS
10
4.9837598425196852
20
-2.3719488188976379
11
4.9830480708661415
21
-2.3755270472440944
0
LINE
8
BLACK
6
CONTINUOUS
10
4.9830480708661415
20
-2.3755270472440944
11
4.9810211811023617
21
-2.3785605511811023
0
LINE
8
BLACK
6
CONTINUOUS
10
4.9810211811023617
20
-2.3785605511811023
11
4.9779876771653546
21
-2.3805874409448817
0
LINE
8
BLACK
6
CONTINUOUS
10
4.9779876771653546
20
-2.3805874409448817
11
4.9744094488188972
21
-2.3812992125984254
0
LINE
8
BLACK
6
CONTINUOUS
10
4.9744094488188972
20
-2.3812992125984254
11
4.9507874015748028
21
-2.3812992125984254
0
LINE
8
BLACK
6
CONTINUOUS
10
4.9507874015748028
20
-2.3812992125984254
11
4.9472091732283463
21
-2.3805874409448817
0
LINE
8
BLACK
6
CONTINUOUS
10
4.9472091732283463
20
-2.3805874409448817
11
4.9441756692913383
21
-2.3785605511811023
0
LINE
8
BLACK
6
CONTINUOUS
10
4.9441756692913383
20
-2.3785605511811023
11
4.9421487795275594
21
-2.3755270472440944
0
LINE
8
BLACK
6
CONTINUOUS
10
4.9421487795275594
20
-2.3755270472440944
11
4.9414370078740157
21
-2.3719488188976379
0
LINE
8
BLACK
6
CONTINUOUS
10
4.9414370078740157
20
-2.3719488188976379
11
4.9414370078740157
21
-2.3532480314960629
0
LINE
8
BLACK
6
CONTINUOUS
10
4.9414370078740157
20
-2.3532480314960629
11
4.9421487795275594
21
-2.3496698031496064
0
LINE
8
BLACK
6
CONTINUOUS
10
4.9421487795275594
20
-2.3496698031496064
11
4.9441756692913383
21
-2.3466362992125984
0
LINE
8
BLACK
6
CONTINUOUS
10
4.9441756692913383
20
-2.3466362992125984
11
4.9472091732283463
21
-2.344609409448819
0
LINE
8
BLACK
6
CONTINUOUS
10
4.9472091732283463
20
-2.344609409448819
11
4.9507874015748028
21
-2.3438976377952754
0
LINE
8
BLACK
6
CONTINUOUS
10
4.9507874015748028
20
-2.3438976377952754
11
4.9744094488188972
21
-2.3438976377952754
0
LINE
8
BLACK
6
CONTINUOUS
10
4.9744094488188972
20
-2.3438976377952754
11
4.9779876771653546
21
-2.344609409448819
0
LINE
8
BLACK
6
CONTINUOUS
10
5.0921609055118111
20
-2.344609409448819
11
5.0951944094488191
21
-2.3466362992125984
0
LINE
8
BLACK
6
CONTINUOUS
10
5.0951944094488191
20
-2.3466362992125984
11
5.097221299212598
21
-2.3496698031496064
0
LINE
8
BLACK
6
CONTINUOUS
10
5.097221299212598
20
-2.3496698031496064
11
5.0979330708661417
21
-2.3532480314960629
0
LINE
8
BLACK
6
CONTINUOUS
10
5.0979330708661417
20
-2.3532480314960629
11
5.0979330708661417
21
-2.3719488188976379
0
LINE
8
BLACK
6
CONTINUOUS
10
5.0979330708661417
20
-2.3719488188976379
11
5.097221299212598
21
-2.3755270472440944
0
LINE
8
BLACK
6
CONTINUOUS
10
5.097221299212598
20
-2.3755270472440944
11
5.0951944094488191
21
-2.3785605511811023
0
LINE
8
BLACK
6
CONTINUOUS
10
5.0951944094488191
20
-2.3785605511811023
11
5.0921609055118111
21
-2.3805874409448817
0
LINE
8
BLACK
6
CONTINUOUS
10
5.0921609055118111
20
-2.3805874409448817
11
5.0885826771653546
21
-2.3812992125984254
0
LINE
8
BLACK
6
CONTINUOUS
10
5.0885826771653546
20
-2.3812992125984254
11
5.0688976377952759
21
-2.3812992125984254
0
LINE
8
BLACK
6
CONTINUOUS
10
5.0688976377952759
20
-2.3812992125984254
11
5.0653194094488185
21
-2.3805874409448817
0
LINE
8
BLACK
6
CONTINUOUS
10
5.0653194094488185
20
-2.3805874409448817
11
5.0622859055118106
21
-2.3785605511811023
0
LINE
8
BLACK
6
CONTINUOUS
10
5.0622859055118106
20
-2.3785605511811023
11
5.0602590157480316
21
-2.3755270472440944
0
LINE
8
BLACK
6
CONTINUOUS
10
5.0602590157480316
20
-2.3755270472440944
11
5.059547244094488
21
-2.3719488188976379
0
LINE
8
BLACK
6
CONTINUOUS
10
5.059547244094488
20
-2.3719488188976379
11
5.059547244094488
21
-2.3532480314960629
0
LINE
8
BLACK
6
CONTINUOUS
10
5.059547244094488
20
-2.3532480314960629
11
5.0602590157480316
21
-2.3496698031496064
0
LINE
8
BLACK
6
CONTINUOUS
10
5.0602590157480316
20
-2.3496698031496064
11
5.0622859055118106
21
-2.3466362992125984
0
LINE
8
BLACK
6
CONTINUOUS
10
5.0622859055118106
20
-2.3466362992125984
11
5.0653194094488185
21
-2.344609409448819
0
LINE
8
BLACK
6
CONTINUOUS
10
5.0653194094488185
20
-2.344609409448819
11
5.0688976377952759
21
-2.3438976377952754
0
LINE
8
BLACK
6
CONTINUOUS
10
5.0688976377952759
20
-2.3438976377952754
11
5.0885826771653546
21
-2.3438976377952754
0
LINE
8
BLACK
6
CONTINUOUS
10
5.0885826771653546
20
-2.3438976377952754
11
5.0921609055118111
21
-2.344609409448819
0
LINE
8
BLACK
6
CONTINUOUS
10
5.1640112992125982
20
-2.344609409448819
11
5.1670448031496061
21
-2.3466362992125984
0
LINE
8
BLACK
6
CONTINUOUS
10
5.1670448031496061
20
-2.3466362992125984
11
5.169071692913386
21
-2.3496698031496064
0
LINE
8
BLACK
6
CONTINUOUS
10
5.169071692913386
20
-2.3496698031496064
11
5.1697834645669287
21
-2.3532480314960629
0
LINE
8
BLACK
6
CONTINUOUS
10
5.1697834645669287
20
-2.3532480314960629
11
5.1697834645669287
21
-2.3719488188976379
0
LINE
8
BLACK
6
CONTINUOUS
10
5.1697834645669287
20
-2.3719488188976379
11
5.169071692913386
21
-2.3755270472440944
0
LINE
8
BLACK
6
CONTINUOUS
10
5.169071692913386
20
-2.3755270472440944
11
5.1670448031496061
21
-2.3785605511811023
0
LINE
8
BLACK
6
CONTINUOUS
10
5.1670448031496061
20
-2.3785605511811023
11
5.1640112992125982
21
-2.3805874409448817
0
LINE
8
BLACK
6
CONTINUOUS
10
5.1640112992125982
20
-2.3805874409448817
11
5.1604330708661417
21
-2.3812992125984254
0
LINE
8
BLACK
6
CONTINUOUS
10
5.1604330708661417
20
-2.3812992125984254
11
5.140748031496063
21
-2.3812992125984254
0
LINE
8
BLACK
6
CONTINUOUS
10
5.140748031496063
20
-2.3812992125984254
11
5.1371698031496065
21
-2.3805874409448817
0
LINE
8
BLACK
6
CONTINUOUS
10
5.1371698031496065
20
-2.3805874409448817
11
5.1341362992125985
21
-2.3785605511811023
0
LINE
8
BLACK
6
CONTINUOUS
10
5.1341362992125985
20
-2.3785605511811023
11
5.1321094094488187
21
-2.3755270472440944
0
LINE
8
BLACK
6
CONTINUOUS
10
5.1321094094488187
20
-2.3755270472440944
11
5.1313976377952759
21
-2.3719488188976379
0
LINE
8
BLACK
6
CONTINUOUS
10
5.1313976377952759
20
-2.3719488188976379
11
5.1313976377952759
21
-2.3532480314960629
0
LINE
8
BLACK
6
CONTINUOUS
10
5.1313976377952759
20
-2.3532480314960629
11
5.1321094094488187
21
-2.3496698031496064
0
LINE
8
BLACK
6
CONTINUOUS
10
5.1321094094488187
20
-2.3496698031496064
11
5.1341362992125985
21
-2.3466362992125984
0
LINE
8
BLACK
6
CONTINUOUS
10
5.1341362992125985
20
-2.3466362992125984
11
5.1371698031496065
21
-2.344609409448819
0
LINE
8
BLACK
6
CONTINUOUS
10
5.1371698031496065
20
-2.344609409448819
11
5.140748031496063
21
-2.3438976377952754
0
LINE
8
BLACK
6
CONTINUOUS
10
5.140748031496063
20
-2.3438976377952754
11
5.1604330708661417
21
-2.3438976377952754
0
LINE
8
BLACK
6
CONTINUOUS
10
5.1604330708661417
20
-2.3438976377952754
11
5.1640112992125982
21
-2.344609409448819
0
LINE
8
BLACK
6
CONTINUOUS
10
4.2755905511811019
20
-2.372047244094488
11
4.1968503937007871
21
-2.372047244094488
0
LINE
8
BLACK
6
CONTINUOUS
10
4.1968503937007871
20
-2.372047244094488
11
4.1968503937007871
21
-2.3287401574803148
0
LINE
8
BLACK
6
CONTINUOUS
10
4.1968503937007871
20
-2.3287401574803148
11
4.2755905511811019
21
-2.3287401574803148
0
LINE
8
BLACK
6
CONTINUOUS
10
4.2755905511811019
20
-2.3287401574803148
11
4.2755905511811019
21
-2.372047244094488
0
LINE
8
BLACK
6
CONTINUOUS
10
4.4645669291338583
20
-2.372047244094488
11
4.3858267716535435
21
-2.372047244094488
0
LINE
8
BLACK
6
CONTINUOUS
10
4.3858267716535435
20
-2.372047244094488
11
4.3858267716535435
21
-2.3287401574803148
0
LINE
8
BLACK
6
CONTINUOUS
10
4.3858267716535435
20
-2.3287401574803148
11
4.4645669291338583
21
-2.3287401574803148
0
LINE
8
BLACK
6
CONTINUOUS
10
4.4645669291338583
20
-2.3287401574803148
11
4.4645669291338583
21
-2.372047244094488
0
LINE
8
BLACK
6
CONTINUOUS
10
6.4803149606299213
20
-2.372047244094488
11
6.4015748031496065
21
-2.372047244094488
0
LINE
8
BLACK
6
CONTINUOUS
10
6.4015748031496065
20
-2.372047244094488
11
6.4015748031496065
21
-2.3287401574803148
0
LINE
8
BLACK
6
CONTINUOUS
10
6.4015748031496065
20
-2.3287401574803148
11
6.4803149606299213
21
-2.3287401574803148
0
LINE
8
BLACK
6
CONTINUOUS
10
6.4803149606299213
20
-2.3287401574803148
11
6.4803149606299213
21
-2.372047244094488
0
LINE
8
BLACK
6
CONTINUOUS
10
6.6692913385826769
20
-2.372047244094488
11
6.590551181102362
21
-2.372047244094488
0
LINE
8
BLACK
6
CONTINUOUS
10
6.590551181102362
20
-2.372047244094488
11
6.590551181102362
21
-2.3287401574803148
0
LINE
8
BLACK
6
CONTINUOUS
10
6.590551181102362
20
-2.3287401574803148
11
6.6692913385826769
21
-2.3287401574803148
0
LINE
8
BLACK
6
CONTINUOUS
10
6.6692913385826769
20
-2.3287401574803148
11
6.6692913385826769
21
-2.372047244094488
0
LINE
8
BLACK
6
CONTINUOUS
10
5.6471759055118111
20
-2.3029571653543308
11
5.6484531889763776
21
-2.3038105905511812
0
LINE
8
BLACK
6
CONTINUOUS
10
5.6484531889763776
20
-2.3038105905511812
11
5.649306614173228
21
-2.3050878740157481
0
LINE
8
BLACK
6
CONTINUOUS
10
5.649306614173228
20
-2.3050878740157481
11
5.6496062992125982
21
-2.3065944881889764
0
LINE
8
BLACK
6
CONTINUOUS
10
5.6496062992125982
20
-2.3065944881889764
11
5.6496062992125982
21
-2.3567913385826773
0
LINE
8
BLACK
6
CONTINUOUS
10
5.6496062992125982
20
-2.3567913385826773
11
5.649306614173228
21
-2.3582979527559056
0
LINE
8
BLACK
6
CONTINUOUS
10
5.649306614173228
20
-2.3582979527559056
11
5.6484531889763776
21
-2.3595752362204725
0
LINE
8
BLACK
6
CONTINUOUS
10
5.6484531889763776
20
-2.3595752362204725
11
5.6471759055118111
21
-2.3604286614173229
0
LINE
8
BLACK
6
CONTINUOUS
10
5.6471759055118111
20
-2.3604286614173229
11
5.6456692913385824
21
-2.360728346456693
0
LINE
8
BLACK
6
CONTINUOUS
10
5.6456692913385824
20
-2.360728346456693
11
5.6377952755905509
21
-2.360728346456693
0
LINE
8
BLACK
6
CONTINUOUS
10
5.6377952755905509
20
-2.360728346456693
11
5.6362886614173231
21
-2.3604286614173229
0
LINE
8
BLACK
6
CONTINUOUS
10
5.6362886614173231
20
-2.3604286614173229
11
5.6350113779527558
21
-2.3595752362204725
0
LINE
8
BLACK
6
CONTINUOUS
10
5.6350113779527558
20
-2.3595752362204725
11
5.6341579527559054
21
-2.3582979527559056
0
LINE
8
BLACK
6
CONTINUOUS
10
5.6341579527559054
20
-2.3582979527559056
11
5.6338582677165352
21
-2.3567913385826773
0
LINE
8
BLACK
6
CONTINUOUS
10
5.6338582677165352
20
-2.3567913385826773
11
5.6338582677165352
21
-2.3065944881889764
0
LINE
8
BLACK
6
CONTINUOUS
10
5.6338582677165352
20
-2.3065944881889764
11
5.6341579527559054
21
-2.3050878740157481
0
LINE
8
BLACK
6
CONTINUOUS
10
5.6341579527559054
20
-2.3050878740157481
11
5.6350113779527558
21
-2.3038105905511812
0
LINE
8
BLACK
6
CONTINUOUS
10
5.6350113779527558
20
-2.3038105905511812
11
5.6362886614173231
21
-2.3029571653543308
0
LINE
8
BLACK
6
CONTINUOUS
10
5.6362886614173231
20
-2.3029571653543308
11
5.6377952755905509
21
-2.3026574803149606
0
LINE
8
BLACK
6
CONTINUOUS
10
5.6377952755905509
20
-2.3026574803149606
11
5.6456692913385824
21
-2.3026574803149606
0
LINE
8
BLACK
6
CONTINUOUS
10
5.6456692913385824
20
-2.3026574803149606
11
5.6471759055118111
21
-2.3029571653543308
0
LINE
8
BLACK
6
CONTINUOUS
10
5.672766456692913
20
-2.3029571653543308
11
5.6740437401574804
21
-2.3038105905511812
0
LINE
8
BLACK
6
CONTINUOUS
10
5.6740437401574804
20
-2.3038105905511812
11
5.6748971653543308
21
-2.3050878740157481
0
LINE
8
BLACK
6
CONTINUOUS
10
5.6748971653543308
20
-2.3050878740157481
11
5.6751968503937009
21
-2.3065944881889764
0
LINE
8
BLACK
6
CONTINUOUS
10
5.6751968503937009
20
-2.3065944881889764
11
5.6751968503937009
21
-2.3567913385826773
0
LINE
8
BLACK
6
CONTINUOUS
10
5.6751968503937009
20
-2.3567913385826773
11
5.6748971653543308
21
-2.3582979527559056
0
LINE
8
BLACK
6
CONTINUOUS
10
5.6748971653543308
20
-2.3582979527559056
11
5.6740437401574804
21
-2.3595752362204725
0
LINE
8
BLACK
6
CONTINUOUS
10
5.6740437401574804
20
-2.3595752362204725
11
5.672766456692913
21
-2.3604286614173229
0
LINE
8
BLACK
6
CONTINUOUS
10
5.672766456692913
20
-2.3604286614173229
11
5.6712598425196852
21
-2.360728346456693
0
LINE
8
BLACK
6
CONTINUOUS
10
5.6712598425196852
20
-2.360728346456693
11
5.6633858267716537
21
-2.360728346456693
0
LINE
8
BLACK
6
CONTINUOUS
10
5.6633858267716537
20
-2.360728346456693
11
5.661879212598425
21
-2.3604286614173229
0
LINE
8
BLACK
6
CONTINUOUS
10
5.661879212598425
20
-2.3604286614173229
11
5.6606019291338585
21
-2.3595752362204725
0
LINE
8
BLACK
6
CONTINUOUS
10
5.6606019291338585
20
-2.3595752362204725
11
5.6597485039370081
21
-2.3582979527559056
0
LINE
8
BLACK
6
CONTINUOUS
10
5.6597485039370081
20
-2.3582979527559056
11
5.659448818897638
21
-2.3567913385826773
0
LINE
8
BLACK
6
CONTINUOUS
10
5.659448818897638
20
-2.3567913385826773
11
5.659448818897638
21
-2.3065944881889764
0
LINE
8
BLACK
6
CONTINUOUS
10
5.659448818897638
20
-2.3065944881889764
11
5.6597485039370081
21
-2.3050878740157481
0
LINE
8
BLACK
6
CONTINUOUS
10
5.6597485039370081
20
-2.3050878740157481
11
5.6606019291338585
21
-2.3038105905511812
0
LINE
8
BLACK
6
CONTINUOUS
10
5.6606019291338585
20
-2.3038105905511812
11
5.661879212598425
21
-2.3029571653543308
0
LINE
8
BLACK
6
CONTINUOUS
10
5.661879212598425
20
-2.3029571653543308
11
5.6633858267716537
21
-2.3026574803149606
0
LINE
8
BLACK
6
CONTINUOUS
10
5.6633858267716537
20
-2.3026574803149606
11
5.6712598425196852
21
-2.3026574803149606
0
LINE
8
BLACK
6
CONTINUOUS
10
5.6712598425196852
20
-2.3026574803149606
11
5.672766456692913
21
-2.3029571653543308
0
LINE
8
BLACK
6
CONTINUOUS
10
5.6983570078740158
20
-2.3029571653543308
11
5.6996342913385822
21
-2.3038105905511812
0
LINE
8
BLACK
6
CONTINUOUS
10
5.6996342913385822
20
-2.3038105905511812
11
5.7004877165354326
21
-2.3050878740157481
0
LINE
8
BLACK
6
CONTINUOUS
10
5.7004877165354326
20
-2.3050878740157481
11
5.7007874015748028
21
-2.3065944881889764
0
LINE
8
BLACK
6
CONTINUOUS
10
5.7007874015748028
20
-2.3065944881889764
11
5.7007874015748028
21
-2.3567913385826773
0
LINE
8
BLACK
6
CONTINUOUS
10
5.7007874015748028
20
-2.3567913385826773
11
5.7004877165354326
21
-2.3582979527559056
0
LINE
8
BLACK
6
CONTINUOUS
10
5.7004877165354326
20
-2.3582979527559056
11
5.6996342913385822
21
-2.3595752362204725
0
LINE
8
BLACK
6
CONTINUOUS
10
5.6996342913385822
20
-2.3595752362204725
11
5.6983570078740158
21
-2.3604286614173229
0
LINE
8
BLACK
6
CONTINUOUS
10
5.6983570078740158
20
-2.3604286614173229
11
5.6968503937007871
21
-2.360728346456693
0
LINE
8
BLACK
6
CONTINUOUS
10
5.6968503937007871
20
-2.360728346456693
11
5.6889763779527556
21
-2.360728346456693
0
LINE
8
BLACK
6
CONTINUOUS
10
5.6889763779527556
20
-2.360728346456693
11
5.6874697637795277
21
-2.3604286614173229
0
LINE
8
BLACK
6
CONTINUOUS
10
5.6874697637795277
20
-2.3604286614173229
11
5.6861924803149604
21
-2.3595752362204725
0
LINE
8
BLACK
6
CONTINUOUS
10
5.6861924803149604
20
-2.3595752362204725
11
5.68533905511811
21
-2.3582979527559056
0
LINE
8
BLACK
6
CONTINUOUS
10
5.68533905511811
20
-2.3582979527559056
11
5.6850393700787398
21
-2.3567913385826773
0
LINE
8
BLACK
6
CONTINUOUS
10
5.6850393700787398
20
-2.3567913385826773
11
5.6850393700787398
21
-2.3065944881889764
0
LINE
8
BLACK
6
CONTINUOUS
10
5.6850393700787398
20
-2.3065944881889764
11
5.68533905511811
21
-2.3050878740157481
0
LINE
8
BLACK
6
CONTINUOUS
10
5.68533905511811
20
-2.3050878740157481
11
5.6861924803149604
21
-2.3038105905511812
0
LINE
8
BLACK
6
CONTINUOUS
10
5.6861924803149604
20
-2.3038105905511812
11
5.6874697637795277
21
-2.3029571653543308
0
LINE
8
BLACK
6
CONTINUOUS
10
5.6874697637795277
20
-2.3029571653543308
11
5.6889763779527556
21
-2.3026574803149606
0
LINE
8
BLACK
6
CONTINUOUS
10
5.6889763779527556
20
-2.3026574803149606
11
5.6968503937007871
21
-2.3026574803149606
0
LINE
8
BLACK
6
CONTINUOUS
10
5.6968503937007871
20
-2.3026574803149606
11
5.6983570078740158
21
-2.3029571653543308
0
LINE
8
BLACK
6
CONTINUOUS
10
5.7239475590551177
20
-2.3029571653543308
11
5.725224842519685
21
-2.3038105905511812
0
LINE
8
BLACK
6
CONTINUOUS
10
5.725224842519685
20
-2.3038105905511812
11
5.7260782677165354
21
-2.3050878740157481
0
LINE
8
BLACK
6
CONTINUOUS
10
5.7260782677165354
20
-2.3050878740157481
11
5.7263779527559056
21
-2.3065944881889764
0
LINE
8
BLACK
6
CONTINUOUS
10
5.7263779527559056
20
-2.3065944881889764
11
5.7263779527559056
21
-2.3567913385826773
0
LINE
8
BLACK
6
CONTINUOUS
10
5.7263779527559056
20
-2.3567913385826773
11
5.7260782677165354
21
-2.3582979527559056
0
LINE
8
BLACK
6
CONTINUOUS
10
5.7260782677165354
20
-2.3582979527559056
11
5.725224842519685
21
-2.3595752362204725
0
LINE
8
BLACK
6
CONTINUOUS
10
5.725224842519685
20
-2.3595752362204725
11
5.7239475590551177
21
-2.3604286614173229
0
LINE
8
BLACK
6
CONTINUOUS
10
5.7239475590551177
20
-2.3604286614173229
11
5.7224409448818898
21
-2.360728346456693
0
LINE
8
BLACK
6
CONTINUOUS
10
5.7224409448818898
20
-2.360728346456693
11
5.7145669291338583
21
-2.360728346456693
0
LINE
8
BLACK
6
CONTINUOUS
10
5.7145669291338583
20
-2.360728346456693
11
5.7130603149606296
21
-2.3604286614173229
0
LINE
8
BLACK
6
CONTINUOUS
10
5.7130603149606296
20
-2.3604286614173229
11
5.7117830314960631
21
-2.3595752362204725
0
LINE
8
BLACK
6
CONTINUOUS
10
5.7117830314960631
20
-2.3595752362204725
11
5.7109296062992128
21
-2.3582979527559056
0
LINE
8
BLACK
6
CONTINUOUS
10
5.7109296062992128
20
-2.3582979527559056
11
5.7106299212598426
21
-2.3567913385826773
0
LINE
8
BLACK
6
CONTINUOUS
10
5.7106299212598426
20
-2.3567913385826773
11
5.7106299212598426
21
-2.3065944881889764
0
LINE
8
BLACK
6
CONTINUOUS
10
5.7106299212598426
20
-2.3065944881889764
11
5.7109296062992128
21
-2.3050878740157481
0
LINE
8
BLACK
6
CONTINUOUS
10
5.7109296062992128
20
-2.3050878740157481
11
5.7117830314960631
21
-2.3038105905511812
0
LINE
8
BLACK
6
CONTINUOUS
10
5.7117830314960631
20
-2.3038105905511812
11
5.7130603149606296
21
-2.3029571653543308
0
LINE
8
BLACK
6
CONTINUOUS
10
5.7130603149606296
20
-2.3029571653543308
11
5.7145669291338583
21
-2.3026574803149606
0
LINE
8
BLACK
6
CONTINUOUS
10
5.7145669291338583
20
-2.3026574803149606
11
5.7224409448818898
21
-2.3026574803149606
0
LINE
8
BLACK
6
CONTINUOUS
10
5.7224409448818898
20
-2.3026574803149606
11
5.7239475590551177
21
-2.3029571653543308
0
LINE
8
BLACK
6
CONTINUOUS
10
5.7495381102362204
20
-2.3029571653543308
11
5.7508153937007869
21
-2.3038105905511812
0
LINE
8
BLACK
6
CONTINUOUS
10
5.7508153937007869
20
-2.3038105905511812
11
5.7516688188976373
21
-2.3050878740157481
0
LINE
8
BLACK
6
CONTINUOUS
10
5.7516688188976373
20
-2.3050878740157481
11
5.7519685039370074
21
-2.3065944881889764
0
LINE
8
BLACK
6
CONTINUOUS
10
5.7519685039370074
20
-2.3065944881889764
11
5.7519685039370074
21
-2.3567913385826773
0
LINE
8
BLACK
6
CONTINUOUS
10
5.7519685039370074
20
-2.3567913385826773
11
5.7516688188976373
21
-2.3582979527559056
0
LINE
8
BLACK
6
CONTINUOUS
10
5.7516688188976373
20
-2.3582979527559056
11
5.7508153937007869
21
-2.3595752362204725
0
LINE
8
BLACK
6
CONTINUOUS
10
5.7508153937007869
20
-2.3595752362204725
11
5.7495381102362204
21
-2.3604286614173229
0
LINE
8
BLACK
6
CONTINUOUS
10
5.7495381102362204
20
-2.3604286614173229
11
5.7480314960629917
21
-2.360728346456693
0
LINE
8
BLACK
6
CONTINUOUS
10
5.7480314960629917
20
-2.360728346456693
11
5.7401574803149602
21
-2.360728346456693
0
LINE
8
BLACK
6
CONTINUOUS
10
5.7401574803149602
20
-2.360728346456693
11
5.7386508661417324
21
-2.3604286614173229
0
LINE
8
BLACK
6
CONTINUOUS
10
5.7386508661417324
20
-2.3604286614173229
11
5.737373582677165
21
-2.3595752362204725
0
LINE
8
BLACK
6
CONTINUOUS
10
5.737373582677165
20
-2.3595752362204725
11
5.7365201574803146
21
-2.3582979527559056
0
LINE
8
BLACK
6
CONTINUOUS
10
5.7365201574803146
20
-2.3582979527559056
11
5.7362204724409445
21
-2.3567913385826773
0
LINE
8
BLACK
6
CONTINUOUS
10
5.7362204724409445
20
-2.3567913385826773
11
5.7362204724409445
21
-2.3065944881889764
0
LINE
8
BLACK
6
CONTINUOUS
10
5.7362204724409445
20
-2.3065944881889764
11
5.7365201574803146
21
-2.3050878740157481
0
LINE
8
BLACK
6
CONTINUOUS
10
5.7365201574803146
20
-2.3050878740157481
11
5.737373582677165
21
-2.3038105905511812
0
LINE
8
BLACK
6
CONTINUOUS
10
5.737373582677165
20
-2.3038105905511812
11
5.7386508661417324
21
-2.3029571653543308
0
LINE
8
BLACK
6
CONTINUOUS
10
5.7386508661417324
20
-2.3029571653543308
11
5.7401574803149602
21
-2.3026574803149606
0
LINE
8
BLACK
6
CONTINUOUS
10
5.7401574803149602
20
-2.3026574803149606
11
5.7480314960629917
21
-2.3026574803149606
0
LINE
8
BLACK
6
CONTINUOUS
10
5.7480314960629917
20
-2.3026574803149606
11
5.7495381102362204
21
-2.3029571653543308
0
LINE
8
BLACK
6
CONTINUOUS
10
5.7751286614173223
20
-2.3029571653543308
11
5.7764059448818896
21
-2.3038105905511812
0
LINE
8
BLACK
6
CONTINUOUS
10
5.7764059448818896
20
-2.3038105905511812
11
5.77725937007874
21
-2.3050878740157481
0
LINE
8
BLACK
6
CONTINUOUS
10
5.77725937007874
20
-2.3050878740157481
11
5.7775590551181102
21
-2.3065944881889764
0
LINE
8
BLACK
6
CONTINUOUS
10
5.7775590551181102
20
-2.3065944881889764
11
5.7775590551181102
21
-2.3567913385826773
0
LINE
8
BLACK
6
CONTINUOUS
10
5.7775590551181102
20
-2.3567913385826773
11
5.77725937007874
21
-2.3582979527559056
0
LINE
8
BLACK
6
CONTINUOUS
10
5.77725937007874
20
-2.3582979527559056
11
5.7764059448818896
21
-2.3595752362204725
0
LINE
8
BLACK
6
CONTINUOUS
10
5.7764059448818896
20
-2.3595752362204725
11
5.7751286614173223
21
-2.3604286614173229
0
LINE
8
BLACK
6
CONTINUOUS
10
5.7751286614173223
20
-2.3604286614173229
11
5.7736220472440944
21
-2.360728346456693
0
LINE
8
BLACK
6
CONTINUOUS
10
5.7736220472440944
20
-2.360728346456693
11
5.765748031496063
21
-2.360728346456693
0
LINE
8
BLACK
6
CONTINUOUS
10
5.765748031496063
20
-2.360728346456693
11
5.7642414173228342
21
-2.3604286614173229
0
LINE
8
BLACK
6
CONTINUOUS
10
5.7642414173228342
20
-2.3604286614173229
11
5.7629641338582678
21
-2.3595752362204725
0
LINE
8
BLACK
6
CONTINUOUS
10
5.7629641338582678
20
-2.3595752362204725
11
5.7621107086614174
21
-2.3582979527559056
0
LINE
8
BLACK
6
CONTINUOUS
10
5.7621107086614174
20
-2.3582979527559056
11
5.7618110236220472
21
-2.3567913385826773
0
LINE
8
BLACK
6
CONTINUOUS
10
5.7618110236220472
20
-2.3567913385826773
11
5.7618110236220472
21
-2.3065944881889764
0
LINE
8
BLACK
6
CONTINUOUS
10
5.7618110236220472
20
-2.3065944881889764
11
5.7621107086614174
21
-2.3050878740157481
0
LINE
8
BLACK
6
CONTINUOUS
10
5.7621107086614174
20
-2.3050878740157481
11
5.7629641338582678
21
-2.3038105905511812
0
LINE
8
BLACK
6
CONTINUOUS
10
5.7629641338582678
20
-2.3038105905511812
11
5.7642414173228342
21
-2.3029571653543308
0
LINE
8
BLACK
6
CONTINUOUS
10
5.7642414173228342
20
-2.3029571653543308
11
5.765748031496063
21
-2.3026574803149606
0
LINE
8
BLACK
6
CONTINUOUS
10
5.765748031496063
20
-2.3026574803149606
11
5.7736220472440944
21
-2.3026574803149606
0
LINE
8
BLACK
6
CONTINUOUS
10
5.7736220472440944
20
-2.3026574803149606
11
5.7751286614173223
21
-2.3029571653543308
0
LINE
8
BLACK
6
CONTINUOUS
10
5.800719212598425
20
-2.3029571653543308
11
5.8019964960629924
21
-2.3038105905511812
0
LINE
8
BLACK
6
CONTINUOUS
10
5.8019964960629924
20
-2.3038105905511812
11
5.8028499212598428
21
-2.3050878740157481
0
LINE
8
BLACK
6
CONTINUOUS
10
5.8028499212598428
20
-2.3050878740157481
11
5.8031496062992121
21
-2.3065944881889764
0
LINE
8
BLACK
6
CONTINUOUS
10
5.8031496062992121
20
-2.3065944881889764
11
5.8031496062992121
21
-2.3567913385826773
0
LINE
8
BLACK
6
CONTINUOUS
10
5.8031496062992121
20
-2.3567913385826773
11
5.8028499212598428
21
-2.3582979527559056
0
LINE
8
BLACK
6
CONTINUOUS
10
5.8028499212598428
20
-2.3582979527559056
11
5.8019964960629924
21
-2.3595752362204725
0
LINE
8
BLACK
6
CONTINUOUS
10
5.8019964960629924
20
-2.3595752362204725
11
5.800719212598425
21
-2.3604286614173229
0
LINE
8
BLACK
6
CONTINUOUS
10
5.800719212598425
20
-2.3604286614173229
11
5.7992125984251963
21
-2.360728346456693
0
LINE
8
BLACK
6
CONTINUOUS
10
5.7992125984251963
20
-2.360728346456693
11
5.7913385826771648
21
-2.360728346456693
0
LINE
8
BLACK
6
CONTINUOUS
10
5.7913385826771648
20
-2.360728346456693
11
5.789831968503937
21
-2.3604286614173229
0
LINE
8
BLACK
6
CONTINUOUS
10
5.789831968503937
20
-2.3604286614173229
11
5.7885546850393697
21
-2.3595752362204725
0
LINE
8
BLACK
6
CONTINUOUS
10
5.7885546850393697
20
-2.3595752362204725
11
5.7877012598425193
21
-2.3582979527559056
0
LINE
8
BLACK
6
CONTINUOUS
10
5.7877012598425193
20
-2.3582979527559056
11
5.7874015748031491
21
-2.3567913385826773
0
LINE
8
BLACK
6
CONTINUOUS
10
5.7874015748031491
20
-2.3567913385826773
11
5.7874015748031491
21
-2.3065944881889764
0
LINE
8
BLACK
6
CONTINUOUS
10
5.7874015748031491
20
-2.3065944881889764
11
5.7877012598425193
21
-2.3050878740157481
0
LINE
8
BLACK
6
CONTINUOUS
10
5.7877012598425193
20
-2.3050878740157481
11
5.7885546850393697
21
-2.3038105905511812
0
LINE
8
BLACK
6
CONTINUOUS
10
5.7885546850393697
20
-2.3038105905511812
11
5.789831968503937
21
-2.3029571653543308
0
LINE
8
BLACK
6
CONTINUOUS
10
5.789831968503937
20
-2.3029571653543308
11
5.7913385826771648
21
-2.3026574803149606
0
LINE
8
BLACK
6
CONTINUOUS
10
5.7913385826771648
20
-2.3026574803149606
11
5.7992125984251963
21
-2.3026574803149606
0
LINE
8
BLACK
6
CONTINUOUS
10
5.7992125984251963
20
-2.3026574803149606
11
5.800719212598425
21
-2.3029571653543308
0
LINE
8
BLACK
6
CONTINUOUS
10
5.8263097637795278
20
-2.3029571653543308
11
5.8275870472440943
21
-2.3038105905511812
0
LINE
8
BLACK
6
CONTINUOUS
10
5.8275870472440943
20
-2.3038105905511812
11
5.8284404724409447
21
-2.3050878740157481
0
LINE
8
BLACK
6
CONTINUOUS
10
5.8284404724409447
20
-2.3050878740157481
11
5.8287401574803148
21
-2.3065944881889764
0
LINE
8
BLACK
6
CONTINUOUS
10
5.8287401574803148
20
-2.3065944881889764
11
5.8287401574803148
21
-2.3567913385826773
0
LINE
8
BLACK
6
CONTINUOUS
10
5.8287401574803148
20
-2.3567913385826773
11
5.8284404724409447
21
-2.3582979527559056
0
LINE
8
BLACK
6
CONTINUOUS
10
5.8284404724409447
20
-2.3582979527559056
11
5.8275870472440943
21
-2.3595752362204725
0
LINE
8
BLACK
6
CONTINUOUS
10
5.8275870472440943
20
-2.3595752362204725
11
5.8263097637795278
21
-2.3604286614173229
0
LINE
8
BLACK
6
CONTINUOUS
10
5.8263097637795278
20
-2.3604286614173229
11
5.8248031496062991
21
-2.360728346456693
0
LINE
8
BLACK
6
CONTINUOUS
10
5.8248031496062991
20
-2.360728346456693
11
5.8169291338582676
21
-2.360728346456693
0
LINE
8
BLACK
6
CONTINUOUS
10
5.8169291338582676
20
-2.360728346456693
11
5.8154225196850389
21
-2.3604286614173229
0
LINE
8
BLACK
6
CONTINUOUS
10
5.8154225196850389
20
-2.3604286614173229
11
5.8141452362204724
21
-2.3595752362204725
0
LINE
8
BLACK
6
CONTINUOUS
10
5.8141452362204724
20
-2.3595752362204725
11
5.813291811023622
21
-2.3582979527559056
0
LINE
8
BLACK
6
CONTINUOUS
10
5.813291811023622
20
-2.3582979527559056
11
5.8129921259842519
21
-2.3567913385826773
0
LINE
8
BLACK
6
CONTINUOUS
10
5.8129921259842519
20
-2.3567913385826773
11
5.8129921259842519
21
-2.3065944881889764
0
LINE
8
BLACK
6
CONTINUOUS
10
5.8129921259842519
20
-2.3065944881889764
11
5.813291811023622
21
-2.3050878740157481
0
LINE
8
BLACK
6
CONTINUOUS
10
5.813291811023622
20
-2.3050878740157481
11
5.8141452362204724
21
-2.3038105905511812
0
LINE
8
BLACK
6
CONTINUOUS
10
5.8141452362204724
20
-2.3038105905511812
11
5.8154225196850389
21
-2.3029571653543308
0
LINE
8
BLACK
6
CONTINUOUS
10
5.8154225196850389
20
-2.3029571653543308
11
5.8169291338582676
21
-2.3026574803149606
0
LINE
8
BLACK
6
CONTINUOUS
10
5.8169291338582676
20
-2.3026574803149606
11
5.8248031496062991
21
-2.3026574803149606
0
LINE
8
BLACK
6
CONTINUOUS
10
5.8248031496062991
20
-2.3026574803149606
11
5.8263097637795278
21
-2.3029571653543308
0
LINE
8
BLACK
6
CONTINUOUS
10
5.8519003149606297
20
-2.3029571653543308
11
5.853177598425197
21
-2.3038105905511812
0
LINE
8
BLACK
6
CONTINUOUS
10
5.853177598425197
20
-2.3038105905511812
11
5.8540310236220474
21
-2.3050878740157481
0
LINE
8
BLACK
6
CONTINUOUS
10
5.8540310236220474
20
-2.3050878740157481
11
5.8543307086614176
21
-2.3065944881889764
0
LINE
8
BLACK
6
CONTINUOUS
10
5.8543307086614176
20
-2.3065944881889764
11
5.8543307086614176
21
-2.3567913385826773
0
LINE
8
BLACK
6
CONTINUOUS
10
5.8543307086614176
20
-2.3567913385826773
11
5.8540310236220474
21
-2.3582979527559056
0
LINE
8
BLACK
6
CONTINUOUS
10
5.8540310236220474
20
-2.3582979527559056
11
5.853177598425197
21
-2.3595752362204725
0
LINE
8
BLACK
6
CONTINUOUS
10
5.853177598425197
20
-2.3595752362204725
11
5.8519003149606297
21
-2.3604286614173229
0
LINE
8
BLACK
6
CONTINUOUS
10
5.8519003149606297
20
-2.3604286614173229
11
5.8503937007874018
21
-2.360728346456693
0
LINE
8
BLACK
6
CONTINUOUS
10
5.8503937007874018
20
-2.360728346456693
11
5.8425196850393704
21
-2.360728346456693
0
LINE
8
BLACK
6
CONTINUOUS
10
5.8425196850393704
20
-2.360728346456693
11
5.8410130708661416
21
-2.3604286614173229
0
LINE
8
BLACK
6
CONTINUOUS
10
5.8410130708661416
20
-2.3604286614173229
11
5.8397357874015743
21
-2.3595752362204725
0
LINE
8
BLACK
6
CONTINUOUS
10
5.8397357874015743
20
-2.3595752362204725
11
5.8388823622047239
21
-2.3582979527559056
0
LINE
8
BLACK
6
CONTINUOUS
10
5.8388823622047239
20
-2.3582979527559056
11
5.8385826771653546
21
-2.3567913385826773
0
LINE
8
BLACK
6
CONTINUOUS
10
5.8385826771653546
20
-2.3567913385826773
11
5.8385826771653546
21
-2.3065944881889764
0
LINE
8
BLACK
6
CONTINUOUS
10
5.8385826771653546
20
-2.3065944881889764
11
5.8388823622047239
21
-2.3050878740157481
0
LINE
8
BLACK
6
CONTINUOUS
10
5.8388823622047239
20
-2.3050878740157481
11
5.8397357874015743
21
-2.3038105905511812
0
LINE
8
BLACK
6
CONTINUOUS
10
5.8397357874015743
20
-2.3038105905511812
11
5.8410130708661416
21
-2.3029571653543308
0
LINE
8
BLACK
6
CONTINUOUS
10
5.8410130708661416
20
-2.3029571653543308
11
5.8425196850393704
21
-2.3026574803149606
0
LINE
8
BLACK
6
CONTINUOUS
10
5.8425196850393704
20
-2.3026574803149606
11
5.8503937007874018
21
-2.3026574803149606
0
LINE
8
BLACK
6
CONTINUOUS
10
5.8503937007874018
20
-2.3026574803149606
11
5.8519003149606297
21
-2.3029571653543308
0
LINE
8
BLACK
6
CONTINUOUS
10
5.8774908661417324
20
-2.3029571653543308
11
5.8787681496062989
21
-2.3038105905511812
0
LINE
8
BLACK
6
CONTINUOUS
10
5.8787681496062989
20
-2.3038105905511812
11
5.8796215748031493
21
-2.3050878740157481
0
LINE
8
BLACK
6
CONTINUOUS
10
5.8796215748031493
20
-2.3050878740157481
11
5.8799212598425195
21
-2.3065944881889764
0
LINE
8
BLACK
6
CONTINUOUS
10
5.8799212598425195
20
-2.3065944881889764
11
5.8799212598425195
21
-2.3567913385826773
0
LINE
8
BLACK
6
CONTINUOUS
10
5.8799212598425195
20
-2.3567913385826773
11
5.8796215748031493
21
-2.3582979527559056
0
LINE
8
BLACK
6
CONTINUOUS
10
5.8796215748031493
20
-2.3582979527559056
11
5.8787681496062989
21
-2.3595752362204725
0
LINE
8
BLACK
6
CONTINUOUS
10
5.8787681496062989
20
-2.3595752362204725
11
5.8774908661417324
21
-2.3604286614173229
0
LINE
8
BLACK
6
CONTINUOUS
10
5.8774908661417324
20
-2.3604286614173229
11
5.8759842519685037
21
-2.360728346456693
0
LINE
8
BLACK
6
CONTINUOUS
10
5.8759842519685037
20
-2.360728346456693
11
5.8681102362204722
21
-2.360728346456693
0
LINE
8
BLACK
6
CONTINUOUS
10
5.8681102362204722
20
-2.360728346456693
11
5.8666036220472444
21
-2.3604286614173229
0
LINE
8
BLACK
6
CONTINUOUS
10
5.8666036220472444
20
-2.3604286614173229
11
5.865326338582677
21
-2.3595752362204725
0
LINE
8
BLACK
6
CONTINUOUS
10
5.865326338582677
20
-2.3595752362204725
11
5.8644729133858267
21
-2.3582979527559056
0
LINE
8
BLACK
6
CONTINUOUS
10
5.8644729133858267
20
-2.3582979527559056
11
5.8641732283464565
21
-2.3567913385826773
0
LINE
8
BLACK
6
CONTINUOUS
10
5.8641732283464565
20
-2.3567913385826773
11
5.8641732283464565
21
-2.3065944881889764
0
LINE
8
BLACK
6
CONTINUOUS
10
5.8641732283464565
20
-2.3065944881889764
11
5.8644729133858267
21
-2.3050878740157481
0
LINE
8
BLACK
6
CONTINUOUS
10
5.8644729133858267
20
-2.3050878740157481
11
5.865326338582677
21
-2.3038105905511812
0
LINE
8
BLACK
6
CONTINUOUS
10
5.865326338582677
20
-2.3038105905511812
11
5.8666036220472444
21
-2.3029571653543308
0
LINE
8
BLACK
6
CONTINUOUS
10
5.8666036220472444
20
-2.3029571653543308
11
5.8681102362204722
21
-2.3026574803149606
0
LINE
8
BLACK
6
CONTINUOUS
10
5.8681102362204722
20
-2.3026574803149606
11
5.8759842519685037
21
-2.3026574803149606
0
LINE
8
BLACK
6
CONTINUOUS
10
5.8759842519685037
20
-2.3026574803149606
11
5.8774908661417324
21
-2.3029571653543308
0
LINE
8
BLACK
6
CONTINUOUS
10
5.3553754724409446
20
-2.3076859842519686
11
5.3579299606299209
21
-2.3093928740157481
0
LINE
8
BLACK
6
CONTINUOUS
10
5.3579299606299209
20
-2.3093928740157481
11
5.3596368503937004
21
-2.3119473622047244
0
LINE
8
BLACK
6
CONTINUOUS
10
5.3596368503937004
20
-2.3119473622047244
11
5.3602362204724407
21
-2.3149606299212597
0
LINE
8
BLACK
6
CONTINUOUS
10
5.3602362204724407
20
-2.3149606299212597
11
5.3602362204724407
21
-2.3307086614173227
0
LINE
8
BLACK
6
CONTINUOUS
10
5.3602362204724407
20
-2.3307086614173227
11
5.3596368503937004
21
-2.333721929133858
0
LINE
8
BLACK
6
CONTINUOUS
10
5.3596368503937004
20
-2.333721929133858
11
5.3579299606299209
21
-2.3362764173228348
0
LINE
8
BLACK
6
CONTINUOUS
10
5.3579299606299209
20
-2.3362764173228348
11
5.3553754724409446
21
-2.3379833070866143
0
LINE
8
BLACK
6
CONTINUOUS
10
5.3553754724409446
20
-2.3379833070866143
11
5.3523622047244093
21
-2.3385826771653542
0
LINE
8
BLACK
6
CONTINUOUS
10
5.3523622047244093
20
-2.3385826771653542
11
5.3169291338582676
21
-2.3385826771653542
0
LINE
8
BLACK
6
CONTINUOUS
10
5.3169291338582676
20
-2.3385826771653542
11
5.3139158661417323
21
-2.3379833070866143
0
LINE
8
BLACK
6
CONTINUOUS
10
5.3139158661417323
20
-2.3379833070866143
11
5.311361377952756
21
-2.3362764173228348
0
LINE
8
BLACK
6
CONTINUOUS
10
5.311361377952756
20
-2.3362764173228348
11
5.3096544881889765
21
-2.333721929133858
0
LINE
8
BLACK
6
CONTINUOUS
10
5.3096544881889765
20
-2.333721929133858
11
5.3090551181102361
21
-2.3307086614173227
0
LINE
8
BLACK
6
CONTINUOUS
10
5.3090551181102361
20
-2.3307086614173227
11
5.3090551181102361
21
-2.3149606299212597
0
LINE
8
BLACK
6
CONTINUOUS
10
5.3090551181102361
20
-2.3149606299212597
11
5.3096544881889765
21
-2.3119473622047244
0
LINE
8
BLACK
6
CONTINUOUS
10
5.3096544881889765
20
-2.3119473622047244
11
5.311361377952756
21
-2.3093928740157481
0
LINE
8
BLACK
6
CONTINUOUS
10
5.311361377952756
20
-2.3093928740157481
11
5.3139158661417323
21
-2.3076859842519686
0
LINE
8
BLACK
6
CONTINUOUS
10
5.3139158661417323
20
-2.3076859842519686
11
5.3169291338582676
21
-2.3070866141732282
0
LINE
8
BLACK
6
CONTINUOUS
10
5.3169291338582676
20
-2.3070866141732282
11
5.3523622047244093
21
-2.3070866141732282
0
LINE
8
BLACK
6
CONTINUOUS
10
5.3523622047244093
20
-2.3070866141732282
11
5.3553754724409446
21
-2.3076859842519686
0
LINE
8
BLACK
6
CONTINUOUS
10
4.2755905511811019
20
-2.3051181102362204
11
4.1968503937007871
21
-2.3051181102362204
0
LINE
8
BLACK
6
CONTINUOUS
10
4.1968503937007871
20
-2.3051181102362204
11
4.1968503937007871
21
-2.2618110236220472
0
LINE
8
BLACK
6
CONTINUOUS
10
4.1968503937007871
20
-2.2618110236220472
11
4.2755905511811019
21
-2.2618110236220472
0
LINE
8
BLACK
6
CONTINUOUS
10
4.2755905511811019
20
-2.2618110236220472
11
4.2755905511811019
21
-2.3051181102362204
0
LINE
8
BLACK
6
CONTINUOUS
10
4.4645669291338583
20
-2.3051181102362204
11
4.3858267716535435
21
-2.3051181102362204
0
LINE
8
BLACK
6
CONTINUOUS
10
4.3858267716535435
20
-2.3051181102362204
11
4.3858267716535435
21
-2.2618110236220472
0
LINE
8
BLACK
6
CONTINUOUS
10
4.3858267716535435
20
-2.2618110236220472
11
4.4645669291338583
21
-2.2618110236220472
0
LINE
8
BLACK
6
CONTINUOUS
10
4.4645669291338583
20
-2.2618110236220472
11
4.4645669291338583
21
-2.3051181102362204
0
LINE
8
BLACK
6
CONTINUOUS
10
6.4803149606299213
20
-2.3051181102362204
11
6.4015748031496065
21
-2.3051181102362204
0
LINE
8
BLACK
6
CONTINUOUS
10
6.4015748031496065
20
-2.3051181102362204
11
6.4015748031496065
21
-2.2618110236220472
0
LINE
8
BLACK
6
CONTINUOUS
10
6.4015748031496065
20
-2.2618110236220472
11
6.4803149606299213
21
-2.2618110236220472
0
LINE
8
BLACK
6
CONTINUOUS
10
6.4803149606299213
20
-2.2618110236220472
11
6.4803149606299213
21
-2.3051181102362204
0
LINE
8
BLACK
6
CONTINUOUS
10
6.6692913385826769
20
-2.3051181102362204
11
6.590551181102362
21
-2.3051181102362204
0
LINE
8
BLACK
6
CONTINUOUS
10
6.590551181102362
20
-2.3051181102362204
11
6.590551181102362
21
-2.2618110236220472
0
LINE
8
BLACK
6
CONTINUOUS
10
6.590551181102362
20
-2.2618110236220472
11
6.6692913385826769
21
-2.2618110236220472
0
LINE
8
BLACK
6
CONTINUOUS
10
6.6692913385826769
20
-2.2618110236220472
11
6.6692913385826769
21
-2.3051181102362204
0
LINE
8
BLACK
6
CONTINUOUS
10
5.346543700787401
20
-2.2580087401574804
11
5.3505146850393697
21
-2.2590727559055117
0
LINE
8
BLACK
6
CONTINUOUS
10
5.3505146850393697
20
-2.2590727559055117
11
5.3540749999999999
21
-2.2611283070866142
0
LINE
8
BLACK
6
CONTINUOUS
10
5.3540749999999999
20
-2.2611283070866142
11
5.3569819291338581
21
-2.2640352362204723
0
LINE
8
BLACK
6
CONTINUOUS
10
5.3569819291338581
20
-2.2640352362204723
11
5.3590374803149601
21
-2.2675955511811021
0
LINE
8
BLACK
6
CONTINUOUS
10
5.3590374803149601
20
-2.2675955511811021
11
5.3601014960629918
21
-2.2715665354330707
0
LINE
8
BLACK
6
CONTINUOUS
10
5.3601014960629918
20
-2.2715665354330707
11
5.3601014960629918
21
-2.2756775590551181
0
LINE
8
BLACK
6
CONTINUOUS
10
5.3601014960629918
20
-2.2756775590551181
11
5.3590374803149601
21
-2.2796485433070868
0
LINE
8
BLACK
6
CONTINUOUS
10
5.3590374803149601
20
-2.2796485433070868
11
5.3569819291338581
21
-2.2832088582677166
0
LINE
8
BLACK
6
CONTINUOUS
10
5.3569819291338581
20
-2.2832088582677166
11
5.3540749999999999
21
-2.2861157874015747
0
LINE
8
BLACK
6
CONTINUOUS
10
5.3540749999999999
20
-2.2861157874015747
11
5.3505146850393697
21
-2.2881713385826772
0
LINE
8
BLACK
6
CONTINUOUS
10
5.3505146850393697
20
-2.2881713385826772
11
5.346543700787401
21
-2.2892353543307085
0
LINE
8
BLACK
6
CONTINUOUS
10
5.346543700787401
20
-2.2892353543307085
11
5.3444881889763778
21
-2.2893700787401574
0
LINE
8
BLACK
6
CONTINUOUS
10
5.3444881889763778
20
-2.2893700787401574
11
5.3248031496062991
21
-2.2893700787401574
0
LINE
8
BLACK
6
CONTINUOUS
10
5.3248031496062991
20
-2.2893700787401574
11
5.3227476377952758
21
-2.2892353543307085
0
LINE
8
BLACK
6
CONTINUOUS
10
5.3227476377952758
20
-2.2892353543307085
11
5.3187766535433072
21
-2.2881713385826772
0
LINE
8
BLACK
6
CONTINUOUS
10
5.3187766535433072
20
-2.2881713385826772
11
5.3152163385826769
21
-2.2861157874015747
0
LINE
8
BLACK
6
CONTINUOUS
10
5.3152163385826769
20
-2.2861157874015747
11
5.3123094094488188
21
-2.2832088582677166
0
LINE
8
BLACK
6
CONTINUOUS
10
5.3123094094488188
20
-2.2832088582677166
11
5.3102538582677168
21
-2.2796485433070868
0
LINE
8
BLACK
6
CONTINUOUS
10
5.3102538582677168
20
-2.2796485433070868
11
5.3091898425196851
21
-2.2756775590551181
0
LINE
8
BLACK
6
CONTINUOUS
10
5.3091898425196851
20
-2.2756775590551181
11
5.3091898425196851
21
-2.2715665354330707
0
LINE
8
BLACK
6
CONTINUOUS
10
5.3091898425196851
20
-2.2715665354330707
11
5.3102538582677168
21
-2.2675955511811021
0
LINE
8
BLACK
6
CONTINUOUS
10
5.3102538582677168
20
-2.2675955511811021
11
5.3123094094488188
21
-2.2640352362204723
0
LINE
8
BLACK
6
CONTINUOUS
10
5.3123094094488188
20
-2.2640352362204723
11
5.3152163385826769
21
-2.2611283070866142
0
LINE
8
BLACK
6
CONTINUOUS
10
5.3152163385826769
20
-2.2611283070866142
11
5.3187766535433072
21
-2.2590727559055117
0
LINE
8
BLACK
6
CONTINUOUS
10
5.3187766535433072
20
-2.2590727559055117
11
5.3227476377952758
21
-2.2580087401574804
0
LINE
8
BLACK
6
CONTINUOUS
10
5.3227476377952758
20
-2.2580087401574804
11
5.3248031496062991
21
-2.2578740157480315
0
LINE
8
BLACK
6
CONTINUOUS
10
5.3248031496062991
20
-2.2578740157480315
11
5.3444881889763778
21
-2.2578740157480315
0
LINE
8
BLACK
6
CONTINUOUS
10
5.3444881889763778
20
-2.2578740157480315
11
5.346543700787401
21
-2.2580087401574804
0
LINE
8
BLACK
6
CONTINUOUS
10
4.9100742913385824
20
-2.2457905118110237
11
4.9131077952755904
21
-2.2478174015748031
0
LINE
8
BLACK
6
CONTINUOUS
10
4.9131077952755904
20
-2.2478174015748031
11
4.9151346850393702
21
-2.2508509055118111
0
LINE
8
BLACK
6
CONTINUOUS
10
4.9151346850393702
20
-2.2508509055118111
11
4.915846456692913
21
-2.2544291338582676
0
LINE
8
BLACK
6
CONTINUOUS
10
4.915846456692913
20
-2.2544291338582676
11
4.915846456692913
21
-2.2731299212598426
0
LINE
8
BLACK
6
CONTINUOUS
10
4.915846456692913
20
-2.2731299212598426
11
4.9151346850393702
21
-2.2767081496062991
0
LINE
8
BLACK
6
CONTINUOUS
10
4.9151346850393702
20
-2.2767081496062991
11
4.9131077952755904
21
-2.279741653543307
0
LINE
8
BLACK
6
CONTINUOUS
10
4.9131077952755904
20
-2.279741653543307
11
4.9100742913385824
21
-2.2817685433070864
0
LINE
8
BLACK
6
CONTINUOUS
10
4.9100742913385824
20
-2.2817685433070864
11
4.9064960629921259
21
-2.2824803149606301
0
LINE
8
BLACK
6
CONTINUOUS
10
4.9064960629921259
20
-2.2824803149606301
11
4.8828740157480315
21
-2.2824803149606301
0
LINE
8
BLACK
6
CONTINUOUS
10
4.8828740157480315
20
-2.2824803149606301
11
4.879295787401575
21
-2.2817685433070864
0
LINE
8
BLACK
6
CONTINUOUS
10
4.879295787401575
20
-2.2817685433070864
11
4.876262283464567
21
-2.279741653543307
0
LINE
8
BLACK
6
CONTINUOUS
10
4.876262283464567
20
-2.279741653543307
11
4.8742353937007872
21
-2.2767081496062991
0
LINE
8
BLACK
6
CONTINUOUS
10
4.8742353937007872
20
-2.2767081496062991
11
4.8735236220472435
21
-2.2731299212598426
0
LINE
8
BLACK
6
CONTINUOUS
10
4.8735236220472435
20
-2.2731299212598426
11
4.8735236220472435
21
-2.2544291338582676
0
LINE
8
BLACK
6
CONTINUOUS
10
4.8735236220472435
20
-2.2544291338582676
11
4.8742353937007872
21
-2.2508509055118111
0
LINE
8
BLACK
6
CONTINUOUS
10
4.8742353937007872
20
-2.2508509055118111
11
4.876262283464567
21
-2.2478174015748031
0
LINE
8
BLACK
6
CONTINUOUS
10
4.876262283464567
20
-2.2478174015748031
11
4.879295787401575
21
-2.2457905118110237
0
LINE
8
BLACK
6
CONTINUOUS
10
4.879295787401575
20
-2.2457905118110237
11
4.8828740157480315
21
-2.2450787401574801
0
LINE
8
BLACK
6
CONTINUOUS
10
4.8828740157480315
20
-2.2450787401574801
11
4.9064960629921259
21
-2.2450787401574801
0
LINE
8
BLACK
6
CONTINUOUS
10
4.9064960629921259
20
-2.2450787401574801
11
4.9100742913385824
21
-2.2457905118110237
0
LINE
8
BLACK
6
CONTINUOUS
10
4.9779876771653546
20
-2.2457905118110237
11
4.9810211811023617
21
-2.2478174015748031
0
LINE
8
BLACK
6
CONTINUOUS
10
4.9810211811023617
20
-2.2478174015748031
11
4.9830480708661415
21
-2.2508509055118111
0
LINE
8
BLACK
6
CONTINUOUS
10
4.9830480708661415
20
-2.2508509055118111
11
4.9837598425196852
21
-2.2544291338582676
0
LINE
8
BLACK
6
CONTINUOUS
10
4.9837598425196852
20
-2.2544291338582676
11
4.9837598425196852
21
-2.2731299212598426
0
LINE
8
BLACK
6
CONTINUOUS
10
4.9837598425196852
20
-2.2731299212598426
11
4.9830480708661415
21
-2.2767081496062991
0
LINE
8
BLACK
6
CONTINUOUS
10
4.9830480708661415
20
-2.2767081496062991
11
4.9810211811023617
21
-2.279741653543307
0
LINE
8
BLACK
6
CONTINUOUS
10
4.9810211811023617
20
-2.279741653543307
11
4.9779876771653546
21
-2.2817685433070864
0
LINE
8
BLACK
6
CONTINUOUS
10
4.9779876771653546
20
-2.2817685433070864
11
4.9744094488188972
21
-2.2824803149606301
0
LINE
8
BLACK
6
CONTINUOUS
10
4.9744094488188972
20
-2.2824803149606301
11
4.9507874015748028
21
-2.2824803149606301
0
LINE
8
BLACK
6
CONTINUOUS
10
4.9507874015748028
20
-2.2824803149606301
11
4.9472091732283463
21
-2.2817685433070864
0
LINE
8
BLACK
6
CONTINUOUS
10
4.9472091732283463
20
-2.2817685433070864
11
4.9441756692913383
21
-2.279741653543307
0
LINE
8
BLACK
6
CONTINUOUS
10
4.9441756692913383
20
-2.279741653543307
11
4.9421487795275594
21
-2.2767081496062991
0
LINE
8
BLACK
6
CONTINUOUS
10
4.9421487795275594
20
-2.2767081496062991
11
4.9414370078740157
21
-2.2731299212598426
0
LINE
8
BLACK
6
CONTINUOUS
10
4.9414370078740157
20
-2.2731299212598426
11
4.9414370078740157
21
-2.2544291338582676
0
LINE
8
BLACK
6
CONTINUOUS
10
4.9414370078740157
20
-2.2544291338582676
11
4.9421487795275594
21
-2.2508509055118111
0
LINE
8
BLACK
6
CONTINUOUS
10
4.9421487795275594
20
-2.2508509055118111
11
4.9441756692913383
21
-2.2478174015748031
0
LINE
8
BLACK
6
CONTINUOUS
10
4.9441756692913383
20
-2.2478174015748031
11
4.9472091732283463
21
-2.2457905118110237
0
LINE
8
BLACK
6
CONTINUOUS
10
4.9472091732283463
20
-2.2457905118110237
11
4.9507874015748028
21
-2.2450787401574801
0
LINE
8
BLACK
6
CONTINUOUS
10
4.9507874015748028
20
-2.2450787401574801
11
4.9744094488188972
21
-2.2450787401574801
0
LINE
8
BLACK
6
CONTINUOUS
10
4.9744094488188972
20
-2.2450787401574801
11
4.9779876771653546
21
-2.2457905118110237
0
LINE
8
BLACK
6
CONTINUOUS
10
5.0921609055118111
20
-2.2457905118110237
11
5.0951944094488191
21
-2.2478174015748031
0
LINE
8
BLACK
6
CONTINUOUS
10
5.0951944094488191
20
-2.2478174015748031
11
5.097221299212598
21
-2.2508509055118111
0
LINE
8
BLACK
6
CONTINUOUS
10
5.097221299212598
20
-2.2508509055118111
11
5.0979330708661417
21
-2.2544291338582676
0
LINE
8
BLACK
6
CONTINUOUS
10
5.0979330708661417
20
-2.2544291338582676
11
5.0979330708661417
21
-2.2731299212598426
0
LINE
8
BLACK
6
CONTINUOUS
10
5.0979330708661417
20
-2.2731299212598426
11
5.097221299212598
21
-2.2767081496062991
0
LINE
8
BLACK
6
CONTINUOUS
10
5.097221299212598
20
-2.2767081496062991
11
5.0951944094488191
21
-2.279741653543307
0
LINE
8
BLACK
6
CONTINUOUS
10
5.0951944094488191
20
-2.279741653543307
11
5.0921609055118111
21
-2.2817685433070864
0
LINE
8
BLACK
6
CONTINUOUS
10
5.0921609055118111
20
-2.2817685433070864
11
5.0885826771653546
21
-2.2824803149606301
0
LINE
8
BLACK
6
CONTINUOUS
10
5.0885826771653546
20
-2.2824803149606301
11
5.0688976377952759
21
-2.2824803149606301
0
LINE
8
BLACK
6
CONTINUOUS
10
5.0688976377952759
20
-2.2824803149606301
11
5.0653194094488185
21
-2.2817685433070864
0
LINE
8
BLACK
6
CONTINUOUS
10
5.0653194094488185
20
-2.2817685433070864
11
5.0622859055118106
21
-2.279741653543307
0
LINE
8
BLACK
6
CONTINUOUS
10
5.0622859055118106
20
-2.279741653543307
11
5.0602590157480316
21
-2.2767081496062991
0
LINE
8
BLACK
6
CONTINUOUS
10
5.0602590157480316
20
-2.2767081496062991
11
5.059547244094488
21
-2.2731299212598426
0
LINE
8
BLACK
6
CONTINUOUS
10
5.059547244094488
20
-2.2731299212598426
11
5.059547244094488
21
-2.2544291338582676
0
LINE
8
BLACK
6
CONTINUOUS
10
5.059547244094488
20
-2.2544291338582676
11
5.0602590157480316
21
-2.2508509055118111
0
LINE
8
BLACK
6
CONTINUOUS
10
5.0602590157480316
20
-2.2508509055118111
11
5.0622859055118106
21
-2.2478174015748031
0
LINE
8
BLACK
6
CONTINUOUS
10
5.0622859055118106
20
-2.2478174015748031
11
5.0653194094488185
21
-2.2457905118110237
0
LINE
8
BLACK
6
CONTINUOUS
10
5.0653194094488185
20
-2.2457905118110237
11
5.0688976377952759
21
-2.2450787401574801
0
LINE
8
BLACK
6
CONTINUOUS
10
5.0688976377952759
20
-2.2450787401574801
11
5.0885826771653546
21
-2.2450787401574801
0
LINE
8
BLACK
6
CONTINUOUS
10
5.0885826771653546
20
-2.2450787401574801
11
5.0921609055118111
21
-2.2457905118110237
0
LINE
8
BLACK
6
CONTINUOUS
10
5.1640112992125982
20
-2.2457905118110237
11
5.1670448031496061
21
-2.2478174015748031
0
LINE
8
BLACK
6
CONTINUOUS
10
5.1670448031496061
20
-2.2478174015748031
11
5.169071692913386
21
-2.2508509055118111
0
LINE
8
BLACK
6
CONTINUOUS
10
5.169071692913386
20
-2.2508509055118111
11
5.1697834645669287
21
-2.2544291338582676
0
LINE
8
BLACK
6
CONTINUOUS
10
5.1697834645669287
20
-2.2544291338582676
11
5.1697834645669287
21
-2.2731299212598426
0
LINE
8
BLACK
6
CONTINUOUS
10
5.1697834645669287
20
-2.2731299212598426
11
5.169071692913386
21
-2.2767081496062991
0
LINE
8
BLACK
6
CONTINUOUS
10
5.169071692913386
20
-2.2767081496062991
11
5.1670448031496061
21
-2.279741653543307
0
LINE
8
BLACK
6
CONTINUOUS
10
5.1670448031496061
20
-2.279741653543307
11
5.1640112992125982
21
-2.2817685433070864
0
LINE
8
BLACK
6
CONTINUOUS
10
5.1640112992125982
20
-2.2817685433070864
11
5.1604330708661417
21
-2.2824803149606301
0
LINE
8
BLACK
6
CONTINUOUS
10
5.1604330708661417
20
-2.2824803149606301
11
5.140748031496063
21
-2.2824803149606301
0
LINE
8
BLACK
6
CONTINUOUS
10
5.140748031496063
20
-2.2824803149606301
11
5.1371698031496065
21
-2.2817685433070864
0
LINE
8
BLACK
6
CONTINUOUS
10
5.1371698031496065
20
-2.2817685433070864
11
5.1341362992125985
21
-2.279741653543307
0
LINE
8
BLACK
6
CONTINUOUS
10
5.1341362992125985
20
-2.279741653543307
11
5.1321094094488187
21
-2.2767081496062991
0
LINE
8
BLACK
6
CONTINUOUS
10
5.1321094094488187
20
-2.2767081496062991
11
5.1313976377952759
21
-2.2731299212598426
0
LINE
8
BLACK
6
CONTINUOUS
10
5.1313976377952759
20
-2.2731299212598426
11
5.1313976377952759
21
-2.2544291338582676
0
LINE
8
BLACK
6
CONTINUOUS
10
5.1313976377952759
20
-2.2544291338582676
11
5.1321094094488187
21
-2.2508509055118111
0
LINE
8
BLACK
6
CONTINUOUS
10
5.1321094094488187
20
-2.2508509055118111
11
5.1341362992125985
21
-2.2478174015748031
0
LINE
8
BLACK
6
CONTINUOUS
10
5.1341362992125985
20
-2.2478174015748031
11
5.1371698031496065
21
-2.2457905118110237
0
LINE
8
BLACK
6
CONTINUOUS
10
5.1371698031496065
20
-2.2457905118110237
11
5.140748031496063
21
-2.2450787401574801
0
LINE
8
BLACK
6
CONTINUOUS
10
5.140748031496063
20
-2.2450787401574801
11
5.1604330708661417
21
-2.2450787401574801
0
LINE
8
BLACK
6
CONTINUOUS
10
5.1604330708661417
20
-2.2450787401574801
11
5.1640112992125982
21
-2.2457905118110237
0
LINE
8
BLACK
6
CONTINUOUS
10
5.4656845275590547
20
-2.2182314566929136
11
5.4687180314960626
21
-2.220258346456693
0
LINE
8
BLACK
6
CONTINUOUS
10
5.4687180314960626
20
-2.220258346456693
11
5.4707449212598425
21
-2.2232918503937009
0
LINE
8
BLACK
6
CONTINUOUS
10
5.4707449212598425
20
-2.2232918503937009
11
5.4714566929133861
21
-2.2268700787401574
0
LINE
8
BLACK
6
CONTINUOUS
10
5.4714566929133861
20
-2.2268700787401574
11
5.4714566929133861
21
-2.2504921259842519
0
LINE
8
BLACK
6
CONTINUOUS
10
5.4714566929133861
20
-2.2504921259842519
11
5.4707449212598425
21
-2.2540703543307088
0
LINE
8
BLACK
6
CONTINUOUS
10
5.4707449212598425
20
-2.2540703543307088
11
5.4687180314960626
21
-2.2571038582677163
0
LINE
8
BLACK
6
CONTINUOUS
10
5.4687180314960626
20
-2.2571038582677163
11
5.4656845275590547
21
-2.2591307480314962
0
LINE
8
BLACK
6
CONTINUOUS
10
5.4656845275590547
20
-2.2591307480314962
11
5.4621062992125982
21
-2.2598425196850394
0
LINE
8
BLACK
6
CONTINUOUS
10
5.4621062992125982
20
-2.2598425196850394
11
5.4434055118110232
21
-2.2598425196850394
0
LINE
8
BLACK
6
CONTINUOUS
10
5.4434055118110232
20
-2.2598425196850394
11
5.4398272834645667
21
-2.2591307480314962
0
LINE
8
BLACK
6
CONTINUOUS
10
5.4398272834645667
20
-2.2591307480314962
11
5.4367937795275587
21
-2.2571038582677163
0
LINE
8
BLACK
6
CONTINUOUS
10
5.4367937795275587
20
-2.2571038582677163
11
5.4347668897637798
21
-2.2540703543307088
0
LINE
8
BLACK
6
CONTINUOUS
10
5.4347668897637798
20
-2.2540703543307088
11
5.4340551181102361
21
-2.2504921259842519
0
LINE
8
BLACK
6
CONTINUOUS
10
5.4340551181102361
20
-2.2504921259842519
11
5.4340551181102361
21
-2.2268700787401574
0
LINE
8
BLACK
6
CONTINUOUS
10
5.4340551181102361
20
-2.2268700787401574
11
5.4347668897637798
21
-2.2232918503937009
0
LINE
8
BLACK
6
CONTINUOUS
10
5.4347668897637798
20
-2.2232918503937009
11
5.4367937795275587
21
-2.220258346456693
0
LINE
8
BLACK
6
CONTINUOUS
10
5.4367937795275587
20
-2.220258346456693
11
5.4398272834645667
21
-2.2182314566929136
0
LINE
8
BLACK
6
CONTINUOUS
10
5.4398272834645667
20
-2.2182314566929136
11
5.4434055118110232
21
-2.2175196850393699
0
LINE
8
BLACK
6
CONTINUOUS
10
5.4434055118110232
20
-2.2175196850393699
11
5.4621062992125982
21
-2.2175196850393699
0
LINE
8
BLACK
6
CONTINUOUS
10
5.4621062992125982
20
-2.2175196850393699
11
5.4656845275590547
21
-2.2182314566929136
0
LINE
8
BLACK
6
CONTINUOUS
10
5.346543700787401
20
-2.2087961417322832
11
5.3505146850393697
21
-2.2098601574803149
0
LINE
8
BLACK
6
CONTINUOUS
10
5.3505146850393697
20
-2.2098601574803149
11
5.3540749999999999
21
-2.2119157086614174
0
LINE
8
BLACK
6
CONTINUOUS
10
5.3540749999999999
20
-2.2119157086614174
11
5.3569819291338581
21
-2.2148226377952756
0
LINE
8
BLACK
6
CONTINUOUS
10
5.3569819291338581
20
-2.2148226377952756
11
5.3590374803149601
21
-2.2183829527559054
0
LINE
8
BLACK
6
CONTINUOUS
10
5.3590374803149601
20
-2.2183829527559054
11
5.3601014960629918
21
-2.222353937007874
0
LINE
8
BLACK
6
CONTINUOUS
10
5.3601014960629918
20
-2.222353937007874
11
5.3601014960629918
21
-2.2264649606299214
0
LINE
8
BLACK
6
CONTINUOUS
10
5.3601014960629918
20
-2.2264649606299214
11
5.3590374803149601
21
-2.2304359448818896
0
LINE
8
BLACK
6
CONTINUOUS
10
5.3590374803149601
20
-2.2304359448818896
11
5.3569819291338581
21
-2.2339962598425198
0
LINE
8
BLACK
6
CONTINUOUS
10
5.3569819291338581
20
-2.2339962598425198
11
5.3540749999999999
21
-2.236903188976378
0
LINE
8
BLACK
6
CONTINUOUS
10
5.3540749999999999
20
-2.236903188976378
11
5.3505146850393697
21
-2.2389587401574804
0
LINE
8
BLACK
6
CONTINUOUS
10
5.3505146850393697
20
-2.2389587401574804
11
5.346543700787401
21
-2.2400227559055117
0
LINE
8
BLACK
6
CONTINUOUS
10
5.346543700787401
20
-2.2400227559055117
11
5.3444881889763778
21
-2.2401574803149606
0
LINE
8
BLACK
6
CONTINUOUS
10
5.3444881889763778
20
-2.2401574803149606
11
5.3248031496062991
21
-2.2401574803149606
0
LINE
8
BLACK
6
CONTINUOUS
10
5.3248031496062991
20
-2.2401574803149606
11
5.3227476377952758
21
-2.2400227559055117
0
LINE
8
BLACK
6
CONTINUOUS
10
5.3227476377952758
20
-2.2400227559055117
11
5.3187766535433072
21
-2.2389587401574804
0
LINE
8
BLACK
6
CONTINUOUS
10
5.3187766535433072
20
-2.2389587401574804
11
5.3152163385826769
21
-2.236903188976378
0
LINE
8
BLACK
6
CONTINUOUS
10
5.3152163385826769
20
-2.236903188976378
11
5.3123094094488188
21
-2.2339962598425198
0
LINE
8
BLACK
6
CONTINUOUS
10
5.3123094094488188
20
-2.2339962598425198
11
5.3102538582677168
21
-2.2304359448818896
0
LINE
8
BLACK
6
CONTINUOUS
10
5.3102538582677168
20
-2.2304359448818896
11
5.3091898425196851
21
-2.2264649606299214
0
LINE
8
BLACK
6
CONTINUOUS
10
5.3091898425196851
20
-2.2264649606299214
11
5.3091898425196851
21
-2.222353937007874
0
LINE
8
BLACK
6
CONTINUOUS
10
5.3091898425196851
20
-2.222353937007874
11
5.3102538582677168
21
-2.2183829527559054
0
LINE
8
BLACK
6
CONTINUOUS
10
5.3102538582677168
20
-2.2183829527559054
11
5.3123094094488188
21
-2.2148226377952756
0
LINE
8
BLACK
6
CONTINUOUS
10
5.3123094094488188
20
-2.2148226377952756
11
5.3152163385826769
21
-2.2119157086614174
0
LINE
8
BLACK
6
CONTINUOUS
10
5.3152163385826769
20
-2.2119157086614174
11
5.3187766535433072
21
-2.2098601574803149
0
LINE
8
BLACK
6
CONTINUOUS
10
5.3187766535433072
20
-2.2098601574803149
11
5.3227476377952758
21
-2.2087961417322832
0
LINE
8
BLACK
6
CONTINUOUS
10
5.3227476377952758
20
-2.2087961417322832
11
5.3248031496062991
21
-2.2086614173228347
0
LINE
8
BLACK
6
CONTINUOUS
10
5.3248031496062991
20
-2.2086614173228347
11
5.3444881889763778
21
-2.2086614173228347
0
LINE
8
BLACK
6
CONTINUOUS
10
5.3444881889763778
20
-2.2086614173228347
11
5.346543700787401
21
-2.2087961417322832
0
LINE
8
BLACK
6
CONTINUOUS
10
4.2755905511811019
20
-2.2381889763779528
11
4.1968503937007871
21
-2.2381889763779528
0
LINE
8
BLACK
6
CONTINUOUS
10
4.1968503937007871
20
-2.2381889763779528
11
4.1968503937007871
21
-2.1948818897637796
0
LINE
8
BLACK
6
CONTINUOUS
10
4.1968503937007871
20
-2.1948818897637796
11
4.2755905511811019
21
-2.1948818897637796
0
LINE
8
BLACK
6
CONTINUOUS
10
4.2755905511811019
20
-2.1948818897637796
11
4.2755905511811019
21
-2.2381889763779528
0
LINE
8
BLACK
6
CONTINUOUS
10
4.4645669291338583
20
-2.2381889763779528
11
4.3858267716535435
21
-2.2381889763779528
0
LINE
8
BLACK
6
CONTINUOUS
10
4.3858267716535435
20
-2.2381889763779528
11
4.3858267716535435
21
-2.1948818897637796
0
LINE
8
BLACK
6
CONTINUOUS
10
4.3858267716535435
20
-2.1948818897637796
11
4.4645669291338583
21
-2.1948818897637796
0
LINE
8
BLACK
6
CONTINUOUS
10
4.4645669291338583
20
-2.1948818897637796
11
4.4645669291338583
21
-2.2381889763779528
0
LINE
8
BLACK
6
CONTINUOUS
10
6.4803149606299213
20
-2.2381889763779528
11
6.4015748031496065
21
-2.2381889763779528
0
LINE
8
BLACK
6
CONTINUOUS
10
6.4015748031496065
20
-2.2381889763779528
11
6.4015748031496065
21
-2.1948818897637796
0
LINE
8
BLACK
6
CONTINUOUS
10
6.4015748031496065
20
-2.1948818897637796
11
6.4803149606299213
21
-2.1948818897637796
0
LINE
8
BLACK
6
CONTINUOUS
10
6.4803149606299213
20
-2.1948818897637796
11
6.4803149606299213
21
-2.2381889763779528
0
LINE
8
BLACK
6
CONTINUOUS
10
6.6692913385826769
20
-2.2381889763779528
11
6.590551181102362
21
-2.2381889763779528
0
LINE
8
BLACK
6
CONTINUOUS
10
6.590551181102362
20
-2.2381889763779528
11
6.590551181102362
21
-2.1948818897637796
0
LINE
8
BLACK
6
CONTINUOUS
10
6.590551181102362
20
-2.1948818897637796
11
6.6692913385826769
21
-2.1948818897637796
0
LINE
8
BLACK
6
CONTINUOUS
10
6.6692913385826769
20
-2.1948818897637796
11
6.6692913385826769
21
-2.2381889763779528
0
LINE
8
BLACK
6
CONTINUOUS
10
5.4656845275590547
20
-2.1503180708661418
11
5.4687180314960626
21
-2.1523449606299212
0
LINE
8
BLACK
6
CONTINUOUS
10
5.4687180314960626
20
-2.1523449606299212
11
5.4707449212598425
21
-2.1553784645669292
0
LINE
8
BLACK
6
CONTINUOUS
10
5.4707449212598425
20
-2.1553784645669292
11
5.4714566929133861
21
-2.1589566929133857
0
LINE
8
BLACK
6
CONTINUOUS
10
5.4714566929133861
20
-2.1589566929133857
11
5.4714566929133861
21
-2.1825787401574801
0
LINE
8
BLACK
6
CONTINUOUS
10
5.4714566929133861
20
-2.1825787401574801
11
5.4707449212598425
21
-2.186156968503937
0
LINE
8
BLACK
6
CONTINUOUS
10
5.4707449212598425
20
-2.186156968503937
11
5.4687180314960626
21
-2.189190472440945
0
LINE
8
BLACK
6
CONTINUOUS
10
5.4687180314960626
20
-2.189190472440945
11
5.4656845275590547
21
-2.1912173622047244
0
LINE
8
BLACK
6
CONTINUOUS
10
5.4656845275590547
20
-2.1912173622047244
11
5.4621062992125982
21
-2.1919291338582676
0
LINE
8
BLACK
6
CONTINUOUS
10
5.4621062992125982
20
-2.1919291338582676
11
5.4434055118110232
21
-2.1919291338582676
0
LINE
8
BLACK
6
CONTINUOUS
10
5.4434055118110232
20
-2.1919291338582676
11
5.4398272834645667
21
-2.1912173622047244
0
LINE
8
BLACK
6
CONTINUOUS
10
5.4398272834645667
20
-2.1912173622047244
11
5.4367937795275587
21
-2.189190472440945
0
LINE
8
BLACK
6
CONTINUOUS
10
5.4367937795275587
20
-2.189190472440945
11
5.4347668897637798
21
-2.186156968503937
0
LINE
8
BLACK
6
CONTINUOUS
10
5.4347668897637798
20
-2.186156968503937
11
5.4340551181102361
21
-2.1825787401574801
0
LINE
8
BLACK
6
CONTINUOUS
10
5.4340551181102361
20
-2.1825787401574801
11
5.4340551181102361
21
-2.1589566929133857
0
LINE
8
BLACK
6
CONTINUOUS
10
5.4340551181102361
20
-2.1589566929133857
11
5.4347668897637798
21
-2.1553784645669292
0
LINE
8
BLACK
6
CONTINUOUS
10
5.4347668897637798
20
-2.1553784645669292
11
5.4367937795275587
21
-2.1523449606299212
0
LINE
8
BLACK
6
CONTINUOUS
10
5.4367937795275587
20
-2.1523449606299212
11
5.4398272834645667
21
-2.1503180708661418
0
LINE
8
BLACK
6
CONTINUOUS
10
5.4398272834645667
20
-2.1503180708661418
11
5.4434055118110232
21
-2.1496062992125982
0
LINE
8
BLACK
6
CONTINUOUS
10
5.4434055118110232
20
-2.1496062992125982
11
5.4621062992125982
21
-2.1496062992125982
0
LINE
8
BLACK
6
CONTINUOUS
10
5.4621062992125982
20
-2.1496062992125982
11
5.4656845275590547
21
-2.1503180708661418
0
LINE
8
BLACK
6
CONTINUOUS
10
5.346543700787401
20
-2.1595835433070865
11
5.3505146850393697
21
-2.1606475590551182
0
LINE
8
BLACK
6
CONTINUOUS
10
5.3505146850393697
20
-2.1606475590551182
11
5.3540749999999999
21
-2.1627031102362206
0
LINE
8
BLACK
6
CONTINUOUS
10
5.3540749999999999
20
-2.1627031102362206
11
5.3569819291338581
21
-2.1656100393700788
0
LINE
8
BLACK
6
CONTINUOUS
10
5.3569819291338581
20
-2.1656100393700788
11
5.3590374803149601
21
-2.1691703543307086
0
LINE
8
BLACK
6
CONTINUOUS
10
5.3590374803149601
20
-2.1691703543307086
11
5.3601014960629918
21
-2.1731413385826772
0
LINE
8
BLACK
6
CONTINUOUS
10
5.3601014960629918
20
-2.1731413385826772
11
5.3601014960629918
21
-2.1772523622047242
0
LINE
8
BLACK
6
CONTINUOUS
10
5.3601014960629918
20
-2.1772523622047242
11
5.3590374803149601
21
-2.1812233464566928
0
LINE
8
BLACK
6
CONTINUOUS
10
5.3590374803149601
20
-2.1812233464566928
11
5.3569819291338581
21
-2.1847836614173226
0
LINE
8
BLACK
6
CONTINUOUS
10
5.3569819291338581
20
-2.1847836614173226
11
5.3540749999999999
21
-2.1876905905511812
0
LINE
8
BLACK
6
CONTINUOUS
10
5.3540749999999999
20
-2.1876905905511812
11
5.3505146850393697
21
-2.1897461417322832
0
LINE
8
BLACK
6
CONTINUOUS
10
5.3505146850393697
20
-2.1897461417322832
11
5.346543700787401
21
-2.1908101574803149
0
LINE
8
BLACK
6
CONTINUOUS
10
5.346543700787401
20
-2.1908101574803149
11
5.3444881889763778
21
-2.1909448818897639
0
LINE
8
BLACK
6
CONTINUOUS
10
5.3444881889763778
20
-2.1909448818897639
11
5.3248031496062991
21
-2.1909448818897639
0
LINE
8
BLACK
6
CONTINUOUS
10
5.3248031496062991
20
-2.1909448818897639
11
5.3227476377952758
21
-2.1908101574803149
0
LINE
8
BLACK
6
CONTINUOUS
10
5.3227476377952758
20
-2.1908101574803149
11
5.3187766535433072
21
-2.1897461417322832
0
LINE
8
BLACK
6
CONTINUOUS
10
5.3187766535433072
20
-2.1897461417322832
11
5.3152163385826769
21
-2.1876905905511812
0
LINE
8
BLACK
6
CONTINUOUS
10
5.3152163385826769
20
-2.1876905905511812
11
5.3123094094488188
21
-2.1847836614173226
0
LINE
8
BLACK
6
CONTINUOUS
10
5.3123094094488188
20
-2.1847836614173226
11
5.3102538582677168
21
-2.1812233464566928
0
LINE
8
BLACK
6
CONTINUOUS
10
5.3102538582677168
20
-2.1812233464566928
11
5.3091898425196851
21
-2.1772523622047242
0
LINE
8
BLACK
6
CONTINUOUS
10
5.3091898425196851
20
-2.1772523622047242
11
5.3091898425196851
21
-2.1731413385826772
0
LINE
8
BLACK
6
CONTINUOUS
10
5.3091898425196851
20
-2.1731413385826772
11
5.3102538582677168
21
-2.1691703543307086
0
LINE
8
BLACK
6
CONTINUOUS
10
5.3102538582677168
20
-2.1691703543307086
11
5.3123094094488188
21
-2.1656100393700788
0
LINE
8
BLACK
6
CONTINUOUS
10
5.3123094094488188
20
-2.1656100393700788
11
5.3152163385826769
21
-2.1627031102362206
0
LINE
8
BLACK
6
CONTINUOUS
10
5.3152163385826769
20
-2.1627031102362206
11
5.3187766535433072
21
-2.1606475590551182
0
LINE
8
BLACK
6
CONTINUOUS
10
5.3187766535433072
20
-2.1606475590551182
11
5.3227476377952758
21
-2.1595835433070865
0
LINE
8
BLACK
6
CONTINUOUS
10
5.3227476377952758
20
-2.1595835433070865
11
5.3248031496062991
21
-2.159448818897638
0
LINE
8
BLACK
6
CONTINUOUS
10
5.3248031496062991
20
-2.159448818897638
11
5.3444881889763778
21
-2.159448818897638
0
LINE
8
BLACK
6
CONTINUOUS
10
5.3444881889763778
20
-2.159448818897638
11
5.346543700787401
21
-2.1595835433070865
0
LINE
8
BLACK
6
CONTINUOUS
10
4.9100742913385824
20
-2.1469716141732285
11
4.9131077952755904
21
-2.1489985039370079
0
LINE
8
BLACK
6
CONTINUOUS
10
4.9131077952755904
20
-2.1489985039370079
11
4.9151346850393702
21
-2.1520320078740158
0
LINE
8
BLACK
6
CONTINUOUS
10
4.9151346850393702
20
-2.1520320078740158
11
4.915846456692913
21
-2.1556102362204723
0
LINE
8
BLACK
6
CONTINUOUS
10
4.915846456692913
20
-2.1556102362204723
11
4.915846456692913
21
-2.1743110236220473
0
LINE
8
BLACK
6
CONTINUOUS
10
4.915846456692913
20
-2.1743110236220473
11
4.9151346850393702
21
-2.1778892519685038
0
LINE
8
BLACK
6
CONTINUOUS
10
4.9151346850393702
20
-2.1778892519685038
11
4.9131077952755904
21
-2.1809227559055118
0
LINE
8
BLACK
6
CONTINUOUS
10
4.9131077952755904
20
-2.1809227559055118
11
4.9100742913385824
21
-2.1829496456692912
0
LINE
8
BLACK
6
CONTINUOUS
10
4.9100742913385824
20
-2.1829496456692912
11
4.9064960629921259
21
-2.1836614173228348
0
LINE
8
BLACK
6
CONTINUOUS
10
4.9064960629921259
20
-2.1836614173228348
11
4.8828740157480315
21
-2.1836614173228348
0
LINE
8
BLACK
6
CONTINUOUS
10
4.8828740157480315
20
-2.1836614173228348
11
4.879295787401575
21
-2.1829496456692912
0
LINE
8
BLACK
6
CONTINUOUS
10
4.879295787401575
20
-2.1829496456692912
11
4.876262283464567
21
-2.1809227559055118
0
LINE
8
BLACK
6
CONTINUOUS
10
4.876262283464567
20
-2.1809227559055118
11
4.8742353937007872
21
-2.1778892519685038
0
LINE
8
BLACK
6
CONTINUOUS
10
4.8742353937007872
20
-2.1778892519685038
11
4.8735236220472435
21
-2.1743110236220473
0
LINE
8
BLACK
6
CONTINUOUS
10
4.8735236220472435
20
-2.1743110236220473
11
4.8735236220472435
21
-2.1556102362204723
0
LINE
8
BLACK
6
CONTINUOUS
10
4.8735236220472435
20
-2.1556102362204723
11
4.8742353937007872
21
-2.1520320078740158
0
LINE
8
BLACK
6
CONTINUOUS
10
4.8742353937007872
20
-2.1520320078740158
11
4.876262283464567
21
-2.1489985039370079
0
LINE
8
BLACK
6
CONTINUOUS
10
4.876262283464567
20
-2.1489985039370079
11
4.879295787401575
21
-2.1469716141732285
0
LINE
8
BLACK
6
CONTINUOUS
10
4.879295787401575
20
-2.1469716141732285
11
4.8828740157480315
21
-2.1462598425196848
0
LINE
8
BLACK
6
CONTINUOUS
10
4.8828740157480315
20
-2.1462598425196848
11
4.9064960629921259
21
-2.1462598425196848
0
LINE
8
BLACK
6
CONTINUOUS
10
4.9064960629921259
20
-2.1462598425196848
11
4.9100742913385824
21
-2.1469716141732285
0
LINE
8
BLACK
6
CONTINUOUS
10
4.9779876771653546
20
-2.1469716141732285
11
4.9810211811023617
21
-2.1489985039370079
0
LINE
8
BLACK
6
CONTINUOUS
10
4.9810211811023617
20
-2.1489985039370079
11
4.9830480708661415
21
-2.1520320078740158
0
LINE
8
BLACK
6
CONTINUOUS
10
4.9830480708661415
20
-2.1520320078740158
11
4.9837598425196852
21
-2.1556102362204723
0
LINE
8
BLACK
6
CONTINUOUS
10
4.9837598425196852
20
-2.1556102362204723
11
4.9837598425196852
21
-2.1743110236220473
0
LINE
8
BLACK
6
CONTINUOUS
10
4.9837598425196852
20
-2.1743110236220473
11
4.9830480708661415
21
-2.1778892519685038
0
LINE
8
BLACK
6
CONTINUOUS
10
4.9830480708661415
20
-2.1778892519685038
11
4.9810211811023617
21
-2.1809227559055118
0
LINE
8
BLACK
6
CONTINUOUS
10
4.9810211811023617
20
-2.1809227559055118
11
4.9779876771653546
21
-2.1829496456692912
0
LINE
8
BLACK
6
CONTINUOUS
10
4.9779876771653546
20
-2.1829496456692912
11
4.9744094488188972
21
-2.1836614173228348
0
LINE
8
BLACK
6
CONTINUOUS
10
4.9744094488188972
20
-2.1836614173228348
11
4.9507874015748028
21
-2.1836614173228348
0
LINE
8
BLACK
6
CONTINUOUS
10
4.9507874015748028
20
-2.1836614173228348
11
4.9472091732283463
21
-2.1829496456692912
0
LINE
8
BLACK
6
CONTINUOUS
10
4.9472091732283463
20
-2.1829496456692912
11
4.9441756692913383
21
-2.1809227559055118
0
LINE
8
BLACK
6
CONTINUOUS
10
4.9441756692913383
20
-2.1809227559055118
11
4.9421487795275594
21
-2.1778892519685038
0
LINE
8
BLACK
6
CONTINUOUS
10
4.9421487795275594
20
-2.1778892519685038
11
4.9414370078740157
21
-2.1743110236220473
0
LINE
8
BLACK
6
CONTINUOUS
10
4.9414370078740157
20
-2.1743110236220473
11
4.9414370078740157
21
-2.1556102362204723
0
LINE
8
BLACK
6
CONTINUOUS
10
4.9414370078740157
20
-2.1556102362204723
11
4.9421487795275594
21
-2.1520320078740158
0
LINE
8
BLACK
6
CONTINUOUS
10
4.9421487795275594
20
-2.1520320078740158
11
4.9441756692913383
21
-2.1489985039370079
0
LINE
8
BLACK
6
CONTINUOUS
10
4.9441756692913383
20
-2.1489985039370079
11
4.9472091732283463
21
-2.1469716141732285
0
LINE
8
BLACK
6
CONTINUOUS
10
4.9472091732283463
20
-2.1469716141732285
11
4.9507874015748028
21
-2.1462598425196848
0
LINE
8
BLACK
6
CONTINUOUS
10
4.9507874015748028
20
-2.1462598425196848
11
4.9744094488188972
21
-2.1462598425196848
0
LINE
8
BLACK
6
CONTINUOUS
10
4.9744094488188972
20
-2.1462598425196848
11
4.9779876771653546
21
-2.1469716141732285
0
LINE
8
BLACK
6
CONTINUOUS
10
5.0921609055118111
20
-2.1469716141732285
11
5.0951944094488191
21
-2.1489985039370079
0
LINE
8
BLACK
6
CONTINUOUS
10
5.0951944094488191
20
-2.1489985039370079
11
5.097221299212598
21
-2.1520320078740158
0
LINE
8
BLACK
6
CONTINUOUS
10
5.097221299212598
20
-2.1520320078740158
11
5.0979330708661417
21
-2.1556102362204723
0
LINE
8
BLACK
6
CONTINUOUS
10
5.0979330708661417
20
-2.1556102362204723
11
5.0979330708661417
21
-2.1743110236220473
0
LINE
8
BLACK
6
CONTINUOUS
10
5.0979330708661417
20
-2.1743110236220473
11
5.097221299212598
21
-2.1778892519685038
0
LINE
8
BLACK
6
CONTINUOUS
10
5.097221299212598
20
-2.1778892519685038
11
5.0951944094488191
21
-2.1809227559055118
0
LINE
8
BLACK
6
CONTINUOUS
10
5.0951944094488191
20
-2.1809227559055118
11
5.0921609055118111
21
-2.1829496456692912
0
LINE
8
BLACK
6
CONTINUOUS
10
5.0921609055118111
20
-2.1829496456692912
11
5.0885826771653546
21
-2.1836614173228348
0
LINE
8
BLACK
6
CONTINUOUS
10
5.0885826771653546
20
-2.1836614173228348
11
5.0688976377952759
21
-2.1836614173228348
0
LINE
8
BLACK
6
CONTINUOUS
10
5.0688976377952759
20
-2.1836614173228348
11
5.0653194094488185
21
-2.1829496456692912
0
LINE
8
BLACK
6
CONTINUOUS
10
5.0653194094488185
20
-2.1829496456692912
11
5.0622859055118106
21
-2.1809227559055118
0
LINE
8
BLACK
6
CONTINUOUS
10
5.0622859055118106
20
-2.1809227559055118
11
5.0602590157480316
21
-2.1778892519685038
0
LINE
8
BLACK
6
CONTINUOUS
10
5.0602590157480316
20
-2.1778892519685038
11
5.059547244094488
21
-2.1743110236220473
0
LINE
8
BLACK
6
CONTINUOUS
10
5.059547244094488
20
-2.1743110236220473
11
5.059547244094488
21
-2.1556102362204723
0
LINE
8
BLACK
6
CONTINUOUS
10
5.059547244094488
20
-2.1556102362204723
11
5.0602590157480316
21
-2.1520320078740158
0
LINE
8
BLACK
6
CONTINUOUS
10
5.0602590157480316
20
-2.1520320078740158
11
5.0622859055118106
21
-2.1489985039370079
0
LINE
8
BLACK
6
CONTINUOUS
10
5.0622859055118106
20
-2.1489985039370079
11
5.0653194094488185
21
-2.1469716141732285
0
LINE
8
BLACK
6
CONTINUOUS
10
5.0653194094488185
20
-2.1469716141732285
11
5.0688976377952759
21
-2.1462598425196848
0
LINE
8
BLACK
6
CONTINUOUS
10
5.0688976377952759
20
-2.1462598425196848
11
5.0885826771653546
21
-2.1462598425196848
0
LINE
8
BLACK
6
CONTINUOUS
10
5.0885826771653546
20
-2.1462598425196848
11
5.0921609055118111
21
-2.1469716141732285
0
LINE
8
BLACK
6
CONTINUOUS
10
5.1640112992125982
20
-2.1469716141732285
11
5.1670448031496061
21
-2.1489985039370079
0
LINE
8
BLACK
6
CONTINUOUS
10
5.1670448031496061
20
-2.1489985039370079
11
5.169071692913386
21
-2.1520320078740158
0
LINE
8
BLACK
6
CONTINUOUS
10
5.169071692913386
20
-2.1520320078740158
11
5.1697834645669287
21
-2.1556102362204723
0
LINE
8
BLACK
6
CONTINUOUS
10
5.1697834645669287
20
-2.1556102362204723
11
5.1697834645669287
21
-2.1743110236220473
0
LINE
8
BLACK
6
CONTINUOUS
10
5.1697834645669287
20
-2.1743110236220473
11
5.169071692913386
21
-2.1778892519685038
0
LINE
8
BLACK
6
CONTINUOUS
10
5.169071692913386
20
-2.1778892519685038
11
5.1670448031496061
21
-2.1809227559055118
0
LINE
8
BLACK
6
CONTINUOUS
10
5.1670448031496061
20
-2.1809227559055118
11
5.1640112992125982
21
-2.1829496456692912
0
LINE
8
BLACK
6
CONTINUOUS
10
5.1640112992125982
20
-2.1829496456692912
11
5.1604330708661417
21
-2.1836614173228348
0
LINE
8
BLACK
6
CONTINUOUS
10
5.1604330708661417
20
-2.1836614173228348
11
5.140748031496063
21
-2.1836614173228348
0
LINE
8
BLACK
6
CONTINUOUS
10
5.140748031496063
20
-2.1836614173228348
11
5.1371698031496065
21
-2.1829496456692912
0
LINE
8
BLACK
6
CONTINUOUS
10
5.1371698031496065
20
-2.1829496456692912
11
5.1341362992125985
21
-2.1809227559055118
0
LINE
8
BLACK
6
CONTINUOUS
10
5.1341362992125985
20
-2.1809227559055118
11
5.1321094094488187
21
-2.1778892519685038
0
LINE
8
BLACK
6
CONTINUOUS
10
5.1321094094488187
20
-2.1778892519685038
11
5.1313976377952759
21
-2.1743110236220473
0
LINE
8
BLACK
6
CONTINUOUS
10
5.1313976377952759
20
-2.1743110236220473
11
5.1313976377952759
21
-2.1556102362204723
0
LINE
8
BLACK
6
CONTINUOUS
10
5.1313976377952759
20
-2.1556102362204723
11
5.1321094094488187
21
-2.1520320078740158
0
LINE
8
BLACK
6
CONTINUOUS
10
5.1321094094488187
20
-2.1520320078740158
11
5.1341362992125985
21
-2.1489985039370079
0
LINE
8
BLACK
6
CONTINUOUS
10
5.1341362992125985
20
-2.1489985039370079
11
5.1371698031496065
21
-2.1469716141732285
0
LINE
8
BLACK
6
CONTINUOUS
10
5.1371698031496065
20
-2.1469716141732285
11
5.140748031496063
21
-2.1462598425196848
0
LINE
8
BLACK
6
CONTINUOUS
10
5.140748031496063
20
-2.1462598425196848
11
5.1604330708661417
21
-2.1462598425196848
0
LINE
8
BLACK
6
CONTINUOUS
10
5.1604330708661417
20
-2.1462598425196848
11
5.1640112992125982
21
-2.1469716141732285
0
LINE
8
BLACK
6
CONTINUOUS
10
4.2334010629921259
20
-2.1079952362204724
11
4.2364345669291339
21
-2.1100221259842518
0
LINE
8
BLACK
6
CONTINUOUS
10
4.2364345669291339
20
-2.1100221259842518
11
4.2384614566929129
21
-2.1130556299212597
0
LINE
8
BLACK
6
CONTINUOUS
10
4.2384614566929129
20
-2.1130556299212597
11
4.2391732283464565
21
-2.1166338582677167
0
LINE
8
BLACK
6
CONTINUOUS
10
4.2391732283464565
20
-2.1166338582677167
11
4.2391732283464565
21
-2.1353346456692912
0
LINE
8
BLACK
6
CONTINUOUS
10
4.2391732283464565
20
-2.1353346456692912
11
4.2384614566929129
21
-2.1389128740157481
0
LINE
8
BLACK
6
CONTINUOUS
10
4.2384614566929129
20
-2.1389128740157481
11
4.2364345669291339
21
-2.1419463779527557
0
LINE
8
BLACK
6
CONTINUOUS
10
4.2364345669291339
20
-2.1419463779527557
11
4.2334010629921259
21
-2.1439732677165355
0
LINE
8
BLACK
6
CONTINUOUS
10
4.2334010629921259
20
-2.1439732677165355
11
4.2298228346456694
21
-2.1446850393700787
0
LINE
8
BLACK
6
CONTINUOUS
10
4.2298228346456694
20
-2.1446850393700787
11
4.206200787401575
21
-2.1446850393700787
0
LINE
8
BLACK
6
CONTINUOUS
10
4.206200787401575
20
-2.1446850393700787
11
4.2026225590551176
21
-2.1439732677165355
0
LINE
8
BLACK
6
CONTINUOUS
10
4.2026225590551176
20
-2.1439732677165355
11
4.1995890551181105
21
-2.1419463779527557
0
LINE
8
BLACK
6
CONTINUOUS
10
4.1995890551181105
20
-2.1419463779527557
11
4.1975621653543307
21
-2.1389128740157481
0
LINE
8
BLACK
6
CONTINUOUS
10
4.1975621653543307
20
-2.1389128740157481
11
4.1968503937007871
21
-2.1353346456692912
0
LINE
8
BLACK
6
CONTINUOUS
10
4.1968503937007871
20
-2.1353346456692912
11
4.1968503937007871
21
-2.1166338582677167
0
LINE
8
BLACK
6
CONTINUOUS
10
4.1968503937007871
20
-2.1166338582677167
11
4.1975621653543307
21
-2.1130556299212597
0
LINE
8
BLACK
6
CONTINUOUS
10
4.1975621653543307
20
-2.1130556299212597
11
4.1995890551181105
21
-2.1100221259842518
0
LINE
8
BLACK
6
CONTINUOUS
10
4.1995890551181105
20
-2.1100221259842518
11
4.2026225590551176
21
-2.1079952362204724
0
LINE
8
BLACK
6
CONTINUOUS
10
4.2026225590551176
20
-2.1079952362204724
11
4.206200787401575
21
-2.1072834645669292
0
LINE
8
BLACK
6
CONTINUOUS
10
4.206200787401575
20
-2.1072834645669292
11
4.2298228346456694
21
-2.1072834645669292
0
LINE
8
BLACK
6
CONTINUOUS
10
4.2298228346456694
20
-2.1072834645669292
11
4.2334010629921259
21
-2.1079952362204724
0
LINE
8
BLACK
6
CONTINUOUS
10
4.3013144488188972
20
-2.1079952362204724
11
4.3043479527559052
21
-2.1100221259842518
0
LINE
8
BLACK
6
CONTINUOUS
10
4.3043479527559052
20
-2.1100221259842518
11
4.3063748425196851
21
-2.1130556299212597
0
LINE
8
BLACK
6
CONTINUOUS
10
4.3063748425196851
20
-2.1130556299212597
11
4.3070866141732287
21
-2.1166338582677167
0
LINE
8
BLACK
6
CONTINUOUS
10
4.3070866141732287
20
-2.1166338582677167
11
4.3070866141732287
21
-2.1353346456692912
0
LINE
8
BLACK
6
CONTINUOUS
10
4.3070866141732287
20
-2.1353346456692912
11
4.3063748425196851
21
-2.1389128740157481
0
LINE
8
BLACK
6
CONTINUOUS
10
4.3063748425196851
20
-2.1389128740157481
11
4.3043479527559052
21
-2.1419463779527557
0
LINE
8
BLACK
6
CONTINUOUS
10
4.3043479527559052
20
-2.1419463779527557
11
4.3013144488188972
21
-2.1439732677165355
0
LINE
8
BLACK
6
CONTINUOUS
10
4.3013144488188972
20
-2.1439732677165355
11
4.2977362204724407
21
-2.1446850393700787
0
LINE
8
BLACK
6
CONTINUOUS
10
4.2977362204724407
20
-2.1446850393700787
11
4.2741141732283463
21
-2.1446850393700787
0
LINE
8
BLACK
6
CONTINUOUS
10
4.2741141732283463
20
-2.1446850393700787
11
4.2705359448818898
21
-2.1439732677165355
0
LINE
8
BLACK
6
CONTINUOUS
10
4.2705359448818898
20
-2.1439732677165355
11
4.2675024409448818
21
-2.1419463779527557
0
LINE
8
BLACK
6
CONTINUOUS
10
4.2675024409448818
20
-2.1419463779527557
11
4.265475551181102
21
-2.1389128740157481
0
LINE
8
BLACK
6
CONTINUOUS
10
4.265475551181102
20
-2.1389128740157481
11
4.2647637795275593
21
-2.1353346456692912
0
LINE
8
BLACK
6
CONTINUOUS
10
4.2647637795275593
20
-2.1353346456692912
11
4.2647637795275593
21
-2.1166338582677167
0
LINE
8
BLACK
6
CONTINUOUS
10
4.2647637795275593
20
-2.1166338582677167
11
4.265475551181102
21
-2.1130556299212597
0
LINE
8
BLACK
6
CONTINUOUS
10
4.265475551181102
20
-2.1130556299212597
11
4.2675024409448818
21
-2.1100221259842518
0
LINE
8
BLACK
6
CONTINUOUS
10
4.2675024409448818
20
-2.1100221259842518
11
4.2705359448818898
21
-2.1079952362204724
0
LINE
8
BLACK
6
CONTINUOUS
10
4.2705359448818898
20
-2.1079952362204724
11
4.2741141732283463
21
-2.1072834645669292
0
LINE
8
BLACK
6
CONTINUOUS
10
4.2741141732283463
20
-2.1072834645669292
11
4.2977362204724407
21
-2.1072834645669292
0
LINE
8
BLACK
6
CONTINUOUS
10
4.2977362204724407
20
-2.1072834645669292
11
4.3013144488188972
21
-2.1079952362204724
0
LINE
8
BLACK
6
CONTINUOUS
10
6.4327120866141732
20
-2.1079952362204724
11
6.4357455905511811
21
-2.1100221259842518
0
LINE
8
BLACK
6
CONTINUOUS
10
6.4357455905511811
20
-2.1100221259842518
11
6.4377724803149601
21
-2.1130556299212597
0
LINE
8
BLACK
6
CONTINUOUS
10
6.4377724803149601
20
-2.1130556299212597
11
6.4384842519685037
21
-2.1166338582677167
0
LINE
8
BLACK
6
CONTINUOUS
10
6.4384842519685037
20
-2.1166338582677167
11
6.4384842519685037
21
-2.1353346456692912
0
LINE
8
BLACK
6
CONTINUOUS
10
6.4384842519685037
20
-2.1353346456692912
11
6.4377724803149601
21
-2.1389128740157481
0
LINE
8
BLACK
6
CONTINUOUS
10
6.4377724803149601
20
-2.1389128740157481
11
6.4357455905511811
21
-2.1419463779527557
0
LINE
8
BLACK
6
CONTINUOUS
10
6.4357455905511811
20
-2.1419463779527557
11
6.4327120866141732
21
-2.1439732677165355
0
LINE
8
BLACK
6
CONTINUOUS
10
6.4327120866141732
20
-2.1439732677165355
11
6.4291338582677167
21
-2.1446850393700787
0
LINE
8
BLACK
6
CONTINUOUS
10
6.4291338582677167
20
-2.1446850393700787
11
6.4055118110236222
21
-2.1446850393700787
0
LINE
8
BLACK
6
CONTINUOUS
10
6.4055118110236222
20
-2.1446850393700787
11
6.4019335826771648
21
-2.1439732677165355
0
LINE
8
BLACK
6
CONTINUOUS
10
6.4019335826771648
20
-2.1439732677165355
11
6.3989000787401578
21
-2.1419463779527557
0
LINE
8
BLACK
6
CONTINUOUS
10
6.3989000787401578
20
-2.1419463779527557
11
6.3968731889763779
21
-2.1389128740157481
0
LINE
8
BLACK
6
CONTINUOUS
10
6.3968731889763779
20
-2.1389128740157481
11
6.3961614173228343
21
-2.1353346456692912
0
LINE
8
BLACK
6
CONTINUOUS
10
6.3961614173228343
20
-2.1353346456692912
11
6.3961614173228343
21
-2.1166338582677167
0
LINE
8
BLACK
6
CONTINUOUS
10
6.3961614173228343
20
-2.1166338582677167
11
6.3968731889763779
21
-2.1130556299212597
0
LINE
8
BLACK
6
CONTINUOUS
10
6.3968731889763779
20
-2.1130556299212597
11
6.3989000787401578
21
-2.1100221259842518
0
LINE
8
BLACK
6
CONTINUOUS
10
6.3989000787401578
20
-2.1100221259842518
11
6.4019335826771648
21
-2.1079952362204724
0
LINE
8
BLACK
6
CONTINUOUS
10
6.4019335826771648
20
-2.1079952362204724
11
6.4055118110236222
21
-2.1072834645669292
0
LINE
8
BLACK
6
CONTINUOUS
10
6.4055118110236222
20
-2.1072834645669292
11
6.4291338582677167
21
-2.1072834645669292
0
LINE
8
BLACK
6
CONTINUOUS
10
6.4291338582677167
20
-2.1072834645669292
11
6.4327120866141732
21
-2.1079952362204724
0
LINE
8
BLACK
6
CONTINUOUS
10
6.5006254724409445
20
-2.1079952362204724
11
6.5036589763779524
21
-2.1100221259842518
0
LINE
8
BLACK
6
CONTINUOUS
10
6.5036589763779524
20
-2.1100221259842518
11
6.5056858661417323
21
-2.1130556299212597
0
LINE
8
BLACK
6
CONTINUOUS
10
6.5056858661417323
20
-2.1130556299212597
11
6.506397637795275
21
-2.1166338582677167
0
LINE
8
BLACK
6
CONTINUOUS
10
6.506397637795275
20
-2.1166338582677167
11
6.506397637795275
21
-2.1353346456692912
0
LINE
8
BLACK
6
CONTINUOUS
10
6.506397637795275
20
-2.1353346456692912
11
6.5056858661417323
21
-2.1389128740157481
0
LINE
8
BLACK
6
CONTINUOUS
10
6.5056858661417323
20
-2.1389128740157481
11
6.5036589763779524
21
-2.1419463779527557
0
LINE
8
BLACK
6
CONTINUOUS
10
6.5036589763779524
20
-2.1419463779527557
11
6.5006254724409445
21
-2.1439732677165355
0
LINE
8
BLACK
6
CONTINUOUS
10
6.5006254724409445
20
-2.1439732677165355
11
6.497047244094488
21
-2.1446850393700787
0
LINE
8
BLACK
6
CONTINUOUS
10
6.497047244094488
20
-2.1446850393700787
11
6.4734251968503935
21
-2.1446850393700787
0
LINE
8
BLACK
6
CONTINUOUS
10
6.4734251968503935
20
-2.1446850393700787
11
6.469846968503937
21
-2.1439732677165355
0
LINE
8
BLACK
6
CONTINUOUS
10
6.469846968503937
20
-2.1439732677165355
11
6.4668134645669291
21
-2.1419463779527557
0
LINE
8
BLACK
6
CONTINUOUS
10
6.4668134645669291
20
-2.1419463779527557
11
6.4647865748031492
21
-2.1389128740157481
0
LINE
8
BLACK
6
CONTINUOUS
10
6.4647865748031492
20
-2.1389128740157481
11
6.4640748031496065
21
-2.1353346456692912
0
LINE
8
BLACK
6
CONTINUOUS
10
6.4640748031496065
20
-2.1353346456692912
11
6.4640748031496065
21
-2.1166338582677167
0
LINE
8
BLACK
6
CONTINUOUS
10
6.4640748031496065
20
-2.1166338582677167
11
6.4647865748031492
21
-2.1130556299212597
0
LINE
8
BLACK
6
CONTINUOUS
10
6.4647865748031492
20
-2.1130556299212597
11
6.4668134645669291
21
-2.1100221259842518
0
LINE
8
BLACK
6
CONTINUOUS
10
6.4668134645669291
20
-2.1100221259842518
11
6.469846968503937
21
-2.1079952362204724
0
LINE
8
BLACK
6
CONTINUOUS
10
6.469846968503937
20
-2.1079952362204724
11
6.4734251968503935
21
-2.1072834645669292
0
LINE
8
BLACK
6
CONTINUOUS
10
6.4734251968503935
20
-2.1072834645669292
11
6.497047244094488
21
-2.1072834645669292
0
LINE
8
BLACK
6
CONTINUOUS
10
6.497047244094488
20
-2.1072834645669292
11
6.5006254724409445
21
-2.1079952362204724
0
LINE
8
BLACK
6
CONTINUOUS
10
5.346543700787401
20
-2.1103709448818897
11
5.3505146850393697
21
-2.1114349606299214
0
LINE
8
BLACK
6
CONTINUOUS
10
5.3505146850393697
20
-2.1114349606299214
11
5.3540749999999999
21
-2.1134905118110234
0
LINE
8
BLACK
6
CONTINUOUS
10
5.3540749999999999
20
-2.1134905118110234
11
5.3569819291338581
21
-2.116397440944882
0
LINE
8
BLACK
6
CONTINUOUS
10
5.3569819291338581
20
-2.116397440944882
11
5.3590374803149601
21
-2.1199577559055118
0
LINE
8
BLACK
6
CONTINUOUS
10
5.3590374803149601
20
-2.1199577559055118
11
5.3601014960629918
21
-2.1239287401574805
0
LINE
8
BLACK
6
CONTINUOUS
10
5.3601014960629918
20
-2.1239287401574805
11
5.3601014960629918
21
-2.1280397637795274
0
LINE
8
BLACK
6
CONTINUOUS
10
5.3601014960629918
20
-2.1280397637795274
11
5.3590374803149601
21
-2.132010748031496
0
LINE
8
BLACK
6
CONTINUOUS
10
5.3590374803149601
20
-2.132010748031496
11
5.3569819291338581
21
-2.1355710629921258
0
LINE
8
BLACK
6
CONTINUOUS
10
5.3569819291338581
20
-2.1355710629921258
11
5.3540749999999999
21
-2.138477992125984
0
LINE
8
BLACK
6
CONTINUOUS
10
5.3540749999999999
20
-2.138477992125984
11
5.3505146850393697
21
-2.1405335433070865
0
LINE
8
BLACK
6
CONTINUOUS
10
5.3505146850393697
20
-2.1405335433070865
11
5.346543700787401
21
-2.1415975590551182
0
LINE
8
BLACK
6
CONTINUOUS
10
5.346543700787401
20
-2.1415975590551182
11
5.3444881889763778
21
-2.1417322834645667
0
LINE
8
BLACK
6
CONTINUOUS
10
5.3444881889763778
20
-2.1417322834645667
11
5.3248031496062991
21
-2.1417322834645667
0
LINE
8
BLACK
6
CONTINUOUS
10
5.3248031496062991
20
-2.1417322834645667
11
5.3227476377952758
21
-2.1415975590551182
0
LINE
8
BLACK
6
CONTINUOUS
10
5.3227476377952758
20
-2.1415975590551182
11
5.3187766535433072
21
-2.1405335433070865
0
LINE
8
BLACK
6
CONTINUOUS
10
5.3187766535433072
20
-2.1405335433070865
11
5.3152163385826769
21
-2.138477992125984
0
LINE
8
BLACK
6
CONTINUOUS
10
5.3152163385826769
20
-2.138477992125984
11
5.3123094094488188
21
-2.1355710629921258
0
LINE
8
BLACK
6
CONTINUOUS
10
5.3123094094488188
20
-2.1355710629921258
11
5.3102538582677168
21
-2.132010748031496
0
LINE
8
BLACK
6
CONTINUOUS
10
5.3102538582677168
20
-2.132010748031496
11
5.3091898425196851
21
-2.1280397637795274
0
LINE
8
BLACK
6
CONTINUOUS
10
5.3091898425196851
20
-2.1280397637795274
11
5.3091898425196851
21
-2.1239287401574805
0
LINE
8
BLACK
6
CONTINUOUS
10
5.3091898425196851
20
-2.1239287401574805
11
5.3102538582677168
21
-2.1199577559055118
0
LINE
8
BLACK
6
CONTINUOUS
10
5.3102538582677168
20
-2.1199577559055118
11
5.3123094094488188
21
-2.116397440944882
0
LINE
8
BLACK
6
CONTINUOUS
10
5.3123094094488188
20
-2.116397440944882
11
5.3152163385826769
21
-2.1134905118110234
0
LINE
8
BLACK
6
CONTINUOUS
10
5.3152163385826769
20
-2.1134905118110234
11
5.3187766535433072
21
-2.1114349606299214
0
LINE
8
BLACK
6
CONTINUOUS
10
5.3187766535433072
20
-2.1114349606299214
11
5.3227476377952758
21
-2.1103709448818897
0
LINE
8
BLACK
6
CONTINUOUS
10
5.3227476377952758
20
-2.1103709448818897
11
5.3248031496062991
21
-2.1102362204724407
0
LINE
8
BLACK
6
CONTINUOUS
10
5.3248031496062991
20
-2.1102362204724407
11
5.3444881889763778
21
-2.1102362204724407
0
LINE
8
BLACK
6
CONTINUOUS
10
5.3444881889763778
20
-2.1102362204724407
11
5.346543700787401
21
-2.1103709448818897
0
LINE
8
BLACK
6
CONTINUOUS
10
5.6471759055118111
20
-2.077563464566929
11
5.6484531889763776
21
-2.0784168897637794
0
LINE
8
BLACK
6
CONTINUOUS
10
5.6484531889763776
20
-2.0784168897637794
11
5.649306614173228
21
-2.0796941732283463
0
LINE
8
BLACK
6
CONTINUOUS
10
5.649306614173228
20
-2.0796941732283463
11
5.6496062992125982
21
-2.0812007874015745
0
LINE
8
BLACK
6
CONTINUOUS
10
5.6496062992125982
20
-2.0812007874015745
11
5.6496062992125982
21
-2.1313976377952755
0
LINE
8
BLACK
6
CONTINUOUS
10
5.6496062992125982
20
-2.1313976377952755
11
5.649306614173228
21
-2.1329042519685038
0
LINE
8
BLACK
6
CONTINUOUS
10
5.649306614173228
20
-2.1329042519685038
11
5.6484531889763776
21
-2.1341815354330707
0
LINE
8
BLACK
6
CONTINUOUS
10
5.6484531889763776
20
-2.1341815354330707
11
5.6471759055118111
21
-2.135034960629921
0
LINE
8
BLACK
6
CONTINUOUS
10
5.6471759055118111
20
-2.135034960629921
11
5.6456692913385824
21
-2.1353346456692912
0
LINE
8
BLACK
6
CONTINUOUS
10
5.6456692913385824
20
-2.1353346456692912
11
5.6377952755905509
21
-2.1353346456692912
0
LINE
8
BLACK
6
CONTINUOUS
10
5.6377952755905509
20
-2.1353346456692912
11
5.6362886614173231
21
-2.135034960629921
0
LINE
8
BLACK
6
CONTINUOUS
10
5.6362886614173231
20
-2.135034960629921
11
5.6350113779527558
21
-2.1341815354330707
0
LINE
8
BLACK
6
CONTINUOUS
10
5.6350113779527558
20
-2.1341815354330707
11
5.6341579527559054
21
-2.1329042519685038
0
LINE
8
BLACK
6
CONTINUOUS
10
5.6341579527559054
20
-2.1329042519685038
11
5.6338582677165352
21
-2.1313976377952755
0
LINE
8
BLACK
6
CONTINUOUS
10
5.6338582677165352
20
-2.1313976377952755
11
5.6338582677165352
21
-2.0812007874015745
0
LINE
8
BLACK
6
CONTINUOUS
10
5.6338582677165352
20
-2.0812007874015745
11
5.6341579527559054
21
-2.0796941732283463
0
LINE
8
BLACK
6
CONTINUOUS
10
5.6341579527559054
20
-2.0796941732283463
11
5.6350113779527558
21
-2.0784168897637794
0
LINE
8
BLACK
6
CONTINUOUS
10
5.6350113779527558
20
-2.0784168897637794
11
5.6362886614173231
21
-2.077563464566929
0
LINE
8
BLACK
6
CONTINUOUS
10
5.6362886614173231
20
-2.077563464566929
11
5.6377952755905509
21
-2.0772637795275588
0
LINE
8
BLACK
6
CONTINUOUS
10
5.6377952755905509
20
-2.0772637795275588
11
5.6456692913385824
21
-2.0772637795275588
0
LINE
8
BLACK
6
CONTINUOUS
10
5.6456692913385824
20
-2.0772637795275588
11
5.6471759055118111
21
-2.077563464566929
0
LINE
8
BLACK
6
CONTINUOUS
10
5.672766456692913
20
-2.077563464566929
11
5.6740437401574804
21
-2.0784168897637794
0
LINE
8
BLACK
6
CONTINUOUS
10
5.6740437401574804
20
-2.0784168897637794
11
5.6748971653543308
21
-2.0796941732283463
0
LINE
8
BLACK
6
CONTINUOUS
10
5.6748971653543308
20
-2.0796941732283463
11
5.6751968503937009
21
-2.0812007874015745
0
LINE
8
BLACK
6
CONTINUOUS
10
5.6751968503937009
20
-2.0812007874015745
11
5.6751968503937009
21
-2.1313976377952755
0
LINE
8
BLACK
6
CONTINUOUS
10
5.6751968503937009
20
-2.1313976377952755
11
5.6748971653543308
21
-2.1329042519685038
0
LINE
8
BLACK
6
CONTINUOUS
10
5.6748971653543308
20
-2.1329042519685038
11
5.6740437401574804
21
-2.1341815354330707
0
LINE
8
BLACK
6
CONTINUOUS
10
5.6740437401574804
20
-2.1341815354330707
11
5.672766456692913
21
-2.135034960629921
0
LINE
8
BLACK
6
CONTINUOUS
10
5.672766456692913
20
-2.135034960629921
11
5.6712598425196852
21
-2.1353346456692912
0
LINE
8
BLACK
6
CONTINUOUS
10
5.6712598425196852
20
-2.1353346456692912
11
5.6633858267716537
21
-2.1353346456692912
0
LINE
8
BLACK
6
CONTINUOUS
10
5.6633858267716537
20
-2.1353346456692912
11
5.661879212598425
21
-2.135034960629921
0
LINE
8
BLACK
6
CONTINUOUS
10
5.661879212598425
20
-2.135034960629921
11
5.6606019291338585
21
-2.1341815354330707
0
LINE
8
BLACK
6
CONTINUOUS
10
5.6606019291338585
20
-2.1341815354330707
11
5.6597485039370081
21
-2.1329042519685038
0
LINE
8
BLACK
6
CONTINUOUS
10
5.6597485039370081
20
-2.1329042519685038
11
5.659448818897638
21
-2.1313976377952755
0
LINE
8
BLACK
6
CONTINUOUS
10
5.659448818897638
20
-2.1313976377952755
11
5.659448818897638
21
-2.0812007874015745
0
LINE
8
BLACK
6
CONTINUOUS
10
5.659448818897638
20
-2.0812007874015745
11
5.6597485039370081
21
-2.0796941732283463
0
LINE
8
BLACK
6
CONTINUOUS
10
5.6597485039370081
20
-2.0796941732283463
11
5.6606019291338585
21
-2.0784168897637794
0
LINE
8
BLACK
6
CONTINUOUS
10
5.6606019291338585
20
-2.0784168897637794
11
5.661879212598425
21
-2.077563464566929
0
LINE
8
BLACK
6
CONTINUOUS
10
5.661879212598425
20
-2.077563464566929
11
5.6633858267716537
21
-2.0772637795275588
0
LINE
8
BLACK
6
CONTINUOUS
10
5.6633858267716537
20
-2.0772637795275588
11
5.6712598425196852
21
-2.0772637795275588
0
LINE
8
BLACK
6
CONTINUOUS
10
5.6712598425196852
20
-2.0772637795275588
11
5.672766456692913
21
-2.077563464566929
0
LINE
8
BLACK
6
CONTINUOUS
10
5.6983570078740158
20
-2.077563464566929
11
5.6996342913385822
21
-2.0784168897637794
0
LINE
8
BLACK
6
CONTINUOUS
10
5.6996342913385822
20
-2.0784168897637794
11
5.7004877165354326
21
-2.0796941732283463
0
LINE
8
BLACK
6
CONTINUOUS
10
5.7004877165354326
20
-2.0796941732283463
11
5.7007874015748028
21
-2.0812007874015745
0
LINE
8
BLACK
6
CONTINUOUS
10
5.7007874015748028
20
-2.0812007874015745
11
5.7007874015748028
21
-2.1313976377952755
0
LINE
8
BLACK
6
CONTINUOUS
10
5.7007874015748028
20
-2.1313976377952755
11
5.7004877165354326
21
-2.1329042519685038
0
LINE
8
BLACK
6
CONTINUOUS
10
5.7004877165354326
20
-2.1329042519685038
11
5.6996342913385822
21
-2.1341815354330707
0
LINE
8
BLACK
6
CONTINUOUS
10
5.6996342913385822
20
-2.1341815354330707
11
5.6983570078740158
21
-2.135034960629921
0
LINE
8
BLACK
6
CONTINUOUS
10
5.6983570078740158
20
-2.135034960629921
11
5.6968503937007871
21
-2.1353346456692912
0
LINE
8
BLACK
6
CONTINUOUS
10
5.6968503937007871
20
-2.1353346456692912
11
5.6889763779527556
21
-2.1353346456692912
0
LINE
8
BLACK
6
CONTINUOUS
10
5.6889763779527556
20
-2.1353346456692912
11
5.6874697637795277
21
-2.135034960629921
0
LINE
8
BLACK
6
CONTINUOUS
10
5.6874697637795277
20
-2.135034960629921
11
5.6861924803149604
21
-2.1341815354330707
0
LINE
8
BLACK
6
CONTINUOUS
10
5.6861924803149604
20
-2.1341815354330707
11
5.68533905511811
21
-2.1329042519685038
0
LINE
8
BLACK
6
CONTINUOUS
10
5.68533905511811
20
-2.1329042519685038
11
5.6850393700787398
21
-2.1313976377952755
0
LINE
8
BLACK
6
CONTINUOUS
10
5.6850393700787398
20
-2.1313976377952755
11
5.6850393700787398
21
-2.0812007874015745
0
LINE
8
BLACK
6
CONTINUOUS
10
5.6850393700787398
20
-2.0812007874015745
11
5.68533905511811
21
-2.0796941732283463
0
LINE
8
BLACK
6
CONTINUOUS
10
5.68533905511811
20
-2.0796941732283463
11
5.6861924803149604
21
-2.0784168897637794
0
LINE
8
BLACK
6
CONTINUOUS
10
5.6861924803149604
20
-2.0784168897637794
11
5.6874697637795277
21
-2.077563464566929
0
LINE
8
BLACK
6
CONTINUOUS
10
5.6874697637795277
20
-2.077563464566929
11
5.6889763779527556
21
-2.0772637795275588
0
LINE
8
BLACK
6
CONTINUOUS
10
5.6889763779527556
20
-2.0772637795275588
11
5.6968503937007871
21
-2.0772637795275588
0
LINE
8
BLACK
6
CONTINUOUS
10
5.6968503937007871
20
-2.0772637795275588
11
5.6983570078740158
21
-2.077563464566929
0
LINE
8
BLACK
6
CONTINUOUS
10
5.7239475590551177
20
-2.077563464566929
11
5.725224842519685
21
-2.0784168897637794
0
LINE
8
BLACK
6
CONTINUOUS
10
5.725224842519685
20
-2.0784168897637794
11
5.7260782677165354
21
-2.0796941732283463
0
LINE
8
BLACK
6
CONTINUOUS
10
5.7260782677165354
20
-2.0796941732283463
11
5.7263779527559056
21
-2.0812007874015745
0
LINE
8
BLACK
6
CONTINUOUS
10
5.7263779527559056
20
-2.0812007874015745
11
5.7263779527559056
21
-2.1313976377952755
0
LINE
8
BLACK
6
CONTINUOUS
10
5.7263779527559056
20
-2.1313976377952755
11
5.7260782677165354
21
-2.1329042519685038
0
LINE
8
BLACK
6
CONTINUOUS
10
5.7260782677165354
20
-2.1329042519685038
11
5.725224842519685
21
-2.1341815354330707
0
LINE
8
BLACK
6
CONTINUOUS
10
5.725224842519685
20
-2.1341815354330707
11
5.7239475590551177
21
-2.135034960629921
0
LINE
8
BLACK
6
CONTINUOUS
10
5.7239475590551177
20
-2.135034960629921
11
5.7224409448818898
21
-2.1353346456692912
0
LINE
8
BLACK
6
CONTINUOUS
10
5.7224409448818898
20
-2.1353346456692912
11
5.7145669291338583
21
-2.1353346456692912
0
LINE
8
BLACK
6
CONTINUOUS
10
5.7145669291338583
20
-2.1353346456692912
11
5.7130603149606296
21
-2.135034960629921
0
LINE
8
BLACK
6
CONTINUOUS
10
5.7130603149606296
20
-2.135034960629921
11
5.7117830314960631
21
-2.1341815354330707
0
LINE
8
BLACK
6
CONTINUOUS
10
5.7117830314960631
20
-2.1341815354330707
11
5.7109296062992128
21
-2.1329042519685038
0
LINE
8
BLACK
6
CONTINUOUS
10
5.7109296062992128
20
-2.1329042519685038
11
5.7106299212598426
21
-2.1313976377952755
0
LINE
8
BLACK
6
CONTINUOUS
10
5.7106299212598426
20
-2.1313976377952755
11
5.7106299212598426
21
-2.0812007874015745
0
LINE
8
BLACK
6
CONTINUOUS
10
5.7106299212598426
20
-2.0812007874015745
11
5.7109296062992128
21
-2.0796941732283463
0
LINE
8
BLACK
6
CONTINUOUS
10
5.7109296062992128
20
-2.0796941732283463
11
5.7117830314960631
21
-2.0784168897637794
0
LINE
8
BLACK
6
CONTINUOUS
10
5.7117830314960631
20
-2.0784168897637794
11
5.7130603149606296
21
-2.077563464566929
0
LINE
8
BLACK
6
CONTINUOUS
10
5.7130603149606296
20
-2.077563464566929
11
5.7145669291338583
21
-2.0772637795275588
0
LINE
8
BLACK
6
CONTINUOUS
10
5.7145669291338583
20
-2.0772637795275588
11
5.7224409448818898
21
-2.0772637795275588
0
LINE
8
BLACK
6
CONTINUOUS
10
5.7224409448818898
20
-2.0772637795275588
11
5.7239475590551177
21
-2.077563464566929
0
LINE
8
BLACK
6
CONTINUOUS
10
5.7495381102362204
20
-2.077563464566929
11
5.7508153937007869
21
-2.0784168897637794
0
LINE
8
BLACK
6
CONTINUOUS
10
5.7508153937007869
20
-2.0784168897637794
11
5.7516688188976373
21
-2.0796941732283463
0
LINE
8
BLACK
6
CONTINUOUS
10
5.7516688188976373
20
-2.0796941732283463
11
5.7519685039370074
21
-2.0812007874015745
0
LINE
8
BLACK
6
CONTINUOUS
10
5.7519685039370074
20
-2.0812007874015745
11
5.7519685039370074
21
-2.1313976377952755
0
LINE
8
BLACK
6
CONTINUOUS
10
5.7519685039370074
20
-2.1313976377952755
11
5.7516688188976373
21
-2.1329042519685038
0
LINE
8
BLACK
6
CONTINUOUS
10
5.7516688188976373
20
-2.1329042519685038
11
5.7508153937007869
21
-2.1341815354330707
0
LINE
8
BLACK
6
CONTINUOUS
10
5.7508153937007869
20
-2.1341815354330707
11
5.7495381102362204
21
-2.135034960629921
0
LINE
8
BLACK
6
CONTINUOUS
10
5.7495381102362204
20
-2.135034960629921
11
5.7480314960629917
21
-2.1353346456692912
0
LINE
8
BLACK
6
CONTINUOUS
10
5.7480314960629917
20
-2.1353346456692912
11
5.7401574803149602
21
-2.1353346456692912
0
LINE
8
BLACK
6
CONTINUOUS
10
5.7401574803149602
20
-2.1353346456692912
11
5.7386508661417324
21
-2.135034960629921
0
LINE
8
BLACK
6
CONTINUOUS
10
5.7386508661417324
20
-2.135034960629921
11
5.737373582677165
21
-2.1341815354330707
0
LINE
8
BLACK
6
CONTINUOUS
10
5.737373582677165
20
-2.1341815354330707
11
5.7365201574803146
21
-2.1329042519685038
0
LINE
8
BLACK
6
CONTINUOUS
10
5.7365201574803146
20
-2.1329042519685038
11
5.7362204724409445
21
-2.1313976377952755
0
LINE
8
BLACK
6
CONTINUOUS
10
5.7362204724409445
20
-2.1313976377952755
11
5.7362204724409445
21
-2.0812007874015745
0
LINE
8
BLACK
6
CONTINUOUS
10
5.7362204724409445
20
-2.0812007874015745
11
5.7365201574803146
21
-2.0796941732283463
0
LINE
8
BLACK
6
CONTINUOUS
10
5.7365201574803146
20
-2.0796941732283463
11
5.737373582677165
21
-2.0784168897637794
0
LINE
8
BLACK
6
CONTINUOUS
10
5.737373582677165
20
-2.0784168897637794
11
5.7386508661417324
21
-2.077563464566929
0
LINE
8
BLACK
6
CONTINUOUS
10
5.7386508661417324
20
-2.077563464566929
11
5.7401574803149602
21
-2.0772637795275588
0
LINE
8
BLACK
6
CONTINUOUS
10
5.7401574803149602
20
-2.0772637795275588
11
5.7480314960629917
21
-2.0772637795275588
0
LINE
8
BLACK
6
CONTINUOUS
10
5.7480314960629917
20
-2.0772637795275588
11
5.7495381102362204
21
-2.077563464566929
0
LINE
8
BLACK
6
CONTINUOUS
10
5.7751286614173223
20
-2.077563464566929
11
5.7764059448818896
21
-2.0784168897637794
0
LINE
8
BLACK
6
CONTINUOUS
10
5.7764059448818896
20
-2.0784168897637794
11
5.77725937007874
21
-2.0796941732283463
0
LINE
8
BLACK
6
CONTINUOUS
10
5.77725937007874
20
-2.0796941732283463
11
5.7775590551181102
21
-2.0812007874015745
0
LINE
8
BLACK
6
CONTINUOUS
10
5.7775590551181102
20
-2.0812007874015745
11
5.7775590551181102
21
-2.1313976377952755
0
LINE
8
BLACK
6
CONTINUOUS
10
5.7775590551181102
20
-2.1313976377952755
11
5.77725937007874
21
-2.1329042519685038
0
LINE
8
BLACK
6
CONTINUOUS
10
5.77725937007874
20
-2.1329042519685038
11
5.7764059448818896
21
-2.1341815354330707
0
LINE
8
BLACK
6
CONTINUOUS
10
5.7764059448818896
20
-2.1341815354330707
11
5.7751286614173223
21
-2.135034960629921
0
LINE
8
BLACK
6
CONTINUOUS
10
5.7751286614173223
20
-2.135034960629921
11
5.7736220472440944
21
-2.1353346456692912
0
LINE
8
BLACK
6
CONTINUOUS
10
5.7736220472440944
20
-2.1353346456692912
11
5.765748031496063
21
-2.1353346456692912
0
LINE
8
BLACK
6
CONTINUOUS
10
5.765748031496063
20
-2.1353346456692912
11
5.7642414173228342
21
-2.135034960629921
0
LINE
8
BLACK
6
CONTINUOUS
10
5.7642414173228342
20
-2.135034960629921
11
5.7629641338582678
21
-2.1341815354330707
0
LINE
8
BLACK
6
CONTINUOUS
10
5.7629641338582678
20
-2.1341815354330707
11
5.7621107086614174
21
-2.1329042519685038
0
LINE
8
BLACK
6
CONTINUOUS
10
5.7621107086614174
20
-2.1329042519685038
11
5.7618110236220472
21
-2.1313976377952755
0
LINE
8
BLACK
6
CONTINUOUS
10
5.7618110236220472
20
-2.1313976377952755
11
5.7618110236220472
21
-2.0812007874015745
0
LINE
8
BLACK
6
CONTINUOUS
10
5.7618110236220472
20
-2.0812007874015745
11
5.7621107086614174
21
-2.0796941732283463
0
LINE
8
BLACK
6
CONTINUOUS
10
5.7621107086614174
20
-2.0796941732283463
11
5.7629641338582678
21
-2.0784168897637794
0
LINE
8
BLACK
6
CONTINUOUS
10
5.7629641338582678
20
-2.0784168897637794
11
5.7642414173228342
21
-2.077563464566929
0
LINE
8
BLACK
6
CONTINUOUS
10
5.7642414173228342
20
-2.077563464566929
11
5.765748031496063
21
-2.0772637795275588
0
LINE
8
BLACK
6
CONTINUOUS
10
5.765748031496063
20
-2.0772637795275588
11
5.7736220472440944
21
-2.0772637795275588
0
LINE
8
BLACK
6
CONTINUOUS
10
5.7736220472440944
20
-2.0772637795275588
11
5.7751286614173223
21
-2.077563464566929
0
LINE
8
BLACK
6
CONTINUOUS
10
5.800719212598425
20
-2.077563464566929
11
5.8019964960629924
21
-2.0784168897637794
0
LINE
8
BLACK
6
CONTINUOUS
10
5.8019964960629924
20
-2.0784168897637794
11
5.8028499212598428
21
-2.0796941732283463
0
LINE
8
BLACK
6
CONTINUOUS
10
5.8028499212598428
20
-2.0796941732283463
11
5.8031496062992121
21
-2.0812007874015745
0
LINE
8
BLACK
6
CONTINUOUS
10
5.8031496062992121
20
-2.0812007874015745
11
5.8031496062992121
21
-2.1313976377952755
0
LINE
8
BLACK
6
CONTINUOUS
10
5.8031496062992121
20
-2.1313976377952755
11
5.8028499212598428
21
-2.1329042519685038
0
LINE
8
BLACK
6
CONTINUOUS
10
5.8028499212598428
20
-2.1329042519685038
11
5.8019964960629924
21
-2.1341815354330707
0
LINE
8
BLACK
6
CONTINUOUS
10
5.8019964960629924
20
-2.1341815354330707
11
5.800719212598425
21
-2.135034960629921
0
LINE
8
BLACK
6
CONTINUOUS
10
5.800719212598425
20
-2.135034960629921
11
5.7992125984251963
21
-2.1353346456692912
0
LINE
8
BLACK
6
CONTINUOUS
10
5.7992125984251963
20
-2.1353346456692912
11
5.7913385826771648
21
-2.1353346456692912
0
LINE
8
BLACK
6
CONTINUOUS
10
5.7913385826771648
20
-2.1353346456692912
11
5.789831968503937
21
-2.135034960629921
0
LINE
8
BLACK
6
CONTINUOUS
10
5.789831968503937
20
-2.135034960629921
11
5.7885546850393697
21
-2.1341815354330707
0
LINE
8
BLACK
6
CONTINUOUS
10
5.7885546850393697
20
-2.1341815354330707
11
5.7877012598425193
21
-2.1329042519685038
0
LINE
8
BLACK
6
CONTINUOUS
10
5.7877012598425193
20
-2.1329042519685038
11
5.7874015748031491
21
-2.1313976377952755
0
LINE
8
BLACK
6
CONTINUOUS
10
5.7874015748031491
20
-2.1313976377952755
11
5.7874015748031491
21
-2.0812007874015745
0
LINE
8
BLACK
6
CONTINUOUS
10
5.7874015748031491
20
-2.0812007874015745
11
5.7877012598425193
21
-2.0796941732283463
0
LINE
8
BLACK
6
CONTINUOUS
10
5.7877012598425193
20
-2.0796941732283463
11
5.7885546850393697
21
-2.0784168897637794
0
LINE
8
BLACK
6
CONTINUOUS
10
5.7885546850393697
20
-2.0784168897637794
11
5.789831968503937
21
-2.077563464566929
0
LINE
8
BLACK
6
CONTINUOUS
10
5.789831968503937
20
-2.077563464566929
11
5.7913385826771648
21
-2.0772637795275588
0
LINE
8
BLACK
6
CONTINUOUS
10
5.7913385826771648
20
-2.0772637795275588
11
5.7992125984251963
21
-2.0772637795275588
0
LINE
8
BLACK
6
CONTINUOUS
10
5.7992125984251963
20
-2.0772637795275588
11
5.800719212598425
21
-2.077563464566929
0
LINE
8
BLACK
6
CONTINUOUS
10
5.8263097637795278
20
-2.077563464566929
11
5.8275870472440943
21
-2.0784168897637794
0
LINE
8
BLACK
6
CONTINUOUS
10
5.8275870472440943
20
-2.0784168897637794
11
5.8284404724409447
21
-2.0796941732283463
0
LINE
8
BLACK
6
CONTINUOUS
10
5.8284404724409447
20
-2.0796941732283463
11
5.8287401574803148
21
-2.0812007874015745
0
LINE
8
BLACK
6
CONTINUOUS
10
5.8287401574803148
20
-2.0812007874015745
11
5.8287401574803148
21
-2.1313976377952755
0
LINE
8
BLACK
6
CONTINUOUS
10
5.8287401574803148
20
-2.1313976377952755
11
5.8284404724409447
21
-2.1329042519685038
0
LINE
8
BLACK
6
CONTINUOUS
10
5.8284404724409447
20
-2.1329042519685038
11
5.8275870472440943
21
-2.1341815354330707
0
LINE
8
BLACK
6
CONTINUOUS
10
5.8275870472440943
20
-2.1341815354330707
11
5.8263097637795278
21
-2.135034960629921
0
LINE
8
BLACK
6
CONTINUOUS
10
5.8263097637795278
20
-2.135034960629921
11
5.8248031496062991
21
-2.1353346456692912
0
LINE
8
BLACK
6
CONTINUOUS
10
5.8248031496062991
20
-2.1353346456692912
11
5.8169291338582676
21
-2.1353346456692912
0
LINE
8
BLACK
6
CONTINUOUS
10
5.8169291338582676
20
-2.1353346456692912
11
5.8154225196850389
21
-2.135034960629921
0
LINE
8
BLACK
6
CONTINUOUS
10
5.8154225196850389
20
-2.135034960629921
11
5.8141452362204724
21
-2.1341815354330707
0
LINE
8
BLACK
6
CONTINUOUS
10
5.8141452362204724
20
-2.1341815354330707
11
5.813291811023622
21
-2.1329042519685038
0
LINE
8
BLACK
6
CONTINUOUS
10
5.813291811023622
20
-2.1329042519685038
11
5.8129921259842519
21
-2.1313976377952755
0
LINE
8
BLACK
6
CONTINUOUS
10
5.8129921259842519
20
-2.1313976377952755
11
5.8129921259842519
21
-2.0812007874015745
0
LINE
8
BLACK
6
CONTINUOUS
10
5.8129921259842519
20
-2.0812007874015745
11
5.813291811023622
21
-2.0796941732283463
0
LINE
8
BLACK
6
CONTINUOUS
10
5.813291811023622
20
-2.0796941732283463
11
5.8141452362204724
21
-2.0784168897637794
0
LINE
8
BLACK
6
CONTINUOUS
10
5.8141452362204724
20
-2.0784168897637794
11
5.8154225196850389
21
-2.077563464566929
0
LINE
8
BLACK
6
CONTINUOUS
10
5.8154225196850389
20
-2.077563464566929
11
5.8169291338582676
21
-2.0772637795275588
0
LINE
8
BLACK
6
CONTINUOUS
10
5.8169291338582676
20
-2.0772637795275588
11
5.8248031496062991
21
-2.0772637795275588
0
LINE
8
BLACK
6
CONTINUOUS
10
5.8248031496062991
20
-2.0772637795275588
11
5.8263097637795278
21
-2.077563464566929
0
LINE
8
BLACK
6
CONTINUOUS
10
5.8519003149606297
20
-2.077563464566929
11
5.853177598425197
21
-2.0784168897637794
0
LINE
8
BLACK
6
CONTINUOUS
10
5.853177598425197
20
-2.0784168897637794
11
5.8540310236220474
21
-2.0796941732283463
0
LINE
8
BLACK
6
CONTINUOUS
10
5.8540310236220474
20
-2.0796941732283463
11
5.8543307086614176
21
-2.0812007874015745
0
LINE
8
BLACK
6
CONTINUOUS
10
5.8543307086614176
20
-2.0812007874015745
11
5.8543307086614176
21
-2.1313976377952755
0
LINE
8
BLACK
6
CONTINUOUS
10
5.8543307086614176
20
-2.1313976377952755
11
5.8540310236220474
21
-2.1329042519685038
0
LINE
8
BLACK
6
CONTINUOUS
10
5.8540310236220474
20
-2.1329042519685038
11
5.853177598425197
21
-2.1341815354330707
0
LINE
8
BLACK
6
CONTINUOUS
10
5.853177598425197
20
-2.1341815354330707
11
5.8519003149606297
21
-2.135034960629921
0
LINE
8
BLACK
6
CONTINUOUS
10
5.8519003149606297
20
-2.135034960629921
11
5.8503937007874018
21
-2.1353346456692912
0
LINE
8
BLACK
6
CONTINUOUS
10
5.8503937007874018
20
-2.1353346456692912
11
5.8425196850393704
21
-2.1353346456692912
0
LINE
8
BLACK
6
CONTINUOUS
10
5.8425196850393704
20
-2.1353346456692912
11
5.8410130708661416
21
-2.135034960629921
0
LINE
8
BLACK
6
CONTINUOUS
10
5.8410130708661416
20
-2.135034960629921
11
5.8397357874015743
21
-2.1341815354330707
0
LINE
8
BLACK
6
CONTINUOUS
10
5.8397357874015743
20
-2.1341815354330707
11
5.8388823622047239
21
-2.1329042519685038
0
LINE
8
BLACK
6
CONTINUOUS
10
5.8388823622047239
20
-2.1329042519685038
11
5.8385826771653546
21
-2.1313976377952755
0
LINE
8
BLACK
6
CONTINUOUS
10
5.8385826771653546
20
-2.1313976377952755
11
5.8385826771653546
21
-2.0812007874015745
0
LINE
8
BLACK
6
CONTINUOUS
10
5.8385826771653546
20
-2.0812007874015745
11
5.8388823622047239
21
-2.0796941732283463
0
LINE
8
BLACK
6
CONTINUOUS
10
5.8388823622047239
20
-2.0796941732283463
11
5.8397357874015743
21
-2.0784168897637794
0
LINE
8
BLACK
6
CONTINUOUS
10
5.8397357874015743
20
-2.0784168897637794
11
5.8410130708661416
21
-2.077563464566929
0
LINE
8
BLACK
6
CONTINUOUS
10
5.8410130708661416
20
-2.077563464566929
11
5.8425196850393704
21
-2.0772637795275588
0
LINE
8
BLACK
6
CONTINUOUS
10
5.8425196850393704
20
-2.0772637795275588
11
5.8503937007874018
21
-2.0772637795275588
0
LINE
8
BLACK
6
CONTINUOUS
10
5.8503937007874018
20
-2.0772637795275588
11
5.8519003149606297
21
-2.077563464566929
0
LINE
8
BLACK
6
CONTINUOUS
10
5.8774908661417324
20
-2.077563464566929
11
5.8787681496062989
21
-2.0784168897637794
0
LINE
8
BLACK
6
CONTINUOUS
10
5.8787681496062989
20
-2.0784168897637794
11
5.8796215748031493
21
-2.0796941732283463
0
LINE
8
BLACK
6
CONTINUOUS
10
5.8796215748031493
20
-2.0796941732283463
11
5.8799212598425195
21
-2.0812007874015745
0
LINE
8
BLACK
6
CONTINUOUS
10
5.8799212598425195
20
-2.0812007874015745
11
5.8799212598425195
21
-2.1313976377952755
0
LINE
8
BLACK
6
CONTINUOUS
10
5.8799212598425195
20
-2.1313976377952755
11
5.8796215748031493
21
-2.1329042519685038
0
LINE
8
BLACK
6
CONTINUOUS
10
5.8796215748031493
20
-2.1329042519685038
11
5.8787681496062989
21
-2.1341815354330707
0
LINE
8
BLACK
6
CONTINUOUS
10
5.8787681496062989
20
-2.1341815354330707
11
5.8774908661417324
21
-2.135034960629921
0
LINE
8
BLACK
6
CONTINUOUS
10
5.8774908661417324
20
-2.135034960629921
11
5.8759842519685037
21
-2.1353346456692912
0
LINE
8
BLACK
6
CONTINUOUS
10
5.8759842519685037
20
-2.1353346456692912
11
5.8681102362204722
21
-2.1353346456692912
0
LINE
8
BLACK
6
CONTINUOUS
10
5.8681102362204722
20
-2.1353346456692912
11
5.8666036220472444
21
-2.135034960629921
0
LINE
8
BLACK
6
CONTINUOUS
10
5.8666036220472444
20
-2.135034960629921
11
5.865326338582677
21
-2.1341815354330707
0
LINE
8
BLACK
6
CONTINUOUS
10
5.865326338582677
20
-2.1341815354330707
11
5.8644729133858267
21
-2.1329042519685038
0
LINE
8
BLACK
6
CONTINUOUS
10
5.8644729133858267
20
-2.1329042519685038
11
5.8641732283464565
21
-2.1313976377952755
0
LINE
8
BLACK
6
CONTINUOUS
10
5.8641732283464565
20
-2.1313976377952755
11
5.8641732283464565
21
-2.0812007874015745
0
LINE
8
BLACK
6
CONTINUOUS
10
5.8641732283464565
20
-2.0812007874015745
11
5.8644729133858267
21
-2.0796941732283463
0
LINE
8
BLACK
6
CONTINUOUS
10
5.8644729133858267
20
-2.0796941732283463
11
5.865326338582677
21
-2.0784168897637794
0
LINE
8
BLACK
6
CONTINUOUS
10
5.865326338582677
20
-2.0784168897637794
11
5.8666036220472444
21
-2.077563464566929
0
LINE
8
BLACK
6
CONTINUOUS
10
5.8666036220472444
20
-2.077563464566929
11
5.8681102362204722
21
-2.0772637795275588
0
LINE
8
BLACK
6
CONTINUOUS
10
5.8681102362204722
20
-2.0772637795275588
11
5.8759842519685037
21
-2.0772637795275588
0
LINE
8
BLACK
6
CONTINUOUS
10
5.8759842519685037
20
-2.0772637795275588
11
5.8774908661417324
21
-2.077563464566929
0
LINE
8
BLACK
6
CONTINUOUS
10
4.9100742913385824
20
-2.0481527165354332
11
4.9131077952755904
21
-2.0501796062992126
0
LINE
8
BLACK
6
CONTINUOUS
10
4.9131077952755904
20
-2.0501796062992126
11
4.9151346850393702
21
-2.0532131102362206
0
LINE
8
BLACK
6
CONTINUOUS
10
4.9151346850393702
20
-2.0532131102362206
11
4.915846456692913
21
-2.056791338582677
0
LINE
8
BLACK
6
CONTINUOUS
10
4.915846456692913
20
-2.056791338582677
11
4.915846456692913
21
-2.075492125984252
0
LINE
8
BLACK
6
CONTINUOUS
10
4.915846456692913
20
-2.075492125984252
11
4.9151346850393702
21
-2.0790703543307085
0
LINE
8
BLACK
6
CONTINUOUS
10
4.9151346850393702
20
-2.0790703543307085
11
4.9131077952755904
21
-2.0821038582677165
0
LINE
8
BLACK
6
CONTINUOUS
10
4.9131077952755904
20
-2.0821038582677165
11
4.9100742913385824
21
-2.0841307480314959
0
LINE
8
BLACK
6
CONTINUOUS
10
4.9100742913385824
20
-2.0841307480314959
11
4.9064960629921259
21
-2.0848425196850395
0
LINE
8
BLACK
6
CONTINUOUS
10
4.9064960629921259
20
-2.0848425196850395
11
4.8828740157480315
21
-2.0848425196850395
0
LINE
8
BLACK
6
CONTINUOUS
10
4.8828740157480315
20
-2.0848425196850395
11
4.879295787401575
21
-2.0841307480314959
0
LINE
8
BLACK
6
CONTINUOUS
10
4.879295787401575
20
-2.0841307480314959
11
4.876262283464567
21
-2.0821038582677165
0
LINE
8
BLACK
6
CONTINUOUS
10
4.876262283464567
20
-2.0821038582677165
11
4.8742353937007872
21
-2.0790703543307085
0
LINE
8
BLACK
6
CONTINUOUS
10
4.8742353937007872
20
-2.0790703543307085
11
4.8735236220472435
21
-2.075492125984252
0
LINE
8
BLACK
6
CONTINUOUS
10
4.8735236220472435
20
-2.075492125984252
11
4.8735236220472435
21
-2.056791338582677
0
LINE
8
BLACK
6
CONTINUOUS
10
4.8735236220472435
20
-2.056791338582677
11
4.8742353937007872
21
-2.0532131102362206
0
LINE
8
BLACK
6
CONTINUOUS
10
4.8742353937007872
20
-2.0532131102362206
11
4.876262283464567
21
-2.0501796062992126
0
LINE
8
BLACK
6
CONTINUOUS
10
4.876262283464567
20
-2.0501796062992126
11
4.879295787401575
21
-2.0481527165354332
0
LINE
8
BLACK
6
CONTINUOUS
10
4.879295787401575
20
-2.0481527165354332
11
4.8828740157480315
21
-2.0474409448818895
0
LINE
8
BLACK
6
CONTINUOUS
10
4.8828740157480315
20
-2.0474409448818895
11
4.9064960629921259
21
-2.0474409448818895
0
LINE
8
BLACK
6
CONTINUOUS
10
4.9064960629921259
20
-2.0474409448818895
11
4.9100742913385824
21
-2.0481527165354332
0
LINE
8
BLACK
6
CONTINUOUS
10
4.9779876771653546
20
-2.0481527165354332
11
4.9810211811023617
21
-2.0501796062992126
0
LINE
8
BLACK
6
CONTINUOUS
10
4.9810211811023617
20
-2.0501796062992126
11
4.9830480708661415
21
-2.0532131102362206
0
LINE
8
BLACK
6
CONTINUOUS
10
4.9830480708661415
20
-2.0532131102362206
11
4.9837598425196852
21
-2.056791338582677
0
LINE
8
BLACK
6
CONTINUOUS
10
4.9837598425196852
20
-2.056791338582677
11
4.9837598425196852
21
-2.075492125984252
0
LINE
8
BLACK
6
CONTINUOUS
10
4.9837598425196852
20
-2.075492125984252
11
4.9830480708661415
21
-2.0790703543307085
0
LINE
8
BLACK
6
CONTINUOUS
10
4.9830480708661415
20
-2.0790703543307085
11
4.9810211811023617
21
-2.0821038582677165
0
LINE
8
BLACK
6
CONTINUOUS
10
4.9810211811023617
20
-2.0821038582677165
11
4.9779876771653546
21
-2.0841307480314959
0
LINE
8
BLACK
6
CONTINUOUS
10
4.9779876771653546
20
-2.0841307480314959
11
4.9744094488188972
21
-2.0848425196850395
0
LINE
8
BLACK
6
CONTINUOUS
10
4.9744094488188972
20
-2.0848425196850395
11
4.9507874015748028
21
-2.0848425196850395
0
LINE
8
BLACK
6
CONTINUOUS
10
4.9507874015748028
20
-2.0848425196850395
11
4.9472091732283463
21
-2.0841307480314959
0
LINE
8
BLACK
6
CONTINUOUS
10
4.9472091732283463
20
-2.0841307480314959
11
4.9441756692913383
21
-2.0821038582677165
0
LINE
8
BLACK
6
CONTINUOUS
10
4.9441756692913383
20
-2.0821038582677165
11
4.9421487795275594
21
-2.0790703543307085
0
LINE
8
BLACK
6
CONTINUOUS
10
4.9421487795275594
20
-2.0790703543307085
11
4.9414370078740157
21
-2.075492125984252
0
LINE
8
BLACK
6
CONTINUOUS
10
4.9414370078740157
20
-2.075492125984252
11
4.9414370078740157
21
-2.056791338582677
0
LINE
8
BLACK
6
CONTINUOUS
10
4.9414370078740157
20
-2.056791338582677
11
4.9421487795275594
21
-2.0532131102362206
0
LINE
8
BLACK
6
CONTINUOUS
10
4.9421487795275594
20
-2.0532131102362206
11
4.9441756692913383
21
-2.0501796062992126
0
LINE
8
BLACK
6
CONTINUOUS
10
4.9441756692913383
20
-2.0501796062992126
11
4.9472091732283463
21
-2.0481527165354332
0
LINE
8
BLACK
6
CONTINUOUS
10
4.9472091732283463
20
-2.0481527165354332
11
4.9507874015748028
21
-2.0474409448818895
0
LINE
8
BLACK
6
CONTINUOUS
10
4.9507874015748028
20
-2.0474409448818895
11
4.9744094488188972
21
-2.0474409448818895
0
LINE
8
BLACK
6
CONTINUOUS
10
4.9744094488188972
20
-2.0474409448818895
11
4.9779876771653546
21
-2.0481527165354332
0
LINE
8
BLACK
6
CONTINUOUS
10
5.0921609055118111
20
-2.0481527165354332
11
5.0951944094488191
21
-2.0501796062992126
0
LINE
8
BLACK
6
CONTINUOUS
10
5.0951944094488191
20
-2.0501796062992126
11
5.097221299212598
21
-2.0532131102362206
0
LINE
8
BLACK
6
CONTINUOUS
10
5.097221299212598
20
-2.0532131102362206
11
5.0979330708661417
21
-2.056791338582677
0
LINE
8
BLACK
6
CONTINUOUS
10
5.0979330708661417
20
-2.056791338582677
11
5.0979330708661417
21
-2.075492125984252
0
LINE
8
BLACK
6
CONTINUOUS
10
5.0979330708661417
20
-2.075492125984252
11
5.097221299212598
21
-2.0790703543307085
0
LINE
8
BLACK
6
CONTINUOUS
10
5.097221299212598
20
-2.0790703543307085
11
5.0951944094488191
21
-2.0821038582677165
0
LINE
8
BLACK
6
CONTINUOUS
10
5.0951944094488191
20
-2.0821038582677165
11
5.0921609055118111
21
-2.0841307480314959
0
LINE
8
BLACK
6
CONTINUOUS
10
5.0921609055118111
20
-2.0841307480314959
11
5.0885826771653546
21
-2.0848425196850395
0
LINE
8
BLACK
6
CONTINUOUS
10
5.0885826771653546
20
-2.0848425196850395
11
5.0688976377952759
21
-2.0848425196850395
0
LINE
8
BLACK
6
CONTINUOUS
10
5.0688976377952759
20
-2.0848425196850395
11
5.0653194094488185
21
-2.0841307480314959
0
LINE
8
BLACK
6
CONTINUOUS
10
5.0653194094488185
20
-2.0841307480314959
11
5.0622859055118106
21
-2.0821038582677165
0
LINE
8
BLACK
6
CONTINUOUS
10
5.0622859055118106
20
-2.0821038582677165
11
5.0602590157480316
21
-2.0790703543307085
0
LINE
8
BLACK
6
CONTINUOUS
10
5.0602590157480316
20
-2.0790703543307085
11
5.059547244094488
21
-2.075492125984252
0
LINE
8
BLACK
6
CONTINUOUS
10
5.059547244094488
20
-2.075492125984252
11
5.059547244094488
21
-2.056791338582677
0
LINE
8
BLACK
6
CONTINUOUS
10
5.059547244094488
20
-2.056791338582677
11
5.0602590157480316
21
-2.0532131102362206
0
LINE
8
BLACK
6
CONTINUOUS
10
5.0602590157480316
20
-2.0532131102362206
11
5.0622859055118106
21
-2.0501796062992126
0
LINE
8
BLACK
6
CONTINUOUS
10
5.0622859055118106
20
-2.0501796062992126
11
5.0653194094488185
21
-2.0481527165354332
0
LINE
8
BLACK
6
CONTINUOUS
10
5.0653194094488185
20
-2.0481527165354332
11
5.0688976377952759
21
-2.0474409448818895
0
LINE
8
BLACK
6
CONTINUOUS
10
5.0688976377952759
20
-2.0474409448818895
11
5.0885826771653546
21
-2.0474409448818895
0
LINE
8
BLACK
6
CONTINUOUS
10
5.0885826771653546
20
-2.0474409448818895
11
5.0921609055118111
21
-2.0481527165354332
0
LINE
8
BLACK
6
CONTINUOUS
10
5.1640112992125982
20
-2.0481527165354332
11
5.1670448031496061
21
-2.0501796062992126
0
LINE
8
BLACK
6
CONTINUOUS
10
5.1670448031496061
20
-2.0501796062992126
11
5.169071692913386
21
-2.0532131102362206
0
LINE
8
BLACK
6
CONTINUOUS
10
5.169071692913386
20
-2.0532131102362206
11
5.1697834645669287
21
-2.056791338582677
0
LINE
8
BLACK
6
CONTINUOUS
10
5.1697834645669287
20
-2.056791338582677
11
5.1697834645669287
21
-2.075492125984252
0
LINE
8
BLACK
6
CONTINUOUS
10
5.1697834645669287
20
-2.075492125984252
11
5.169071692913386
21
-2.0790703543307085
0
LINE
8
BLACK
6
CONTINUOUS
10
5.169071692913386
20
-2.0790703543307085
11
5.1670448031496061
21
-2.0821038582677165
0
LINE
8
BLACK
6
CONTINUOUS
10
5.1670448031496061
20
-2.0821038582677165
11
5.1640112992125982
21
-2.0841307480314959
0
LINE
8
BLACK
6
CONTINUOUS
10
5.1640112992125982
20
-2.0841307480314959
11
5.1604330708661417
21
-2.0848425196850395
0
LINE
8
BLACK
6
CONTINUOUS
10
5.1604330708661417
20
-2.0848425196850395
11
5.140748031496063
21
-2.0848425196850395
0
LINE
8
BLACK
6
CONTINUOUS
10
5.140748031496063
20
-2.0848425196850395
11
5.1371698031496065
21
-2.0841307480314959
0
LINE
8
BLACK
6
CONTINUOUS
10
5.1371698031496065
20
-2.0841307480314959
11
5.1341362992125985
21
-2.0821038582677165
0
LINE
8
BLACK
6
CONTINUOUS
10
5.1341362992125985
20
-2.0821038582677165
11
5.1321094094488187
21
-2.0790703543307085
0
LINE
8
BLACK
6
CONTINUOUS
10
5.1321094094488187
20
-2.0790703543307085
11
5.1313976377952759
21
-2.075492125984252
0
LINE
8
BLACK
6
CONTINUOUS
10
5.1313976377952759
20
-2.075492125984252
11
5.1313976377952759
21
-2.056791338582677
0
LINE
8
BLACK
6
CONTINUOUS
10
5.1313976377952759
20
-2.056791338582677
11
5.1321094094488187
21
-2.0532131102362206
0
LINE
8
BLACK
6
CONTINUOUS
10
5.1321094094488187
20
-2.0532131102362206
11
5.1341362992125985
21
-2.0501796062992126
0
LINE
8
BLACK
6
CONTINUOUS
10
5.1341362992125985
20
-2.0501796062992126
11
5.1371698031496065
21
-2.0481527165354332
0
LINE
8
BLACK
6
CONTINUOUS
10
5.1371698031496065
20
-2.0481527165354332
11
5.140748031496063
21
-2.0474409448818895
0
LINE
8
BLACK
6
CONTINUOUS
10
5.140748031496063
20
-2.0474409448818895
11
5.1604330708661417
21
-2.0474409448818895
0
LINE
8
BLACK
6
CONTINUOUS
10
5.1604330708661417
20
-2.0474409448818895
11
5.1640112992125982
21
-2.0481527165354332
0
LINE
8
BLACK
6
CONTINUOUS
10
6.5168656299212593
20
-1.9111448425196851
11
6.5198991338582672
21
-1.9131717322834645
0
LINE
8
BLACK
6
CONTINUOUS
10
6.5198991338582672
20
-1.9131717322834645
11
6.5219260236220471
21
-1.9162052362204725
0
LINE
8
BLACK
6
CONTINUOUS
10
6.5219260236220471
20
-1.9162052362204725
11
6.5226377952755907
21
-1.9197834645669292
0
LINE
8
BLACK
6
CONTINUOUS
10
6.5226377952755907
20
-1.9197834645669292
11
6.5226377952755907
21
-1.9384842519685039
0
LINE
8
BLACK
6
CONTINUOUS
10
6.5226377952755907
20
-1.9384842519685039
11
6.5219260236220471
21
-1.9420624803149606
0
LINE
8
BLACK
6
CONTINUOUS
10
6.5219260236220471
20
-1.9420624803149606
11
6.5198991338582672
21
-1.9450959842519684
0
LINE
8
BLACK
6
CONTINUOUS
10
6.5198991338582672
20
-1.9450959842519684
11
6.5168656299212593
21
-1.947122874015748
0
LINE
8
BLACK
6
CONTINUOUS
10
6.5168656299212593
20
-1.947122874015748
11
6.5132874015748028
21
-1.9478346456692912
0
LINE
8
BLACK
6
CONTINUOUS
10
6.5132874015748028
20
-1.9478346456692912
11
6.4896653543307083
21
-1.9478346456692912
0
LINE
8
BLACK
6
CONTINUOUS
10
6.4896653543307083
20
-1.9478346456692912
11
6.4860871259842519
21
-1.947122874015748
0
LINE
8
BLACK
6
CONTINUOUS
10
6.4860871259842519
20
-1.947122874015748
11
6.4830536220472439
21
-1.9450959842519684
0
LINE
8
BLACK
6
CONTINUOUS
10
6.4830536220472439
20
-1.9450959842519684
11
6.481026732283464
21
-1.9420624803149606
0
LINE
8
BLACK
6
CONTINUOUS
10
6.481026732283464
20
-1.9420624803149606
11
6.4803149606299213
21
-1.9384842519685039
0
LINE
8
BLACK
6
CONTINUOUS
10
6.4803149606299213
20
-1.9384842519685039
11
6.4803149606299213
21
-1.9197834645669292
0
LINE
8
BLACK
6
CONTINUOUS
10
6.4803149606299213
20
-1.9197834645669292
11
6.481026732283464
21
-1.9162052362204725
0
LINE
8
BLACK
6
CONTINUOUS
10
6.481026732283464
20
-1.9162052362204725
11
6.4830536220472439
21
-1.9131717322834645
0
LINE
8
BLACK
6
CONTINUOUS
10
6.4830536220472439
20
-1.9131717322834645
11
6.4860871259842519
21
-1.9111448425196851
0
LINE
8
BLACK
6
CONTINUOUS
10
6.4860871259842519
20
-1.9111448425196851
11
6.4896653543307083
21
-1.9104330708661417
0
LINE
8
BLACK
6
CONTINUOUS
10
6.4896653543307083
20
-1.9104330708661417
11
6.5132874015748028
21
-1.9104330708661417
0
LINE
8
BLACK
6
CONTINUOUS
10
6.5132874015748028
20
-1.9104330708661417
11
6.5168656299212593
21
-1.9111448425196851
0
LINE
8
BLACK
6
CONTINUOUS
10
6.5847790157480315
20
-1.9111448425196851
11
6.5878125196850394
21
-1.9131717322834645
0
LINE
8
BLACK
6
CONTINUOUS
10
6.5878125196850394
20
-1.9131717322834645
11
6.5898394094488184
21
-1.9162052362204725
0
LINE
8
BLACK
6
CONTINUOUS
10
6.5898394094488184
20
-1.9162052362204725
11
6.590551181102362
21
-1.9197834645669292
0
LINE
8
BLACK
6
CONTINUOUS
10
6.590551181102362
20
-1.9197834645669292
11
6.590551181102362
21
-1.9384842519685039
0
LINE
8
BLACK
6
CONTINUOUS
10
6.590551181102362
20
-1.9384842519685039
11
6.5898394094488184
21
-1.9420624803149606
0
LINE
8
BLACK
6
CONTINUOUS
10
6.5898394094488184
20
-1.9420624803149606
11
6.5878125196850394
21
-1.9450959842519684
0
LINE
8
BLACK
6
CONTINUOUS
10
6.5878125196850394
20
-1.9450959842519684
11
6.5847790157480315
21
-1.947122874015748
0
LINE
8
BLACK
6
CONTINUOUS
10
6.5847790157480315
20
-1.947122874015748
11
6.581200787401575
21
-1.9478346456692912
0
LINE
8
BLACK
6
CONTINUOUS
10
6.581200787401575
20
-1.9478346456692912
11
6.5575787401574805
21
-1.9478346456692912
0
LINE
8
BLACK
6
CONTINUOUS
10
6.5575787401574805
20
-1.9478346456692912
11
6.5540005118110232
21
-1.947122874015748
0
LINE
8
BLACK
6
CONTINUOUS
10
6.5540005118110232
20
-1.947122874015748
11
6.5509670078740152
21
-1.9450959842519684
0
LINE
8
BLACK
6
CONTINUOUS
10
6.5509670078740152
20
-1.9450959842519684
11
6.5489401181102362
21
-1.9420624803149606
0
LINE
8
BLACK
6
CONTINUOUS
10
6.5489401181102362
20
-1.9420624803149606
11
6.5482283464566926
21
-1.9384842519685039
0
LINE
8
BLACK
6
CONTINUOUS
10
6.5482283464566926
20
-1.9384842519685039
11
6.5482283464566926
21
-1.9197834645669292
0
LINE
8
BLACK
6
CONTINUOUS
10
6.5482283464566926
20
-1.9197834645669292
11
6.5489401181102362
21
-1.9162052362204725
0
LINE
8
BLACK
6
CONTINUOUS
10
6.5489401181102362
20
-1.9162052362204725
11
6.5509670078740152
21
-1.9131717322834645
0
LINE
8
BLACK
6
CONTINUOUS
10
6.5509670078740152
20
-1.9131717322834645
11
6.5540005118110232
21
-1.9111448425196851
0
LINE
8
BLACK
6
CONTINUOUS
10
6.5540005118110232
20
-1.9111448425196851
11
6.5575787401574805
21
-1.9104330708661417
0
LINE
8
BLACK
6
CONTINUOUS
10
6.5575787401574805
20
-1.9104330708661417
11
6.581200787401575
21
-1.9104330708661417
0
LINE
8
BLACK
6
CONTINUOUS
10
6.581200787401575
20
-1.9104330708661417
11
6.5847790157480315
21
-1.9111448425196851
0
LINE
8
BLACK
6
CONTINUOUS
10
4.2755905511811019
20
-1.860236220472441
11
4.1968503937007871
21
-1.860236220472441
0
LINE
8
BLACK
6
CONTINUOUS
10
4.1968503937007871
20
-1.860236220472441
11
4.1968503937007871
21
-1.8169291338582676
0
LINE
8
BLACK
6
CONTINUOUS
10
4.1968503937007871
20
-1.8169291338582676
11
4.2755905511811019
21
-1.8169291338582676
0
LINE
8
BLACK
6
CONTINUOUS
10
4.2755905511811019
20
-1.8169291338582676
11
4.2755905511811019
21
-1.860236220472441
0
LINE
8
BLACK
6
CONTINUOUS
10
4.4645669291338583
20
-1.860236220472441
11
4.3858267716535435
21
-1.860236220472441
0
LINE
8
BLACK
6
CONTINUOUS
10
4.3858267716535435
20
-1.860236220472441
11
4.3858267716535435
21
-1.8169291338582676
0
LINE
8
BLACK
6
CONTINUOUS
10
4.3858267716535435
20
-1.8169291338582676
11
4.4645669291338583
21
-1.8169291338582676
0
LINE
8
BLACK
6
CONTINUOUS
10
4.4645669291338583
20
-1.8169291338582676
11
4.4645669291338583
21
-1.860236220472441
0
LINE
8
BLACK
6
CONTINUOUS
10
6.4803149606299213
20
-1.860236220472441
11
6.4015748031496065
21
-1.860236220472441
0
LINE
8
BLACK
6
CONTINUOUS
10
6.4015748031496065
20
-1.860236220472441
11
6.4015748031496065
21
-1.8169291338582676
0
LINE
8
BLACK
6
CONTINUOUS
10
6.4015748031496065
20
-1.8169291338582676
11
6.4803149606299213
21
-1.8169291338582676
0
LINE
8
BLACK
6
CONTINUOUS
10
6.4803149606299213
20
-1.8169291338582676
11
6.4803149606299213
21
-1.860236220472441
0
LINE
8
BLACK
6
CONTINUOUS
10
6.6692913385826769
20
-1.860236220472441
11
6.590551181102362
21
-1.860236220472441
0
LINE
8
BLACK
6
CONTINUOUS
10
6.590551181102362
20
-1.860236220472441
11
6.590551181102362
21
-1.8169291338582676
0
LINE
8
BLACK
6
CONTINUOUS
10
6.590551181102362
20
-1.8169291338582676
11
6.6692913385826769
21
-1.8169291338582676
0
LINE
8
BLACK
6
CONTINUOUS
10
6.6692913385826769
20
-1.8169291338582676
11
6.6692913385826769
21
-1.860236220472441
0
LINE
8
BLACK
6
CONTINUOUS
10
4.2755905511811019
20
-1.7933070866141732
11
4.1968503937007871
21
-1.7933070866141732
0
LINE
8
BLACK
6
CONTINUOUS
10
4.1968503937007871
20
-1.7933070866141732
11
4.1968503937007871
21
-1.75
0
LINE
8
BLACK
6
CONTINUOUS
10
4.1968503937007871
20
-1.75
11
4.2755905511811019
21
-1.75
0
LINE
8
BLACK
6
CONTINUOUS
10
4.2755905511811019
20
-1.75
11
4.2755905511811019
21
-1.7933070866141732
0
LINE
8
BLACK
6
CONTINUOUS
10
4.4645669291338583
20
-1.7933070866141732
11
4.3858267716535435
21
-1.7933070866141732
0
LINE
8
BLACK
6
CONTINUOUS
10
4.3858267716535435
20
-1.7933070866141732
11
4.3858267716535435
21
-1.75
0
LINE
8
BLACK
6
CONTINUOUS
10
4.3858267716535435
20
-1.75
11
4.4645669291338583
21
-1.75
0
LINE
8
BLACK
6
CONTINUOUS
10
4.4645669291338583
20
-1.75
11
4.4645669291338583
21
-1.7933070866141732
0
LINE
8
BLACK
6
CONTINUOUS
10
6.4803149606299213
20
-1.7933070866141732
11
6.4015748031496065
21
-1.7933070866141732
0
LINE
8
BLACK
6
CONTINUOUS
10
6.4015748031496065
20
-1.7933070866141732
11
6.4015748031496065
21
-1.75
0
LINE
8
BLACK
6
CONTINUOUS
10
6.4015748031496065
20
-1.75
11
6.4803149606299213
21
-1.75
0
LINE
8
BLACK
6
CONTINUOUS
10
6.4803149606299213
20
-1.75
11
6.4803149606299213
21
-1.7933070866141732
0
LINE
8
BLACK
6
CONTINUOUS
10
6.6692913385826769
20
-1.7933070866141732
11
6.590551181102362
21
-1.7933070866141732
0
LINE
8
BLACK
6
CONTINUOUS
10
6.590551181102362
20
-1.7933070866141732
11
6.590551181102362
21
-1.75
0
LINE
8
BLACK
6
CONTINUOUS
10
6.590551181102362
20
-1.75
11
6.6692913385826769
21
-1.75
0
LINE
8
BLACK
6
CONTINUOUS
10
6.6692913385826769
20
-1.75
11
6.6692913385826769
21
-1.7933070866141732
0
LINE
8
BLACK
6
CONTINUOUS
10
4.2755905511811019
20
-1.7263779527559056
11
4.1968503937007871
21
-1.7263779527559056
0
LINE
8
BLACK
6
CONTINUOUS
10
4.1968503937007871
20
-1.7263779527559056
11
4.1968503937007871
21
-1.6830708661417322
0
LINE
8
BLACK
6
CONTINUOUS
10
4.1968503937007871
20
-1.6830708661417322
11
4.2755905511811019
21
-1.6830708661417322
0
LINE
8
BLACK
6
CONTINUOUS
10
4.2755905511811019
20
-1.6830708661417322
11
4.2755905511811019
21
-1.7263779527559056
0
LINE
8
BLACK
6
CONTINUOUS
10
4.4645669291338583
20
-1.7263779527559056
11
4.3858267716535435
21
-1.7263779527559056
0
LINE
8
BLACK
6
CONTINUOUS
10
4.3858267716535435
20
-1.7263779527559056
11
4.3858267716535435
21
-1.6830708661417322
0
LINE
8
BLACK
6
CONTINUOUS
10
4.3858267716535435
20
-1.6830708661417322
11
4.4645669291338583
21
-1.6830708661417322
0
LINE
8
BLACK
6
CONTINUOUS
10
4.4645669291338583
20
-1.6830708661417322
11
4.4645669291338583
21
-1.7263779527559056
0
LINE
8
BLACK
6
CONTINUOUS
10
6.4803149606299213
20
-1.7263779527559056
11
6.4015748031496065
21
-1.7263779527559056
0
LINE
8
BLACK
6
CONTINUOUS
10
6.4015748031496065
20
-1.7263779527559056
11
6.4015748031496065
21
-1.6830708661417322
0
LINE
8
BLACK
6
CONTINUOUS
10
6.4015748031496065
20
-1.6830708661417322
11
6.4803149606299213
21
-1.6830708661417322
0
LINE
8
BLACK
6
CONTINUOUS
10
6.4803149606299213
20
-1.6830708661417322
11
6.4803149606299213
21
-1.7263779527559056
0
LINE
8
BLACK
6
CONTINUOUS
10
6.6692913385826769
20
-1.7263779527559056
11
6.590551181102362
21
-1.7263779527559056
0
LINE
8
BLACK
6
CONTINUOUS
10
6.590551181102362
20
-1.7263779527559056
11
6.590551181102362
21
-1.6830708661417322
0
LINE
8
BLACK
6
CONTINUOUS
10
6.590551181102362
20
-1.6830708661417322
11
6.6692913385826769
21
-1.6830708661417322
0
LINE
8
BLACK
6
CONTINUOUS
10
6.6692913385826769
20
-1.6830708661417322
11
6.6692913385826769
21
-1.7263779527559056
0
LINE
8
BLACK
6
CONTINUOUS
10
4.3121412204724408
20
-1.5961842125984251
11
4.3151747244094487
21
-1.5982111023622048
0
LINE
8
BLACK
6
CONTINUOUS
10
4.3151747244094487
20
-1.5982111023622048
11
4.3172016141732286
21
-1.6012446062992125
0
LINE
8
BLACK
6
CONTINUOUS
10
4.3172016141732286
20
-1.6012446062992125
11
4.3179133858267713
21
-1.6048228346456692
0
LINE
8
BLACK
6
CONTINUOUS
10
4.3179133858267713
20
-1.6048228346456692
11
4.3179133858267713
21
-1.623523622047244
0
LINE
8
BLACK
6
CONTINUOUS
10
4.3179133858267713
20
-1.623523622047244
11
4.3172016141732286
21
-1.6271018503937007
0
LINE
8
BLACK
6
CONTINUOUS
10
4.3172016141732286
20
-1.6271018503937007
11
4.3151747244094487
21
-1.6301353543307087
0
LINE
8
BLACK
6
CONTINUOUS
10
4.3151747244094487
20
-1.6301353543307087
11
4.3121412204724408
21
-1.6321622440944881
0
LINE
8
BLACK
6
CONTINUOUS
10
4.3121412204724408
20
-1.6321622440944881
11
4.3085629921259843
21
-1.6328740157480315
0
LINE
8
BLACK
6
CONTINUOUS
10
4.3085629921259843
20
-1.6328740157480315
11
4.2849409448818898
21
-1.6328740157480315
0
LINE
8
BLACK
6
CONTINUOUS
10
4.2849409448818898
20
-1.6328740157480315
11
4.2813627165354333
21
-1.6321622440944881
0
LINE
8
BLACK
6
CONTINUOUS
10
4.2813627165354333
20
-1.6321622440944881
11
4.2783292125984254
21
-1.6301353543307087
0
LINE
8
BLACK
6
CONTINUOUS
10
4.2783292125984254
20
-1.6301353543307087
11
4.2763023228346455
21
-1.6271018503937007
0
LINE
8
BLACK
6
CONTINUOUS
10
4.2763023228346455
20
-1.6271018503937007
11
4.2755905511811019
21
-1.623523622047244
0
LINE
8
BLACK
6
CONTINUOUS
10
4.2755905511811019
20
-1.623523622047244
11
4.2755905511811019
21
-1.6048228346456692
0
LINE
8
BLACK
6
CONTINUOUS
10
4.2755905511811019
20
-1.6048228346456692
11
4.2763023228346455
21
-1.6012446062992125
0
LINE
8
BLACK
6
CONTINUOUS
10
4.2763023228346455
20
-1.6012446062992125
11
4.2783292125984254
21
-1.5982111023622048
0
LINE
8
BLACK
6
CONTINUOUS
10
4.2783292125984254
20
-1.5982111023622048
11
4.2813627165354333
21
-1.5961842125984251
0
LINE
8
BLACK
6
CONTINUOUS
10
4.2813627165354333
20
-1.5961842125984251
11
4.2849409448818898
21
-1.5954724409448819
0
LINE
8
BLACK
6
CONTINUOUS
10
4.2849409448818898
20
-1.5954724409448819
11
4.3085629921259843
21
-1.5954724409448819
0
LINE
8
BLACK
6
CONTINUOUS
10
4.3085629921259843
20
-1.5954724409448819
11
4.3121412204724408
21
-1.5961842125984251
0
LINE
8
BLACK
6
CONTINUOUS
10
4.3800546062992121
20
-1.5961842125984251
11
4.38308811023622
21
-1.5982111023622048
0
LINE
8
BLACK
6
CONTINUOUS
10
4.38308811023622
20
-1.5982111023622048
11
4.3851149999999999
21
-1.6012446062992125
0
LINE
8
BLACK
6
CONTINUOUS
10
4.3851149999999999
20
-1.6012446062992125
11
4.3858267716535435
21
-1.6048228346456692
0
LINE
8
BLACK
6
CONTINUOUS
10
4.3858267716535435
20
-1.6048228346456692
11
4.3858267716535435
21
-1.623523622047244
0
LINE
8
BLACK
6
CONTINUOUS
10
4.3858267716535435
20
-1.623523622047244
11
4.3851149999999999
21
-1.6271018503937007
0
LINE
8
BLACK
6
CONTINUOUS
10
4.3851149999999999
20
-1.6271018503937007
11
4.38308811023622
21
-1.6301353543307087
0
LINE
8
BLACK
6
CONTINUOUS
10
4.38308811023622
20
-1.6301353543307087
11
4.3800546062992121
21
-1.6321622440944881
0
LINE
8
BLACK
6
CONTINUOUS
10
4.3800546062992121
20
-1.6321622440944881
11
4.3764763779527556
21
-1.6328740157480315
0
LINE
8
BLACK
6
CONTINUOUS
10
4.3764763779527556
20
-1.6328740157480315
11
4.3528543307086611
21
-1.6328740157480315
0
LINE
8
BLACK
6
CONTINUOUS
10
4.3528543307086611
20
-1.6328740157480315
11
4.3492761023622046
21
-1.6321622440944881
0
LINE
8
BLACK
6
CONTINUOUS
10
4.3492761023622046
20
-1.6321622440944881
11
4.3462425984251967
21
-1.6301353543307087
0
LINE
8
BLACK
6
CONTINUOUS
10
4.3462425984251967
20
-1.6301353543307087
11
4.3442157086614168
21
-1.6271018503937007
0
LINE
8
BLACK
6
CONTINUOUS
10
4.3442157086614168
20
-1.6271018503937007
11
4.3435039370078741
21
-1.623523622047244
0
LINE
8
BLACK
6
CONTINUOUS
10
4.3435039370078741
20
-1.623523622047244
11
4.3435039370078741
21
-1.6048228346456692
0
LINE
8
BLACK
6
CONTINUOUS
10
4.3435039370078741
20
-1.6048228346456692
11
4.3442157086614168
21
-1.6012446062992125
0
LINE
8
BLACK
6
CONTINUOUS
10
4.3442157086614168
20
-1.6012446062992125
11
4.3462425984251967
21
-1.5982111023622048
0
LINE
8
BLACK
6
CONTINUOUS
10
4.3462425984251967
20
-1.5982111023622048
11
4.3492761023622046
21
-1.5961842125984251
0
LINE
8
BLACK
6
CONTINUOUS
10
4.3492761023622046
20
-1.5961842125984251
11
4.3528543307086611
21
-1.5954724409448819
0
LINE
8
BLACK
6
CONTINUOUS
10
4.3528543307086611
20
-1.5954724409448819
11
4.3764763779527556
21
-1.5954724409448819
0
LINE
8
BLACK
6
CONTINUOUS
10
4.3764763779527556
20
-1.5954724409448819
11
4.3800546062992121
21
-1.5961842125984251
0
LINE
8
BLACK
6
CONTINUOUS
10
4.6003937007874018
20
-1.5905511811023623
11
4.5570866141732278
21
-1.5905511811023623
0
LINE
8
BLACK
6
CONTINUOUS
10
4.5570866141732278
20
-1.5905511811023623
11
4.5570866141732278
21
-1.5118110236220472
0
LINE
8
BLACK
6
CONTINUOUS
10
4.5570866141732278
20
-1.5118110236220472
11
4.6003937007874018
21
-1.5118110236220472
0
LINE
8
BLACK
6
CONTINUOUS
10
4.6003937007874018
20
-1.5118110236220472
11
4.6003937007874018
21
-1.5905511811023623
0
LINE
8
BLACK
6
CONTINUOUS
10
4.6673228346456694
20
-1.5905511811023623
11
4.6240157480314963
21
-1.5905511811023623
0
LINE
8
BLACK
6
CONTINUOUS
10
4.6240157480314963
20
-1.5905511811023623
11
4.6240157480314963
21
-1.5118110236220472
0
LINE
8
BLACK
6
CONTINUOUS
10
4.6240157480314963
20
-1.5118110236220472
11
4.6673228346456694
21
-1.5118110236220472
0
LINE
8
BLACK
6
CONTINUOUS
10
4.6673228346456694
20
-1.5118110236220472
11
4.6673228346456694
21
-1.5905511811023623
0
LINE
8
BLACK
6
CONTINUOUS
10
4.734251968503937
20
-1.5905511811023623
11
4.6909448818897639
21
-1.5905511811023623
0
LINE
8
BLACK
6
CONTINUOUS
10
4.6909448818897639
20
-1.5905511811023623
11
4.6909448818897639
21
-1.5118110236220472
0
LINE
8
BLACK
6
CONTINUOUS
10
4.6909448818897639
20
-1.5118110236220472
11
4.734251968503937
21
-1.5118110236220472
0
LINE
8
BLACK
6
CONTINUOUS
10
4.734251968503937
20
-1.5118110236220472
11
4.734251968503937
21
-1.5905511811023623
0
LINE
8
BLACK
6
CONTINUOUS
10
5.0129286220472435
20
-1.5489401181102362
11
5.0159621259842515
21
-1.5509670078740156
0
LINE
8
BLACK
6
CONTINUOUS
10
5.0159621259842515
20
-1.5509670078740156
11
5.0179890157480314
21
-1.5540005118110236
0
LINE
8
BLACK
6
CONTINUOUS
10
5.0179890157480314
20
-1.5540005118110236
11
5.018700787401575
21
-1.5575787401574803
0
LINE
8
BLACK
6
CONTINUOUS
10
5.018700787401575
20
-1.5575787401574803
11
5.018700787401575
21
-1.5812007874015748
0
LINE
8
BLACK
6
CONTINUOUS
10
5.018700787401575
20
-1.5812007874015748
11
5.0179890157480314
21
-1.5847790157480315
0
LINE
8
BLACK
6
CONTINUOUS
10
5.0179890157480314
20
-1.5847790157480315
11
5.0159621259842515
21
-1.5878125196850392
0
LINE
8
BLACK
6
CONTINUOUS
10
5.0159621259842515
20
-1.5878125196850392
11
5.0129286220472435
21
-1.5898394094488189
0
LINE
8
BLACK
6
CONTINUOUS
10
5.0129286220472435
20
-1.5898394094488189
11
5.0093503937007871
21
-1.5905511811023623
0
LINE
8
BLACK
6
CONTINUOUS
10
5.0093503937007871
20
-1.5905511811023623
11
4.9906496062992121
21
-1.5905511811023623
0
LINE
8
BLACK
6
CONTINUOUS
10
4.9906496062992121
20
-1.5905511811023623
11
4.9870713779527556
21
-1.5898394094488189
0
LINE
8
BLACK
6
CONTINUOUS
10
4.9870713779527556
20
-1.5898394094488189
11
4.9840378740157476
21
-1.5878125196850392
0
LINE
8
BLACK
6
CONTINUOUS
10
4.9840378740157476
20
-1.5878125196850392
11
4.9820109842519686
21
-1.5847790157480315
0
LINE
8
BLACK
6
CONTINUOUS
10
4.9820109842519686
20
-1.5847790157480315
11
4.981299212598425
21
-1.5812007874015748
0
LINE
8
BLACK
6
CONTINUOUS
10
4.981299212598425
20
-1.5812007874015748
11
4.981299212598425
21
-1.5575787401574803
0
LINE
8
BLACK
6
CONTINUOUS
10
4.981299212598425
20
-1.5575787401574803
11
4.9820109842519686
21
-1.5540005118110236
0
LINE
8
BLACK
6
CONTINUOUS
10
4.9820109842519686
20
-1.5540005118110236
11
4.9840378740157476
21
-1.5509670078740156
0
LINE
8
BLACK
6
CONTINUOUS
10
4.9840378740157476
20
-1.5509670078740156
11
4.9870713779527556
21
-1.5489401181102362
0
LINE
8
BLACK
6
CONTINUOUS
10
4.9870713779527556
20
-1.5489401181102362
11
4.9906496062992121
21
-1.5482283464566928
0
LINE
8
BLACK
6
CONTINUOUS
10
4.9906496062992121
20
-1.5482283464566928
11
5.0093503937007871
21
-1.5482283464566928
0
LINE
8
BLACK
6
CONTINUOUS
10
5.0093503937007871
20
-1.5482283464566928
11
5.0129286220472435
21
-1.5489401181102362
0
LINE
8
BLACK
6
CONTINUOUS
10
5.1122047244094491
20
-1.5905511811023623
11
5.0688976377952759
21
-1.5905511811023623
0
LINE
8
BLACK
6
CONTINUOUS
10
5.0688976377952759
20
-1.5905511811023623
11
5.0688976377952759
21
-1.5118110236220472
0
LINE
8
BLACK
6
CONTINUOUS
10
5.0688976377952759
20
-1.5118110236220472
11
5.1122047244094491
21
-1.5118110236220472
0
LINE
8
BLACK
6
CONTINUOUS
10
5.1122047244094491
20
-1.5118110236220472
11
5.1122047244094491
21
-1.5905511811023623
0
LINE
8
BLACK
6
CONTINUOUS
10
5.1791338582677167
20
-1.5905511811023623
11
5.1358267716535435
21
-1.5905511811023623
0
LINE
8
BLACK
6
CONTINUOUS
10
5.1358267716535435
20
-1.5905511811023623
11
5.1358267716535435
21
-1.5118110236220472
0
LINE
8
BLACK
6
CONTINUOUS
10
5.1358267716535435
20
-1.5118110236220472
11
5.1791338582677167
21
-1.5118110236220472
0
LINE
8
BLACK
6
CONTINUOUS
10
5.1791338582677167
20
-1.5118110236220472
11
5.1791338582677167
21
-1.5905511811023623
0
LINE
8
BLACK
6
CONTINUOUS
10
5.2460629921259843
20
-1.5905511811023623
11
5.2027559055118111
21
-1.5905511811023623
0
LINE
8
BLACK
6
CONTINUOUS
10
5.2027559055118111
20
-1.5905511811023623
11
5.2027559055118111
21
-1.5118110236220472
0
LINE
8
BLACK
6
CONTINUOUS
10
5.2027559055118111
20
-1.5118110236220472
11
5.2460629921259843
21
-1.5118110236220472
0
LINE
8
BLACK
6
CONTINUOUS
10
5.2460629921259843
20
-1.5118110236220472
11
5.2460629921259843
21
-1.5905511811023623
0
LINE
8
BLACK
6
CONTINUOUS
10
5.5444246850393704
20
-1.5489401181102362
11
5.5474581889763774
21
-1.5509670078740156
0
LINE
8
BLACK
6
CONTINUOUS
10
5.5474581889763774
20
-1.5509670078740156
11
5.5494850787401573
21
-1.5540005118110236
0
LINE
8
BLACK
6
CONTINUOUS
10
5.5494850787401573
20
-1.5540005118110236
11
5.5501968503937009
21
-1.5575787401574803
0
LINE
8
BLACK
6
CONTINUOUS
10
5.5501968503937009
20
-1.5575787401574803
11
5.5501968503937009
21
-1.5812007874015748
0
LINE
8
BLACK
6
CONTINUOUS
10
5.5501968503937009
20
-1.5812007874015748
11
5.5494850787401573
21
-1.5847790157480315
0
LINE
8
BLACK
6
CONTINUOUS
10
5.5494850787401573
20
-1.5847790157480315
11
5.5474581889763774
21
-1.5878125196850392
0
LINE
8
BLACK
6
CONTINUOUS
10
5.5474581889763774
20
-1.5878125196850392
11
5.5444246850393704
21
-1.5898394094488189
0
LINE
8
BLACK
6
CONTINUOUS
10
5.5444246850393704
20
-1.5898394094488189
11
5.540846456692913
21
-1.5905511811023623
0
LINE
8
BLACK
6
CONTINUOUS
10
5.540846456692913
20
-1.5905511811023623
11
5.5221456692913389
21
-1.5905511811023623
0
LINE
8
BLACK
6
CONTINUOUS
10
5.5221456692913389
20
-1.5905511811023623
11
5.5185674409448815
21
-1.5898394094488189
0
LINE
8
BLACK
6
CONTINUOUS
10
5.5185674409448815
20
-1.5898394094488189
11
5.5155339370078735
21
-1.5878125196850392
0
LINE
8
BLACK
6
CONTINUOUS
10
5.5155339370078735
20
-1.5878125196850392
11
5.5135070472440946
21
-1.5847790157480315
0
LINE
8
BLACK
6
CONTINUOUS
10
5.5135070472440946
20
-1.5847790157480315
11
5.5127952755905509
21
-1.5812007874015748
0
LINE
8
BLACK
6
CONTINUOUS
10
5.5127952755905509
20
-1.5812007874015748
11
5.5127952755905509
21
-1.5575787401574803
0
LINE
8
BLACK
6
CONTINUOUS
10
5.5127952755905509
20
-1.5575787401574803
11
5.5135070472440946
21
-1.5540005118110236
0
LINE
8
BLACK
6
CONTINUOUS
10
5.5135070472440946
20
-1.5540005118110236
11
5.5155339370078735
21
-1.5509670078740156
0
LINE
8
BLACK
6
CONTINUOUS
10
5.5155339370078735
20
-1.5509670078740156
11
5.5185674409448815
21
-1.5489401181102362
0
LINE
8
BLACK
6
CONTINUOUS
10
5.5185674409448815
20
-1.5489401181102362
11
5.5221456692913389
21
-1.5482283464566928
0
LINE
8
BLACK
6
CONTINUOUS
10
5.5221456692913389
20
-1.5482283464566928
11
5.540846456692913
21
-1.5482283464566928
0
LINE
8
BLACK
6
CONTINUOUS
10
5.540846456692913
20
-1.5482283464566928
11
5.5444246850393704
21
-1.5489401181102362
0
LINE
8
BLACK
6
CONTINUOUS
10
5.643700787401575
20
-1.5905511811023623
11
5.6003937007874018
21
-1.5905511811023623
0
LINE
8
BLACK
6
CONTINUOUS
10
5.6003937007874018
20
-1.5905511811023623
11
5.6003937007874018
21
-1.5118110236220472
0
LINE
8
BLACK
6
CONTINUOUS
10
5.6003937007874018
20
-1.5118110236220472
11
5.643700787401575
21
-1.5118110236220472
0
LINE
8
BLACK
6
CONTINUOUS
10
5.643700787401575
20
-1.5118110236220472
11
5.643700787401575
21
-1.5905511811023623
0
LINE
8
BLACK
6
CONTINUOUS
10
5.7106299212598426
20
-1.5905511811023623
11
5.6673228346456694
21
-1.5905511811023623
0
LINE
8
BLACK
6
CONTINUOUS
10
5.6673228346456694
20
-1.5905511811023623
11
5.6673228346456694
21
-1.5118110236220472
0
LINE
8
BLACK
6
CONTINUOUS
10
5.6673228346456694
20
-1.5118110236220472
11
5.7106299212598426
21
-1.5118110236220472
0
LINE
8
BLACK
6
CONTINUOUS
10
5.7106299212598426
20
-1.5118110236220472
11
5.7106299212598426
21
-1.5905511811023623
0
LINE
8
BLACK
6
CONTINUOUS
10
5.7775590551181102
20
-1.5905511811023623
11
5.734251968503937
21
-1.5905511811023623
0
LINE
8
BLACK
6
CONTINUOUS
10
5.734251968503937
20
-1.5905511811023623
11
5.734251968503937
21
-1.5118110236220472
0
LINE
8
BLACK
6
CONTINUOUS
10
5.734251968503937
20
-1.5118110236220472
11
5.7775590551181102
21
-1.5118110236220472
0
LINE
8
BLACK
6
CONTINUOUS
10
5.7775590551181102
20
-1.5118110236220472
11
5.7775590551181102
21
-1.5905511811023623
0
LINE
8
BLACK
6
CONTINUOUS
10
6.0562357086614176
20
-1.5489401181102362
11
6.0592692125984247
21
-1.5509670078740156
0
LINE
8
BLACK
6
CONTINUOUS
10
6.0592692125984247
20
-1.5509670078740156
11
6.0612961023622045
21
-1.5540005118110236
0
LINE
8
BLACK
6
CONTINUOUS
10
6.0612961023622045
20
-1.5540005118110236
11
6.0620078740157481
21
-1.5575787401574803
0
LINE
8
BLACK
6
CONTINUOUS
10
6.0620078740157481
20
-1.5575787401574803
11
6.0620078740157481
21
-1.5812007874015748
0
LINE
8
BLACK
6
CONTINUOUS
10
6.0620078740157481
20
-1.5812007874015748
11
6.0612961023622045
21
-1.5847790157480315
0
LINE
8
BLACK
6
CONTINUOUS
10
6.0612961023622045
20
-1.5847790157480315
11
6.0592692125984247
21
-1.5878125196850392
0
LINE
8
BLACK
6
CONTINUOUS
10
6.0592692125984247
20
-1.5878125196850392
11
6.0562357086614176
21
-1.5898394094488189
0
LINE
8
BLACK
6
CONTINUOUS
10
6.0562357086614176
20
-1.5898394094488189
11
6.0526574803149602
21
-1.5905511811023623
0
LINE
8
BLACK
6
CONTINUOUS
10
6.0526574803149602
20
-1.5905511811023623
11
6.0339566929133861
21
-1.5905511811023623
0
LINE
8
BLACK
6
CONTINUOUS
10
6.0339566929133861
20
-1.5905511811023623
11
6.0303784645669287
21
-1.5898394094488189
0
LINE
8
BLACK
6
CONTINUOUS
10
6.0303784645669287
20
-1.5898394094488189
11
6.0273449606299208
21
-1.5878125196850392
0
LINE
8
BLACK
6
CONTINUOUS
10
6.0273449606299208
20
-1.5878125196850392
11
6.0253180708661418
21
-1.5847790157480315
0
LINE
8
BLACK
6
CONTINUOUS
10
6.0253180708661418
20
-1.5847790157480315
11
6.0246062992125982
21
-1.5812007874015748
0
LINE
8
BLACK
6
CONTINUOUS
10
6.0246062992125982
20
-1.5812007874015748
11
6.0246062992125982
21
-1.5575787401574803
0
LINE
8
BLACK
6
CONTINUOUS
10
6.0246062992125982
20
-1.5575787401574803
11
6.0253180708661418
21
-1.5540005118110236
0
LINE
8
BLACK
6
CONTINUOUS
10
6.0253180708661418
20
-1.5540005118110236
11
6.0273449606299208
21
-1.5509670078740156
0
LINE
8
BLACK
6
CONTINUOUS
10
6.0273449606299208
20
-1.5509670078740156
11
6.0303784645669287
21
-1.5489401181102362
0
LINE
8
BLACK
6
CONTINUOUS
10
6.0303784645669287
20
-1.5489401181102362
11
6.0339566929133861
21
-1.5482283464566928
0
LINE
8
BLACK
6
CONTINUOUS
10
6.0339566929133861
20
-1.5482283464566928
11
6.0526574803149602
21
-1.5482283464566928
0
LINE
8
BLACK
6
CONTINUOUS
10
6.0526574803149602
20
-1.5482283464566928
11
6.0562357086614176
21
-1.5489401181102362
0
LINE
8
BLACK
6
CONTINUOUS
10
6.1555118110236222
20
-1.5905511811023623
11
6.1122047244094491
21
-1.5905511811023623
0
LINE
8
BLACK
6
CONTINUOUS
10
6.1122047244094491
20
-1.5905511811023623
11
6.1122047244094491
21
-1.5118110236220472
0
LINE
8
BLACK
6
CONTINUOUS
10
6.1122047244094491
20
-1.5118110236220472
11
6.1555118110236222
21
-1.5118110236220472
0
LINE
8
BLACK
6
CONTINUOUS
10
6.1555118110236222
20
-1.5118110236220472
11
6.1555118110236222
21
-1.5905511811023623
0
LINE
8
BLACK
6
CONTINUOUS
10
6.2224409448818898
20
-1.5905511811023623
11
6.1791338582677167
21
-1.5905511811023623
0
LINE
8
BLACK
6
CONTINUOUS
10
6.1791338582677167
20
-1.5905511811023623
11
6.1791338582677167
21
-1.5118110236220472
0
LINE
8
BLACK
6
CONTINUOUS
10
6.1791338582677167
20
-1.5118110236220472
11
6.2224409448818898
21
-1.5118110236220472
0
LINE
8
BLACK
6
CONTINUOUS
10
6.2224409448818898
20
-1.5118110236220472
11
6.2224409448818898
21
-1.5905511811023623
0
LINE
8
BLACK
6
CONTINUOUS
10
6.2893700787401574
20
-1.5905511811023623
11
6.2460629921259843
21
-1.5905511811023623
0
LINE
8
BLACK
6
CONTINUOUS
10
6.2460629921259843
20
-1.5905511811023623
11
6.2460629921259843
21
-1.5118110236220472
0
LINE
8
BLACK
6
CONTINUOUS
10
6.2460629921259843
20
-1.5118110236220472
11
6.2893700787401574
21
-1.5118110236220472
0
LINE
8
BLACK
6
CONTINUOUS
10
6.2893700787401574
20
-1.5118110236220472
11
6.2893700787401574
21
-1.5905511811023623
0
LINE
8
BLACK
6
CONTINUOUS
10
4.4499364960629917
20
-1.4977590157480314
11
4.4529699999999997
21
-1.499785905511811
0
LINE
8
BLACK
6
CONTINUOUS
10
4.4529699999999997
20
-1.499785905511811
11
4.4549968897637795
21
-1.5028194094488188
0
LINE
8
BLACK
6
CONTINUOUS
10
4.4549968897637795
20
-1.5028194094488188
11
4.4557086614173231
21
-1.5063976377952755
0
LINE
8
BLACK
6
CONTINUOUS
10
4.4557086614173231
20
-1.5063976377952755
11
4.4557086614173231
21
-1.5250984251968505
0
LINE
8
BLACK
6
CONTINUOUS
10
4.4557086614173231
20
-1.5250984251968505
11
4.4549968897637795
21
-1.528676653543307
0
LINE
8
BLACK
6
CONTINUOUS
10
4.4549968897637795
20
-1.528676653543307
11
4.4529699999999997
21
-1.5317101574803149
0
LINE
8
BLACK
6
CONTINUOUS
10
4.4529699999999997
20
-1.5317101574803149
11
4.4499364960629917
21
-1.5337370472440945
0
LINE
8
BLACK
6
CONTINUOUS
10
4.4499364960629917
20
-1.5337370472440945
11
4.4463582677165352
21
-1.5344488188976377
0
LINE
8
BLACK
6
CONTINUOUS
10
4.4463582677165352
20
-1.5344488188976377
11
4.4227362204724407
21
-1.5344488188976377
0
LINE
8
BLACK
6
CONTINUOUS
10
4.4227362204724407
20
-1.5344488188976377
11
4.4191579921259843
21
-1.5337370472440945
0
LINE
8
BLACK
6
CONTINUOUS
10
4.4191579921259843
20
-1.5337370472440945
11
4.4161244881889763
21
-1.5317101574803149
0
LINE
8
BLACK
6
CONTINUOUS
10
4.4161244881889763
20
-1.5317101574803149
11
4.4140975984251964
21
-1.528676653543307
0
LINE
8
BLACK
6
CONTINUOUS
10
4.4140975984251964
20
-1.528676653543307
11
4.4133858267716537
21
-1.5250984251968505
0
LINE
8
BLACK
6
CONTINUOUS
10
4.4133858267716537
20
-1.5250984251968505
11
4.4133858267716537
21
-1.5063976377952755
0
LINE
8
BLACK
6
CONTINUOUS
10
4.4133858267716537
20
-1.5063976377952755
11
4.4140975984251964
21
-1.5028194094488188
0
LINE
8
BLACK
6
CONTINUOUS
10
4.4140975984251964
20
-1.5028194094488188
11
4.4161244881889763
21
-1.499785905511811
0
LINE
8
BLACK
6
CONTINUOUS
10
4.4161244881889763
20
-1.499785905511811
11
4.4191579921259843
21
-1.4977590157480314
0
LINE
8
BLACK
6
CONTINUOUS
10
4.4191579921259843
20
-1.4977590157480314
11
4.4227362204724407
21
-1.4970472440944882
0
LINE
8
BLACK
6
CONTINUOUS
10
4.4227362204724407
20
-1.4970472440944882
11
4.4463582677165352
21
-1.4970472440944882
0
LINE
8
BLACK
6
CONTINUOUS
10
4.4463582677165352
20
-1.4970472440944882
11
4.4499364960629917
21
-1.4977590157480314
0
LINE
8
BLACK
6
CONTINUOUS
10
4.5178498818897639
20
-1.4977590157480314
11
4.5208833858267718
21
-1.499785905511811
0
LINE
8
BLACK
6
CONTINUOUS
10
4.5208833858267718
20
-1.499785905511811
11
4.5229102755905508
21
-1.5028194094488188
0
LINE
8
BLACK
6
CONTINUOUS
10
4.5229102755905508
20
-1.5028194094488188
11
4.5236220472440944
21
-1.5063976377952755
0
LINE
8
BLACK
6
CONTINUOUS
10
4.5236220472440944
20
-1.5063976377952755
11
4.5236220472440944
21
-1.5250984251968505
0
LINE
8
BLACK
6
CONTINUOUS
10
4.5236220472440944
20
-1.5250984251968505
11
4.5229102755905508
21
-1.528676653543307
0
LINE
8
BLACK
6
CONTINUOUS
10
4.5229102755905508
20
-1.528676653543307
11
4.5208833858267718
21
-1.5317101574803149
0
LINE
8
BLACK
6
CONTINUOUS
10
4.5208833858267718
20
-1.5317101574803149
11
4.5178498818897639
21
-1.5337370472440945
0
LINE
8
BLACK
6
CONTINUOUS
10
4.5178498818897639
20
-1.5337370472440945
11
4.5142716535433074
21
-1.5344488188976377
0
LINE
8
BLACK
6
CONTINUOUS
10
4.5142716535433074
20
-1.5344488188976377
11
4.4906496062992121
21
-1.5344488188976377
0
LINE
8
BLACK
6
CONTINUOUS
10
4.4906496062992121
20
-1.5344488188976377
11
4.4870713779527556
21
-1.5337370472440945
0
LINE
8
BLACK
6
CONTINUOUS
10
4.4870713779527556
20
-1.5337370472440945
11
4.4840378740157476
21
-1.5317101574803149
0
LINE
8
BLACK
6
CONTINUOUS
10
4.4840378740157476
20
-1.5317101574803149
11
4.4820109842519686
21
-1.528676653543307
0
LINE
8
BLACK
6
CONTINUOUS
10
4.4820109842519686
20
-1.528676653543307
11
4.481299212598425
21
-1.5250984251968505
0
LINE
8
BLACK
6
CONTINUOUS
10
4.481299212598425
20
-1.5250984251968505
11
4.481299212598425
21
-1.5063976377952755
0
LINE
8
BLACK
6
CONTINUOUS
10
4.481299212598425
20
-1.5063976377952755
11
4.4820109842519686
21
-1.5028194094488188
0
LINE
8
BLACK
6
CONTINUOUS
10
4.4820109842519686
20
-1.5028194094488188
11
4.4840378740157476
21
-1.499785905511811
0
LINE
8
BLACK
6
CONTINUOUS
10
4.4840378740157476
20
-1.499785905511811
11
4.4870713779527556
21
-1.4977590157480314
0
LINE
8
BLACK
6
CONTINUOUS
10
4.4870713779527556
20
-1.4977590157480314
11
4.4906496062992121
21
-1.4970472440944882
0
LINE
8
BLACK
6
CONTINUOUS
10
4.4906496062992121
20
-1.4970472440944882
11
4.5142716535433074
21
-1.4970472440944882
0
LINE
8
BLACK
6
CONTINUOUS
10
4.5142716535433074
20
-1.4970472440944882
11
4.5178498818897639
21
-1.4977590157480314
0
LINE
8
BLACK
6
CONTINUOUS
10
5.0129286220472435
20
-1.4810267322834645
11
5.0159621259842515
21
-1.4830536220472441
0
LINE
8
BLACK
6
CONTINUOUS
10
5.0159621259842515
20
-1.4830536220472441
11
5.0179890157480314
21
-1.4860871259842519
0
LINE
8
BLACK
6
CONTINUOUS
10
5.0179890157480314
20
-1.4860871259842519
11
5.018700787401575
21
-1.4896653543307086
0
LINE
8
BLACK
6
CONTINUOUS
10
5.018700787401575
20
-1.4896653543307086
11
5.018700787401575
21
-1.513287401574803
0
LINE
8
BLACK
6
CONTINUOUS
10
5.018700787401575
20
-1.513287401574803
11
5.0179890157480314
21
-1.5168656299212597
0
LINE
8
BLACK
6
CONTINUOUS
10
5.0179890157480314
20
-1.5168656299212597
11
5.0159621259842515
21
-1.5198991338582677
0
LINE
8
BLACK
6
CONTINUOUS
10
5.0159621259842515
20
-1.5198991338582677
11
5.0129286220472435
21
-1.5219260236220473
0
LINE
8
BLACK
6
CONTINUOUS
10
5.0129286220472435
20
-1.5219260236220473
11
5.0093503937007871
21
-1.5226377952755905
0
LINE
8
BLACK
6
CONTINUOUS
10
5.0093503937007871
20
-1.5226377952755905
11
4.9906496062992121
21
-1.5226377952755905
0
LINE
8
BLACK
6
CONTINUOUS
10
4.9906496062992121
20
-1.5226377952755905
11
4.9870713779527556
21
-1.5219260236220473
0
LINE
8
BLACK
6
CONTINUOUS
10
4.9870713779527556
20
-1.5219260236220473
11
4.9840378740157476
21
-1.5198991338582677
0
LINE
8
BLACK
6
CONTINUOUS
10
4.9840378740157476
20
-1.5198991338582677
11
4.9820109842519686
21
-1.5168656299212597
0
LINE
8
BLACK
6
CONTINUOUS
10
4.9820109842519686
20
-1.5168656299212597
11
4.981299212598425
21
-1.513287401574803
0
LINE
8
BLACK
6
CONTINUOUS
10
4.981299212598425
20
-1.513287401574803
11
4.981299212598425
21
-1.4896653543307086
0
LINE
8
BLACK
6
CONTINUOUS
10
4.981299212598425
20
-1.4896653543307086
11
4.9820109842519686
21
-1.4860871259842519
0
LINE
8
BLACK
6
CONTINUOUS
10
4.9820109842519686
20
-1.4860871259842519
11
4.9840378740157476
21
-1.4830536220472441
0
LINE
8
BLACK
6
CONTINUOUS
10
4.9840378740157476
20
-1.4830536220472441
11
4.9870713779527556
21
-1.4810267322834645
0
LINE
8
BLACK
6
CONTINUOUS
10
4.9870713779527556
20
-1.4810267322834645
11
4.9906496062992121
21
-1.4803149606299213
0
LINE
8
BLACK
6
CONTINUOUS
10
4.9906496062992121
20
-1.4803149606299213
11
5.0093503937007871
21
-1.4803149606299213
0
LINE
8
BLACK
6
CONTINUOUS
10
5.0093503937007871
20
-1.4803149606299213
11
5.0129286220472435
21
-1.4810267322834645
0
LINE
8
BLACK
6
CONTINUOUS
10
5.5444246850393704
20
-1.4810267322834645
11
5.5474581889763774
21
-1.4830536220472441
0
LINE
8
BLACK
6
CONTINUOUS
10
5.5474581889763774
20
-1.4830536220472441
11
5.5494850787401573
21
-1.4860871259842519
0
LINE
8
BLACK
6
CONTINUOUS
10
5.5494850787401573
20
-1.4860871259842519
11
5.5501968503937009
21
-1.4896653543307086
0
LINE
8
BLACK
6
CONTINUOUS
10
5.5501968503937009
20
-1.4896653543307086
11
5.5501968503937009
21
-1.513287401574803
0
LINE
8
BLACK
6
CONTINUOUS
10
5.5501968503937009
20
-1.513287401574803
11
5.5494850787401573
21
-1.5168656299212597
0
LINE
8
BLACK
6
CONTINUOUS
10
5.5494850787401573
20
-1.5168656299212597
11
5.5474581889763774
21
-1.5198991338582677
0
LINE
8
BLACK
6
CONTINUOUS
10
5.5474581889763774
20
-1.5198991338582677
11
5.5444246850393704
21
-1.5219260236220473
0
LINE
8
BLACK
6
CONTINUOUS
10
5.5444246850393704
20
-1.5219260236220473
11
5.540846456692913
21
-1.5226377952755905
0
LINE
8
BLACK
6
CONTINUOUS
10
5.540846456692913
20
-1.5226377952755905
11
5.5221456692913389
21
-1.5226377952755905
0
LINE
8
BLACK
6
CONTINUOUS
10
5.5221456692913389
20
-1.5226377952755905
11
5.5185674409448815
21
-1.5219260236220473
0
LINE
8
BLACK
6
CONTINUOUS
10
5.5185674409448815
20
-1.5219260236220473
11
5.5155339370078735
21
-1.5198991338582677
0
LINE
8
BLACK
6
CONTINUOUS
10
5.5155339370078735
20
-1.5198991338582677
11
5.5135070472440946
21
-1.5168656299212597
0
LINE
8
BLACK
6
CONTINUOUS
10
5.5135070472440946
20
-1.5168656299212597
11
5.5127952755905509
21
-1.513287401574803
0
LINE
8
BLACK
6
CONTINUOUS
10
5.5127952755905509
20
-1.513287401574803
11
5.5127952755905509
21
-1.4896653543307086
0
LINE
8
BLACK
6
CONTINUOUS
10
5.5127952755905509
20
-1.4896653543307086
11
5.5135070472440946
21
-1.4860871259842519
0
LINE
8
BLACK
6
CONTINUOUS
10
5.5135070472440946
20
-1.4860871259842519
11
5.5155339370078735
21
-1.4830536220472441
0
LINE
8
BLACK
6
CONTINUOUS
10
5.5155339370078735
20
-1.4830536220472441
11
5.5185674409448815
21
-1.4810267322834645
0
LINE
8
BLACK
6
CONTINUOUS
10
5.5185674409448815
20
-1.4810267322834645
11
5.5221456692913389
21
-1.4803149606299213
0
LINE
8
BLACK
6
CONTINUOUS
10
5.5221456692913389
20
-1.4803149606299213
11
5.540846456692913
21
-1.4803149606299213
0
LINE
8
BLACK
6
CONTINUOUS
10
5.540846456692913
20
-1.4803149606299213
11
5.5444246850393704
21
-1.4810267322834645
0
LINE
8
BLACK
6
CONTINUOUS
10
6.0562357086614176
20
-1.4810267322834645
11
6.0592692125984247
21
-1.4830536220472441
0
LINE
8
BLACK
6
CONTINUOUS
10
6.0592692125984247
20
-1.4830536220472441
11
6.0612961023622045
21
-1.4860871259842519
0
LINE
8
BLACK
6
CONTINUOUS
10
6.0612961023622045
20
-1.4860871259842519
11
6.0620078740157481
21
-1.4896653543307086
0
LINE
8
BLACK
6
CONTINUOUS
10
6.0620078740157481
20
-1.4896653543307086
11
6.0620078740157481
21
-1.513287401574803
0
LINE
8
BLACK
6
CONTINUOUS
10
6.0620078740157481
20
-1.513287401574803
11
6.0612961023622045
21
-1.5168656299212597
0
LINE
8
BLACK
6
CONTINUOUS
10
6.0612961023622045
20
-1.5168656299212597
11
6.0592692125984247
21
-1.5198991338582677
0
LINE
8
BLACK
6
CONTINUOUS
10
6.0592692125984247
20
-1.5198991338582677
11
6.0562357086614176
21
-1.5219260236220473
0
LINE
8
BLACK
6
CONTINUOUS
10
6.0562357086614176
20
-1.5219260236220473
11
6.0526574803149602
21
-1.5226377952755905
0
LINE
8
BLACK
6
CONTINUOUS
10
6.0526574803149602
20
-1.5226377952755905
11
6.0339566929133861
21
-1.5226377952755905
0
LINE
8
BLACK
6
CONTINUOUS
10
6.0339566929133861
20
-1.5226377952755905
11
6.0303784645669287
21
-1.5219260236220473
0
LINE
8
BLACK
6
CONTINUOUS
10
6.0303784645669287
20
-1.5219260236220473
11
6.0273449606299208
21
-1.5198991338582677
0
LINE
8
BLACK
6
CONTINUOUS
10
6.0273449606299208
20
-1.5198991338582677
11
6.0253180708661418
21
-1.5168656299212597
0
LINE
8
BLACK
6
CONTINUOUS
10
6.0253180708661418
20
-1.5168656299212597
11
6.0246062992125982
21
-1.513287401574803
0
LINE
8
BLACK
6
CONTINUOUS
10
6.0246062992125982
20
-1.513287401574803
11
6.0246062992125982
21
-1.4896653543307086
0
LINE
8
BLACK
6
CONTINUOUS
10
6.0246062992125982
20
-1.4896653543307086
11
6.0253180708661418
21
-1.4860871259842519
0
LINE
8
BLACK
6
CONTINUOUS
10
6.0253180708661418
20
-1.4860871259842519
11
6.0273449606299208
21
-1.4830536220472441
0
LINE
8
BLACK
6
CONTINUOUS
10
6.0273449606299208
20
-1.4830536220472441
11
6.0303784645669287
21
-1.4810267322834645
0
LINE
8
BLACK
6
CONTINUOUS
10
6.0303784645669287
20
-1.4810267322834645
11
6.0339566929133861
21
-1.4803149606299213
0
LINE
8
BLACK
6
CONTINUOUS
10
6.0339566929133861
20
-1.4803149606299213
11
6.0526574803149602
21
-1.4803149606299213
0
LINE
8
BLACK
6
CONTINUOUS
10
6.0526574803149602
20
-1.4803149606299213
11
6.0562357086614176
21
-1.4810267322834645
0
LINE
8
BLACK
6
CONTINUOUS
10
4.6003937007874018
20
-1.4015748031496063
11
4.5570866141732278
21
-1.4015748031496063
0
LINE
8
BLACK
6
CONTINUOUS
10
4.5570866141732278
20
-1.4015748031496063
11
4.5570866141732278
21
-1.3228346456692912
0
LINE
8
BLACK
6
CONTINUOUS
10
4.5570866141732278
20
-1.3228346456692912
11
4.6003937007874018
21
-1.3228346456692912
0
LINE
8
BLACK
6
CONTINUOUS
10
4.6003937007874018
20
-1.3228346456692912
11
4.6003937007874018
21
-1.4015748031496063
0
LINE
8
BLACK
6
CONTINUOUS
10
4.6673228346456694
20
-1.4015748031496063
11
4.6240157480314963
21
-1.4015748031496063
0
LINE
8
BLACK
6
CONTINUOUS
10
4.6240157480314963
20
-1.4015748031496063
11
4.6240157480314963
21
-1.3228346456692912
0
LINE
8
BLACK
6
CONTINUOUS
10
4.6240157480314963
20
-1.3228346456692912
11
4.6673228346456694
21
-1.3228346456692912
0
LINE
8
BLACK
6
CONTINUOUS
10
4.6673228346456694
20
-1.3228346456692912
11
4.6673228346456694
21
-1.4015748031496063
0
LINE
8
BLACK
6
CONTINUOUS
10
4.734251968503937
20
-1.4015748031496063
11
4.6909448818897639
21
-1.4015748031496063
0
LINE
8
BLACK
6
CONTINUOUS
10
4.6909448818897639
20
-1.4015748031496063
11
4.6909448818897639
21
-1.3228346456692912
0
LINE
8
BLACK
6
CONTINUOUS
10
4.6909448818897639
20
-1.3228346456692912
11
4.734251968503937
21
-1.3228346456692912
0
LINE
8
BLACK
6
CONTINUOUS
10
4.734251968503937
20
-1.3228346456692912
11
4.734251968503937
21
-1.4015748031496063
0
LINE
8
BLACK
6
CONTINUOUS
10
5.1122047244094491
20
-1.4015748031496063
11
5.0688976377952759
21
-1.4015748031496063
0
LINE
8
BLACK
6
CONTINUOUS
10
5.0688976377952759
20
-1.4015748031496063
11
5.0688976377952759
21
-1.3228346456692912
0
LINE
8
BLACK
6
CONTINUOUS
10
5.0688976377952759
20
-1.3228346456692912
11
5.1122047244094491
21
-1.3228346456692912
0
LINE
8
BLACK
6
CONTINUOUS
10
5.1122047244094491
20
-1.3228346456692912
11
5.1122047244094491
21
-1.4015748031496063
0
LINE
8
BLACK
6
CONTINUOUS
10
5.1791338582677167
20
-1.4015748031496063
11
5.1358267716535435
21
-1.4015748031496063
0
LINE
8
BLACK
6
CONTINUOUS
10
5.1358267716535435
20
-1.4015748031496063
11
5.1358267716535435
21
-1.3228346456692912
0
LINE
8
BLACK
6
CONTINUOUS
10
5.1358267716535435
20
-1.3228346456692912
11
5.1791338582677167
21
-1.3228346456692912
0
LINE
8
BLACK
6
CONTINUOUS
10
5.1791338582677167
20
-1.3228346456692912
11
5.1791338582677167
21
-1.4015748031496063
0
LINE
8
BLACK
6
CONTINUOUS
10
5.2460629921259843
20
-1.4015748031496063
11
5.2027559055118111
21
-1.4015748031496063
0
LINE
8
BLACK
6
CONTINUOUS
10
5.2027559055118111
20
-1.4015748031496063
11
5.2027559055118111
21
-1.3228346456692912
0
LINE
8
BLACK
6
CONTINUOUS
10
5.2027559055118111
20
-1.3228346456692912
11
5.2460629921259843
21
-1.3228346456692912
0
LINE
8
BLACK
6
CONTINUOUS
10
5.2460629921259843
20
-1.3228346456692912
11
5.2460629921259843
21
-1.4015748031496063
0
LINE
8
BLACK
6
CONTINUOUS
10
5.643700787401575
20
-1.4015748031496063
11
5.6003937007874018
21
-1.4015748031496063
0
LINE
8
BLACK
6
CONTINUOUS
10
5.6003937007874018
20
-1.4015748031496063
11
5.6003937007874018
21
-1.3228346456692912
0
LINE
8
BLACK
6
CONTINUOUS
10
5.6003937007874018
20
-1.3228346456692912
11
5.643700787401575
21
-1.3228346456692912
0
LINE
8
BLACK
6
CONTINUOUS
10
5.643700787401575
20
-1.3228346456692912
11
5.643700787401575
21
-1.4015748031496063
0
LINE
8
BLACK
6
CONTINUOUS
10
5.7106299212598426
20
-1.4015748031496063
11
5.6673228346456694
21
-1.4015748031496063
0
LINE
8
BLACK
6
CONTINUOUS
10
5.6673228346456694
20
-1.4015748031496063
11
5.6673228346456694
21
-1.3228346456692912
0
LINE
8
BLACK
6
CONTINUOUS
10
5.6673228346456694
20
-1.3228346456692912
11
5.7106299212598426
21
-1.3228346456692912
0
LINE
8
BLACK
6
CONTINUOUS
10
5.7106299212598426
20
-1.3228346456692912
11
5.7106299212598426
21
-1.4015748031496063
0
LINE
8
BLACK
6
CONTINUOUS
10
5.7775590551181102
20
-1.4015748031496063
11
5.734251968503937
21
-1.4015748031496063
0
LINE
8
BLACK
6
CONTINUOUS
10
5.734251968503937
20
-1.4015748031496063
11
5.734251968503937
21
-1.3228346456692912
0
LINE
8
BLACK
6
CONTINUOUS
10
5.734251968503937
20
-1.3228346456692912
11
5.7775590551181102
21
-1.3228346456692912
0
LINE
8
BLACK
6
CONTINUOUS
10
5.7775590551181102
20
-1.3228346456692912
11
5.7775590551181102
21
-1.4015748031496063
0
LINE
8
BLACK
6
CONTINUOUS
10
6.1555118110236222
20
-1.4015748031496063
11
6.1122047244094491
21
-1.4015748031496063
0
LINE
8
BLACK
6
CONTINUOUS
10
6.1122047244094491
20
-1.4015748031496063
11
6.1122047244094491
21
-1.3228346456692912
0
LINE
8
BLACK
6
CONTINUOUS
10
6.1122047244094491
20
-1.3228346456692912
11
6.1555118110236222
21
-1.3228346456692912
0
LINE
8
BLACK
6
CONTINUOUS
10
6.1555118110236222
20
-1.3228346456692912
11
6.1555118110236222
21
-1.4015748031496063
0
LINE
8
BLACK
6
CONTINUOUS
10
6.2224409448818898
20
-1.4015748031496063
11
6.1791338582677167
21
-1.4015748031496063
0
LINE
8
BLACK
6
CONTINUOUS
10
6.1791338582677167
20
-1.4015748031496063
11
6.1791338582677167
21
-1.3228346456692912
0
LINE
8
BLACK
6
CONTINUOUS
10
6.1791338582677167
20
-1.3228346456692912
11
6.2224409448818898
21
-1.3228346456692912
0
LINE
8
BLACK
6
CONTINUOUS
10
6.2224409448818898
20
-1.3228346456692912
11
6.2224409448818898
21
-1.4015748031496063
0
LINE
8
BLACK
6
CONTINUOUS
10
6.2893700787401574
20
-1.4015748031496063
11
6.2460629921259843
21
-1.4015748031496063
0
LINE
8
BLACK
6
CONTINUOUS
10
6.2460629921259843
20
-1.4015748031496063
11
6.2460629921259843
21
-1.3228346456692912
0
LINE
8
BLACK
6
CONTINUOUS
10
6.2460629921259843
20
-1.3228346456692912
11
6.2893700787401574
21
-1.3228346456692912
0
LINE
8
BLACK
6
CONTINUOUS
10
6.2893700787401574
20
-1.3228346456692912
11
6.2893700787401574
21
-1.4015748031496063
0
CIRCLE
8
BLACK
10
5.3346456692913389
20
-2.3228346456692912
40
0.0068897637795276
0
CIRCLE
8
BLACK
10
5.3346456692913389
20
-2.2736220472440944
40
0.0068897637795276
0
CIRCLE
8
BLACK
10
5.3346456692913389
20
-2.2244094488188977
40
0.0068897637795276
0
CIRCLE
8
BLACK
10
5.3346456692913389
20
-2.1751968503937009
40
0.0068897637795276
0
CIRCLE
8
BLACK
10
5.3346456692913389
20
-2.1259842519685037
40
0.0068897637795276
0
CIRCLE
8
BLACK
10
5.9753937007874018
20
-4.4291338582677167
40
0.0068897637795276
0
CIRCLE
8
BLACK
10
5.8753937007874013
20
-4.4291338582677167
40
0.0068897637795276
0
CIRCLE
8
BLACK
10
5.4921259842519685
20
-4.8196850393700785
40
0.0068897637795276
0
CIRCLE
8
BLACK
10
5.392125984251968
20
-4.8196850393700785
40
0.0068897637795276
0
CIRCLE
8
BLACK
10
5.4921259842519685
20
-4.9196850393700791
40
0.0068897637795276
0
CIRCLE
8
BLACK
10
5.392125984251968
20
-4.9196850393700791
40
0.0068897637795276
0
CIRCLE
8
BLACK
10
5.4921259842519685
20
-5.0196850393700787
40
0.0068897637795276
0
CIRCLE
8
BLACK
10
5.392125984251968
20
-5.0196850393700787
40
0.0068897637795276
0
CIRCLE
8
BLACK
10
5.4921259842519685
20
-5.1196850393700783
40
0.0068897637795276
0
CIRCLE
8
BLACK
10
5.392125984251968
20
-5.1196850393700783
40
0.0068897637795276
0
CIRCLE
8
BLACK
10
5.4921259842519685
20
-5.2196850393700789
40
0.0068897637795276
0
CIRCLE
8
BLACK
10
5.392125984251968
20
-5.2196850393700789
40
0.0068897637795276
0
CIRCLE
8
WHITE
10
5.3346456692913389
20
-2.3228346456692912
40
0.0068897637795276
0
CIRCLE
8
WHITE
10
5.3346456692913389
20
-2.2736220472440944
40
0.0068897637795276
0
CIRCLE
8
WHITE
10
5.3346456692913389
20
-2.2244094488188977
40
0.0068897637795276
0
CIRCLE
8
WHITE
10
5.3346456692913389
20
-2.1751968503937009
40
0.0068897637795276
0
CIRCLE
8
WHITE
10
5.3346456692913389
20
-2.1259842519685037
40
0.0068897637795276
0
CIRCLE
8
WHITE
10
5.9753937007874018
20
-4.4291338582677167
40
0.0068897637795276
0
CIRCLE
8
WHITE
10
5.8753937007874013
20
-4.4291338582677167
40
0.0068897637795276
0
CIRCLE
8
WHITE
10
5.4921259842519685
20
-4.8196850393700785
40
0.0068897637795276
0
CIRCLE
8
WHITE
10
5.392125984251968
20
-4.8196850393700785
40
0.0068897637795276
0
CIRCLE
8
WHITE
10
5.4921259842519685
20
-4.9196850393700791
40
0.0068897637795276
0
CIRCLE
8
WHITE
10
5.392125984251968
20
-4.9196850393700791
40
0.0068897637795276
0
CIRCLE
8
WHITE
10
5.4921259842519685
20
-5.0196850393700787
40
0.0068897637795276
0
CIRCLE
8
WHITE
10
5.392125984251968
20
-5.0196850393700787
40
0.0068897637795276
0
CIRCLE
8
WHITE
10
5.4921259842519685
20
-5.1196850393700783
40
0.0068897637795276
0
CIRCLE
8
WHITE
10
5.392125984251968
20
-5.1196850393700783
40
0.0068897637795276
0
CIRCLE
8
WHITE
10
5.4921259842519685
20
-5.2196850393700789
40
0.0068897637795276
0
CIRCLE
8
WHITE
10
5.392125984251968
20
-5.2196850393700789
40
0.0068897637795276
  0
ENDSEC
  0
EOF
